recv_time_s,boot_ms,ax_g,ay_g,az_g,gx_dps,gy_dps,gz_dps
0.0189,729833,0.00684,0.01660,1.06592,-4.33300,-19.95800,16.29600
0.0189,729843,-0.00269,0.03711,1.03662,-4.21100,-20.02000,17.02900
0.0346,729853,0.00000,0.03784,1.04248,-4.15000,-19.77500,16.17400
0.0394,729863,-0.00903,0.02832,1.05713,-3.72300,-19.65300,15.62500
0.0541,729873,0.01074,0.01782,1.04199,-3.72300,-20.69100,17.27300
0.0599,729883,0.01001,0.03735,1.05225,-3.84500,-19.47000,16.17400
0.2273,729893,0.00171,0.02856,1.01953,-4.33300,-19.95800,16.72400
0.2273,729903,0.01904,0.01099,1.04150,-4.33300,-20.20300,16.35700
0.2273,729913,0.01636,0.02539,1.02393,-3.84500,-20.26400,16.84600
0.2293,729923,0.02344,0.03589,1.04150,-3.60100,-19.83600,15.86900
0.2293,729933,0.00171,0.02734,1.05347,-4.02800,-20.69100,15.99100
0.2293,729943,0.00952,0.03491,1.05200,-4.15000,-20.44700,15.68600
0.2293,729953,0.00757,0.03247,1.05176,-3.66200,-19.10400,15.44200
0.2293,729963,0.01904,0.03076,1.05298,-4.15000,-19.22600,16.23500
0.2293,729973,0.03003,0.01880,1.04199,-3.96700,-19.04300,16.29600
0.2293,729983,0.01685,0.02612,1.04736,-3.41800,-19.34800,16.11300
0.2293,729993,0.02588,0.03687,1.03027,-4.15000,-19.04300,16.96800
0.2293,730003,0.03491,0.02637,1.04834,-4.02800,-18.49400,16.17400
0.2293,730013,0.02295,0.02100,1.05371,-3.72300,-19.53100,17.33400
0.2303,730023,0.02905,0.01538,1.04077,-3.72300,-17.82200,15.68600
0.2303,730033,0.00220,0.02026,1.05518,-3.60100,-18.25000,16.11300
0.2303,730043,0.01074,0.02271,1.02930,-3.90600,-17.88300,15.25900
0.2303,730053,0.03735,0.02344,1.03296,-3.84500,-16.84600,14.58700
0.2432,730063,0.02197,0.03516,1.05493,-3.72300,-18.18800,16.47900
0.2505,730073,0.01978,0.03516,1.04810,-3.66200,-17.39500,15.62500
0.2588,730083,0.01147,0.02588,1.06030,-4.02800,-17.02900,16.23500
0.2742,730093,0.02148,0.02173,1.06055,-4.33300,-17.15100,16.96800
0.2820,730103,0.03662,0.01880,1.04663,-4.39500,-16.17400,15.86900
0.2979,730113,0.01929,0.02686,1.04419,-3.84500,-15.07600,15.68600
0.2979,730123,0.02905,0.03809,1.02466,-4.08900,-15.38100,15.56400
0.3107,730133,0.02783,0.01514,1.03687,-3.90600,-15.44200,16.17400
0.3264,730143,0.02832,0.02124,1.04736,-4.45600,-15.80800,17.15100
0.3264,730153,0.02466,0.02124,1.05493,-3.72300,-15.13700,16.72400
0.3441,730163,0.02051,0.03638,1.04346,-4.27200,-13.91600,15.86900
0.3575,730173,0.02661,0.02417,1.03516,-4.15000,-12.93900,15.19800
0.3591,730183,0.02881,0.03955,1.03516,-3.72300,-13.24500,16.29600
0.3840,730193,0.02148,0.01318,1.03833,-3.90600,-13.48900,16.66300
0.3840,730203,0.03711,0.02979,1.03564,-3.41800,-11.59700,15.62500
0.3872,730213,0.01855,0.02515,1.04858,-3.66200,-12.75600,16.11300
0.3984,730223,0.03052,0.02759,1.04883,-3.29600,-12.14600,15.93000
0.4080,730233,0.01001,0.03076,1.05591,-3.66200,-10.86400,15.93000
0.4294,730243,0.02124,0.03809,1.05249,-4.08900,-10.86400,15.25900
0.4372,730253,0.03003,0.02612,1.05566,-4.15000,-9.94900,15.86900
0.4372,730263,0.03149,0.03564,1.04688,-3.96700,-10.19300,16.47900
0.4487,730273,0.03662,0.02295,1.03857,-3.72300,-10.19300,16.11300
0.4603,730283,-0.00195,0.03174,1.04126,-4.45600,-9.21600,15.19800
0.4686,730293,0.01904,0.01562,1.05005,-4.27200,-8.97200,14.89300
0.4786,730303,0.03003,0.01196,1.04639,-4.02800,-9.33800,15.80800
0.4887,730313,0.02759,0.01587,1.04346,-3.60100,-9.52100,15.80800
0.5010,730323,0.00391,0.01758,1.03638,-3.72300,-7.93500,15.38100
0.5082,730333,0.02417,0.01123,1.04712,-3.84500,-9.70500,16.72400
0.5178,730343,0.01147,0.03711,1.03955,-3.60100,-8.11800,16.17400
0.5286,730353,0.02808,0.03076,1.05151,-3.72300,-8.17900,15.50300
0.5556,730363,0.00513,0.02856,1.04492,-4.08900,-8.60600,15.19800
0.5556,730373,0.01416,0.02368,1.06592,-4.21100,-8.54500,16.29600
0.5645,730383,0.01562,0.02686,1.05371,-4.21100,-8.30100,16.72400
0.5703,730393,-0.00049,0.02710,1.04761,-3.84500,-8.30100,15.74700
0.5873,730403,0.00366,0.03027,1.05029,-3.78400,-6.89700,14.58700
0.5883,730413,-0.00024,0.02393,1.03931,-4.33300,-7.20200,14.58700
0.6112,730423,0.00146,0.01953,1.04956,-4.21100,-9.09400,17.02900
0.6112,730433,-0.00049,0.02930,1.03613,-3.84500,-7.93500,15.68600
0.6194,730443,0.00586,0.01709,1.04932,-3.72300,-8.60600,16.17400
0.6298,730453,0.00073,0.02490,1.04468,-3.84500,-7.75100,16.05200
0.6436,730463,0.00586,0.03223,1.04639,-3.78400,-7.38500,15.68600
0.6587,730473,0.01172,0.03564,1.02808,-3.41800,-7.93500,16.05200
0.6627,730483,0.01270,0.03711,1.03613,-3.90600,-8.05700,16.29600
0.6687,730493,0.00342,0.02173,1.04663,-3.78400,-8.72800,17.33400
0.6808,730503,-0.01514,0.02319,1.04736,-4.08900,-8.11800,16.66300
0.6881,730513,-0.00391,0.02222,1.05005,-4.08900,-7.56800,15.68600
0.7055,730523,-0.01489,0.03491,1.04175,-4.15000,-8.42300,17.33400
0.7119,730533,-0.02197,0.03467,1.04150,-4.57800,-8.30100,16.17400
0.7239,730543,-0.02515,0.02441,1.04370,-4.02800,-8.24000,15.38100
0.7387,730553,-0.02124,0.03125,1.04712,-4.15000,-7.99600,15.86900
0.7512,730563,-0.02124,0.02393,1.04297,-3.72300,-9.09400,16.11300
0.7614,730573,-0.00269,0.00952,1.05078,-3.90600,-8.17900,15.86900
0.7614,730583,-0.00269,0.01685,1.05908,-4.02800,-8.91100,16.90700
0.7691,730593,-0.01099,0.02417,1.03931,-3.29600,-9.82700,16.23500
0.7818,730603,-0.00317,0.03076,1.04639,-4.57800,-10.37600,17.15100
0.7893,730613,-0.00220,0.01929,1.04395,-3.96700,-8.48400,15.68600
0.8082,730623,-0.01831,0.01611,1.01807,-4.39500,-10.98600,17.27300
0.8082,730633,-0.02246,0.03931,1.03735,-3.78400,-10.31500,16.72400
0.8198,730643,-0.03369,0.03955,1.03394,-3.84500,-9.76600,15.68600
0.8417,730653,-0.01880,0.01733,1.05200,-4.08900,-10.07100,15.86900
0.8417,730663,-0.03076,0.02612,1.05322,-3.66200,-10.37600,15.32000
0.8714,730673,-0.02466,0.01562,1.05151,-3.35700,-11.47500,16.78500
0.8714,730683,-0.02612,0.04053,1.03540,-3.90600,-10.92500,16.41800
0.8725,730693,-0.01025,0.03589,1.04712,-4.02800,-11.53600,15.25900
0.8796,730703,-0.02661,0.02466,1.05054,-4.57800,-12.14600,16.54100
0.8882,730713,-0.00146,0.03174,1.04272,-4.08900,-12.20700,16.05200
0.8981,730723,-0.02148,0.03418,1.04028,-4.15000,-12.57300,16.35700
0.9075,730733,-0.02710,0.03687,1.03955,-4.45600,-11.47500,15.44200
0.9187,730743,-0.02124,0.03687,1.02393,-4.21100,-12.57300,16.66300
0.9420,730753,-0.02368,0.02124,1.04590,-3.54000,-13.67200,17.51700
0.9420,730763,-0.03247,0.03979,1.04102,-3.47900,-12.93900,16.60200
0.9524,730773,-0.03882,0.03735,1.04663,-3.60100,-12.32900,16.11300
0.9742,730783,-0.03687,0.02319,1.04272,-3.84500,-12.39000,14.95400
0.9742,730793,-0.01611,0.03003,1.05176,-3.47900,-12.57300,15.50300
0.9963,730803,-0.01782,0.02490,1.05493,-4.02800,-14.22100,16.11300
0.9963,730813,-0.01782,0.02930,1.06006,-4.08900,-14.40400,16.60200
0.9994,730823,-0.03467,0.01978,1.06006,-4.33300,-15.25900,16.96800
1.0134,730833,-0.01416,0.01245,1.05688,-3.60100,-15.19800,16.23500
1.0208,730843,-0.01807,0.00684,1.05273,-4.27200,-14.89300,16.41800
1.0468,730853,-0.01807,0.02832,1.04639,-4.15000,-14.70900,16.29600
1.0468,730863,-0.01294,0.02856,1.04590,-4.39500,-13.91600,15.93000
1.0468,730873,-0.02148,0.02173,1.05615,-4.33300,-14.09900,15.62500
1.0602,730883,-0.01880,0.03027,1.02832,-4.39500,-14.77100,16.72400
1.0767,730893,-0.02222,0.02930,1.04102,-3.41800,-14.22100,16.11300
1.0823,730903,-0.02563,0.02417,1.03809,-4.21100,-14.58700,16.66300
1.0873,730913,-0.02100,0.04077,1.03467,-3.84500,-14.34300,17.15100
1.1020,730923,-0.03564,0.02588,1.02759,-3.41800,-14.64800,16.78500
1.1141,730933,-0.01782,0.02417,1.04272,-3.66200,-15.01500,17.09000
1.1187,730943,-0.01660,0.02832,1.04858,-3.72300,-14.28200,16.78500
1.1300,730953,-0.02759,0.01904,1.04590,-4.33300,-13.91600,16.41800
1.1426,730963,-0.02686,0.02808,1.06104,-3.54000,-13.36700,14.77100
1.1487,730973,-0.03906,0.03149,1.04541,-3.90600,-15.38100,16.66300
1.1607,730983,-0.03345,0.01489,1.05078,-4.82200,-14.28200,16.05200
1.1684,730993,-0.03589,0.03198,1.05444,-3.66200,-13.61100,15.32000
1.1874,731003,-0.02124,0.01855,1.04590,-4.57800,-15.38100,16.54100
1.1935,731013,-0.02246,0.03613,1.02759,-4.70000,-15.74700,17.21200
1.1990,731023,-0.02002,0.02417,1.03467,-4.02800,-14.58700,16.11300
1.2085,731033,-0.02075,0.02051,1.03320,-4.21100,-15.80800,16.05200
1.2210,731043,-0.00903,0.03003,1.02637,-4.08900,-15.56400,16.72400
1.2294,731053,-0.01074,0.03711,1.04126,-3.72300,-15.01500,16.60200
1.2472,731063,-0.00830,0.02393,1.03687,-3.60100,-15.19800,16.35700
1.2472,731073,-0.00635,0.02783,1.05127,-3.05200,-14.34300,16.47900
1.2581,731083,-0.01172,0.02197,1.03564,-3.17400,-13.91600,15.62500
1.2729,731093,-0.02075,0.02661,1.06030,-4.15000,-14.64800,17.27300
1.2908,731103,-0.02173,0.02759,1.04565,-4.02800,-14.83200,17.39500
1.2908,731113,-0.02246,0.01807,1.07178,-4.02800,-14.28200,17.39500
1.2978,731123,-0.04004,0.03003,1.04639,-4.51700,-14.89300,17.15100
1.3103,731133,-0.04077,0.01099,1.06128,-4.02800,-13.91600,15.74700
1.3203,731143,-0.03491,0.01245,1.03247,-4.33300,-14.03800,16.05200
1.3318,731153,-0.02393,0.02490,1.04468,-3.66200,-13.73300,15.62500
1.3497,731163,-0.01611,0.03223,1.03735,-3.96700,-13.48900,15.13700
1.3556,731173,-0.02490,0.02686,1.03613,-3.90600,-13.79400,15.50300
1.3596,731183,-0.01440,0.01709,1.04468,-3.78400,-13.67200,16.11300
1.3691,731193,-0.00757,0.02271,1.04126,-3.66200,-14.83200,17.51700
1.3762,731203,-0.02197,0.02051,1.04370,-3.47900,-13.73300,15.93000
1.3943,731213,-0.02197,0.03589,1.04370,-3.72300,-13.85500,16.66300
1.4017,731223,-0.03247,0.02271,1.04980,-3.66200,-15.19800,17.09000
1.4093,731233,-0.01807,0.02759,1.05444,-3.47900,-13.42800,16.41800
1.4230,731243,-0.03711,0.02930,1.06738,-3.78400,-13.79400,16.11300
1.4301,731253,-0.02197,0.04346,1.05640,-3.47900,-11.78000,14.28200
1.4652,731263,-0.02295,0.02954,1.05347,-4.63900,-14.22100,16.84600
1.4672,731273,-0.01978,0.03369,1.03076,-4.63900,-11.96300,15.01500
1.4672,731283,-0.02979,0.02051,1.04297,-4.39500,-13.36700,16.41800
1.4672,731293,-0.02856,0.03955,1.03418,-3.84500,-12.75600,15.32000
1.4830,731303,-0.02783,0.03174,1.03125,-3.41800,-11.35300,14.58700
1.4875,731313,-0.01514,0.02661,1.05005,-4.21100,-12.75600,16.05200
1.5035,731323,-0.02173,0.02539,1.04614,-3.66200,-12.51200,15.68600
1.5241,731333,-0.03125,0.03394,1.05151,-3.90600,-12.93900,16.72400
1.5241,731343,-0.02124,0.02539,1.05347,-3.54000,-12.75600,15.93000
1.5400,731353,-0.03906,0.02148,1.06665,-3.60100,-13.00000,15.80800
1.5400,731363,-0.03052,0.03369,1.04004,-4.08900,-13.30600,16.29600
1.5556,731373,-0.02026,0.01660,1.04688,-3.47900,-13.48900,18.00500
1.5596,731383,-0.00464,0.02734,1.02637,-4.27200,-12.20700,15.44200
1.5716,731393,-0.01465,0.01465,1.03979,-3.84500,-12.45100,16.11300
1.5878,731403,-0.01440,0.01709,1.03784,-3.96700,-11.47500,16.23500
1.5878,731413,-0.02588,0.03247,1.02734,-2.99100,-10.86400,15.99100
1.6036,731423,-0.03125,0.02246,1.04248,-3.47900,-12.02400,16.54100
1.6157,731433,-0.01074,0.02197,1.04956,-3.66200,-11.96300,17.27300
1.6306,731443,-0.03784,0.02734,1.04883,-4.15000,-10.68100,17.09000
1.6306,731453,-0.05762,0.01270,1.04614,-4.02800,-10.74200,16.47900
1.6448,731463,-0.04785,0.01978,1.04443,-3.35700,-10.80300,16.66300
1.6578,731473,-0.03882,0.02808,1.04980,-3.90600,-10.86400,16.11300
1.6578,731483,-0.04150,0.02393,1.05151,-3.66200,-11.65800,17.39500
1.6717,731493,-0.02393,0.01611,1.05347,-3.54000,-11.10800,16.72400
1.6771,731503,-0.03687,0.03516,1.05151,-3.78400,-11.78000,17.57800
1.6913,731513,-0.04297,0.02222,1.05273,-3.78400,-10.68100,16.35700
1.6983,731523,-0.03271,0.03027,1.05151,-3.60100,-10.13200,15.80800
1.7109,731533,-0.02197,0.05005,1.05200,-4.45600,-11.59700,16.72400
1.7229,731543,-0.03833,0.03516,1.05566,-3.84500,-10.62000,16.17400
1.7304,731553,-0.02637,0.03833,1.06226,-4.21100,-9.94900,17.27300
1.7384,731563,-0.02563,0.03931,1.04590,-4.51700,-8.60600,16.05200
1.7608,731573,-0.02734,0.04272,1.04883,-4.57800,-8.97200,15.01500
1.7608,731583,-0.04639,0.03979,1.05249,-4.94400,-10.07100,16.41800
1.7680,731593,-0.06226,0.03369,1.02637,-4.94400,-8.54500,15.99100
1.7888,731603,-0.04175,0.03174,1.01514,-4.63900,-7.81200,16.29600
1.7888,731613,-0.03516,0.01538,1.03149,-4.57800,-8.54500,16.47900
1.8019,731623,-0.04688,0.03467,1.04810,-4.70000,-8.48400,17.09000
1.8113,731633,-0.05542,0.01196,1.04590,-3.96700,-7.50700,16.47900
1.8219,731643,-0.02856,0.01025,1.05054,-3.96700,-7.75100,16.54100
1.8320,731653,-0.05371,0.00439,1.04834,-4.02800,-7.38500,15.74700
1.8378,731663,-0.03906,0.02686,1.05273,-3.90600,-6.71400,15.86900
1.8529,731673,-0.03418,0.02637,1.06641,-3.72300,-7.32400,15.44200
1.8590,731683,-0.04175,0.04419,1.04736,-4.21100,-7.08000,15.50300
1.8684,731693,-0.04761,0.02319,1.03076,-4.21100,-7.62900,16.66300
1.8795,731703,-0.04761,0.02710,1.04419,-4.27200,-7.32400,17.09000
1.8903,731713,-0.05933,0.01636,1.04590,-4.45600,-7.93500,17.88300
1.8992,731723,-0.04980,0.03125,1.03711,-4.45600,-6.89700,16.84600
1.9085,731733,-0.05908,0.02393,1.03198,-4.27200,-6.04200,16.17400
1.9177,731743,-0.04834,0.02490,1.03369,-4.08900,-5.85900,17.39500
1.9773,731791,-0.05322,0.03857,1.03711,-4.88300,-5.85900,16.47900
1.9773,731793,-0.05322,0.03857,1.03711,-4.88300,-5.85900,16.47900
1.9773,731794,-0.05103,0.03369,1.03564,-4.33300,-4.88300,16.60200
1.9773,731796,-0.05103,0.03369,1.03564,-4.33300,-4.88300,16.60200
1.9773,731797,-0.05103,0.03369,1.03564,-4.33300,-4.88300,16.60200
1.9813,731803,-0.06470,0.03687,1.05737,-4.21100,-4.57800,16.17400
1.9874,731813,-0.06543,0.02612,1.03613,-4.15000,-5.73700,16.17400
1.9983,731823,-0.07080,0.03979,1.03345,-4.15000,-5.37100,16.17400
2.0084,731833,-0.08350,0.03442,1.03296,-4.21100,-5.37100,16.41800
2.0243,731843,-0.08301,0.03320,1.03003,-3.72300,-5.37100,16.47900
2.0320,731853,-0.09717,0.03223,1.04126,-3.84500,-5.12700,16.54100
2.0401,731863,-0.07471,0.04517,1.04590,-3.05200,-5.18800,16.11300
2.0551,731873,-0.08228,0.03760,1.04297,-3.96700,-5.00500,16.23500
2.0712,731883,-0.08228,0.02808,1.05347,-3.41800,-4.76100,14.89300
2.0712,731893,-0.08643,0.02686,1.05078,-3.96700,-4.45600,15.86900
2.0803,731903,-0.07520,0.03442,1.03198,-4.88300,-5.73700,15.99100
2.0945,731913,-0.08398,0.03027,1.03906,-3.96700,-5.85900,16.54100
2.1039,731923,-0.07666,0.03223,1.03687,-4.08900,-5.18800,16.60200
2.1156,731933,-0.08862,0.02344,1.03394,-4.21100,-4.63900,16.23500
2.1171,731943,-0.09302,0.01733,1.03662,-3.66200,-5.12700,15.86900
2.1293,731953,-0.08984,0.02783,1.03833,-4.33300,-6.04200,16.54100
2.1385,731963,-0.09937,0.01758,1.04297,-3.54000,-5.55400,15.99100
2.1584,731973,-0.09497,0.01685,1.04932,-3.90600,-6.22600,16.47900
2.1675,731983,-0.10986,0.01782,1.04199,-3.90600,-5.92000,16.35700
2.1740,731993,-0.10425,0.01538,1.03784,-3.90600,-5.92000,15.99100
2.1801,732003,-0.10498,0.01123,1.06274,-3.96700,-5.67600,16.05200
2.1892,732013,-0.11377,0.01782,1.04517,-4.70000,-7.32400,17.45600
2.2036,732023,-0.09424,0.01611,1.03882,-3.72300,-6.22600,16.47900
2.2086,732033,-0.09546,0.02026,1.03320,-3.47900,-6.47000,16.84600
2.2188,732043,-0.09644,0.03638,1.03296,-3.72300,-6.47000,16.60200
2.2280,732053,-0.09863,0.02417,1.02612,-3.35700,-6.04200,15.44200
2.2408,732063,-0.11206,0.02417,1.05005,-3.54000,-6.16500,15.25900
2.2501,732073,-0.11230,0.02271,1.03271,-4.15000,-7.01900,17.21200
2.2700,732083,-0.12598,0.03467,1.01929,-3.41800,-6.10400,16.84600
2.2700,732093,-0.11743,0.01074,1.03784,-3.54000,-6.95800,16.54100
2.2829,732103,-0.13452,0.02173,1.02563,-2.68600,-5.85900,15.19800
2.2900,732113,-0.13208,0.02002,1.03076,-2.44100,-6.10400,14.64800
2.3056,732123,-0.12964,0.03052,1.02759,-2.31900,-7.38500,15.86900
2.3118,732133,-0.12915,0.03003,1.04321,-2.31900,-6.53100,14.83200
2.3214,732143,-0.09912,0.02319,1.06812,-2.68600,-7.20200,15.19800
2.3303,732153,-0.10669,0.02466,1.06787,-3.05200,-7.62900,15.99100
2.3375,732163,-0.08911,0.05200,1.06689,-2.86900,-6.71400,14.34300
2.3486,732173,-0.10767,0.04272,1.06665,-4.33300,-7.93500,16.78500
2.3845,732183,-0.11035,0.02417,1.07861,-4.94400,-7.56800,17.63900
2.3845,732193,-0.11938,0.00854,1.06006,-5.61500,-7.81200,17.70000
2.3845,732203,-0.11597,0.03125,1.03052,-5.06600,-6.04200,16.66300
2.3996,732213,-0.12671,0.01538,1.02100,-5.06600,-7.26300,17.82200
2.3996,732223,-0.15698,0.00879,1.02466,-4.08900,-6.34800,16.60200
2.4155,732233,-0.14551,0.02734,1.01099,-4.70000,-7.01900,16.54100
2.4215,732243,-0.15967,0.03491,1.02417,-4.21100,-7.69000,16.96800
2.4295,732253,-0.15161,0.02637,1.01880,-3.84500,-7.01900,15.93000
2.4389,732263,-0.16724,0.01978,1.02100,-3.60100,-7.14100,15.38100
2.4476,732273,-0.15576,0.02271,1.03857,-3.23500,-7.99600,15.80800
2.4639,732283,-0.14258,0.01978,1.03076,-3.84500,-7.75100,14.95400
2.4728,732293,-0.13306,0.02100,1.02881,-3.23500,-8.66700,15.62500
2.4938,732303,-0.13428,0.02612,1.04077,-3.35700,-8.36200,16.05200
2.4938,732313,-0.12915,0.02661,1.04102,-3.84500,-8.97200,15.44200
2.5097,732323,-0.13135,0.03687,1.02344,-3.47900,-9.03300,16.23500
2.5097,732333,-0.13599,0.04492,1.04395,-2.99100,-8.42300,15.93000
2.5248,732343,-0.14233,0.03052,1.02222,-3.90600,-9.09400,17.39500
2.5406,732353,-0.12817,0.03784,1.02197,-2.99100,-7.99600,15.74700
2.5406,732363,-0.13037,0.02930,1.03247,-3.23500,-8.78900,16.47900
2.5498,732373,-0.15234,0.03223,1.04980,-2.86900,-9.03300,16.23500
2.5785,732383,-0.13916,0.03906,1.04053,-3.41800,-9.09400,16.84600
2.5785,732393,-0.15576,0.03174,1.03906,-3.47900,-9.52100,16.23500
2.5785,732403,-0.15186,0.04883,1.04053,-4.02800,-9.76600,16.78500
2.5884,732413,-0.16553,0.02930,1.04858,-3.41800,-9.27700,15.86900
2.5990,732423,-0.15576,0.03027,1.04370,-2.93000,-8.30100,14.64800
2.6153,732433,-0.15430,0.02832,1.03516,-3.29600,-8.60600,15.62500
2.6191,732443,-0.15308,0.02222,1.04102,-4.02800,-9.58300,16.72400
2.6349,732453,-0.15186,0.03125,1.03809,-2.80800,-9.33800,16.05200
2.6429,732463,-0.14062,0.02832,1.04541,-3.41800,-8.91100,15.19800
2.6481,732473,-0.13525,0.02441,1.03906,-3.17400,-9.27700,15.62500
2.6581,732483,-0.15283,0.01294,1.05859,-3.47900,-9.33800,16.84600
2.6806,732493,-0.13989,0.01562,1.04517,-3.60100,-10.13200,16.66300
2.6806,732503,-0.14795,0.02686,1.05151,-4.45600,-10.25400,16.66300
2.6907,732513,-0.16113,0.02002,1.04834,-3.78400,-10.31500,17.02900
2.7068,732523,-0.15039,0.03613,1.03662,-4.51700,-9.94900,17.02900
2.7219,732533,-0.16064,0.00879,1.03076,-4.57800,-9.33800,15.62500
2.7219,732543,-0.16846,0.02612,1.01221,-3.47900,-9.09400,14.89300
2.7288,732553,-0.16528,0.01562,1.02197,-4.27200,-10.37600,15.93000
2.7404,732563,-0.16553,0.02246,1.02100,-4.51700,-10.19300,16.54100
2.7642,732573,-0.14600,0.02930,1.02612,-3.23500,-10.31500,17.51700
2.8004,732583,-0.15967,0.02246,1.03442,-3.60100,-10.62000,17.02900
2.8004,732593,-0.14355,0.01831,1.03271,-3.17400,-9.46000,15.07600
2.8004,732603,-0.15771,0.02173,1.03906,-2.93000,-9.82700,15.93000
2.8004,732613,-0.15796,0.02271,1.04883,-3.41800,-10.25400,16.29600
2.8004,732623,-0.15527,0.02588,1.04468,-3.17400,-10.74200,16.72400
2.8075,732633,-0.18018,0.02295,1.05176,-3.41800,-9.70500,16.60200
2.8233,732643,-0.16260,0.04736,1.04248,-3.90600,-10.74200,16.96800
2.8279,732653,-0.18018,0.03052,1.04346,-3.23500,-9.46000,16.60200
2.8432,732663,-0.18359,0.03564,1.06128,-3.54000,-11.10800,17.09000
2.8489,732673,-0.17017,0.04224,1.05151,-3.66200,-11.53600,16.66300
2.8565,732683,-0.16504,0.02808,1.03687,-3.84500,-10.01000,15.93000
2.8672,732693,-0.16479,0.02905,1.03931,-3.96700,-10.25400,14.95400
2.8801,732703,-0.16797,0.03564,1.03540,-4.15000,-10.49800,15.25900
2.8912,732713,-0.15698,0.02637,1.02563,-4.02800,-11.10800,16.41800
2.9016,732723,-0.15430,0.03125,1.02393,-3.90600,-10.01000,14.22100
2.9093,732733,-0.16772,0.03320,1.02856,-3.84500,-10.19300,15.50300
2.9218,732743,-0.17358,0.02393,1.04541,-3.41800,-10.86400,15.44200
2.9275,732753,-0.16455,0.03711,1.02612,-4.08900,-10.25400,16.54100
2.9378,732763,-0.18188,0.02710,1.03052,-3.90600,-10.92500,16.96800
2.9499,732773,-0.16748,0.02637,1.03906,-3.54000,-10.43700,15.86900
2.9539,732783,-0.16846,0.02539,1.03320,-3.84500,-10.68100,16.23500
2.9717,732793,-0.19238,0.02808,1.02930,-3.96700,-10.80300,16.23500
2.9885,732803,-0.18799,0.02222,1.02686,-3.66200,-10.98600,16.47900
2.9885,732813,-0.17383,0.03076,1.03271,-3.66200,-10.86400,15.38100
2.9972,732823,-0.17822,0.01562,1.03906,-3.66200,-10.07100,15.86900
3.0076,732833,-0.17578,0.02881,1.03516,-4.27200,-11.23000,16.96800
3.0145,732843,-0.16748,0.02881,1.02539,-4.02800,-11.10800,16.54100
3.0237,732853,-0.18237,0.02905,1.03198,-3.29600,-11.16900,17.15100
3.0393,732863,-0.16406,0.02661,1.02148,-4.45600,-11.71900,16.35700
3.0530,732873,-0.18286,0.02002,1.03906,-3.54000,-11.35300,16.17400
3.0611,732883,-0.19263,0.02417,1.02319,-3.72300,-11.78000,15.56400
3.0611,732893,-0.18237,0.02466,1.04175,-3.90600,-11.84100,16.29600
3.0892,732903,-0.17480,0.02393,1.03345,-3.60100,-11.65800,15.93000
3.0927,732913,-0.17725,0.01929,1.04395,-3.72300,-12.32900,16.90700
3.0998,732923,-0.17163,0.03149,1.03442,-3.78400,-12.51200,16.84600
3.1101,732933,-0.17139,0.02832,1.03442,-3.78400,-12.02400,15.86900
3.1238,732943,-0.19653,0.02979,1.03076,-3.84500,-12.26800,16.66300
3.1238,732953,-0.18750,0.02441,1.04419,-4.39500,-11.53600,16.47900
3.1238,732963,-0.19238,0.03003,1.03198,-4.27200,-12.02400,17.09000
3.1485,732973,-0.18408,0.03711,1.02588,-3.96700,-11.35300,15.86900
3.1600,732983,-0.18750,0.05127,1.02734,-4.21100,-11.53600,15.68600
3.1628,732993,-0.18433,0.05005,1.02661,-4.27200,-13.36700,16.17400
3.1709,733003,-0.17627,0.04175,1.02100,-4.70000,-12.63400,16.23500
3.1870,733013,-0.17847,0.04053,1.03906,-4.39500,-12.63400,15.19800
3.2023,733023,-0.18384,0.02222,1.03369,-4.21100,-12.81700,15.62500
3.2038,733033,-0.18359,0.03979,1.02979,-4.57800,-13.61100,16.66300
3.2324,733043,-0.17725,0.04248,1.02661,-3.84500,-13.12300,15.68600
3.2324,733053,-0.17310,0.02612,1.02856,-4.15000,-14.16000,16.66300
3.2377,733063,-0.17310,0.03247,1.02466,-4.33300,-13.18400,15.99100
3.2483,733073,-0.17627,0.04004,1.02539,-4.27200,-13.79400,16.96800
3.2536,733083,-0.18359,0.03003,1.04175,-3.90600,-13.61100,16.29600
3.2665,733093,-0.19116,0.03003,1.03540,-4.45600,-14.40400,16.72400
3.2665,733103,-0.20264,0.01953,1.02295,-3.96700,-13.12300,15.86900
3.2904,733113,-0.20337,0.02393,1.03125,-4.63900,-14.28200,15.68600
3.2976,733123,-0.18091,0.02100,1.03784,-4.76100,-13.24500,15.86900
3.3040,733133,-0.20435,0.01465,1.03882,-4.33300,-14.58700,16.17400
3.3153,733143,-0.18115,0.03491,1.02124,-4.45600,-13.24500,14.70900
3.3307,733153,-0.19092,0.01953,1.04419,-5.06600,-14.83200,16.35700
3.3307,733163,-0.19141,0.03369,1.04492,-4.63900,-14.16000,16.35700
3.3457,733173,-0.18164,0.01855,1.05322,-4.82200,-14.22100,16.11300
3.3457,733183,-0.18994,0.01685,1.02515,-5.00500,-14.64800,15.99100
3.3611,733193,-0.17310,0.03223,1.02100,-4.57800,-14.64800,16.66300
3.3768,733203,-0.17627,0.02148,1.02246,-5.12700,-15.19800,16.60200
3.3927,733213,-0.18677,0.03027,1.01562,-4.21100,-15.44200,16.35700
3.3966,733223,-0.18970,0.01978,0.99683,-4.39500,-14.95400,16.23500
3.4041,733233,-0.18140,0.03564,1.01074,-4.27200,-15.32000,16.29600
3.4125,733243,-0.20044,0.03369,1.01392,-3.78400,-14.95400,15.56400
3.4245,733253,-0.17944,0.03296,1.00171,-3.60100,-15.93000,16.17400
3.4368,733263,-0.18042,0.04272,1.02417,-3.17400,-15.50300,15.56400
3.4480,733273,-0.18701,0.03296,1.03296,-3.47900,-16.05200,15.86900
3.4562,733283,-0.17993,0.02734,1.04297,-2.93000,-15.86900,16.11300
3.4562,733293,-0.18018,0.03467,1.04492,-3.23500,-15.32000,15.50300
3.4722,733303,-0.16919,0.04395,1.04907,-3.66200,-16.84600,16.17400
3.4982,733313,-0.17871,0.03271,1.05835,-3.17400,-16.29600,15.74700
3.4982,733323,-0.18481,0.02368,1.05396,-4.51700,-17.21200,17.45600
3.5051,733333,-0.18213,0.03833,1.04590,-4.39500,-18.12700,17.39500
3.5130,733343,-0.20581,0.03516,1.03394,-4.57800,-16.96800,17.27300
3.5360,733353,-0.19189,0.02295,1.02344,-4.70000,-16.78500,16.60200
3.5360,733363,-0.19092,0.02173,1.00317,-5.06600,-17.57800,16.54100
3.5489,733373,-0.19409,0.02173,1.01807,-3.78400,-17.09000,16.17400
3.5591,733383,-0.18530,0.01392,1.01416,-3.90600,-17.88300,15.68600
3.5676,733393,-0.18921,0.02539,1.03003,-3.60100,-18.00500,16.54100
3.5768,733403,-0.17627,0.03979,1.02173,-3.11300,-18.86000,17.21200
3.5993,733413,-0.17505,0.01245,1.02734,-3.11300,-19.22600,16.90700
3.5993,733423,-0.17798,0.02441,1.02710,-2.99100,-19.16500,16.17400
3.6129,733433,-0.17725,0.02563,1.04395,-2.68600,-18.73800,16.23500
3.6147,733443,-0.16187,0.03247,1.02100,-3.11300,-19.10400,17.63900
3.6316,733453,-0.16162,0.02539,1.05347,-2.93000,-19.28700,16.35700
3.6316,733463,-0.16577,0.03076,1.05200,-4.02800,-19.47000,16.78500
3.6463,733473,-0.16406,0.02710,1.06836,-3.66200,-19.22600,16.78500
3.6544,733483,-0.16797,0.03564,1.05518,-4.45600,-19.53100,16.47900
3.6904,733493,-0.17188,0.03931,1.03442,-4.08900,-19.65300,16.66300
3.6904,733503,-0.18335,0.03784,1.03711,-4.57800,-20.32500,16.29600
3.6904,733513,-0.17578,0.02930,1.01025,-3.78400,-19.65300,15.93000
3.7093,733523,-0.17529,0.02881,1.02661,-4.63900,-19.71400,16.05200
3.7093,733533,-0.17358,0.03613,1.01245,-4.39500,-20.99600,16.90700
3.7093,733543,-0.17529,0.04126,1.03076,-3.66200,-19.95800,15.32000
3.7264,733553,-0.15405,0.04492,1.01270,-4.02800,-21.24000,15.62500
3.7408,733563,-0.17358,0.04224,1.03027,-4.21100,-21.54500,16.47900
3.7480,733573,-0.15552,0.03564,1.02783,-3.90600,-21.97300,16.84600
3.7569,733583,-0.16553,0.04492,1.06104,-3.90600,-21.97300,17.15100
3.7594,733593,-0.15894,0.05200,1.04468,-3.41800,-21.48400,16.05200
3.7767,733603,-0.16309,0.04321,1.03809,-3.23500,-21.48400,16.05200
3.7846,733613,-0.16797,0.03784,1.04077,-3.66200,-21.85100,16.29600
3.7944,733623,-0.15405,0.03833,1.03296,-4.27200,-22.09500,17.02900
3.8087,733633,-0.15479,0.02832,1.03687,-4.39500,-22.33900,16.11300
3.8220,733643,-0.16162,0.03223,1.03491,-4.02800,-21.72900,15.19800
3.8284,733653,-0.15723,0.03931,1.02686,-3.54000,-21.79000,15.80800
3.8452,733663,-0.16138,0.03467,1.03125,-4.27200,-23.19300,17.21200
3.8452,733673,-0.15332,0.02954,1.02246,-3.47900,-22.52200,16.54100
3.8538,733683,-0.14160,0.02295,1.01904,-3.17400,-22.09500,16.60200
3.8538,733693,-0.15161,0.03003,1.04785,-2.68600,-21.60600,15.13700
3.8739,733703,-0.14014,0.03052,1.05078,-3.47900,-22.94900,16.47900
3.8844,733713,-0.14014,0.02246,1.04077,-3.90600,-23.07100,16.11300
3.9125,733723,-0.14941,0.03687,1.04688,-3.47900,-21.79000,15.44200
3.9125,733733,-0.14331,0.01465,1.02734,-3.72300,-22.33900,15.50300
3.9162,733743,-0.17749,0.01123,1.04443,-3.60100,-22.46100,16.05200
3.9661,733792,-0.11182,0.03955,1.05273,-3.66200,-21.79000,15.62500
3.9661,733794,-0.11182,0.03955,1.05273,-3.66200,-21.79000,15.62500
3.9692,733795,-0.11182,0.03955,1.05273,-3.66200,-21.79000,15.62500
3.9761,733797,-0.11182,0.03955,1.05273,-3.66200,-21.79000,15.62500
3.9761,733798,-0.11182,0.03955,1.05273,-3.66200,-21.79000,15.62500
3.9761,733803,-0.13818,0.03003,1.04077,-3.84500,-22.88800,16.41800
3.9898,733813,-0.13696,0.01611,1.04248,-4.02800,-22.58300,16.35700
3.9960,733823,-0.12207,0.03931,1.05469,-3.60100,-22.70500,15.32000
4.0056,733833,-0.13647,0.02466,1.05200,-4.27200,-23.25400,15.74700
4.0121,733843,-0.12329,0.03394,1.04395,-4.45600,-22.52200,16.35700
4.0279,733853,-0.11694,0.03076,1.03076,-4.57800,-22.27800,16.23500
4.0347,733863,-0.13916,0.02417,1.04614,-4.57800,-22.40000,16.60200
4.0431,733873,-0.11230,0.03857,1.03467,-3.90600,-21.30100,15.80800
4.0431,733883,-0.14966,0.02979,1.03955,-4.51700,-22.27800,15.68600
4.0695,733893,-0.10669,0.03711,1.03589,-4.02800,-22.40000,15.80800
4.0769,733903,-0.12134,0.02588,1.04150,-3.96700,-22.52200,15.68600
4.0769,733913,-0.11865,0.03931,1.03809,-4.15000,-22.58300,15.68600
4.1029,733923,-0.11328,0.02808,1.03760,-3.72300,-22.15600,15.44200
4.1125,733933,-0.10620,0.02466,1.03760,-4.08900,-22.52200,16.05200
4.1227,733943,-0.10352,0.03223,1.03394,-4.21100,-21.36200,15.74700
4.1289,733953,-0.11035,0.02954,1.06250,-4.27200,-21.79000,15.74700
4.1447,733963,-0.12207,0.03345,1.05493,-3.90600,-20.93500,15.13700
4.1482,733973,-0.11841,0.04150,1.05591,-4.39500,-22.40000,17.09000
4.1602,733983,-0.10156,0.02637,1.04614,-4.57800,-22.03400,16.17400
4.1674,733993,-0.09521,0.02222,1.05225,-4.45600,-21.11800,15.74700
4.1799,734003,-0.10059,0.01270,1.03003,-4.63900,-21.79000,16.17400
4.1873,734013,-0.09253,0.02100,1.03076,-4.94400,-21.11800,16.05200
4.2047,734023,-0.10181,0.03784,1.01880,-4.57800,-21.48400,17.82200
4.2139,734033,-0.10303,0.02344,1.02686,-4.02800,-21.60600,17.27300
4.2262,734043,-0.10864,0.02197,1.03027,-3.96700,-19.71400,16.17400
4.2262,734053,-0.09351,0.03638,1.01514,-3.47900,-20.14200,17.02900
4.2382,734063,-0.08862,0.04297,1.01978,-2.99100,-20.44700,16.05200
4.2523,734073,-0.10156,0.04248,1.03638,-2.74700,-20.99600,16.84600
4.2570,734083,-0.09009,0.03052,1.05127,-3.17400,-20.50800,15.68600
4.2651,734093,-0.08618,0.04395,1.06152,-3.60100,-21.30100,17.27300
4.2787,734103,-0.10938,0.03613,1.06885,-3.47900,-20.87400,17.02900
4.2856,734113,-0.10229,0.02905,1.06177,-3.90600,-20.63000,17.88300
4.2950,734123,-0.09692,0.02881,1.06445,-4.08900,-19.47000,15.25900
4.3225,734133,-0.10303,0.03735,1.05640,-4.63900,-21.54500,17.70000
4.3225,734143,-0.09570,0.03369,1.05396,-4.57800,-19.28700,15.80800
4.3297,734153,-0.09766,0.02222,1.02881,-4.88300,-19.16500,15.68600
4.3412,734163,-0.09521,0.02026,1.01001,-4.21100,-19.95800,16.78500
4.3480,734173,-0.07227,0.02686,1.00195,-4.08900,-19.95800,16.05200
4.3585,734183,-0.10205,0.02612,1.02783,-2.62500,-19.28700,15.44200
4.3681,734193,-0.08301,0.02051,1.03516,-2.74700,-20.14200,15.68600
4.3790,734203,-0.07300,0.01733,1.04175,-2.93000,-20.50800,16.66300
4.3885,734213,-0.07886,0.03589,1.05469,-2.44100,-19.77500,16.11300
4.4006,734223,-0.08179,0.02588,1.04858,-2.80800,-20.32500,16.29600
4.4187,734233,-0.08789,0.02954,1.09180,-2.80800,-21.24000,17.39500
4.4187,734243,-0.08228,0.03125,1.07349,-3.23500,-20.20300,16.47900
4.4306,734253,-0.08325,0.02881,1.06689,-4.27200,-20.56900,17.02900
4.4373,734263,-0.09424,0.02588,1.05688,-3.72300,-19.65300,16.05200
4.4476,734273,-0.08569,0.04395,1.04541,-4.82200,-20.44700,16.90700
4.4556,734283,-0.09351,0.02466,1.05518,-4.45600,-19.04300,15.50300
4.4692,734293,-0.07959,0.02319,1.04663,-4.76100,-19.59200,16.35700
4.4692,734303,-0.08374,0.03979,1.02808,-4.02800,-19.22600,16.54100
4.4828,734313,-0.08081,0.02832,1.02612,-3.72300,-18.31100,15.44200
4.4982,734323,-0.08569,0.01685,1.00928,-4.21100,-18.67700,16.11300
4.5092,734333,-0.07642,0.02222,1.01758,-3.17400,-18.92100,15.62500
4.5182,734343,-0.07812,0.02222,1.02979,-3.54000,-19.34800,16.47900
4.5223,734353,-0.08276,0.02441,1.03125,-3.17400,-18.18800,15.68600
4.5325,734363,-0.06567,0.04517,1.04224,-2.86900,-18.55500,15.50300
4.5465,734373,-0.07349,0.02637,1.05933,-3.05200,-18.67700,15.80800
4.5571,734383,-0.09375,0.04639,1.04443,-3.29600,-19.65300,16.41800
4.5685,734393,-0.08521,0.02466,1.05762,-3.17400,-19.59200,15.68600
4.5796,734403,-0.07983,0.04199,1.07153,-3.35700,-18.98200,15.74700
4.5889,734413,-0.07910,0.02661,1.06128,-4.57800,-19.89700,17.09000
4.5923,734423,-0.06177,0.03369,1.05176,-3.90600,-19.40900,16.35700
4.6081,734433,-0.06421,0.02710,1.04517,-4.27200,-18.73800,16.66300
4.6233,734443,-0.04785,0.03540,1.03882,-4.27200,-17.76100,16.66300
4.6233,734453,-0.06494,0.03955,1.03271,-3.78400,-18.25000,16.41800
4.6293,734463,-0.06714,0.02637,1.01953,-3.72300,-18.49400,17.39500
4.6389,734473,-0.07153,0.02393,1.01660,-4.02800,-18.18800,16.84600
4.6592,734483,-0.06421,0.02148,1.01831,-3.41800,-17.57800,17.57800
4.6592,734493,-0.06250,0.03247,1.03882,-2.38000,-15.44200,14.46500
4.6718,734503,-0.06689,0.03931,1.02515,-3.17400,-17.02900,16.96800
4.6865,734513,-0.07983,0.03076,1.05518,-2.86900,-17.51700,16.60200
4.6865,734523,-0.07617,0.03003,1.05469,-3.05200,-17.27300,16.29600
4.7061,734533,-0.06641,0.02026,1.05811,-2.62500,-16.29600,14.95400
4.7192,734543,-0.06982,0.04590,1.04272,-3.35700,-16.66300,15.19800
4.7192,734553,-0.06274,0.02979,1.04907,-3.54000,-16.66300,15.99100
4.7385,734563,-0.07495,0.02295,1.05640,-3.66200,-16.11300,15.74700
4.7426,734573,-0.06006,0.02954,1.03589,-3.60100,-17.15100,15.62500
4.7529,734583,-0.04150,0.03345,1.03857,-3.96700,-16.05200,15.56400
4.7680,734593,-0.03857,0.01807,1.05664,-4.27200,-16.05200,16.17400
4.7788,734603,-0.05664,0.02979,1.04614,-4.33300,-15.93000,16.29600
4.7818,734613,-0.06934,0.03589,1.04639,-3.78400,-14.95400,15.68600
4.7818,734623,-0.05347,0.03174,1.02661,-3.72300,-15.32000,15.56400
4.8063,734633,-0.05249,0.03613,1.03711,-3.54000,-14.83200,16.41800
4.8228,734643,-0.06348,0.03516,1.03784,-2.86900,-14.83200,15.62500
4.8228,734653,-0.05273,0.03149,1.04004,-2.68600,-14.28200,14.95400
4.8300,734663,-0.05811,0.03320,1.03467,-3.47900,-14.83200,16.05200
4.8516,734673,-0.07007,0.03125,1.05054,-2.68600,-13.61100,15.13700
4.8549,734683,-0.06763,0.03540,1.05029,-3.66200,-15.13700,17.09000
4.8704,734693,-0.06470,0.04346,1.03784,-3.47900,-14.89300,15.86900
4.8776,734703,-0.05811,0.04150,1.05542,-3.35700,-14.58700,15.99100
4.8776,734713,-0.06836,0.03857,1.05176,-3.47900,-14.40400,16.35700
4.8936,734723,-0.07178,0.03564,1.06348,-3.96700,-14.03800,15.68600
4.9094,734733,-0.07251,0.03369,1.05615,-3.66200,-14.22100,15.01500
4.9110,734743,-0.05542,0.04175,1.04346,-3.23500,-13.36700,15.25900
4.9355,734753,-0.06519,0.03271,1.03467,-3.66200,-13.61100,15.86900
4.9355,734763,-0.07104,0.03174,1.03564,-4.27200,-14.46500,16.29600
4.9477,734773,-0.06079,0.02539,1.03418,-3.47900,-13.06200,15.86900
4.9568,734783,-0.04883,0.04126,1.02637,-3.41800,-13.97700,16.47900
4.9568,734793,-0.04590,0.03833,1.04150,-2.44100,-12.87800,15.13700
4.9725,734803,-0.06250,0.01782,1.04150,-3.29600,-14.03800,16.05200
4.9846,734813,-0.05542,0.02734,1.04468,-3.35700,-12.93900,15.25900
4.9999,734823,-0.05786,0.03516,1.04712,-2.99100,-13.79400,15.56400
5.0065,734833,-0.04565,0.02515,1.05225,-2.93000,-11.78000,14.34300
5.0065,734843,-0.07593,0.03394,1.05396,-3.60100,-13.79400,17.21200
5.0362,734853,-0.06665,0.03003,1.04126,-3.60100,-13.79400,16.17400
5.0362,734863,-0.05298,0.03076,1.04443,-3.29600,-13.91600,16.78500
5.0362,734873,-0.06665,0.01855,1.06201,-3.41800,-13.85500,16.78500
5.0534,734883,-0.06421,0.03296,1.02588,-3.84500,-13.00000,16.17400
5.0697,734893,-0.05054,0.03442,1.02417,-2.74700,-12.57300,15.50300
5.0771,734903,-0.05322,0.04272,1.02979,-2.86900,-13.06200,14.83200
5.0851,734913,-0.06055,0.03711,1.05322,-2.56300,-12.63400,15.56400
5.1065,734923,-0.06934,0.02734,1.04272,-3.23500,-12.75600,16.84600
5.1065,734933,-0.07227,0.02637,1.03271,-2.74700,-12.26800,16.11300
5.1170,734943,-0.06982,0.03711,1.02661,-2.56300,-13.00000,15.74700
5.1378,734953,-0.07666,0.03345,1.04053,-2.25800,-13.36700,16.60200
5.1378,734963,-0.06519,0.04248,1.03491,-2.56300,-13.73300,16.29600
5.1473,734973,-0.06494,0.04834,1.05078,-1.89200,-12.51200,15.50300
5.1473,734983,-0.08081,0.02441,1.05322,-1.95300,-13.00000,15.68600
5.1672,734993,-0.06201,0.04321,1.04590,-2.01400,-13.18400,15.25900
5.1716,735003,-0.05737,0.04053,1.03784,-1.95300,-12.32900,15.50300
5.1792,735013,-0.07715,0.04590,1.03809,-1.83100,-12.63400,16.72400
5.2109,735023,-0.04785,0.04297,1.04736,-2.25800,-12.81700,16.60200
5.2109,735033,-0.06738,0.03491,1.04053,-1.64800,-12.69500,14.89300
5.2167,735043,-0.06006,0.03223,1.04395,-1.89200,-13.67200,17.27300
5.2425,735053,-0.06274,0.04175,1.04688,-1.83100,-13.00000,16.54100
5.2425,735063,-0.08032,0.04028,1.07104,-2.19700,-12.45100,15.86900
5.2522,735073,-0.07397,0.02686,1.04297,-2.62500,-13.24500,17.09000
5.2585,735083,-0.05713,0.03833,1.04541,-1.95300,-11.84100,15.62500
5.2585,735093,-0.06909,0.04736,1.03735,-2.13600,-12.57300,16.72400
5.2798,735103,-0.06787,0.03564,1.03198,-1.83100,-12.02400,15.93000
5.2829,735113,-0.05542,0.03223,1.01733,-1.34300,-11.23000,15.25900
5.2947,735123,-0.04761,0.04077,1.02612,-1.64800,-12.14600,16.17400
5.3068,735133,-0.06641,0.04614,1.01782,-1.52600,-11.90200,16.78500
5.3068,735143,-0.06470,0.03491,1.02905,-1.52600,-11.59700,16.60200
5.3539,735153,-0.05981,0.05347,1.04858,-1.16000,-10.80300,15.86900
5.3539,735163,-0.06860,0.04272,1.06714,-0.73200,-10.62000,15.62500
5.3539,735173,-0.07568,0.06128,1.04614,-1.34300,-11.53600,16.90700
5.3608,735183,-0.08032,0.05420,1.05591,-1.40400,-11.10800,17.27300
5.3689,735193,-0.04541,0.04688,1.06958,-1.58700,-10.31500,16.11300
5.3790,735203,-0.07666,0.05176,1.07129,-2.25800,-10.25400,15.93000
5.3877,735213,-0.08813,0.03809,1.06201,-2.31900,-10.19300,16.29600
5.3900,735223,-0.06641,0.03687,1.04663,-2.13600,-9.09400,14.70900
5.4071,735233,-0.06787,0.03418,1.05176,-2.62500,-9.27700,15.19800
5.4177,735243,-0.05737,0.04175,1.06445,-2.62500,-9.52100,16.41800
5.4177,735253,-0.06592,0.04736,1.07446,-2.19700,-8.72800,15.01500
5.4445,735263,-0.07104,0.03833,1.06030,-3.54000,-10.13200,17.27300
5.4542,735273,-0.07300,0.05029,1.06177,-2.74700,-9.09400,16.90700
5.4625,735283,-0.07275,0.04175,1.07031,-2.13600,-6.95800,15.19800
5.4654,735293,-0.06201,0.05103,1.09033,-2.38000,-8.42300,16.41800
5.4654,735303,-0.07764,0.05322,1.06567,-3.78400,-7.56800,15.68600
5.4902,735313,-0.07617,0.05420,1.07788,-3.35700,-8.11800,16.41800
5.4963,735323,-0.06250,0.04639,1.07886,-3.66200,-6.89700,15.50300
5.5072,735333,-0.08350,0.06787,1.08569,-4.02800,-6.34800,16.60200
5.5139,735343,-0.08228,0.04004,1.10645,-4.51700,-7.26300,16.90700
5.5259,735353,-0.08691,0.05078,1.08740,-4.08900,-6.65300,16.78500
5.5390,735363,-0.09302,0.04736,1.08325,-4.15000,-5.55400,17.09000
5.5601,735373,-0.08472,0.05273,1.09961,-4.57800,-5.18800,16.54100
5.5601,735383,-0.07202,0.05469,1.09131,-5.31000,-4.76100,17.15100
5.5669,735393,-0.09570,0.05737,1.07959,-5.61500,-3.47900,15.80800
5.5827,735403,-0.09497,0.06396,1.07861,-5.67600,-3.90600,16.66300
5.5886,735413,-0.07935,0.07104,1.08301,-4.94400,-2.86900,15.25900
5.5961,735423,-0.09912,0.04468,1.07812,-5.24900,-3.47900,16.78500
5.6074,735433,-0.11108,0.06128,1.07324,-5.24900,-1.83100,15.62500
5.6105,735443,-0.09814,0.05103,1.06470,-5.18800,-1.52600,15.50300
5.6233,735453,-0.10474,0.05835,1.05933,-5.92000,-1.70900,16.11300
5.6393,735463,-0.11597,0.06470,1.05249,-5.92000,-0.67100,15.38100
5.6393,735473,-0.10010,0.05127,1.04663,-5.79800,-0.30500,15.25900
5.6550,735483,-0.12891,0.05493,1.04956,-6.28700,-1.83100,17.33400
5.6550,735493,-0.10425,0.06519,1.03955,-5.67600,-0.79300,15.62500
5.6798,735503,-0.14136,0.04639,1.03979,-6.34800,0.73200,15.01500
5.6867,735513,-0.11621,0.02808,1.03955,-6.04200,-0.24400,15.56400
5.6954,735523,-0.11401,0.03882,1.03149,-5.79800,-0.67100,15.99100
5.7074,735533,-0.11987,0.04419,1.02905,-5.73700,-0.24400,15.99100
5.7074,735543,-0.11182,0.04907,1.03516,-5.92000,1.03800,15.32000
5.7200,735553,-0.11719,0.05371,1.02222,-5.79800,0.73200,15.93000
5.7345,735563,-0.11792,0.04199,1.03931,-5.43200,1.52600,15.44200
5.7345,735573,-0.11572,0.05664,1.02271,-5.79800,1.28200,15.50300
5.7518,735583,-0.10742,0.04248,1.05273,-5.43200,1.83100,15.62500
5.7661,735593,-0.11963,0.03857,1.03882,-5.24900,0.97700,16.78500
5.7849,735603,-0.13599,0.04077,1.04858,-5.49300,2.56300,14.95400
5.7849,735613,-0.13525,0.03418,1.03955,-6.40900,1.46500,15.56400
5.7977,735623,-0.13403,0.04175,1.04346,-6.59200,2.62500,15.32000
5.8073,735633,-0.13672,0.03369,1.04590,-5.79800,3.29600,15.50300
5.8167,735643,-0.11865,0.03442,1.04956,-5.85900,1.83100,15.68600
5.8232,735653,-0.11548,0.03760,1.03931,-5.31000,2.80800,15.25900
5.8398,735663,-0.12817,0.04053,1.05298,-5.61500,2.38000,16.29600
5.8454,735673,-0.11475,0.03955,1.07495,-6.71400,1.89200,17.57800
5.8614,735683,-0.13843,0.03735,1.09326,-6.16500,2.50200,16.78500
5.8614,735693,-0.13184,0.03491,1.07544,-7.14100,3.66200,15.62500
5.8814,735703,-0.16626,0.04688,1.06958,-8.42300,2.62500,17.33400
5.8814,735713,-0.15796,0.04297,1.05640,-8.17900,3.60100,16.78500
5.8933,735723,-0.16382,0.04224,1.04639,-7.99600,4.27200,15.19800
5.9213,735733,-0.16699,0.03711,1.05347,-8.30100,4.08900,15.68600
5.9213,735743,-0.17236,0.03320,1.04468,-8.30100,2.44100,16.78500
5.9584,735753,-0.18140,0.05688,1.04248,-8.91100,2.80800,15.56400
5.9685,735794,-0.17603,0.03833,0.99097,-9.70500,3.72300,16.29600
5.9685,735795,-0.17603,0.03833,0.99097,-9.70500,3.72300,16.29600
5.9705,735797,-0.17603,0.03833,0.99097,-9.70500,3.72300,16.29600
5.9705,735798,-0.15845,0.02588,0.98364,-9.82700,2.93000,16.35700
5.9731,735803,-0.15845,0.02588,0.98364,-9.21600,4.08900,15.80800
5.9867,735813,-0.18018,0.02271,0.96387,-8.78900,4.76100,15.01500
5.9867,735823,-0.17993,0.03369,0.96509,-8.24000,3.60100,15.74700
6.0110,735833,-0.18701,0.02710,0.94580,-8.66700,4.70000,14.70900
6.0166,735843,-0.18262,0.01709,0.95630,-8.97200,3.60100,16.29600
6.0186,735853,-0.20483,0.01855,0.94873,-8.11800,4.39500,15.01500
6.0374,735863,-0.19531,0.02051,0.94702,-6.53100,4.27200,14.70900
6.0527,735873,-0.20898,0.00928,0.95166,-6.71400,4.21100,14.64800
6.0527,735883,-0.19214,0.03027,0.96289,-7.01900,2.56300,16.35700
6.0706,735893,-0.20825,0.02124,0.95874,-6.04200,3.54000,14.58700
6.0706,735903,-0.19189,0.02637,0.97070,-6.40900,2.93000,15.19800
6.0960,735913,-0.20972,0.02466,0.97827,-5.73700,3.05200,15.01500
6.0960,735923,-0.20020,0.01685,0.95483,-6.77500,2.99100,15.80800
6.1078,735933,-0.19897,0.01855,0.95557,-6.16500,3.90600,15.93000
6.1124,735943,-0.10327,0.04248,0.97437,-6.22600,8.30100,15.99100
6.1185,735953,-0.35229,-0.03613,0.96899,-5.55400,5.00500,21.48400
6.1384,735963,-0.23096,-0.08130,0.96997,-5.31000,5.31000,19.22600
6.1598,735973,-0.19019,-0.02808,0.92090,-5.00500,3.96700,21.24000
6.1598,735983,-0.29199,0.02051,0.94043,-3.60100,1.64800,21.11800
6.1759,735993,-0.30298,-0.05420,0.87671,-3.66200,-0.54900,21.36200
6.1918,736003,-0.36719,0.01782,0.99951,-1.83100,-1.77000,19.89700
6.1918,736013,-0.32300,0.01147,1.00732,-2.07500,-1.34300,18.73800
6.1918,736023,-0.26270,-0.00293,1.01001,-3.11300,-0.42700,17.63900
6.2078,736033,-0.22607,0.01880,0.99121,-3.11300,-0.73200,18.98200
6.2889,736043,-0.28564,0.04248,0.95654,-3.41800,1.16000,18.06600
6.2889,736053,-0.25195,0.04102,0.92212,-3.23500,1.77000,18.61600
6.2889,736063,-0.24585,-0.00781,0.95605,-2.44100,1.70900,22.52200
6.2889,736073,-0.24219,0.00537,0.93750,-1.34300,0.06100,22.40000
6.2889,736083,-0.23169,0.01855,0.95166,-0.91600,-0.54900,22.88800
6.2889,736093,-0.28418,0.01587,0.91772,-1.52600,-1.95300,23.74300
6.2889,736103,-0.25659,0.00073,0.96265,-1.64800,-5.67600,24.59700
6.2889,736113,-0.25684,0.02515,0.96265,-1.28200,-3.78400,22.82700
6.3013,736123,-0.30957,0.02441,0.94189,-0.67100,-3.72300,23.86500
6.3019,736133,-0.30981,0.03271,0.93213,0.73200,-0.85400,20.32500
6.3109,736143,-0.32007,0.04175,0.93335,1.52600,-0.12200,19.71400
6.3234,736153,-0.29150,0.04346,0.98926,1.70900,-3.60100,22.58300
6.3348,736163,-0.27808,0.03589,1.01270,2.13600,-3.11300,21.72900
6.3661,736173,-0.28760,0.04077,1.00537,1.89200,-2.80800,21.24000
6.3661,736183,-0.44604,0.08057,1.18799,3.29600,2.19700,26.73300
6.3661,736193,-0.55640,0.02368,0.94653,-0.36600,-5.24900,22.27800
6.3707,736203,-0.35889,0.05859,1.07959,0.36600,-7.56800,19.65300
6.3851,736213,-0.57178,0.02637,1.20630,1.46500,1.16000,23.86500
6.3977,736223,-0.85107,0.21631,1.30103,2.50200,3.17400,25.20800
6.4086,736233,-0.80444,0.19238,1.22070,-0.61000,-0.54900,22.88800
6.4193,736243,-0.59766,-0.01367,1.33789,-5.37100,-7.81200,18.06600
6.4296,736253,-0.40771,0.05322,1.21509,-8.42300,-15.13700,11.84100
6.4421,736263,-0.42432,0.10034,1.11304,-10.13200,-13.18400,12.02400
6.4485,736273,-0.49048,0.09937,1.10669,-10.07100,-9.21600,11.29200
6.4698,736283,-0.22607,0.01392,0.91504,-11.04700,-7.20200,11.41400
6.4698,736293,-0.19971,0.00098,0.94434,-8.85000,-5.18800,12.32900
6.4818,736303,-0.31934,0.05054,0.96240,-6.71400,-6.10400,15.44200
6.4884,736313,-0.26001,0.05615,0.90479,-6.22600,-10.43700,16.60200
6.4994,736323,-0.24268,0.03345,0.96191,-4.63900,-10.13200,15.50300
6.5058,736333,-0.28979,0.04907,0.95435,-4.70000,-9.39900,17.63900
6.5187,736343,-0.29224,0.04053,0.97607,-6.10400,-10.07100,17.76100
6.5248,736353,-0.29175,0.04126,0.95410,-5.85900,-10.37600,15.93000
6.5354,736363,-0.29736,0.03906,0.94849,-6.71400,-10.07100,16.72400
6.5384,736373,-0.30151,0.02710,0.96143,-6.22600,-8.78900,15.80800
6.5636,736383,-0.31592,0.03052,0.95459,-5.92000,-9.15500,16.60200
6.5686,736393,-0.31250,0.02344,0.93457,-5.43200,-9.76600,17.02900
6.5845,736403,-0.31885,0.04321,0.96826,-5.00500,-10.62000,17.70000
6.5871,736413,-0.32520,0.02686,0.95605,-4.76100,-9.76600,17.02900
6.6072,736423,-0.34302,0.02661,0.97949,-4.21100,-9.21600,15.62500
6.6072,736433,-0.33936,0.03027,0.96875,-4.45600,-10.25400,15.93000
6.6195,736443,-0.32910,0.02417,0.96924,-4.45600,-10.31500,16.72400
6.6290,736453,-0.32544,0.03540,0.98389,-3.84500,-10.01000,15.01500
6.6352,736463,-0.33740,0.03320,1.03271,-4.39500,-10.55900,16.54100
6.6491,736473,-0.33228,0.04077,1.01636,-4.33300,-9.88800,16.66300
6.6540,736483,-0.33936,0.03247,1.03076,-4.63900,-10.80300,16.54100
6.6686,736493,-0.35059,0.03345,1.02539,-5.18800,-10.37600,17.21200
6.6853,736503,-0.36133,0.02124,1.03271,-5.00500,-10.80300,17.15100
6.6853,736513,-0.37476,0.03955,1.02075,-4.88300,-10.37600,15.32000
6.7127,736523,-0.37427,0.02686,1.03467,-5.49300,-10.31500,15.07600
6.7127,736533,-0.36719,0.04053,1.04419,-6.16500,-10.86400,14.22100
6.7187,736543,-0.38770,0.02759,1.03369,-6.34800,-10.25400,14.34300
6.7187,736553,-0.36499,0.02954,1.03052,-6.34800,-9.94900,13.55000
6.7353,736563,-0.35474,0.03979,1.01221,-6.22600,-10.19300,13.73300
6.7476,736573,-0.35181,0.03076,1.01733,-6.16500,-11.16900,14.58700
6.7708,736583,-0.35986,0.03516,1.02271,-6.28700,-9.82700,13.00000
6.7851,736593,-0.33716,0.02881,1.01074,-6.47000,-11.41400,14.89300
6.7851,736603,-0.34277,0.03638,1.00537,-6.40900,-10.98600,13.42800
6.7992,736613,-0.33496,0.02881,0.98389,-7.32400,-10.74200,12.81700
6.7992,736623,-0.33569,0.03662,0.98071,-6.34800,-10.92500,12.75600
6.8092,736633,-0.33252,0.01855,0.99194,-7.38500,-11.96300,13.61100
6.8370,736643,-0.32202,0.02319,0.96167,-6.34800,-12.14600,13.97700
6.8370,736653,-0.32373,0.01733,0.96338,-6.83600,-12.63400,13.91600
6.8370,736663,-0.32129,0.03149,0.95923,-6.04200,-11.84100,13.42800
6.8613,736673,-0.31177,0.01318,0.94043,-6.59200,-12.87800,13.85500
6.8613,736683,-0.30713,0.01001,0.94531,-6.40900,-13.00000,14.77100
6.8788,736693,-0.31519,0.00903,0.93457,-5.79800,-12.93900,14.28200
6.8788,736703,-0.30640,-0.01392,0.90894,-6.34800,-12.63400,14.70900
6.8946,736713,-0.30029,-0.02515,0.90967,-4.82200,-13.18400,14.46500
6.8946,736723,-0.31836,-0.03467,0.88672,-4.39500,-12.14600,13.97700
6.9044,736733,-0.33472,-0.05493,0.92627,-3.90600,-14.16000,15.56400
6.9104,736743,-0.32642,-0.03662,0.90479,-3.05200,-13.97700,14.64800
6.9351,736753,-0.30420,-0.03394,0.90747,-2.74700,-14.03800,13.91600
6.9428,736763,-0.31567,-0.00415,0.88525,-2.44100,-14.77100,15.01500
6.9502,736773,-0.29834,-0.00513,0.88135,-2.07500,-14.40400,14.58700
6.9687,736783,-0.30225,-0.00269,0.87183,-2.25800,-15.56400,15.56400
6.9687,736793,-0.27075,0.01099,0.87427,-0.67100,-14.83200,14.22100
6.9687,736803,-0.28296,0.01172,0.87329,0.79300,-14.22100,15.68600
6.9877,736813,-0.28760,0.00317,0.86987,0.73200,-14.46500,16.41800
7.0020,736823,-0.30225,0.00879,0.87427,1.34300,-14.09900,16.72400
7.0020,736833,-0.30884,0.00806,0.89258,2.44100,-15.86900,17.88300
7.0190,736843,-0.33057,0.00830,0.89746,2.44100,-15.32000,17.70000
7.0296,736853,-0.34277,-0.00806,0.90552,3.47900,-15.50300,16.96800
7.0354,736863,-0.32617,0.02075,0.91064,4.02800,-14.77100,15.80800
7.0513,736873,-0.32056,0.01807,0.92725,3.29600,-17.45600,18.49400
7.0519,736883,-0.32715,0.02124,0.93359,3.96700,-16.54100,17.76100
7.0683,736893,-0.34814,0.02173,0.96045,4.76100,-14.52600,15.99100
7.0824,736903,-0.33813,0.01685,0.95532,3.84500,-15.99100,17.63900
7.0880,736913,-0.33594,0.03125,0.95728,3.47900,-16.17400,16.54100
7.1004,736923,-0.34448,0.02612,0.95874,3.78400,-16.66300,16.96800
7.1190,736933,-0.31689,0.03564,0.93652,3.11300,-17.15100,18.37200
7.1190,736943,-0.33789,0.03198,0.94995,4.27200,-15.19800,16.05200
7.1190,736953,-0.34277,0.03516,0.95361,4.27200,-16.41800,18.43300
7.1372,736963,-0.35181,0.02515,0.96509,3.60100,-17.63900,17.94400
7.1391,736973,-0.35889,0.03833,0.94775,3.78400,-15.99100,16.17400
7.1594,736983,-0.34985,0.04761,0.95630,3.90600,-16.60200,16.90700
7.1680,736993,-0.35083,0.04419,0.95654,3.35700,-16.47900,16.66300
7.1883,737003,-1.16260,0.20435,1.90894,26.30600,24.65800,38.14700
7.1883,737013,-0.60254,0.28442,2.14233,10.86400,-24.59700,13.55000
7.1977,737023,-1.08521,0.45898,1.67065,5.79800,-22.88800,13.12300
7.2093,737033,-0.40234,0.19580,1.65210,-12.39000,-26.42800,8.66700
7.2294,737043,0.02246,0.01733,1.28345,-22.64400,-23.19300,7.08000
7.2294,737053,0.10327,0.05957,1.11328,-24.84100,-16.23500,7.32400
7.2294,737063,-0.37988,-0.00342,0.59546,-23.80400,-2.25800,17.82200
7.2494,737073,-0.69092,0.12012,0.83643,-13.73300,-14.58700,16.84600
7.2529,737083,-0.18311,-0.20654,0.50610,-20.69100,-13.61100,14.83200
7.2608,737093,-0.07471,-0.14087,0.81689,-6.89700,-18.37200,15.50300
7.2917,737103,-0.33057,0.01270,0.79077,-3.84500,-21.24000,15.68600
7.2917,737113,-0.46191,0.08496,0.76440,-1.70900,-22.88800,14.64800
7.2987,737123,-0.31323,0.13184,0.82324,-0.30500,-25.33000,10.49800
7.3085,737133,-0.10742,-0.02954,0.86450,-0.48800,-16.23500,14.46500
7.3156,737143,-0.13281,-0.06030,1.02563,-1.09900,-14.16000,14.77100
7.3312,737153,-0.26978,0.06689,0.88696,-2.74700,-15.56400,15.56400
7.3457,737163,-0.34961,0.06006,0.74829,-4.76100,-18.12700,16.47900
7.3519,737173,-0.26221,0.03760,0.76514,-4.82200,-16.54100,15.86900
7.3557,737183,-0.26855,-0.01025,0.80054,-3.66200,-9.21600,16.29600
7.3715,737193,-0.31836,0.01440,0.81079,-2.13600,-4.21100,17.94400
7.3916,737203,-0.00269,-0.20166,-0.11450,-2.07500,-11.96300,18.31100
7.3916,737213,-0.57788,0.06079,1.63574,13.85500,-34.91200,24.47500
7.3980,737223,-0.63623,0.18457,1.55811,3.90600,-17.39500,13.73300
7.4131,737233,-0.47437,-0.05371,1.38745,-0.91600,-38.69600,13.55000
7.4254,737243,-0.17334,0.13281,1.54785,-7.14100,-20.20300,9.88800
7.4319,737253,-0.35474,0.13818,1.11108,-11.84100,-19.65300,9.15500
7.4404,737263,-0.21167,0.09668,0.98926,-13.30600,-22.21700,8.97200
7.4762,737273,0.10303,-0.03760,0.77637,-13.85500,-13.18400,15.19800
7.4762,737283,-0.41431,-0.14844,0.60474,-13.48900,-16.29600,19.47000
7.4762,737293,-0.19263,-0.13892,0.46924,-9.09400,-23.68200,16.66300
7.4991,737303,-0.33887,0.03564,0.89624,-2.01400,-17.94400,16.23500
7.4991,737313,-0.32251,-0.00708,0.93530,-1.03800,-17.45600,19.95800
7.4991,737323,-0.30811,-0.01367,1.02979,0.30500,-17.63900,19.77500
7.5072,737333,-0.42920,0.02002,0.91919,0.67100,-18.79900,17.57800
7.5182,737343,-0.23145,0.01782,1.25073,0.06100,-18.79900,16.05200
7.5274,737353,-0.34644,0.10278,1.27808,-1.16000,-20.50800,16.23500
7.5274,737363,-0.53369,0.17847,1.13379,-5.61500,-21.11800,15.13700
7.5497,737373,-0.32300,0.05811,1.15308,-8.72800,-22.15600,13.61100
7.5591,737383,-0.14526,0.05933,1.14453,-9.94900,-23.31500,12.57300
7.5591,737393,-0.26904,0.01318,0.91504,-10.31500,-20.26400,12.20700
7.5774,737403,-0.21973,0.01270,0.95020,-10.43700,-15.56400,13.85500
7.5881,737413,-0.16602,0.04736,0.93628,-6.77500,-15.07600,15.62500
7.5881,737423,-0.20532,0.06226,0.92651,-7.62900,-13.48900,17.70000
7.6094,737433,-0.27246,0.00195,0.82056,-6.47000,-13.36700,18.55500
7.6094,737443,-0.34253,-0.04663,0.88379,-3.78400,-14.03800,17.57800
7.6301,737453,-0.42798,-0.01880,0.92090,-2.62500,-15.50300,16.60200
7.6361,737463,-0.42896,0.01270,0.94824,-1.77000,-21.85100,16.17400
7.6433,737473,-0.32788,-0.02808,1.01636,-2.50200,-24.29200,15.44200
7.6520,737483,-0.25293,-0.03101,1.09717,-2.31900,-24.53600,15.50300
7.6681,737493,-0.35229,0.06299,1.09033,-3.41800,-19.71400,14.34300
7.6694,737503,-0.33960,0.08008,1.06714,-6.22600,-21.17900,16.54100
7.6856,737513,-0.30566,0.06714,0.97510,-6.22600,-20.14200,15.38100
7.7097,737523,-0.26270,0.06421,0.92749,-5.61500,-23.37600,15.19800
7.7097,737533,-0.25391,0.06299,0.95166,-4.02800,-25.33000,15.86900
7.7170,737543,-0.20117,0.06226,0.97803,-3.72300,-25.26900,14.83200
7.7326,737553,-0.16797,0.05249,1.04834,-3.23500,-23.25400,17.63900
7.7377,737563,-0.25488,0.04883,1.06104,-4.70000,-22.94900,19.65300
7.7560,737573,-0.31860,0.05737,1.07983,-4.39500,-22.46100,18.86000
7.7624,737583,-0.43701,0.07739,1.03931,-6.10400,-17.57800,18.06600
7.7705,737593,-0.45801,0.06714,1.01392,-7.14100,-18.61600,16.66300
7.7783,737603,-0.40039,0.05054,1.01416,-7.62900,-21.79000,15.25900
7.8002,737613,-0.32227,0.02197,0.94263,-6.65300,-23.98700,13.67200
7.8002,737623,-0.24268,0.01343,0.92285,-4.57800,-22.94900,14.83200
7.8104,737633,-0.24268,0.02832,0.88525,-3.96700,-22.03400,14.95400
7.8195,737643,-0.24902,0.01270,0.88647,-1.64800,-22.40000,16.29600
7.8291,737653,-0.28467,0.04932,0.92139,0.12200,-23.74300,18.31100
7.8381,737663,-0.26294,0.05127,0.96973,0.79300,-22.46100,17.21200
7.8490,737673,-0.27368,0.06641,1.10571,0.00000,-23.43800,17.88300
7.8640,737683,-0.32202,0.11768,1.13623,-1.58700,-24.23100,17.15100
7.8678,737693,-0.32642,0.09326,1.14746,-2.93000,-22.21700,14.40400
7.8780,737703,-0.25269,0.05396,1.17578,-5.18800,-22.94900,15.32000
7.8924,737713,-0.26660,0.06763,1.10767,-7.26300,-19.47000,13.42800
7.9045,737723,-0.27539,0.05591,1.07080,-8.85000,-21.42300,15.32000
7.9136,737733,-0.23999,0.00806,1.00659,-9.64400,-22.64400,15.93000
7.9184,737743,-0.23975,0.01953,0.95874,-9.58300,-23.43800,16.60200
7.9503,737753,-0.27539,0.01709,0.91504,-8.72800,-22.58300,16.29600
7.9722,737795,-0.29297,-0.03271,0.96826,-2.56300,-22.82700,15.86900
7.9749,737796,-0.29297,-0.03271,0.96826,-2.56300,-22.82700,15.86900
7.9749,737797,-0.30493,-0.05664,1.00220,-2.38000,-24.23100,16.23500
7.9749,737799,-0.30493,-0.05664,1.00220,-2.38000,-24.23100,16.23500
7.9772,737803,-0.25244,-0.01343,1.01636,-2.44100,-23.37600,15.68600
7.9899,737813,-0.31152,0.01001,1.01782,-2.13600,-24.04800,14.58700
8.0140,737823,-0.25000,0.03052,1.06006,-2.44100,-23.56000,15.13700
8.0170,737833,-0.24243,0.01440,1.05029,-2.62500,-22.64400,15.07600
8.0170,737843,-0.24512,0.03564,1.05029,-3.17400,-23.13200,15.74700
8.0283,737853,-0.21826,0.02246,1.02539,-4.27200,-23.43800,15.44200
8.0393,737863,-0.18530,-0.00293,1.04126,-4.51700,-23.25400,16.96800
8.0484,737873,-0.18213,0.01270,1.03882,-4.02800,-23.31500,17.70000
8.0772,737883,-0.20020,0.03320,1.04297,-4.27200,-20.93500,17.27300
8.0772,737893,-0.26099,0.03540,1.06250,-5.37100,-21.72900,19.28700
8.0823,737903,-0.28271,0.04004,1.05420,-6.34800,-21.30100,18.67700
8.0905,737913,-0.33008,0.03979,1.00684,-5.85900,-20.56900,16.29600
8.1097,737923,-0.31812,0.02466,0.99609,-6.71400,-22.76600,17.33400
8.1102,737933,-0.31006,0.00830,0.96484,-5.49300,-22.27800,16.17400
8.1189,737943,-0.27490,0.00952,0.96069,-5.43200,-22.52200,14.52600
8.1315,737953,-0.21582,0.00610,0.95215,-3.72300,-22.15600,15.01500
8.1439,737963,-0.19580,0.01489,0.93774,-3.05200,-21.36200,14.64800
8.1535,737973,-0.22485,0.01685,0.97339,-1.77000,-21.85100,15.86900
8.1610,737983,-0.24854,0.04248,1.01709,-0.73200,-20.38600,15.32000
8.1681,737993,-0.22437,0.03857,1.04321,-1.46500,-20.99600,15.93000
8.1768,738003,-0.23999,0.03955,1.08228,-2.25800,-21.24000,16.90700
8.1875,738013,-0.23413,0.04028,1.11768,-3.47900,-20.56900,17.09000
8.2592,738023,-0.22778,0.05664,1.11841,-3.96700,-19.28700,16.23500
8.2592,738033,-0.24902,0.05200,1.10400,-5.92000,-18.61600,15.62500
8.2592,738043,-0.24878,0.03735,1.04932,-7.14100,-18.67700,16.17400
8.2679,738053,-0.25024,0.02100,1.03491,-7.08000,-17.45600,14.58700
8.2679,738063,-0.23950,0.02490,0.95923,-7.56800,-18.86000,15.80800
8.2867,738073,-0.22900,0.01074,0.95215,-6.16500,-16.96800,14.28200
8.2867,738083,-0.21509,0.02808,0.92700,-5.24900,-16.84600,15.32000
8.2867,738093,-0.21338,0.02832,0.93530,-4.08900,-17.39500,16.96800
8.2867,738103,-0.22046,0.02197,0.93506,-2.44100,-16.54100,18.31100
8.2883,738113,-0.23315,0.02344,0.96460,-1.34300,-14.64800,16.72400
8.3144,738123,-0.24683,0.02441,1.00659,-0.79300,-15.56400,17.45600
8.3144,738133,-0.26147,0.04810,1.07471,-0.36600,-17.21200,18.67700
8.3169,738143,-0.25977,0.03662,1.10205,-1.40400,-16.35700,17.57800
8.3253,738153,-0.26196,0.04224,1.10718,-2.86900,-15.74700,16.72400
8.3374,738163,-0.24902,0.04443,1.10962,-5.06600,-15.56400,16.47900
8.3483,738173,-0.23071,0.03833,1.08911,-4.82200,-14.22100,14.89300
8.3596,738183,-0.21191,0.03418,1.06763,-5.67600,-13.42800,13.73300
8.3772,738193,-0.21875,0.01367,1.03003,-7.08000,-13.24500,14.46500
8.3772,738203,-0.20728,0.01733,1.01709,-7.38500,-13.30600,15.32000
8.3870,738213,-0.22485,0.02588,1.00684,-6.83600,-12.63400,16.05200
8.3997,738223,-0.22876,0.01880,1.00586,-6.59200,-12.81700,17.88300
8.4153,738233,-0.23901,0.03223,0.99072,-6.22600,-11.84100,16.23500
8.4176,738243,-0.26172,0.02295,0.99146,-5.24900,-11.65800,17.15100
8.4281,738253,-0.26953,0.02124,0.95386,-4.94400,-12.32900,17.39500
8.4380,738263,-0.26855,0.02246,0.95190,-2.99100,-11.23000,15.86900
8.4515,738273,-0.26074,0.02466,0.96484,-3.47900,-12.32900,16.41800
8.4590,738283,-0.23169,0.01929,0.97803,-1.70900,-11.47500,15.50300
8.4683,738293,-0.22266,0.03027,0.97998,-1.22100,-11.90200,17.02900
8.4795,738303,-0.24561,0.03247,1.02393,-1.09900,-11.71900,16.84600
8.4880,738313,-0.22803,0.04272,1.06201,-2.31900,-11.59700,16.90700
8.5003,738323,-0.22412,0.04956,1.07471,-2.01400,-11.65800,16.05200
8.5203,738333,-0.22241,0.06348,1.09253,-2.50200,-10.86400,16.78500
8.5203,738343,-0.21509,0.05176,1.07056,-4.57800,-10.25400,15.68600
8.5292,738353,-0.22998,0.06201,1.07666,-5.49300,-10.80300,16.47900
8.5396,738363,-0.23218,0.06323,1.04248,-6.34800,-10.80300,16.47900
8.5533,738373,-0.23462,0.04761,0.99683,-6.10400,-12.02400,18.06600
8.5608,738383,-0.23511,0.04370,0.96216,-4.76100,-10.68100,16.35700
8.5682,738393,-0.25830,0.02930,0.96484,-4.82200,-10.98600,17.88300
8.5807,738403,-0.25610,0.03271,0.93994,-3.60100,-10.37600,17.02900
8.5905,738413,-0.24219,0.04297,0.96680,-2.31900,-10.92500,16.90700
8.6051,738423,-0.25488,0.04053,0.98145,-2.38000,-11.35300,16.47900
8.6179,738433,-0.26538,0.03076,1.01929,-0.91600,-9.52100,15.25900
8.6179,738443,-0.25366,0.03662,1.06152,-1.95300,-10.62000,16.84600
8.6316,738453,-0.25415,0.03198,1.06372,-2.50200,-10.86400,16.05200
8.6406,738463,-0.24243,0.04028,1.07593,-3.47900,-10.74200,16.60200
8.6748,738473,-0.25391,0.03784,1.09058,-4.51700,-11.35300,16.47900
8.6754,738483,-0.24316,0.04663,1.05664,-5.61500,-11.84100,16.23500
8.6754,738493,-0.23950,0.02832,1.05493,-5.67600,-9.88800,13.85500
8.6897,738503,-0.24243,0.01660,1.00244,-6.65300,-10.98600,15.93000
8.6897,738513,-0.23096,0.01147,1.00635,-6.59200,-11.23000,15.56400
8.6982,738523,-0.23169,-0.00122,0.98022,-5.49300,-10.49800,15.50300
8.7228,738533,-0.24341,0.00342,0.98828,-5.31000,-10.74200,16.60200
8.7260,738543,-0.23999,0.00879,0.97485,-4.33300,-10.86400,17.39500
8.7287,738553,-0.24438,-0.01294,0.97510,-3.72300,-11.23000,16.66300
8.7387,738563,-0.27051,-0.00366,0.99658,-2.93000,-11.04700,15.80800
8.7543,738573,-0.25708,0.00562,1.00952,-3.23500,-9.82700,15.13700
8.7543,738583,-0.27417,0.02148,1.00879,-3.54000,-10.86400,16.11300
8.7671,738593,-0.26929,0.01392,1.02344,-3.23500,-11.41400,16.35700
8.7802,738603,-0.25610,0.02661,1.03394,-2.99100,-10.37600,15.62500
8.7903,738613,-0.27344,0.01270,1.03320,-4.27200,-12.20700,17.09000
8.7983,738623,-0.23975,0.04810,1.02515,-4.39500,-12.08500,17.63900
8.8076,738633,-0.25391,0.02393,1.03369,-3.78400,-10.86400,15.62500
8.8253,738643,-0.26562,0.02271,1.02075,-4.51700,-11.53600,16.35700
8.8290,738653,-0.24658,0.04150,1.02271,-4.33300,-12.45100,16.96800
8.8354,738663,-0.25220,0.05786,1.01953,-4.33300,-11.65800,16.05200
8.8494,738673,-0.26123,0.04370,1.02246,-5.00500,-13.48900,17.57800
8.8599,738683,-0.24536,0.04785,1.01807,-4.76100,-13.79400,18.12700
8.8681,738693,-0.25635,0.04712,1.00073,-4.21100,-12.14600,16.54100
8.8779,738703,-0.27759,0.05444,0.99707,-3.96700,-12.45100,16.41800
8.8876,738713,-0.27832,0.05786,0.99561,-4.08900,-12.69500,16.78500
8.8992,738723,-0.28345,0.04712,1.02124,-4.08900,-12.75600,17.27300
8.9089,738733,-0.28125,0.05371,1.01831,-3.96700,-12.45100,15.86900
8.9272,738743,-0.29053,0.04883,1.01343,-3.90600,-13.42800,16.54100
8.9312,738753,-0.28027,0.05103,1.01636,-3.35700,-12.02400,14.77100
8.9378,738763,-0.27856,0.04810,1.02222,-4.57800,-13.85500,15.56400
8.9479,738773,-0.26611,0.03467,1.01489,-4.51700,-12.93900,14.52600
8.9633,738783,-0.26025,0.03174,1.01880,-4.27200,-14.64800,15.19800
8.9679,738793,-0.24219,0.02930,1.03223,-4.57800,-14.46500,15.62500
8.9779,738803,-0.25513,0.01709,1.01562,-5.00500,-15.50300,16.11300
8.9882,738813,-0.24194,0.01489,1.00708,-4.57800,-14.70900,14.40400
8.9981,738823,-0.23950,0.00342,1.00830,-4.57800,-14.89300,16.35700
9.0087,738833,-0.25146,0.00684,0.99219,-4.02800,-15.93000,17.51700
9.0360,738843,-0.23828,0.00781,1.00024,-3.78400,-14.89300,16.35700
9.0360,738853,-0.25708,0.00610,0.99536,-3.35700,-14.46500,16.11300
9.0385,738863,-0.26392,0.00903,1.01758,-3.41800,-15.13700,17.02900
9.0482,738873,-0.26050,-0.00342,1.00391,-3.47900,-15.13700,16.90700
9.0660,738883,-0.28247,0.00000,0.99805,-3.47900,-14.46500,15.62500
9.0676,738893,-0.29468,-0.00171,1.02539,-3.60100,-15.62500,17.02900
9.0780,738903,-0.28540,-0.00269,1.02197,-3.66200,-16.47900,16.66300
9.0880,738913,-0.27466,0.02832,1.02222,-3.47900,-15.62500,15.74700
9.0984,738923,-0.27124,0.03125,1.01270,-3.72300,-15.44200,15.50300
9.1101,738933,-0.26001,0.03369,1.00049,-3.78400,-16.23500,16.05200
9.1484,738943,-0.23535,0.03223,0.99390,-4.02800,-16.96800,17.15100
9.2090,738953,-0.24316,0.03931,0.99829,-3.05200,-16.35700,15.62500
9.2090,738963,-0.23950,0.05811,1.01416,-2.62500,-16.11300,16.05200
9.2090,738973,-0.23901,0.04224,1.03271,-3.54000,-16.17400,16.66300
9.2090,738983,-0.25293,0.04663,1.01611,-4.02800,-17.88300,17.76100
9.2090,738993,-0.27417,0.04248,1.03442,-3.66200,-17.09000,16.60200
9.2090,739003,-0.26929,0.05420,1.03345,-3.54000,-15.99100,15.50300
9.2095,739013,-0.26172,0.04834,1.02686,-4.15000,-16.05200,16.47900
9.2095,739023,-0.27710,0.05640,1.02466,-4.21100,-16.72400,16.17400
9.2095,739033,-0.26343,0.04419,0.99414,-4.02800,-16.29600,15.50300
9.2356,739043,-0.24780,0.05737,1.00439,-3.90600,-16.72400,16.78500
9.2359,739053,-0.25464,0.05420,1.00708,-3.96700,-17.51700,17.02900
9.2404,739063,-0.25195,0.04736,1.00806,-4.39500,-17.09000,16.96800
9.2514,739073,-0.25366,0.03955,1.01270,-3.41800,-16.96800,16.41800
9.2698,739083,-0.25854,0.04297,1.00781,-3.41800,-18.18800,17.76100
9.2698,739093,-0.25513,0.03394,1.01636,-3.41800,-17.63900,17.09000
9.2802,739103,-0.26343,0.03540,1.01587,-3.47900,-17.76100,17.33400
9.2802,739113,-0.26489,0.02490,1.02588,-3.66200,-18.67700,17.21200
9.2979,739123,-0.25269,0.03027,1.01611,-3.54000,-18.67700,16.78500
9.3143,739133,-0.26416,0.02734,1.03442,-3.17400,-17.63900,16.60200
9.3175,739143,-0.23608,0.01611,1.01782,-3.41800,-16.96800,15.86900
9.3385,739153,-0.24487,0.00684,1.03369,-2.99100,-17.57800,15.62500
9.3385,739163,-0.24365,0.01343,1.00635,-3.11300,-15.86900,14.70900
9.3754,739173,-0.24902,0.00659,1.02319,-3.60100,-17.82200,17.27300
9.3754,739183,-0.24536,-0.00513,1.02490,-3.78400,-17.94400,17.27300
9.3754,739193,-0.25952,0.01318,1.02759,-4.27200,-17.70000,17.15100
9.3781,739203,-0.26514,0.01001,1.03906,-3.78400,-16.60200,15.25900
9.3879,739213,-0.25562,0.02344,1.02979,-3.54000,-16.90700,15.56400
9.3988,739223,-0.26758,0.00952,1.01099,-4.27200,-18.06600,16.54100
9.4060,739233,-0.25537,0.01953,1.01294,-4.33300,-16.78500,15.93000
9.4354,739243,-0.25415,0.02368,1.00781,-3.54000,-16.84600,15.32000
9.4354,739253,-0.24976,0.02100,1.01685,-4.08900,-17.09000,16.84600
9.4407,739263,-0.25000,0.03516,1.00220,-4.33300,-17.82200,16.78500
9.4497,739273,-0.24146,0.03125,0.99878,-3.29600,-16.96800,15.25900
9.4578,739283,-0.23315,0.04199,1.01123,-3.17400,-17.09000,15.93000
9.4677,739293,-0.25537,0.03516,1.00830,-2.31900,-16.05200,15.13700
9.4783,739303,-0.23535,0.02417,1.02588,-3.29600,-17.33400,17.02900
9.4878,739313,-0.24536,0.05225,1.03223,-3.11300,-16.78500,16.17400
9.5008,739323,-0.25806,0.04590,1.03809,-2.93000,-16.72400,16.78500
9.5098,739333,-0.26611,0.03442,1.03076,-3.41800,-16.84600,17.15100
9.5167,739343,-0.26221,0.05371,1.04810,-3.29600,-16.17400,16.60200
9.5316,739353,-0.26416,0.04980,1.04102,-3.90600,-16.11300,15.74700
9.5394,739363,-0.26025,0.05786,1.02490,-4.02800,-16.05200,15.68600
9.5496,739373,-0.24658,0.05518,1.00513,-4.02800,-15.44200,15.62500
9.5611,739383,-0.24170,0.03198,1.01587,-4.02800,-15.62500,15.07600
9.5808,739393,-0.23169,0.03955,0.99976,-3.84500,-15.86900,15.50300
9.5808,739403,-0.23657,0.04395,1.00000,-3.72300,-16.11300,16.23500
9.5889,739413,-0.23682,0.02441,1.02417,-4.33300,-16.47900,17.02900
9.5982,739423,-0.25586,0.03223,1.02539,-3.41800,-15.56400,15.13700
9.6076,739433,-0.22192,0.03418,1.01099,-3.41800,-16.11300,16.54100
9.6179,739443,-0.23633,0.04028,1.01392,-3.72300,-15.93000,16.47900
9.6282,739453,-0.24561,0.02515,1.02881,-3.29600,-15.50300,15.93000
9.6443,739463,-0.22998,0.03418,1.01929,-2.86900,-14.22100,15.32000
9.6477,739473,-0.23901,0.03052,1.01245,-3.35700,-15.74700,16.60200
9.6585,739483,-0.23584,0.03394,1.01196,-3.54000,-15.68600,16.29600
9.6693,739493,-0.24463,0.01050,1.02173,-2.86900,-14.64800,16.05200
9.6940,739503,-0.25000,0.02026,1.01611,-3.90600,-15.01500,17.09000
9.7696,739513,-0.24316,0.01685,1.01929,-2.93000,-14.28200,16.78500
9.7699,739523,-0.23657,0.01440,1.01978,-3.11300,-14.03800,16.66300
9.7699,739533,-0.23315,0.00903,1.01758,-2.86900,-14.40400,16.54100
9.7699,739543,-0.24097,0.01880,1.03052,-2.80800,-14.28200,15.74700
9.7699,739553,-0.23975,0.02417,1.01392,-2.38000,-13.67200,16.05200
9.7699,739563,-0.24487,0.02441,1.02661,-2.56300,-13.61100,16.78500
9.7699,739573,-0.24780,0.02246,1.01196,-2.50200,-13.36700,15.38100
9.7699,739583,-0.22388,0.03174,1.01685,-2.44100,-13.73300,15.19800
9.7699,739593,-0.22217,0.02417,1.01270,-2.01400,-14.34300,16.90700
9.7836,739603,-0.24536,0.02393,1.02368,-2.07500,-14.22100,17.39500
9.7883,739613,-0.25024,0.03760,1.00635,-1.34300,-14.03800,17.21200
9.7983,739623,-0.23389,0.02588,1.01440,-1.95300,-13.67200,17.88300
9.8186,739633,-0.25537,0.03711,1.02539,-1.89200,-13.61100,17.15100
9.8186,739643,-0.24243,0.04199,1.02686,-2.19700,-14.09900,17.39500
9.8282,739653,-0.24878,0.04224,1.03003,-1.28200,-12.45100,16.60200
9.8475,739663,-0.24414,0.03979,1.01978,-1.70900,-13.42800,16.96800
9.8527,739673,-0.24805,0.03223,1.01660,-1.77000,-11.84100,15.56400
9.8585,739683,-0.24414,0.03931,1.02417,-1.22100,-11.90200,15.44200
9.8682,739693,-0.23120,0.04468,1.00928,-2.07500,-13.18400,17.45600
9.8815,739703,-0.23364,0.05176,1.00415,-2.31900,-14.28200,17.88300
9.8998,739713,-0.24683,0.06201,1.01245,-1.58700,-13.36700,16.72400
9.8998,739723,-0.23950,0.04199,1.01172,-1.58700,-13.61100,17.70000
9.9105,739733,-0.24390,0.04956,1.01953,-1.34300,-13.36700,16.78500
9.9182,739743,-0.23218,0.05127,1.01636,-1.64800,-13.42800,17.39500
9.9283,739753,-0.23560,0.04663,1.00854,-1.28200,-12.45100,16.84600
9.9814,739795,-0.22290,0.05103,1.01904,-1.22100,-12.57300,15.86900
9.9852,739797,-0.25293,0.02783,1.02368,-1.22100,-12.57300,15.86900
9.9852,739798,-0.25293,0.02783,1.02368,-1.22100,-12.57300,15.86900
9.9852,739800,-0.25293,0.02783,1.02368,-1.22100,-12.57300,15.86900
9.9852,739803,-0.24292,0.05273,1.01685,-1.83100,-13.73300,17.94400
9.9903,739813,-0.25415,0.04517,1.02759,-1.58700,-12.32900,16.54100
9.9978,739823,-0.24438,0.05103,1.01514,-2.25800,-13.91600,16.90700
10.0127,739833,-0.24341,0.04492,1.00757,-2.44100,-13.36700,17.15100
10.0191,739843,-0.25830,0.05518,1.00708,-2.25800,-14.03800,17.51700
10.0270,739853,-0.25098,0.04419,1.00513,-2.19700,-14.40400,17.70000
10.0402,739863,-0.27612,0.02295,1.02710,-1.95300,-13.30600,16.96800
10.0519,739873,-0.25122,0.03003,1.02026,-1.40400,-11.90200,15.80800
10.0635,739883,-0.25977,0.04102,1.02051,-2.19700,-14.22100,17.39500
10.0701,739893,-0.24536,0.04272,1.02100,-1.70900,-12.87800,16.72400
10.0801,739903,-0.24902,0.05273,1.03491,-1.28200,-11.65800,16.78500
10.0883,739913,-0.27075,0.05151,1.03491,-1.70900,-12.08500,17.09000
10.0978,739923,-0.30396,0.05420,1.04932,-0.97700,-11.53600,16.11300
10.1115,739933,-0.29883,0.07129,1.04150,-1.46500,-12.57300,15.99100
10.1193,739943,-0.27393,0.05859,1.08081,-2.44100,-13.12300,16.72400
10.1279,739953,-0.27905,0.04712,1.08472,-1.58700,-11.96300,15.50300
10.1379,739963,-0.26099,0.06470,1.08813,-2.01400,-12.51200,15.86900
10.1612,739973,-0.26025,0.06812,1.08960,-1.46500,-11.35300,14.64800
10.1612,739983,-0.25244,0.05933,1.12231,-1.58700,-12.51200,15.93000
10.1678,739993,-0.27466,0.07153,1.13062,-2.19700,-12.02400,16.54100
10.1914,740003,-0.26953,0.08032,1.12476,-2.13600,-10.68100,14.77100
10.1948,740013,-0.27710,0.05103,1.14111,-3.29600,-11.29200,15.68600
10.2003,740023,-0.28174,0.05786,1.13403,-4.02800,-11.10800,15.44200
10.2082,740033,-0.28223,0.05737,1.13184,-5.00500,-12.81700,16.84600
10.2190,740043,-0.27441,0.05518,1.12720,-4.88300,-10.92500,14.89300
10.2306,740053,-0.27930,0.05957,1.12427,-5.79800,-11.96300,15.93000
10.2386,740063,-0.31372,0.06372,1.10059,-5.67600,-9.82700,14.89300
10.2515,740073,-0.27173,0.06787,1.10181,-6.16500,-10.25400,16.60200
10.2727,740083,-0.25024,0.04761,1.09937,-5.98100,-9.33800,14.03800
10.2727,740093,-0.25903,0.07373,1.09546,-6.16500,-9.94900,14.64800
10.2809,740103,-0.27930,0.08813,1.04956,-6.71400,-9.94900,14.40400
10.2882,740113,-0.24512,0.06787,1.03174,-6.83600,-9.82700,14.89300
10.3004,740123,-0.26123,0.04785,1.03760,-6.65300,-9.82700,14.22100
10.3103,740133,-0.25659,0.04297,1.02319,-6.59200,-11.71900,16.96800
10.3235,740143,-0.28271,0.04980,1.01221,-6.28700,-10.13200,14.64800
10.3311,740153,-0.25293,0.05420,0.99536,-6.04200,-9.70500,15.25900
10.3385,740163,-0.23926,0.05005,0.99219,-5.98100,-9.70500,15.19800
10.3607,740173,-0.24243,0.04761,0.97656,-5.43200,-9.09400,13.97700
10.3607,740183,-0.23633,0.04492,0.99194,-5.67600,-10.43700,15.32000
10.3706,740193,-0.23486,0.04736,0.96802,-5.85900,-10.74200,15.80800
10.3803,740203,-0.23340,0.03638,0.95044,-5.06600,-9.46000,14.95400
10.3973,740213,-0.24634,0.04907,0.95459,-5.73700,-10.55900,15.62500
10.3997,740223,-0.22876,0.02637,0.95337,-5.67600,-10.43700,15.93000
10.4076,740233,-0.22998,0.03149,0.94849,-5.12700,-9.33800,15.86900
10.4183,740243,-0.23560,0.03223,0.94141,-5.55400,-10.62000,16.78500
10.4286,740253,-0.23022,0.03442,0.93970,-4.82200,-11.04700,17.63900
10.4397,740263,-0.23755,0.02466,0.94507,-4.27200,-9.52100,15.38100
10.4491,740273,-0.25415,0.03931,0.95435,-4.27200,-9.46000,15.38100
10.4684,740283,-0.22949,0.03516,0.92871,-4.33300,-9.94900,16.60200
10.4684,740293,-0.24463,0.02588,0.94189,-4.63900,-10.31500,16.66300
10.4802,740303,-0.25854,0.02734,0.93823,-3.60100,-8.36200,14.46500
10.4884,740313,-0.25000,0.03833,0.93481,-3.35700,-10.01000,14.77100
10.4994,740323,-0.25537,0.01855,0.95337,-3.90600,-10.98600,16.54100
10.5080,740333,-0.24048,0.02002,0.93970,-3.29600,-9.70500,14.28200
10.5175,740343,-0.24292,0.02075,0.94238,-3.23500,-11.16900,15.62500
10.5277,740353,-0.24536,0.03418,0.94482,-3.60100,-11.29200,15.62500
10.5393,740363,-0.25488,0.02856,0.94141,-3.23500,-11.53600,16.84600
10.5497,740373,-0.22412,0.04370,0.93579,-3.47900,-11.29200,15.01500
10.5660,740383,-0.24536,0.03784,0.93945,-3.17400,-9.82700,13.48900
10.5708,740393,-0.23462,0.03662,0.94092,-3.60100,-13.36700,15.68600
10.5786,740403,-0.24170,0.03247,0.95288,-2.44100,-11.71900,14.95400
10.5884,740413,-0.24463,0.03931,0.94824,-1.95300,-12.69500,16.23500
10.6010,740423,-0.22388,0.03540,0.94604,-1.83100,-11.41400,14.22100
10.6096,740433,-0.21582,0.04932,0.95654,-1.22100,-13.91600,17.45600
10.6194,740443,-0.23877,0.05762,0.96899,0.12200,-12.20700,17.09000
10.6278,740453,-0.24438,0.04883,0.98096,0.42700,-11.96300,17.39500
10.6374,740463,-0.25439,0.07373,1.00854,-0.18300,-13.24500,18.86000
10.6484,740473,-0.28589,0.06982,1.00293,-0.06100,-12.81700,17.82200
10.6805,740483,-0.27637,0.07422,1.01465,-0.36600,-12.45100,16.35700
10.6805,740493,-0.26929,0.07935,1.01880,-0.97700,-12.26800,16.96800
10.6805,740503,-0.26196,0.06689,1.03271,-1.70900,-14.52600,17.63900
10.6898,740513,-0.27856,0.05811,1.02979,-1.83100,-13.36700,16.66300
10.7034,740523,-0.26904,0.05200,1.02832,-1.64800,-12.87800,16.60200
10.7082,740533,-0.27686,0.05591,1.03955,-1.70900,-13.12300,16.41800
10.7190,740543,-0.27271,0.04761,1.01929,-1.64800,-14.16000,17.63900
10.7282,740553,-0.27612,0.05054,1.02783,-0.61000,-11.84100,15.01500
10.7381,740563,-0.29077,0.05981,1.03540,-1.64800,-14.52600,18.37200
10.7502,740573,-0.30078,0.04858,1.03394,-1.70900,-13.61100,15.68600
10.7710,740583,-0.30078,0.05933,1.04468,-2.25800,-14.46500,15.99100
10.7753,740593,-0.32104,0.05737,1.04517,-2.25800,-13.91600,13.97700
10.7801,740603,-0.29834,0.05322,1.04272,-2.62500,-14.09900,13.91600
10.7892,740613,-0.26123,0.06201,1.00586,-3.05200,-13.85500,13.48900
10.8078,740623,-0.26685,0.03857,1.01440,-2.38000,-14.83200,13.97700
10.8078,740633,-0.24927,0.03760,1.02710,-2.86900,-14.22100,13.97700
10.8180,740643,-0.23315,0.04785,1.00317,-2.68600,-14.89300,16.84600
10.8281,740653,-0.23486,0.04346,0.98730,-2.62500,-15.19800,15.86900
10.8379,740663,-0.24097,0.04517,0.99341,-2.44100,-15.13700,16.05200
10.8485,740673,-0.27368,0.04468,1.00586,-3.29600,-16.47900,18.61600
10.8745,740683,-0.27808,0.03125,1.00049,-3.78400,-16.41800,17.21200
10.8745,740693,-0.27075,0.04004,0.98682,-3.66200,-16.47900,15.50300
10.8783,740703,-0.25464,0.03979,0.96387,-2.99100,-16.23500,16.11300
10.8882,740713,-0.24487,0.03784,0.97217,-3.84500,-16.60200,16.23500
10.9095,740723,-0.24927,0.04492,0.96753,-2.93000,-15.44200,14.28200
10.9111,740733,-0.24438,0.03125,0.97070,-2.62500,-15.13700,13.91600
10.9177,740743,-0.23730,0.04053,0.96484,-2.68600,-16.90700,16.41800
10.9286,740753,-0.22119,0.04517,0.96265,-2.31900,-16.90700,16.29600
10.9402,740763,-0.24341,0.04053,0.95239,-3.17400,-16.90700,15.74700
10.9475,740773,-0.24170,0.04053,0.95703,-3.17400,-17.39500,16.66300
10.9560,740783,-0.24487,0.03906,0.96924,-3.11300,-17.09000,15.01500
10.9732,740793,-0.23511,0.04541,0.96631,-2.74700,-17.63900,15.07600
10.9849,740803,-0.25342,0.04370,0.96606,-2.80800,-17.82200,14.95400
10.9876,740813,-0.25049,0.04565,0.96606,-3.35700,-17.70000,15.13700
11.0055,740823,-0.24341,0.05029,0.96606,-4.02800,-18.25000,15.74700
11.0121,740833,-0.23462,0.04419,0.95801,-3.66200,-18.25000,15.19800
11.0184,740843,-0.22632,0.03149,0.96045,-4.51700,-18.61600,15.62500
11.0309,740853,-0.24121,0.04199,0.94482,-4.27200,-18.25000,15.07600
11.0391,740863,-0.25073,0.03882,0.93311,-4.76100,-19.16500,14.77100
11.0479,740873,-0.22363,0.02979,0.88940,-2.62500,-17.88300,15.44200
11.0604,740883,-0.21338,0.01709,0.91284,-1.16000,-18.92100,15.93000
11.0750,740893,-0.21826,0.03662,0.94531,0.97700,-17.94400,18.25000
11.0814,740903,-0.26294,0.04028,1.01831,2.44100,-17.82200,18.37200
11.0886,740913,-0.27246,0.05884,1.01587,2.80800,-19.47000,18.92100
11.0984,740923,-0.12109,0.09595,0.97852,2.50200,-17.39500,21.85100
11.1131,740933,-0.89819,0.20068,1.41406,8.54500,7.87400,30.27300
11.1197,740943,-1.42944,0.29858,1.90308,8.36200,0.79300,29.60200
11.1283,740953,-1.53223,0.20605,1.41748,-3.05200,-13.12300,16.90700
11.1550,740963,-0.78052,0.08032,1.54907,-14.77100,-37.17000,0.30500
11.1617,740973,-0.34229,0.05176,1.21948,-19.53100,-39.18500,-4.02800
11.1617,740983,0.21265,0.01685,1.07080,-18.55500,-15.01500,-8.17900
11.2039,740993,0.32007,-0.06494,0.84180,-16.72400,-35.27800,5.43200
11.2039,741003,-0.08545,-0.17212,0.77808,-16.23500,-1.03800,10.86400
11.2039,741013,-0.34497,0.05811,0.82471,-10.01000,-2.13600,9.94900
11.2327,741023,-0.30420,-0.03052,1.02100,-10.55900,-8.66700,10.80300
11.2327,741033,-0.26514,-0.05249,0.84961,-11.65800,-18.06600,10.07100
11.2327,741043,-0.20459,0.04980,0.95801,-9.76600,-21.11800,12.08500
11.2327,741053,-0.16577,-0.08618,0.71216,-11.10800,-39.79500,12.45100
11.2970,741063,0.02466,-0.05322,0.79077,-6.95800,-44.86100,11.23000
11.2970,741073,-0.13770,0.07349,0.76807,-4.21100,-20.38600,12.26800
11.2970,741083,-0.19043,0.09448,0.81909,-2.07500,-22.15600,15.25900
11.2970,741093,-0.19629,0.04932,0.84497,-1.95300,-21.24000,16.72400
11.2970,741103,-0.14111,-0.00488,0.89673,-2.25800,-18.49400,17.94400
11.2970,741113,-0.21094,0.07324,0.85913,-1.46500,-17.27300,17.76100
11.2970,741123,-0.23096,0.03491,0.86377,-1.34300,-19.16500,17.94400
11.3182,741133,-0.20166,0.00342,0.85815,0.06100,-19.59200,17.88300
11.3182,741143,-0.16821,-0.01855,0.90381,1.83100,-19.71400,17.63900
11.3290,741153,-0.20605,0.03516,0.95898,3.05200,-18.12700,16.54100
11.3363,741163,-0.26416,0.04150,0.94092,3.35700,-19.53100,16.66300
11.3481,741173,-0.19092,0.00488,0.98267,3.29600,-20.87400,16.54100
11.3593,741183,-0.18237,0.02368,1.04102,4.08900,-19.53100,15.74700
11.3809,741193,-0.22656,0.03711,1.07178,2.93000,-20.20300,17.63900
11.3809,741203,-0.26245,0.04102,1.12842,2.56300,-20.81300,18.00500
11.3915,741213,-0.26929,0.06396,1.10547,1.46500,-20.81300,18.55500
11.3915,741223,-0.25293,0.05591,1.15063,-0.42700,-18.61600,16.96800
11.4069,741233,-0.30957,0.05298,1.11548,-3.66200,-19.83600,17.33400
11.4197,741243,-0.32837,0.07397,1.06958,-4.51700,-20.56900,17.76100
11.4295,741253,-0.26465,0.02344,1.05957,-5.43200,-20.14200,16.54100
11.4464,741263,-0.28809,0.05518,1.01758,-4.57800,-19.53100,14.95400
11.4593,741273,-0.31592,0.08374,0.96777,-3.84500,-19.28700,14.77100
11.4598,741283,-0.24561,0.03662,0.97607,-1.95300,-19.71400,13.42800
11.4681,741293,-0.23584,0.04346,0.99780,-0.97700,-20.81300,15.25900
11.4884,741303,-0.24268,0.04688,0.98389,-0.30500,-21.79000,15.56400
11.4884,741313,-0.24048,0.05615,1.02197,0.00000,-20.26400,15.01500
11.4992,741323,-0.22314,0.05176,1.00342,-1.09900,-19.16500,14.28200
11.5111,741333,-0.22461,0.03540,1.01172,-0.97700,-21.30100,16.35700
11.5222,741343,-0.21777,0.07397,0.99316,-1.95300,-20.20300,16.41800
11.5222,741353,-0.24072,0.07812,1.02002,-2.50200,-20.75200,16.05200
11.5380,741363,-0.21338,0.06689,0.95703,-2.93000,-20.38600,15.68600
11.5528,741373,-0.22437,0.05566,0.95312,-3.23500,-21.17900,16.78500
11.5588,741383,-0.23364,0.05396,0.94287,-2.07500,-21.54500,17.82200
11.5679,741393,-0.21924,0.06348,0.93774,-1.46500,-19.59200,16.47900
11.5905,741403,-0.20801,0.06616,0.95044,-0.36600,-19.89700,15.86900
11.5910,741413,-0.20483,0.05322,0.96582,0.67100,-19.53100,15.25900
11.5987,741423,-0.21216,0.05835,0.95996,0.67100,-20.93500,17.39500
11.6094,741433,-0.18481,0.06982,0.96899,1.03800,-19.22600,16.60200
11.6295,741443,-0.19067,0.06763,0.98804,1.28200,-19.65300,17.45600
11.6301,741453,-0.20142,0.06714,0.98535,0.97700,-19.95800,17.57800
11.6387,741463,-0.19922,0.05737,1.01904,1.03800,-20.32500,17.88300
11.6481,741473,-0.20972,0.06274,1.02295,1.22100,-20.87400,19.95800
11.6619,741483,-0.22925,0.07373,1.03076,1.16000,-19.95800,18.92100
11.6678,741493,-0.23657,0.07935,1.05078,0.79300,-20.26400,18.86000
11.6895,741503,-0.24902,0.07349,1.06421,1.03800,-19.47000,18.31100
11.6895,741513,-0.26025,0.06885,1.07666,0.06100,-20.56900,18.43300
11.7015,741523,-0.10132,0.02368,1.03979,4.51700,-25.39100,18.49400
11.7091,741533,-0.14331,0.10376,1.44995,5.06600,-35.15600,13.91600
11.7385,741543,0.03809,0.18579,1.76221,-0.91600,-30.82300,13.91600
11.7390,741553,-0.18188,0.20825,1.49561,-8.30100,-32.59300,14.70900
11.7417,741563,0.08911,0.06714,1.31689,-15.50300,-21.97300,16.78500
11.7477,741573,-0.03076,0.07129,1.22412,-19.53100,-20.02000,22.82700
11.7574,741583,-0.19507,0.00732,0.87354,-18.55500,-19.10400,20.99600
11.7694,741593,0.07886,0.00513,0.97681,-13.00000,-22.64400,16.05200
11.7775,741603,-0.06152,-0.00195,1.02490,-11.96300,-21.36200,18.67700
11.7951,741613,-0.30469,0.05078,0.89844,-12.02400,-18.43300,19.40900
11.7983,741623,-0.20337,-0.04370,0.89795,-10.25400,-18.49400,19.28700
11.8089,741633,-0.07202,-0.00488,0.93018,-7.38500,-20.50800,19.22600
11.8280,741643,-0.16553,0.08350,0.95264,-6.10400,-20.81300,19.83600
11.8286,741653,-0.22461,0.12964,0.76416,-6.04200,-19.34800,18.61600
11.8374,741663,-0.16699,0.04297,1.03491,-5.73700,-20.93500,21.97300
11.8419,741673,-0.10303,-0.01440,0.98120,-7.93500,-23.01000,22.33900
11.8567,741683,-0.20801,0.08765,1.02856,-5.55400,-20.69100,21.05700
11.8684,741693,-0.25220,0.09961,0.95117,-8.17900,-19.77500,20.44700
11.8883,741703,-0.20117,0.04199,1.00562,-8.54500,-22.46100,21.30100
11.9082,741713,-0.19629,0.06860,1.01465,-9.58300,-19.04300,20.08100
11.9082,741723,-0.24512,0.07544,0.96118,-8.48400,-19.28700,20.14200
11.9082,741733,-0.21509,0.04810,0.96875,-8.24000,-19.22600,20.44700
11.9179,741743,-0.20728,0.03442,0.99341,-6.83600,-20.81300,21.05700
11.9565,741753,-0.23975,0.06372,0.99365,-5.98100,-18.61600,19.53100
11.9982,741796,-0.22607,0.04395,1.00928,-7.32400,-19.22600,19.34800
12.0118,741798,-0.22607,0.04395,1.00928,-7.32400,-19.22600,19.34800
12.0138,741799,-0.22607,0.04395,1.00928,-7.32400,-19.22600,19.34800
12.0138,741801,-0.22607,0.04395,1.00928,-7.99600,-20.14200,20.26400
12.0138,741803,-0.21094,0.05420,1.01562,-7.99600,-20.14200,20.26400
12.0138,741813,-0.19336,0.05493,1.01831,-7.20200,-19.53100,20.38600
12.0138,741823,-0.20044,0.04858,1.05200,-7.69000,-20.63000,21.42300
12.0138,741833,-0.22803,0.05981,0.98462,-7.38500,-18.37200,20.69100
12.0298,741843,-0.27661,0.08691,1.22852,-4.39500,-19.04300,19.89700
12.0298,741853,-0.23071,0.07983,1.14819,-7.50700,-20.38600,18.55500
12.0343,741863,-0.19092,0.07568,1.25220,-7.99600,-20.44700,18.92100
12.0457,741873,-0.14624,0.07983,1.18457,-11.41400,-20.81300,19.59200
12.0579,741883,-0.10645,0.07104,1.15698,-12.87800,-19.10400,19.40900
12.0633,741893,-0.58057,0.23755,0.98779,-13.61100,-17.39500,22.03400
12.0774,741903,-0.42676,0.10571,0.94751,-9.21600,1.03800,11.41400
12.0881,741913,-0.09009,0.06567,1.18750,-6.04200,-11.65800,10.19300
12.0933,741923,-0.04004,-0.05493,0.93115,-7.99600,-14.28200,15.68600
12.0933,741933,-0.13184,-0.02124,1.08984,-4.57800,-16.41800,17.15100
12.1107,741943,-0.12061,0.04053,1.03247,-4.82200,-17.94400,16.72400
12.1254,741953,-0.22192,0.10864,1.01733,-7.01900,-12.26800,18.37200
12.1254,741963,-0.21997,0.04590,0.95142,-8.91100,-13.00000,17.63900
12.1412,741973,-0.17065,0.04712,0.91455,-9.03300,-12.51200,16.66300
12.1572,741983,-0.20483,0.03247,0.89478,-8.17900,-15.68600,18.73800
12.1572,741993,-0.27173,0.03857,0.83276,-6.77500,-10.62000,17.57800
12.1768,742003,-0.59595,0.02271,0.72827,-4.15000,-6.53100,12.69500
12.1892,742013,-0.03979,0.05615,0.97534,0.54900,-14.95400,7.69000
12.1907,742023,0.05933,-0.02417,1.01587,-0.24400,-15.56400,12.75600
12.2128,742033,-0.00439,-0.03540,1.10083,0.73200,-19.59200,12.81700
12.2246,742043,-0.22998,0.16479,1.04785,5.06600,-0.79300,17.09000
12.2279,742053,-0.24121,0.03955,1.15967,-0.12200,-4.82200,19.34800
12.2360,742063,-0.34692,0.06641,1.32178,0.06100,-6.59200,19.95800
12.2414,742073,-0.32471,0.05493,1.28638,-5.12700,-1.22100,15.93000
12.2573,742083,-0.36841,0.06763,1.17944,-9.39900,-10.13200,14.77100
12.2677,742093,-0.31226,0.05493,1.07959,-11.23000,-12.51200,14.28200
12.2732,742103,-0.20703,0.00977,0.94824,-11.53600,-16.60200,12.20700
12.2883,742113,-0.12793,-0.00244,0.88208,-9.27700,-15.19800,12.75600
12.2992,742123,-0.00830,-0.01245,0.93115,-7.50700,-15.38100,12.14600
12.2992,742133,0.00073,0.05347,0.91187,-4.27200,-13.18400,12.87800
12.3154,742143,0.00586,0.09473,0.98145,-2.44100,-9.09400,15.68600
12.3270,742153,0.02490,0.09448,1.00732,-2.56300,-6.89700,18.06600
12.3313,742163,-0.12402,0.07031,1.05884,-2.25800,-5.37100,22.09500
12.3470,742173,-0.26001,0.07788,1.09155,-3.60100,-8.54500,22.46100
12.3470,742183,-0.24438,0.07178,1.11841,-3.72300,-8.72800,20.63000
12.3666,742193,-0.26318,0.03906,1.13745,-5.12700,-7.69000,18.67700
12.3786,742203,-0.29614,0.04468,1.07715,-5.67600,-9.27700,16.11300
12.3786,742213,-0.25244,0.04443,1.03247,-6.65300,-9.70500,16.35700
12.3942,742223,-0.20801,0.00781,0.98315,-5.92000,-8.97200,15.80800
12.3942,742233,-0.23511,-0.00854,0.92822,-5.73700,-7.75100,14.70900
12.4203,742243,-0.25342,0.01294,0.91577,-6.04200,-9.39900,16.47900
12.4259,742253,-0.24121,0.01685,0.94678,-4.15000,-10.43700,16.78500
12.4259,742263,-0.22583,0.04980,0.99609,-2.93000,-9.88800,16.11300
12.4420,742273,-0.25366,0.07104,1.04761,-2.38000,-9.76600,16.29600
12.4577,742283,-0.22998,0.08862,1.08691,-2.99100,-10.13200,15.44200
12.4577,742293,-0.19141,0.07471,1.10278,-4.57800,-9.70500,14.03800
12.4738,742303,-0.19873,0.05029,1.06641,-4.94400,-9.15500,13.55000
12.4897,742313,-0.14062,0.02856,1.03516,-6.10400,-10.98600,14.70900
12.5097,742323,-0.11353,0.00024,1.01489,-5.18800,-10.86400,15.13700
12.5097,742333,-0.08496,0.02441,1.00146,-4.76100,-9.94900,16.35700
12.5247,742343,-0.10303,0.00830,1.01685,-4.33300,-8.48400,16.47900
12.5247,742353,-0.17139,0.01050,1.01733,-4.88300,-9.33800,19.22600
12.5483,742363,-0.20435,0.00415,1.03345,-4.15000,-7.56800,18.37200
12.5483,742373,-0.30493,0.02686,1.04614,-4.63900,-8.11800,19.83600
12.5549,742383,-0.33667,0.02881,1.07153,-5.61500,-7.08000,16.90700
12.5673,742393,-0.32886,0.02954,1.08984,-7.01900,-9.52100,15.62500
12.5793,742403,-0.28931,0.04297,1.06421,-7.26300,-10.74200,15.74700
12.5850,742413,-0.22852,0.08398,1.00903,-7.14100,-9.82700,14.09900
12.6171,742423,-0.24390,0.05176,1.00903,-7.69000,-9.03300,13.61100
12.6171,742433,-0.21753,0.04028,0.94751,-6.83600,-10.49800,14.28200
12.6592,742443,-0.17456,0.04370,0.91772,-5.49300,-10.13200,14.89300
12.6592,742453,-0.14331,0.02466,0.92188,-3.66200,-10.19300,15.50300
12.6592,742463,-0.14136,0.03979,0.96753,-3.29600,-10.01000,15.25900
12.6599,742473,-0.15210,0.02881,1.05664,-2.07500,-10.43700,15.99100
12.6599,742483,-0.18726,0.04639,1.10352,-2.99100,-9.64400,18.18800
12.6676,742493,-0.21753,0.01904,1.10034,-3.17400,-9.21600,17.57800
12.6780,742503,-0.26953,0.02588,1.09644,-4.76100,-9.94900,18.49400
12.6879,742513,-0.29321,0.03833,1.07422,-6.28700,-9.70500,16.90700
12.6982,742523,-0.28491,0.03833,1.05811,-6.47000,-10.07100,16.72400
12.7220,742533,-0.25928,0.04956,0.98120,-7.01900,-9.88800,15.25900
12.7220,742543,-0.22388,0.05615,0.94116,-5.92000,-12.08500,16.35700
12.7300,742553,-0.22461,0.06030,0.92529,-5.00500,-11.23000,15.56400
12.7399,742563,-0.21509,0.03296,0.92456,-3.78400,-11.59700,15.99100
12.7459,742573,-0.21289,0.03833,0.94824,-1.52600,-11.71900,15.56400
12.7556,742583,-0.19922,0.04761,0.99219,-1.34300,-12.87800,17.39500
12.7671,742593,-0.22241,0.05444,1.07446,-0.61000,-11.84100,15.56400
12.7784,742603,-0.23779,0.05444,1.10449,-2.50200,-12.87800,16.54100
12.7862,742613,-0.23804,0.05908,1.13062,-3.35700,-11.78000,16.23500
12.7896,742623,-0.25757,0.02124,1.09766,-5.06600,-12.39000,14.83200
12.8032,742633,-0.22168,0.02441,1.04370,-6.59200,-12.20700,15.80800
12.8032,742643,-0.19238,0.01978,1.03076,-6.22600,-11.84100,14.52600
12.8273,742653,-0.18213,0.01562,0.98193,-5.92000,-11.47500,16.41800
12.8394,742663,-0.20386,0.02344,0.95142,-5.31000,-12.75600,17.94400
12.8508,742673,-0.20508,0.03174,0.94238,-4.70000,-13.12300,17.76100
12.8508,742683,-0.20874,0.03223,0.93994,-2.68600,-12.75600,17.76100
12.8695,742693,-0.23438,0.02563,0.97852,-0.91600,-11.71900,16.72400
12.8737,742703,-0.25952,0.03442,1.01782,-0.73200,-11.47500,15.62500
12.8829,742713,-0.25146,0.03467,1.05542,-1.34300,-12.63400,16.78500
12.8829,742723,-0.25171,0.04395,1.08008,-2.38000,-13.18400,16.29600
12.8988,742733,-0.26270,0.05518,1.08960,-3.23500,-14.22100,16.84600
12.9147,742743,-0.27588,0.03784,1.09375,-4.15000,-13.55000,16.17400
12.9209,742753,-0.24756,0.04297,1.05103,-5.31000,-13.97700,15.56400
12.9318,742763,-0.25439,0.03882,1.04321,-5.79800,-12.81700,14.16000
12.9509,742773,-0.21460,0.03271,1.02783,-6.16500,-13.97700,14.95400
12.9509,742783,-0.21973,0.02466,1.01196,-6.04200,-13.00000,14.46500
12.9622,742793,-0.20898,0.03076,1.00537,-5.67600,-12.93900,13.85500
12.9780,742803,-0.21655,0.04639,1.00537,-5.55400,-13.30600,15.44200
12.9780,742813,-0.21704,0.05298,1.01587,-5.00500,-13.18400,14.64800
12.9939,742823,-0.23608,0.03125,1.01562,-5.18800,-13.97700,15.74700
13.0212,742833,-0.23828,0.05908,1.00171,-4.33300,-13.79400,14.95400
13.0212,742843,-0.20508,0.04102,1.00757,-3.54000,-14.28200,16.29600
13.0266,742853,-0.20947,0.03467,1.00684,-3.41800,-14.46500,15.32000
13.0411,742863,-0.20752,0.04785,0.98608,-3.60100,-16.29600,19.04300
13.0571,742873,-0.20337,0.04053,0.99414,-2.99100,-15.32000,17.94400
13.0571,742883,-0.21631,0.02832,1.00635,-2.80800,-15.25900,17.76100
13.0680,742893,-0.23438,0.01880,1.02148,-1.64800,-14.77100,16.60200
13.0784,742903,-0.26880,0.03052,1.04199,-2.25800,-15.07600,17.45600
13.0888,742913,-0.26636,0.01709,1.07056,-2.56300,-16.17400,17.33400
13.0888,742923,-0.26172,0.02100,1.06860,-2.62500,-15.19800,16.35700
13.1067,742933,-0.25586,0.02710,1.07739,-3.96700,-15.68600,16.84600
13.1214,742943,-0.24438,0.04077,1.06641,-4.08900,-14.77100,14.95400
13.1214,742953,-0.22461,0.02637,1.04175,-5.49300,-16.60200,16.23500
13.1392,742963,-0.21362,0.02515,1.00830,-5.55400,-15.80800,14.58700
13.1482,742973,-0.19629,0.02002,0.98950,-5.37100,-16.54100,14.16000
13.1596,742983,-0.19604,0.01904,0.96240,-4.82200,-16.41800,16.84600
13.1699,742993,-0.18628,0.00781,0.96973,-3.54000,-16.96800,18.61600
13.1800,743003,-0.19629,0.01001,0.96484,-3.17400,-17.57800,18.06600
13.1910,743013,-0.23145,0.03394,0.98047,-2.01400,-16.96800,18.49400
13.1956,743023,-0.24585,0.03125,1.02466,-1.34300,-17.70000,18.67700
13.1996,743033,-0.25732,0.03418,1.05176,-1.52600,-17.02900,17.63900
13.2217,743043,-0.27124,0.04175,1.07104,-2.38000,-16.60200,16.41800
13.2217,743053,-0.27246,0.05933,1.07251,-3.60100,-17.09000,15.93000
13.2322,743063,-0.24414,0.03687,1.07617,-3.54000,-17.45600,14.95400
13.2466,743073,-0.23193,0.03369,1.05225,-4.94400,-18.25000,15.62500
13.2619,743083,-0.19336,0.03760,1.01855,-5.12700,-18.12700,15.68600
13.2619,743093,-0.19189,0.02612,1.01636,-5.00500,-18.06600,15.74700
13.2779,743103,-0.18530,0.03418,1.00732,-5.67600,-18.73800,17.45600
13.2883,743113,-0.18530,0.04565,0.99756,-4.21100,-17.63900,17.51700
13.3071,743123,-0.21265,0.03687,1.00366,-4.27200,-17.57800,17.70000
13.3071,743133,-0.23730,0.03149,1.01929,-4.27200,-18.31100,18.49400
13.3345,743143,-0.24243,0.05591,1.01782,-3.54000,-16.60200,16.29600
13.3345,743153,-0.25317,0.04688,1.04004,-3.90600,-16.84600,15.68600
13.3418,743163,-0.27197,0.05981,1.04590,-3.66200,-17.02900,15.50300
13.3660,743173,-0.22241,0.05005,1.04736,-4.45600,-17.33400,14.95400
13.3660,743183,-0.21558,0.04077,1.03174,-4.57800,-18.18800,16.66300
13.3660,743193,-0.20679,0.05957,1.02026,-4.21100,-17.70000,15.19800
13.3721,743203,-0.20752,0.03760,1.01416,-4.33300,-17.94400,16.41800
13.3899,743213,-0.19189,0.04590,0.99512,-4.88300,-17.94400,16.60200
13.3899,743223,-0.20972,0.04785,0.99463,-4.51700,-19.40900,18.12700
13.4176,743233,-0.23193,0.04443,1.03076,-4.08900,-18.61600,17.21200
13.4352,743243,-0.23022,0.03540,1.02246,-4.57800,-18.37200,17.33400
13.4352,743253,-0.24097,0.04297,1.04834,-3.66200,-18.25000,15.99100
13.4362,743263,-0.22900,0.02759,1.03394,-3.96700,-17.33400,14.83200
13.4362,743273,-0.21924,0.04834,1.04639,-4.15000,-17.51700,14.58700
13.4673,743283,-0.22168,0.02075,1.03174,-4.76100,-18.18800,15.62500
13.4673,743293,-0.21362,0.02563,1.02441,-4.39500,-16.41800,14.28200
13.4752,743303,-0.19312,0.03418,1.02637,-4.94400,-18.79900,16.11300
13.4898,743313,-0.18433,0.03540,1.02002,-4.57800,-17.45600,15.74700
13.4991,743323,-0.17310,0.02563,1.01636,-4.33300,-17.21200,15.56400
13.5034,743333,-0.17627,0.02808,1.02002,-4.15000,-17.27300,16.47900
13.5199,743343,-0.19238,0.02319,1.02930,-4.02800,-17.27300,16.90700
13.5356,743353,-0.23096,0.01978,1.03833,-4.39500,-17.27300,17.57800
13.5394,743363,-0.24414,0.02319,1.04004,-5.00500,-18.49400,18.06600
13.5413,743373,-0.24365,0.03735,1.04126,-5.18800,-17.94400,17.51700
13.5574,743383,-0.23804,0.02881,1.02051,-4.94400,-17.57800,16.17400
13.5743,743393,-0.23169,0.02466,0.99097,-5.12700,-17.21200,16.05200
13.5778,743403,-0.22998,0.02295,1.00146,-4.21100,-16.29600,14.09900
13.5835,743413,-0.19458,0.02026,0.98926,-4.02800,-18.18800,16.05200
13.5989,743423,-0.18237,0.01709,0.99365,-3.23500,-17.57800,15.74700
13.6137,743433,-0.16357,0.01929,0.99561,-2.50200,-17.21200,15.99100
13.6294,743443,-0.18091,0.03638,1.01440,-2.44100,-17.33400,16.11300
13.6541,743453,-0.17065,0.04199,1.05933,-3.23500,-17.02900,17.09000
13.6541,743463,-0.20068,0.02783,1.07568,-3.54000,-16.96800,17.15100
13.6541,743473,-0.21924,0.04077,1.09619,-3.60100,-16.35700,16.72400
13.6541,743483,-0.23608,0.04053,1.06689,-4.63900,-15.74700,16.90700
13.6704,743493,-0.22192,0.01904,1.06421,-5.79800,-17.39500,17.88300
13.6704,743503,-0.19995,0.05396,1.01685,-6.22600,-15.38100,16.05200
13.6874,743513,-0.20215,0.03174,0.97949,-5.55400,-14.70900,16.17400
13.6893,743523,-0.21484,0.03076,0.97534,-5.24900,-14.22100,16.05200
13.7015,743533,-0.20020,0.03247,0.96899,-4.02800,-15.07600,15.93000
13.7228,743543,-0.20410,0.02783,0.98779,-2.99100,-16.11300,16.96800
13.7346,743553,-0.21191,0.04565,0.99194,-2.38000,-15.62500,16.60200
13.7514,743563,-0.20654,0.04639,1.01416,-2.19700,-15.32000,15.13700
13.7514,743573,-0.20679,0.04321,1.04956,-2.44100,-15.32000,16.35700
13.7554,743583,-0.21143,0.05151,1.05640,-2.19700,-14.95400,15.13700
13.7679,743593,-0.20068,0.03174,1.07056,-3.41800,-14.09900,14.58700
13.7725,743603,-0.18750,0.03857,1.06689,-3.96700,-15.50300,16.35700
13.7914,743613,-0.18384,0.04028,1.06860,-3.96700,-12.69500,13.36700
13.8016,743623,-0.17554,0.03711,1.05786,-4.88300,-13.97700,16.23500
13.8095,743633,-0.18652,0.02271,1.04126,-5.18800,-13.79400,16.23500
13.8204,743643,-0.18896,0.02588,1.03613,-5.79800,-13.67200,16.11300
13.8282,743653,-0.19312,0.02026,1.01318,-5.98100,-13.42800,17.21200
13.8384,743663,-0.19971,0.03760,0.99878,-4.82200,-12.81700,17.15100
13.8484,743673,-0.21338,0.02588,1.00977,-5.12700,-12.14600,16.29600
13.8590,743683,-0.21875,0.02515,0.99268,-4.33300,-12.57300,16.78500
13.8745,743693,-0.19946,0.03076,0.98169,-3.84500,-13.36700,17.09000
13.8786,743703,-0.20264,0.03271,0.99243,-3.35700,-11.65800,16.84600
13.8866,743713,-0.21313,0.03076,0.98877,-2.93000,-12.69500,16.41800
13.8969,743723,-0.19507,0.03174,1.00513,-2.62500,-13.30600,17.45600
13.9088,743733,-0.19702,0.02002,1.01660,-1.77000,-12.20700,16.96800
13.9203,743743,-0.19824,0.01147,1.04272,-1.95300,-13.85500,18.25000
13.9377,743753,-0.22339,0.03320,1.07812,-1.77000,-11.04700,14.89300
13.9778,743797,-0.20923,0.02783,1.06152,-5.37100,-10.68100,14.46500
13.9778,743799,-0.20923,0.02783,1.06152,-5.37100,-10.68100,14.46500
13.9778,743800,-0.21509,0.02954,1.06250,-6.47000,-12.20700,16.96800
13.9778,743802,-0.21509,0.02954,1.06250,-6.47000,-12.20700,16.96800
13.9778,743803,-0.21509,0.02954,1.06250,-6.47000,-12.20700,16.96800
13.9874,743813,-0.20166,0.03784,1.04346,-6.40900,-11.71900,15.25900
14.0013,743823,-0.19043,0.02661,1.03906,-6.40900,-12.45100,15.80800
14.0053,743833,-0.19116,0.03809,1.01099,-6.47000,-11.10800,14.77100
14.0179,743843,-0.18311,0.03320,1.02197,-6.04200,-11.23000,16.29600
14.0346,743853,-0.19214,0.03247,0.98486,-5.98100,-10.80300,15.62500
14.0447,743863,-0.22070,0.04614,0.97632,-5.37100,-10.68100,16.11300
14.0465,743873,-0.21753,0.03052,0.97803,-4.94400,-12.45100,17.51700
14.0558,743883,-0.22974,0.03003,0.98389,-4.70000,-11.84100,16.54100
14.0690,743893,-0.23218,0.03027,1.01074,-3.41800,-12.02400,15.74700
14.0847,743903,-0.20239,0.04517,1.00806,-3.23500,-12.45100,16.17400
14.0922,743913,-0.22290,0.04028,1.02124,-2.62500,-11.71900,15.93000
14.0955,743923,-0.20972,0.03955,1.03564,-2.80800,-12.63400,15.86900
14.1115,743933,-0.21753,0.03442,1.02344,-2.80800,-12.45100,16.41800
14.1183,743943,-0.20728,0.04810,1.03442,-3.29600,-11.78000,16.05200
14.1271,743953,-0.21216,0.02930,1.03711,-3.54000,-13.30600,16.47900
14.1423,743963,-0.21045,0.04004,1.04688,-3.47900,-12.81700,16.41800
14.1565,743973,-0.20337,0.04810,1.02930,-3.17400,-12.32900,15.13700
14.1565,743983,-0.21216,0.02979,1.04663,-3.54000,-12.69500,16.47900
14.1681,743993,-0.21021,0.04614,1.03052,-3.54000,-12.51200,17.09000
14.1846,744003,-0.22461,0.05103,1.04028,-4.21100,-11.96300,15.99100
14.1846,744013,-0.24048,0.03809,1.04541,-4.15000,-12.51200,16.84600
14.1986,744023,-0.24463,0.03882,1.02490,-4.27200,-13.67200,16.96800
14.2032,744033,-0.23071,0.03149,1.01636,-4.63900,-14.22100,15.99100
14.2175,744043,-0.22705,0.03369,0.99927,-3.72300,-12.51200,14.89300
14.2288,744053,-0.20508,0.02344,1.01147,-3.78400,-13.06200,16.17400
14.2436,744063,-0.20093,0.00537,1.00098,-3.47900,-14.16000,16.60200
14.2558,744073,-0.20752,0.02246,1.00684,-3.23500,-13.91600,15.99100
14.2612,744083,-0.21533,0.02295,1.01831,-3.05200,-13.85500,15.25900
14.2649,744093,-0.21997,0.01465,1.02637,-3.11300,-14.77100,17.02900
14.2868,744103,-0.20337,0.03052,1.03174,-3.17400,-15.01500,16.78500
14.2868,744113,-0.21826,0.03809,1.04468,-3.78400,-14.58700,17.02900
14.2933,744123,-0.21802,0.02661,1.04883,-3.66200,-14.89300,15.93000
14.3068,744133,-0.22900,0.01685,1.03076,-3.90600,-15.13700,17.27300
14.3202,744143,-0.21387,0.03198,1.02148,-3.84500,-15.68600,16.60200
14.3283,744153,-0.21436,0.02637,1.01074,-4.21100,-14.58700,15.99100
14.3376,744163,-0.21704,0.01709,1.02002,-4.27200,-14.64800,16.35700
14.3522,744173,-0.21069,0.02173,1.01514,-4.27200,-15.44200,16.47900
14.3522,744183,-0.20776,0.01685,1.01807,-3.90600,-15.13700,16.29600
14.3683,744193,-0.20703,0.02148,1.01953,-3.41800,-14.77100,15.93000
14.3915,744203,-0.22046,0.02344,1.02319,-3.72300,-16.23500,17.88300
14.3915,744213,-0.22461,0.02466,1.02588,-3.54000,-15.56400,17.02900
14.3940,744223,-0.23291,0.02930,1.03418,-3.60100,-14.64800,16.35700
14.4252,744233,-0.21143,0.03467,1.03882,-3.35700,-14.89300,16.29600
14.4252,744243,-0.21826,0.04565,1.03638,-3.84500,-15.62500,15.86900
14.4306,744253,-0.22729,0.03003,1.03223,-3.54000,-15.62500,16.23500
14.4369,744263,-0.22485,0.05151,1.02686,-4.39500,-15.50300,15.99100
14.4556,744273,-0.21509,0.05371,1.02515,-4.57800,-16.60200,17.27300
14.4556,744283,-0.20410,0.04395,1.01318,-4.39500,-16.41800,16.96800
14.4591,744293,-0.21069,0.04907,1.02100,-3.72300,-14.52600,15.13700
14.4733,744303,-0.20312,0.04956,1.03296,-4.21100,-15.25900,16.54100
14.4894,744313,-0.20581,0.04150,1.02368,-4.15000,-16.96800,17.57800
14.4894,744323,-0.22241,0.03735,1.01440,-3.84500,-16.11300,16.90700
14.5054,744333,-0.21436,0.02881,1.01367,-3.90600,-15.13700,15.80800
14.5173,744343,-0.23950,0.03760,1.03418,-3.47900,-15.62500,15.68600
14.5229,744353,-0.23657,0.03882,1.00806,-3.66200,-15.32000,15.56400
14.5385,744363,-0.22144,0.03467,1.02368,-4.21100,-16.29600,16.84600
14.5690,744373,-0.19678,0.02295,1.03247,-4.21100,-16.05200,15.68600
14.5690,744383,-0.20288,0.03320,1.02368,-3.60100,-14.58700,15.38100
14.5690,744393,-0.18652,0.02002,1.02686,-3.90600,-17.45600,17.63900
14.5800,744403,-0.18457,0.03076,1.03589,-3.96700,-15.01500,14.95400
14.5842,744413,-0.18872,0.03467,1.01685,-3.54000,-15.62500,16.29600
14.5842,744423,-0.20215,0.01611,1.02808,-4.39500,-17.45600,18.43300
14.5999,744433,-0.20410,0.02588,1.02295,-4.33300,-16.84600,17.09000
14.6157,744443,-0.21582,0.04004,1.02441,-4.63900,-16.05200,17.82200
14.6232,744453,-0.21387,0.02197,1.03003,-4.08900,-16.41800,17.27300
14.6317,744463,-0.22168,0.01367,1.04468,-4.39500,-15.50300,16.47900
14.6476,744473,-0.23462,0.02393,1.03149,-4.57800,-14.83200,16.05200
14.6589,744483,-0.22632,0.00684,1.02515,-4.27200,-16.47900,16.60200
14.6713,744493,-0.24341,0.02759,1.02344,-4.15000,-16.84600,16.78500
14.6797,744503,-0.21729,0.00928,1.02466,-3.72300,-15.19800,15.01500
14.6984,744513,-0.21265,0.04297,1.03760,-3.78400,-15.68600,15.68600
14.6984,744523,-0.20557,0.02588,1.03662,-3.66200,-14.70900,14.64800
14.6984,744533,-0.22070,0.02246,1.04395,-3.90600,-15.25900,14.83200
14.7115,744543,-0.21924,0.04150,1.03076,-4.33300,-15.93000,15.80800
14.7273,744553,-0.19385,0.05249,1.03052,-4.21100,-14.40400,14.95400
14.7293,744563,-0.19336,0.06055,1.03857,-4.33300,-16.17400,16.60200
14.7431,744573,-0.20337,0.05029,1.03613,-4.51700,-15.32000,15.62500
14.7605,744583,-0.20630,0.04443,1.03052,-4.76100,-15.62500,16.35700
14.7628,744593,-0.20361,0.05298,1.02051,-4.33300,-15.50300,16.05200
14.7749,744603,-0.22144,0.04053,1.01147,-4.39500,-15.13700,16.90700
14.7900,744613,-0.21362,0.03320,1.03320,-5.37100,-16.23500,17.57800
14.7940,744623,-0.22461,0.02271,1.02466,-3.96700,-14.70900,16.60200
14.8070,744633,-0.22559,0.03735,1.04077,-4.15000,-14.22100,15.01500
14.8097,744643,-0.22095,0.03809,1.02490,-3.96700,-14.89300,15.25900
14.8287,744653,-0.22290,0.03125,1.04297,-4.08900,-15.80800,16.47900
14.8287,744663,-0.20312,0.03125,1.04590,-3.96700,-15.56400,15.74700
14.8407,744673,-0.21484,0.03223,1.03296,-4.15000,-14.40400,15.62500
14.8553,744683,-0.19873,0.05176,1.02173,-4.70000,-15.01500,15.99100
14.8553,744693,-0.18237,0.03149,1.01660,-4.76100,-14.95400,16.60200
14.8713,744703,-0.19946,0.03687,1.01440,-4.33300,-15.25900,17.09000
14.8871,744713,-0.21021,0.02075,1.02002,-4.08900,-13.91600,15.86900
14.9017,744723,-0.21582,0.02319,1.03125,-3.72300,-14.28200,16.60200
14.9094,744733,-0.20190,0.02979,1.02637,-3.84500,-14.09900,15.80800
14.9187,744743,-0.22461,0.01782,1.04248,-3.41800,-13.24500,16.23500
14.9237,744753,-0.21631,0.02271,1.03589,-3.78400,-13.55000,16.17400
14.9370,744763,-0.21606,0.02808,1.03394,-4.57800,-14.70900,17.39500
14.9395,744773,-0.21680,0.02539,1.04492,-4.45600,-14.70900,17.88300
14.9619,744783,-0.21704,0.02344,1.02905,-4.63900,-12.93900,15.80800
14.9677,744793,-0.21606,0.02051,1.01416,-3.90600,-14.03800,16.05200
14.9677,744803,-0.21313,0.01904,1.02905,-4.02800,-13.67200,15.93000
14.9919,744813,-0.21851,0.02539,0.99902,-3.96700,-13.97700,16.29600
15.0025,744823,-0.21509,0.02808,1.01953,-3.72300,-13.48900,15.13700
15.0080,744833,-0.20776,0.02686,1.01880,-3.84500,-13.97700,16.41800
15.0141,744843,-0.20630,0.03662,1.00586,-3.23500,-12.81700,14.83200
15.0302,744853,-0.19800,0.03882,1.03369,-3.54000,-12.45100,16.66300
15.0378,744863,-0.19678,0.04541,1.03516,-3.47900,-14.03800,16.60200
15.0454,744873,-0.21021,0.04834,1.03369,-3.11300,-13.18400,16.60200
15.0612,744883,-0.21582,0.04468,1.03784,-2.44100,-12.08500,15.62500
15.0612,744893,-0.20288,0.02393,1.01733,-3.35700,-12.63400,16.60200
15.0772,744903,-0.20264,0.03149,1.01782,-2.68600,-11.96300,14.46500
15.0887,744913,-0.20483,0.04858,1.00293,-2.93000,-13.42800,17.09000
15.1131,744923,-0.18579,0.03149,1.00879,-2.44100,-11.78000,15.68600
15.1131,744933,-0.19434,0.02856,0.98779,-1.70900,-12.20700,15.99100
15.1131,744943,-0.20435,0.02759,1.01196,-1.34300,-13.24500,17.21200
15.1252,744953,-0.19971,0.03467,1.00781,-0.79300,-13.00000,17.21200
15.1252,744963,-0.20410,0.03955,1.00806,-0.61000,-12.45100,16.78500
15.1494,744973,-0.21631,0.03076,1.01685,-0.73200,-14.28200,18.12700
15.1631,744983,-0.21875,0.03931,1.01733,-0.24400,-13.85500,17.45600
15.1631,744993,-0.20874,0.03516,1.02710,0.00000,-12.20700,16.29600
15.1841,745003,-0.19922,0.03687,1.01855,-0.06100,-12.57300,17.45600
15.1890,745013,-0.19263,0.04785,1.02637,0.30500,-12.57300,17.02900
15.1890,745023,-0.20239,0.03857,1.01074,0.12200,-11.65800,16.17400
15.2049,745033,-0.21167,0.04150,1.02271,-0.36600,-13.12300,17.70000
15.2049,745043,-0.20459,0.04565,1.01416,0.00000,-13.18400,17.39500
15.2302,745053,-0.21973,0.03638,1.02466,0.42700,-12.45100,16.78500
15.2388,745063,-0.20581,0.04419,1.02979,0.00000,-13.85500,17.88300
15.2388,745073,-0.21582,0.04834,1.01978,0.42700,-13.00000,17.02900
15.2568,745083,-0.22876,0.04272,1.02100,0.61000,-14.16000,18.31100
15.2696,745093,-0.22510,0.04004,1.02173,0.36600,-13.00000,17.15100
15.2696,745103,-0.20972,0.03931,1.03320,0.61000,-13.00000,17.88300
15.2951,745113,-0.20874,0.04468,1.02930,0.24400,-13.12300,17.82200
15.3004,745123,-0.21729,0.03833,1.04639,0.06100,-13.48900,18.06600
15.3100,745133,-0.21118,0.04321,1.04712,-0.54900,-12.87800,17.70000
15.3200,745143,-0.22388,0.05615,1.03906,-1.22100,-13.24500,18.98200
15.3278,745153,-0.22437,0.07129,1.06055,-0.12200,-12.32900,16.84600
15.3399,745163,-0.25000,0.04736,1.08423,-0.85400,-13.18400,18.43300
15.3502,745173,-0.26953,0.04883,1.08618,-1.34300,-12.39000,16.90700
15.3585,745183,-0.26343,0.04956,1.10425,-1.58700,-13.00000,16.41800
15.3758,745193,-0.25952,0.05640,1.10474,-1.95300,-12.57300,16.17400
15.3948,745203,-0.25146,0.05518,1.13745,-2.74700,-12.57300,16.35700
15.4022,745213,-0.24121,0.05444,1.15576,-2.44100,-12.57300,15.50300
15.4022,745223,-0.22852,0.06030,1.15454,-3.05200,-11.23000,14.58700
15.4225,745233,-0.22192,0.05566,1.17944,-4.02800,-13.30600,16.90700
15.4259,745243,-0.21313,0.06567,1.16553,-4.94400,-11.41400,16.84600
15.4259,745253,-0.21606,0.05396,1.14771,-4.63900,-10.37600,15.32000
15.4481,745263,-0.23926,0.05493,1.15576,-6.28700,-11.53600,16.54100
15.4481,745273,-0.24487,0.04883,1.14429,-6.22600,-9.94900,14.83200
15.4582,745283,-0.24780,0.04102,1.14844,-6.83600,-11.04700,15.68600
15.4726,745293,-0.25073,0.05762,1.13135,-7.26300,-11.71900,15.32000
15.4726,745303,-0.23608,0.03564,1.11279,-7.93500,-12.02400,15.50300
15.4892,745313,-0.22754,0.04517,1.11963,-8.24000,-10.43700,14.28200
15.4981,745323,-0.21021,0.05127,1.09082,-7.81200,-11.10800,13.48900
15.5122,745333,-0.20288,0.03711,1.08154,-8.72800,-11.90200,15.74700
15.5178,745343,-0.19434,0.03784,1.08081,-8.24000,-10.55900,14.46500
15.5242,745353,-0.15967,0.05273,1.04541,-9.27700,-10.80300,16.66300
15.5374,745363,-0.19995,0.03198,1.03394,-7.81200,-10.98600,16.35700
15.5374,745373,-0.20679,0.03516,1.02271,-8.78900,-10.01000,16.23500
15.5528,745383,-0.21484,0.02808,1.00488,-8.24000,-10.19300,15.74700
15.5687,745393,-0.20166,0.02393,1.00293,-7.44600,-9.70500,14.46500
15.5821,745403,-0.21289,0.02490,0.99536,-7.99600,-10.07100,15.86900
15.5962,745413,-0.18604,0.01294,0.98999,-6.28700,-9.70500,14.52600
15.5992,745423,-0.18213,0.01489,0.99585,-6.59200,-10.49800,14.58700
15.6212,745433,-0.18018,0.03052,1.00879,-6.47000,-11.04700,16.05200
15.6212,745443,-0.19165,0.01709,1.00073,-6.53100,-9.88800,14.89300
15.6306,745453,-0.19092,0.04077,0.98462,-7.20200,-9.94900,16.35700
15.6357,745463,-0.18896,0.03442,0.97705,-7.32400,-9.64400,16.23500
15.6502,745473,-0.19653,0.02075,0.96191,-7.93500,-10.37600,16.78500
15.6582,745483,-0.22095,0.01685,0.95459,-7.93500,-9.70500,16.41800
15.6680,745493,-0.21094,0.02222,0.94043,-7.50700,-10.19300,16.78500
15.6943,745503,-0.21436,0.01685,0.92480,-7.01900,-10.13200,15.25900
15.6943,745513,-0.19946,0.01562,0.92603,-5.73700,-9.58300,14.95400
15.6943,745523,-0.19141,0.03174,0.91284,-5.37100,-10.55900,15.25900
15.7085,745533,-0.17847,0.03198,0.91040,-4.88300,-10.31500,15.19800
15.7141,745543,-0.18921,0.03735,0.94238,-4.45600,-11.78000,16.35700
15.7277,745553,-0.19312,0.04224,0.94507,-3.90600,-11.41400,16.05200
15.7404,745563,-0.18408,0.05127,0.95361,-4.15000,-11.84100,17.45600
15.7476,745573,-0.20435,0.05029,0.95459,-3.47900,-11.47500,17.15100
15.7591,745583,-0.20752,0.04541,0.96094,-3.05200,-12.20700,16.66300
15.7871,745593,-0.20483,0.06348,0.97534,-3.11300,-11.53600,15.62500
15.8120,745603,-0.20459,0.04492,0.96875,-3.90600,-12.32900,16.96800
15.8120,745613,-0.20850,0.05542,0.98584,-2.86900,-11.29200,14.77100
15.8120,745623,-0.19312,0.03784,0.97241,-3.11300,-11.65800,16.23500
15.8120,745633,-0.18799,0.04126,0.97827,-3.47900,-11.90200,16.78500
15.8579,745643,-0.21729,0.04419,0.98926,-3.90600,-13.30600,18.25000
15.8579,745653,-0.21289,0.04761,0.97314,-3.84500,-12.20700,17.45600
15.8579,745663,-0.22119,0.04199,0.98267,-3.29600,-11.90200,16.23500
15.8579,745673,-0.20557,0.04468,0.97681,-2.62500,-11.90200,16.35700
15.8660,745683,-0.21216,0.05371,0.96069,-2.86900,-12.51200,16.05200
15.8680,745693,-0.21021,0.04443,0.98413,-2.07500,-11.59700,15.19800
15.8820,745703,-0.19946,0.05273,0.99194,-0.97700,-11.23000,15.25900
15.8820,745713,-0.21289,0.04541,0.99048,-1.83100,-12.81700,17.27300
15.9001,745723,-0.20654,0.04126,1.00952,-1.34300,-11.65800,16.54100
15.9036,745733,-0.23364,0.03369,1.04468,-1.89200,-12.51200,18.18800
15.9249,745743,-0.23486,0.04150,1.03320,-2.13600,-12.63400,18.37200
15.9276,745753,-0.24561,0.02100,1.01025,-3.11300,-11.78000,16.54100
15.9747,745798,-0.21582,0.02954,0.96948,-3.35700,-12.57300,15.38100
15.9773,745800,-0.20947,0.03809,0.98608,-2.93000,-13.06200,15.38100
15.9773,745801,-0.20947,0.03809,0.98608,-2.93000,-13.06200,15.38100
15.9812,745803,-0.20947,0.03809,0.98608,-2.93000,-13.06200,15.38100
15.9812,745804,-0.20947,0.03809,0.98608,-2.93000,-13.06200,15.38100
15.9924,745813,-0.19507,0.04053,0.99170,-2.01400,-12.26800,15.44200
15.9924,745823,-0.19922,0.03711,1.00293,-2.38000,-12.26800,15.13700
16.0082,745833,-0.20728,0.02417,1.01074,-2.99100,-13.24500,16.72400
16.0082,745843,-0.22437,0.02197,1.00830,-4.02800,-12.81700,17.45600
16.0251,745853,-0.24121,0.03760,0.98389,-4.94400,-13.12300,16.90700
16.0251,745863,-0.22900,0.03394,0.96582,-6.53100,-14.09900,17.70000
16.0399,745873,-0.22681,0.01807,0.93384,-5.92000,-13.30600,15.19800
16.0559,745883,-0.22119,0.02100,0.90625,-5.73700,-12.87800,15.07600
16.0559,745893,-0.21191,0.02563,0.88843,-4.70000,-13.67200,15.25900
16.0730,745903,-0.20361,0.00903,0.88257,-2.62500,-13.36700,14.16000
16.0963,745913,-0.21509,0.03247,0.89453,-1.58700,-13.12300,15.50300
16.0963,745923,-0.19116,0.01855,0.88379,-1.09900,-13.97700,16.47900
16.1137,745933,-0.19263,0.02295,0.91748,0.42700,-13.30600,16.47900
16.1203,745943,-0.18921,0.02173,0.94287,1.70900,-13.97700,17.51700
16.1339,745953,-0.18848,0.03296,0.94824,2.07500,-13.12300,16.47900
16.1363,745963,-0.21802,0.04150,1.01147,2.13600,-13.48900,18.43300
16.1363,745973,-0.25073,0.04468,1.04199,1.83100,-13.61100,18.98200
16.1508,745983,-0.26685,0.06177,1.04517,0.42700,-14.83200,19.59200
16.1668,745993,-0.26904,0.05713,1.04980,-0.36600,-14.46500,18.55500
16.1828,746003,-0.28101,0.05884,1.06201,-0.61000,-13.91600,17.88300
16.1946,746013,-0.27124,0.06445,1.07422,-0.73200,-12.51200,15.07600
16.1946,746023,-0.26172,0.05981,1.08008,-1.70900,-13.91600,15.99100
16.1987,746033,-0.27344,0.06592,1.07153,-1.52600,-13.61100,14.89300
16.2146,746043,-0.25635,0.08594,1.08472,-2.38000,-14.64800,16.29600
16.2383,746053,-0.26196,0.06323,1.08008,-2.74700,-13.79400,15.86900
16.2383,746063,-0.25562,0.05273,1.06641,-3.23500,-13.97700,17.51700
16.2584,746073,-0.26489,0.05615,1.04956,-2.74700,-14.40400,17.57800
16.2584,746083,-0.28662,0.05103,1.05640,-1.46500,-14.03800,18.06600
16.2623,746093,-0.28369,0.03589,1.08716,-0.42700,-12.20700,17.82200
16.2783,746103,-0.30933,0.04639,1.10449,0.18300,-12.08500,16.66300
16.2944,746113,-0.32422,0.02563,1.12915,-0.97700,-12.69500,17.27300
16.2944,746123,-0.30420,0.04053,1.13916,-2.62500,-12.63400,16.05200
16.3094,746133,-0.29443,0.03931,1.13306,-3.05200,-11.78000,14.46500
16.3110,746143,-0.29907,0.03613,1.11133,-4.57800,-11.47500,13.97700
16.3420,746153,-0.28247,0.01392,1.09448,-5.24900,-11.65800,13.61100
16.3420,746163,-0.26440,0.02637,1.08594,-5.06600,-11.41400,13.73300
16.3420,746173,-0.26221,0.02881,1.04761,-5.06600,-11.59700,15.44200
16.3577,746183,-0.25464,0.02490,1.06201,-4.82200,-11.10800,15.25900
16.3677,746193,-0.26050,0.03320,1.06567,-4.57800,-9.70500,14.09900
16.3759,746203,-0.27515,0.04028,1.03906,-5.85900,-10.92500,15.68600
16.3898,746213,-0.29126,0.03711,1.02563,-7.14100,-10.55900,16.05200
16.3921,746223,-0.27905,0.04321,0.98120,-6.65300,-10.25400,14.40400
16.4057,746233,-0.28516,0.03687,0.96997,-7.26300,-9.39900,14.40400
16.4057,746243,-0.28613,0.04492,0.93921,-6.34800,-9.03300,12.93900
16.4264,746253,-0.25879,0.05054,0.92188,-6.34800,-9.09400,13.79400
16.4399,746263,-0.25439,0.05835,0.92944,-4.76100,-9.52100,12.93900
16.4399,746273,-0.24243,0.05371,0.92212,-5.49300,-9.76600,13.36700
16.4533,746283,-0.23364,0.07056,0.91846,-5.31000,-10.92500,13.55000
16.4533,746293,-0.21826,0.07715,0.88550,-5.37100,-9.88800,12.26800
16.4704,746303,-0.19263,0.09375,0.86987,-4.45600,-9.15500,12.20700
16.4851,746313,-0.20557,0.09033,0.86743,-4.70000,-10.07100,12.63400
16.5017,746323,-0.19531,0.09888,0.88452,-3.47900,-10.31500,14.95400
16.5050,746333,-0.17944,0.11768,0.87207,-2.93000,-11.35300,14.95400
16.5177,746343,-0.18384,0.12109,0.86841,-2.50200,-10.86400,13.97700
16.5265,746353,-0.16431,0.12012,0.87769,-1.64800,-10.68100,15.13700
16.5326,746363,-0.15552,0.11987,0.87793,-1.83100,-10.37600,16.05200
16.5412,746373,-0.16528,0.10571,0.88818,-0.97700,-10.37600,15.99100
16.5574,746383,-0.17212,0.12646,0.88379,0.67100,-11.04700,17.45600
16.5641,746393,-0.18726,0.12158,0.93286,2.99100,-10.68100,19.16500
16.5788,746403,-0.20459,0.12305,0.96729,4.02800,-10.49800,19.47000
16.5860,746413,-0.23779,0.13354,1.03198,4.45600,-10.43700,19.65300
16.6092,746423,-0.27222,0.14453,1.08936,2.38000,-10.92500,20.14200
16.6092,746433,-0.29102,0.14209,1.10254,0.00000,-9.64400,17.39500
16.6121,746443,-0.31836,0.13599,1.11475,-1.58700,-9.82700,16.72400
16.6277,746453,-0.29956,0.11865,1.09448,-4.76100,-11.10800,17.33400
16.6331,746463,-0.29395,0.12500,1.06494,-5.98100,-11.35300,14.09900
16.6438,746473,-0.26611,0.11572,1.03076,-5.73700,-11.10800,14.64800
16.6438,746483,-0.26001,0.10815,0.99634,-5.67600,-11.78000,15.32000
16.6717,746493,-0.25806,0.10400,0.97729,-2.80800,-12.20700,15.19800
16.6759,746503,-0.23120,0.10376,0.96582,-1.70900,-11.78000,15.62500
16.6912,746513,-0.23877,0.08813,1.00928,1.09900,-12.87800,16.90700
16.7087,746523,-0.26050,0.08862,1.04712,2.93000,-13.00000,17.39500
16.7129,746533,-0.28296,0.08862,1.08496,2.50200,-11.96300,16.60200
16.7195,746543,-0.28882,0.08984,1.13940,2.31900,-13.00000,17.63900
16.7268,746553,-0.29565,0.07007,1.17798,0.61000,-13.24500,16.72400
16.7364,746563,-0.29272,0.07300,1.17505,-1.09900,-13.48900,16.72400
16.7401,746573,-0.27661,0.05835,1.17212,-2.86900,-15.44200,17.21200
16.7548,746583,-0.26196,0.05981,1.16870,-3.72300,-15.19800,15.32000
16.7708,746593,-0.25879,0.05225,1.15356,-4.15000,-14.77100,15.93000
16.7708,746603,-0.26514,0.04541,1.15527,-4.88300,-13.91600,15.80800
16.7869,746613,-0.26929,0.07129,1.14258,-5.73700,-15.38100,17.45600
16.8138,746623,-0.27222,0.05249,1.10986,-6.16500,-15.01500,18.06600
16.8138,746633,-0.30396,0.05054,1.11060,-6.40900,-14.22100,17.57800
16.8183,746643,-0.30933,0.03955,1.07251,-6.16500,-14.89300,15.86900
16.8295,746653,-0.30640,0.03369,1.06079,-6.40900,-14.34300,15.68600
16.8344,746663,-0.28564,0.03052,1.02734,-6.10400,-15.86900,16.23500
16.8502,746673,-0.27466,0.03296,1.04663,-5.06600,-15.86900,15.80800
16.8502,746683,-0.27417,0.03125,1.04614,-5.12700,-15.99100,15.80800
16.8697,746693,-0.27466,0.03857,1.05933,-4.33300,-17.63900,16.78500
16.8697,746703,-0.26880,0.02734,1.06738,-3.96700,-17.45600,16.90700
16.8884,746713,-0.27026,0.02637,1.06689,-4.08900,-18.86000,18.06600
16.8981,746723,-0.28662,0.01807,1.07080,-4.08900,-17.63900,18.73800
16.9163,746733,-0.31055,0.02344,1.07959,-5.00500,-18.31100,19.16500
16.9200,746743,-0.31885,0.02368,1.08472,-5.37100,-18.31100,18.92100
16.9303,746753,-0.33789,0.01562,1.07544,-5.67600,-17.70000,18.06600
16.9371,746763,-0.37036,0.00879,1.05835,-6.65300,-18.49400,17.45600
16.9464,746773,-0.35864,0.00732,1.06055,-6.59200,-19.16500,17.02900
16.9496,746783,-0.36108,0.00732,1.03979,-7.38500,-19.04300,16.17400
16.9634,746793,-0.35474,-0.01172,1.04883,-6.83600,-18.55500,15.80800
16.9634,746803,-0.35669,-0.00171,1.04126,-7.44600,-19.34800,15.50300
16.9793,746813,-0.35205,-0.02051,1.02075,-8.97200,-20.63000,14.95400
16.9938,746823,-0.33032,-0.02832,1.00513,-8.24000,-20.63000,14.58700
17.0133,746833,-0.32568,-0.02905,1.00171,-9.21600,-21.60600,13.67200
17.0272,746843,-0.30786,-0.02173,0.96362,-8.91100,-21.79000,13.00000
17.0272,746853,-0.27734,-0.02197,0.94727,-8.66700,-22.52200,12.69500
17.0364,746863,-0.27783,-0.03857,0.94214,-8.05700,-22.46100,13.06200
17.0429,746873,-0.25732,-0.04468,0.93213,-7.26300,-24.23100,14.16000
17.0594,746883,-0.24658,-0.04834,0.93481,-6.22600,-23.31500,15.50300
17.0690,746893,-0.24634,-0.04126,0.91943,-6.22600,-22.52200,14.52600
17.0764,746903,-0.25073,-0.06250,0.94214,-5.73700,-24.53600,17.45600
17.0881,746913,-0.27637,-0.05347,0.95850,-5.00500,-23.86500,16.35700
17.0881,746923,-0.27612,-0.05908,0.96265,-4.70000,-23.80400,17.82200
17.1216,746933,-0.29297,-0.05151,0.97852,-4.51700,-23.25400,18.00500
17.1216,746943,-0.31787,-0.04590,1.01392,-4.27200,-22.15600,18.37200
17.1324,746953,-0.34106,-0.02563,1.01318,-4.45600,-22.70500,18.12700
17.1404,746963,-0.35864,-0.02783,1.02148,-5.43200,-22.94900,18.31100
17.1404,746973,-0.36670,-0.01611,1.01270,-6.34800,-23.37600,15.44200
17.1516,746983,-0.36206,-0.01733,1.02100,-5.79800,-23.19300,14.70900
17.1677,746993,-0.34766,-0.01025,1.02393,-7.62900,-25.02400,13.97700
17.1677,747003,-0.33594,0.00708,1.01123,-8.91100,-25.26900,13.48900
17.1836,747013,-0.32446,-0.02002,1.02100,-9.15500,-24.96300,13.06200
17.1913,747023,-0.31079,-0.02856,1.01221,-9.58300,-26.24500,12.51200
17.2007,747033,-0.28320,-0.02588,0.95508,-9.52100,-24.65800,10.62000
17.2151,747043,-0.27368,-0.01880,0.95068,-9.70500,-25.75700,11.71900
17.2285,747053,-0.25830,-0.03491,0.92163,-8.42300,-27.03900,13.36700
17.2311,747063,-0.22656,-0.03027,0.90015,-5.92000,-26.30600,13.12300
17.2473,747073,-0.20996,-0.03223,0.94238,-5.06600,-25.94000,13.97700
17.2473,747083,-0.21484,-0.03076,0.95312,-3.84500,-26.48900,15.32000
17.2714,747093,-0.21240,-0.01196,0.99902,-1.77000,-26.73300,14.95400
17.2789,747103,-0.22583,-0.03369,1.02197,-1.95300,-25.26900,14.28200
17.2877,747113,-0.23145,-0.01660,1.06055,-2.13600,-26.42800,16.78500
17.2963,747123,-0.25659,-0.00024,1.07227,-2.25800,-24.59700,15.50300
17.2963,747133,-0.24438,-0.01831,1.09448,-2.38000,-25.51300,16.29600
17.3108,747143,-0.25488,-0.01147,1.11035,-2.80800,-23.62100,15.01500
17.3316,747153,-0.27075,-0.01855,1.16089,-4.51700,-24.35300,14.95400
17.3397,747163,-0.27710,-0.01318,1.15015,-5.49300,-24.29200,15.93000
17.3486,747173,-0.28369,-0.03540,1.13721,-7.50700,-25.33000,16.72400
17.3577,747183,-0.29932,-0.03223,1.12012,-7.81200,-22.88800,13.55000
17.3687,747193,-0.27954,-0.03320,1.09570,-8.11800,-23.37600,13.97700
17.3802,747203,-0.27295,-0.01318,1.09521,-7.62900,-23.19300,13.36700
17.3899,747213,-0.25806,-0.01172,1.09619,-6.40900,-22.64400,13.18400
17.3899,747223,-0.24097,-0.01074,1.09009,-5.43200,-22.76600,13.55000
17.4047,747233,-0.21777,-0.00317,1.11719,-5.12700,-22.03400,13.67200
17.4309,747243,-0.23486,0.02588,1.13110,-4.51700,-22.09500,13.79400
17.4309,747253,-0.22925,0.03247,1.13916,-6.28700,-22.58300,15.44200
17.4379,747263,-0.25732,0.03882,1.17017,-5.92000,-21.48400,14.09900
17.4379,747273,-0.26025,0.04785,1.17749,-7.93500,-22.27800,15.07600
17.4521,747283,-0.26123,0.06763,1.15918,-9.03300,-21.54500,13.91600
17.4679,747293,-0.28467,0.06616,1.14966,-9.64400,-22.94900,15.01500
17.4679,747303,-0.28931,0.07202,1.12280,-11.23000,-21.30100,13.24500
17.4836,747313,-0.27490,0.06714,1.10205,-11.47500,-20.38600,10.31500
17.4996,747323,-0.23047,0.07617,1.07935,-11.71900,-20.26400,9.88800
17.5042,747333,-0.20483,0.08423,1.06348,-12.51200,-19.34800,9.39900
17.5288,747343,-0.17725,0.09326,1.03784,-13.00000,-18.92100,9.82700
17.5288,747353,-0.14355,0.10864,0.98657,-12.81700,-18.37200,9.88800
17.5625,747363,-0.12695,0.11450,0.96606,-13.06200,-18.18800,11.84100
17.5666,747373,-0.11279,0.13940,0.92139,-12.14600,-17.27300,12.39000
17.5666,747383,-0.12280,0.12891,0.90747,-11.65800,-17.21200,13.18400
17.5812,747393,-0.13574,0.12207,0.89673,-10.43700,-16.11300,13.12300
17.5812,747403,-0.13550,0.12500,0.88745,-9.46000,-15.50300,13.73300
17.5868,747413,-0.15137,0.13647,0.89233,-9.15500,-16.96800,14.22100
17.5944,747423,-0.16602,0.12524,0.89233,-8.85000,-15.44200,13.36700
17.6084,747433,-0.14990,0.13647,0.85864,-8.36200,-15.44200,12.20700
17.6290,747443,-0.14136,0.12720,0.86475,-8.24000,-15.19800,13.18400
17.6290,747453,-0.14185,0.12671,0.85986,-7.62900,-14.40400,12.93900
17.6290,747463,-0.12939,0.13428,0.85059,-5.85900,-14.22100,13.12300
17.6421,747473,-0.13086,0.12817,0.84302,-5.37100,-15.38100,14.46500
17.6601,747483,-0.13062,0.13721,0.88721,-3.23500,-12.57300,13.12300
17.6701,747493,-0.14966,0.14062,0.91235,-3.60100,-13.91600,15.19800
17.6736,747503,-0.14380,0.12451,0.93628,-3.41800,-13.36700,15.50300
17.6882,747513,-0.17334,0.12866,0.97070,-4.70000,-12.32900,15.86900
17.6909,747523,-0.17603,0.13623,0.95850,-5.67600,-12.45100,15.19800
17.7058,747533,-0.18408,0.10938,0.96167,-6.77500,-13.30600,15.86900
17.7058,747543,-0.18140,0.12109,0.93433,-6.77500,-12.45100,15.32000
17.7292,747553,-0.16772,0.10669,0.92456,-6.22600,-11.71900,15.13700
17.7415,747563,-0.17065,0.10669,0.91724,-5.12700,-10.37600,13.30600
17.7441,747573,-0.16504,0.11938,0.87793,-3.90600,-12.39000,16.41800
17.7535,747583,-0.16455,0.09912,0.94238,0.30500,-10.31500,17.45600
17.7694,747593,-0.17725,0.10132,0.98364,2.07500,-10.25400,18.79900
17.7694,747603,-0.21509,0.08667,1.10107,3.60100,-7.50700,18.06600
17.7851,747613,-0.28296,0.10449,1.17700,1.70900,-7.14100,17.82200
17.7851,747623,-0.31128,0.09961,1.19653,0.48800,-6.95800,17.09000
17.8037,747633,-0.31274,0.07837,1.20776,-3.60100,-8.97200,16.11300
17.8196,747643,-0.26636,0.06201,1.18896,-5.79800,-6.89700,12.87800
17.8369,747653,-0.25977,0.06909,1.17651,-6.95800,-6.53100,13.73300
17.8375,747663,-0.26343,0.07739,1.18896,-7.75100,-4.51700,12.75600
17.8514,747673,-0.24365,0.03906,1.13940,-9.09400,-4.39500,11.78000
17.8607,747683,-0.24609,0.03906,1.11499,-9.58300,-5.06600,12.81700
17.8790,747693,-0.24609,0.04980,1.10571,-8.36200,-4.76100,13.73300
17.8790,747703,-0.23364,0.06396,1.10522,-7.81200,-4.15000,13.55000
17.8888,747713,-0.23877,0.05542,1.10181,-8.78900,-3.41800,12.45100
17.8985,747723,-0.22192,0.04517,1.06812,-9.70500,-3.66200,13.36700
17.9062,747733,-0.20972,0.03760,1.02637,-8.42300,-2.68600,13.00000
17.9694,747743,-0.23486,0.01880,1.03979,-7.93500,-2.56300,13.06200
17.9694,747753,-0.19287,0.00415,1.02271,-6.83600,-2.44100,13.85500
17.9791,747800,-0.23438,-0.03101,1.04688,-5.31000,0.61000,14.22100
17.9791,747801,-0.23438,-0.03101,1.04688,-5.31000,0.61000,14.22100
17.9791,747802,-0.23438,-0.03101,1.04688,-5.31000,0.61000,14.22100
17.9791,747804,-0.23438,-0.03101,1.04688,-6.53100,0.06100,15.38100
17.9791,747805,-0.23584,-0.02441,1.04883,-6.53100,0.06100,15.38100
17.9845,747813,-0.23853,-0.04199,1.02710,-7.01900,0.97700,14.89300
18.0134,747823,-0.23608,-0.06006,1.03516,-7.69000,0.48800,16.11300
18.0134,747833,-0.23999,-0.04565,1.02441,-6.89700,1.16000,14.58700
18.0196,747843,-0.24609,-0.05811,0.99072,-6.95800,1.34300,14.52600
18.0371,747853,-0.23462,-0.06738,0.97583,-7.14100,2.93000,14.16000
18.0371,747863,-0.24976,-0.07446,0.98901,-7.38500,1.16000,15.13700
18.0491,747873,-0.23120,-0.07300,0.94873,-7.44600,2.38000,15.32000
18.0596,747883,-0.24707,-0.07373,0.93652,-7.08000,2.13600,15.93000
18.0777,747893,-0.25171,-0.09326,0.93481,-6.83600,3.72300,15.62500
18.0839,747903,-0.25903,-0.08398,0.90894,-6.83600,2.62500,16.29600
18.0839,747913,-0.26733,-0.08545,0.88550,-6.59200,1.16000,17.21200
18.1000,747923,-0.26172,-0.09521,0.87915,-6.28700,1.58700,15.07600
18.1130,747933,-0.24976,-0.11133,0.87573,-4.45600,3.72300,14.83200
18.1157,747943,-0.26294,-0.11743,0.87646,-2.74700,3.11300,15.74700
18.1496,747953,-0.23364,-0.11328,0.88867,-2.38000,3.66200,16.29600
18.1496,747963,-0.26367,-0.10571,0.90527,-1.58700,4.45600,17.57800
18.1496,747973,-0.28345,-0.09863,0.91431,-1.64800,3.47900,17.88300
18.1576,747983,-0.28369,-0.09961,0.91992,-1.83100,2.93000,17.63900
18.1680,747993,-0.28735,-0.09766,0.92505,-2.19700,1.95300,18.00500
18.1717,748003,-0.28125,-0.07642,0.91626,-1.77000,5.31000,16.78500
18.1859,748013,-0.30151,-0.09058,0.91943,-2.56300,3.66200,17.21200
18.1919,748023,-0.30249,-0.09937,0.91992,-1.34300,3.54000,16.90700
18.2085,748033,-0.32520,-0.10181,0.91943,-2.07500,2.86900,17.70000
18.2207,748043,-0.30029,-0.10083,0.91675,-1.40400,3.41800,17.15100
18.2313,748053,-0.34009,-0.11230,0.92212,-1.77000,2.44100,17.94400
18.2412,748063,-0.31958,-0.10767,0.92432,-0.85400,3.41800,15.38100
18.2446,748073,-0.32349,-0.09424,0.91870,-1.03800,2.62500,17.88300
18.2591,748083,-0.32227,-0.09204,0.94507,-0.54900,2.93000,16.60200
18.2686,748093,-0.32251,-0.09595,0.94849,0.48800,2.68600,16.54100
18.2801,748103,-0.30835,-0.09326,0.95801,2.01400,3.11300,16.54100
18.2911,748113,-0.31250,-0.10254,0.95850,2.74700,4.02800,17.02900
18.3018,748123,-0.32129,-0.07544,1.01587,3.90600,3.23500,18.86000
18.3049,748133,-0.32788,-0.07349,1.04639,4.21100,3.47900,20.26400
18.3122,748143,-0.39233,-0.07153,1.11475,3.41800,3.90600,20.02000
18.3278,748153,-0.44409,-0.05615,1.11963,1.22100,2.07500,18.43300
18.3404,748163,-0.44849,-0.03223,1.11841,-0.36600,1.09900,18.00500
18.3404,748173,-0.42065,-0.02979,1.09595,-1.52600,0.48800,15.86900
18.3532,748183,-0.39014,-0.04199,1.10522,-2.07500,2.44100,14.95400
18.3706,748193,-0.38062,-0.01660,1.07812,-2.86900,1.77000,13.91600
18.3828,748203,-0.36768,-0.02197,1.07495,-2.80800,1.28200,14.03800
18.3988,748213,-0.34570,-0.02417,1.04224,-2.56300,1.16000,15.07600
18.3988,748223,-0.35474,-0.01294,1.02637,-2.44100,1.03800,16.11300
18.4098,748233,-0.37280,-0.01514,1.05493,-2.50200,-0.30500,18.92100
18.4234,748243,-0.37427,-0.01196,1.04932,-2.74700,-0.97700,18.79900
18.4297,748253,-0.37695,-0.01392,1.02441,-3.05200,-1.16000,18.18800
18.4529,748263,-0.37573,0.00317,1.01465,-2.99100,0.18300,16.84600
18.4529,748273,-0.35913,-0.00342,1.00293,-2.25800,-0.79300,17.15100
18.4598,748283,-0.38916,-0.00195,1.00586,-2.44100,-1.83100,17.82200
18.4619,748293,-0.38477,-0.00684,1.00244,-1.77000,-0.97700,16.78500
18.4757,748303,-0.37988,-0.00684,0.98145,-1.64800,-0.36600,16.72400
18.4757,748313,-0.38135,0.01904,0.95728,-1.64800,-2.50200,17.88300
18.4917,748323,-0.37573,0.01343,0.98145,-1.58700,-1.64800,16.47900
18.5077,748333,-0.36328,0.01978,0.96484,-1.70900,-1.95300,16.29600
18.5199,748343,-0.34351,0.03491,0.93555,-1.89200,-3.23500,16.96800
18.5300,748353,-0.34863,0.02563,0.93359,-2.31900,-3.54000,16.05200
18.5398,748363,-0.34937,0.03809,0.90991,-0.73200,-2.74700,16.17400
18.5576,748373,-0.32007,0.04004,0.91748,-0.36600,-3.23500,16.29600
18.5576,748383,-0.32495,0.05322,0.91040,-0.36600,-3.96700,17.45600
18.5639,748393,-0.33179,0.05591,0.88525,0.36600,-4.39500,17.63900
18.5768,748403,-0.33423,0.05371,0.88818,0.85400,-5.31000,19.47000
18.5876,748413,-0.31787,0.07373,0.88599,1.28200,-5.06600,18.43300
18.6006,748423,-0.32593,0.08643,0.90186,2.19700,-6.34800,20.32500
18.6036,748433,-0.33350,0.10254,0.91113,3.60100,-5.61500,20.08100
18.6184,748443,-0.33569,0.11841,0.92407,4.27200,-3.47900,17.88300
18.6184,748453,-0.35083,0.11890,0.94165,4.27200,-4.70000,18.92100
18.6439,748463,-0.36060,0.11865,0.94507,4.63900,-4.88300,20.26400
18.6527,748473,-0.37036,0.12646,0.95801,4.51700,-5.92000,20.44700
18.6602,748483,-0.39233,0.12036,0.98901,3.90600,-5.43200,19.34800
18.6671,748493,-0.39771,0.12256,0.98413,2.31900,-5.61500,19.89700
18.6703,748503,-0.40747,0.12769,0.99316,2.13600,-5.55400,18.86000
18.6878,748513,-0.41650,0.12183,0.97876,1.09900,-5.12700,17.76100
18.7014,748523,-0.40894,0.11597,0.97607,0.91600,-5.92000,18.25000
18.7014,748533,-0.40112,0.12012,0.95020,1.03800,-5.85900,16.29600
18.7201,748543,-0.38379,0.10913,0.95605,0.18300,-7.75100,17.57800
18.7299,748553,-0.36938,0.12402,0.95166,0.06100,-5.79800,17.39500
18.7299,748563,-0.37695,0.11230,0.94531,0.18300,-7.20200,17.51700
18.7552,748573,-0.36816,0.13159,0.91748,-0.24400,-6.22600,17.39500
18.7552,748583,-0.36816,0.10913,0.90576,-0.79300,-8.05700,18.92100
18.7626,748593,-0.35742,0.10620,0.88770,0.00000,-8.48400,19.53100
18.7770,748603,-0.35645,0.08740,0.83740,1.22100,-8.17900,19.40900
18.7878,748613,-0.33716,0.09033,0.86475,5.12700,-7.14100,21.48400
18.7967,748623,-0.36597,0.10376,0.91455,7.20200,-5.98100,22.09500
18.7967,748633,-0.41724,0.09570,0.97876,7.81200,-5.61500,24.10900
18.8116,748643,-0.51953,0.12158,1.02710,7.50700,-6.04200,24.10900
18.8245,748653,-0.50513,0.08984,1.04956,5.79800,-7.56800,22.94900
18.8306,748663,-0.53101,0.05811,1.05640,3.35700,-9.15500,19.71400
18.8559,748673,-0.49487,0.09204,1.02881,1.28200,-11.53600,18.79900
18.8559,748683,-0.49121,0.08618,1.02734,1.64800,-8.36200,17.63900
18.8559,748693,-0.49902,0.08179,1.03394,0.30500,-4.88300,16.47900
18.8740,748703,-0.47339,0.05933,0.99219,-2.13600,-10.31500,17.76100
18.8873,748713,-0.45752,0.06445,0.98511,-1.64800,-10.92500,17.33400
18.8897,748723,-0.46826,0.08154,0.98608,-0.18300,-10.13200,16.47900
18.9124,748733,-0.43140,0.08740,0.99634,-0.79300,-12.20700,17.39500
18.9188,748743,-0.44287,0.07861,0.98706,-1.64800,-11.23000,16.47900
18.9220,748753,-0.41113,0.06470,0.92822,-2.19700,-11.29200,16.66300
18.9345,748763,-0.41479,0.07690,0.91455,-1.09900,-10.92500,16.78500
18.9504,748773,-0.42285,0.05200,0.94214,-0.54900,-11.59700,17.45600
18.9601,748783,-0.39600,0.05249,0.92480,0.30500,-12.02400,18.79900
18.9661,748793,-0.40820,0.04053,0.93896,1.03800,-13.42800,19.04300
18.9661,748803,-0.41943,0.06958,0.93945,1.22100,-13.73300,19.47000
18.9835,748813,-0.41064,0.06592,0.95581,1.77000,-13.30600,18.55500
18.9978,748823,-0.41284,0.06470,0.97876,1.52600,-12.75600,18.00500
18.9978,748833,-0.41333,0.06714,0.95703,0.48800,-14.70900,20.02000
19.0182,748843,-0.41187,0.05640,0.97998,0.06100,-14.22100,18.92100
19.0250,748853,-0.40552,0.05151,0.97021,0.36600,-12.81700,18.43300
19.0343,748863,-0.43994,0.06030,0.98462,-0.54900,-13.67200,18.43300
19.0463,748873,-0.43481,0.06006,0.96167,-0.67100,-14.22100,19.53100
19.0624,748883,-0.41724,0.05957,0.95874,-0.91600,-14.95400,18.06600
19.0624,748893,-0.42847,0.07104,0.95264,-0.79300,-15.44200,19.04300
19.0624,748903,-0.42041,0.05664,0.94751,-0.79300,-15.07600,17.51700
19.0886,748913,-0.41992,0.05005,0.95532,-1.03800,-15.32000,18.79900
19.0938,748923,-0.40674,0.04736,0.93872,0.18300,-15.07600,19.28700
19.0938,748933,-0.41553,0.03979,0.93872,0.12200,-16.29600,19.53100
19.1193,748943,-0.40137,0.04932,0.96338,0.54900,-16.96800,19.65300
19.1255,748953,-0.42603,0.04004,0.95508,0.85400,-16.90700,19.95800
19.1307,748963,-0.42896,0.04150,0.98291,0.91600,-18.31100,21.05700
19.1481,748973,-0.43970,0.03809,0.99658,0.42700,-17.02900,18.55500
19.1734,748983,-0.44604,0.02881,1.00195,0.48800,-17.76100,19.83600
19.1734,748993,-0.44653,0.04736,1.00977,-0.67100,-19.04300,20.93500
19.1734,749003,-0.44849,0.04907,1.00024,-0.91600,-18.73800,19.59200
19.1734,749013,-0.47314,0.04150,1.00317,-0.97700,-17.94400,18.18800
19.1904,749023,-0.45190,0.04077,1.01221,-1.46500,-17.88300,17.57800
19.2100,749033,-0.45654,0.04565,1.01465,-1.89200,-18.18800,16.60200
19.2100,749043,-0.44800,0.04565,1.01758,-2.80800,-18.92100,17.57800
19.2219,749053,-0.45825,0.03247,1.00610,-2.38000,-18.18800,16.54100
19.2364,749063,-0.44141,0.02905,1.00293,-2.68600,-19.40900,17.27300
19.2364,749073,-0.42847,0.05127,0.98486,-3.78400,-20.14200,18.92100
19.2523,749083,-0.44189,0.03198,1.00781,-3.60100,-19.59200,18.06600
19.2681,749093,-0.43042,0.05396,1.00659,-3.17400,-20.20300,17.33400
19.2681,749103,-0.45264,0.04321,0.99780,-3.29600,-21.17900,19.16500
19.2839,749113,-0.44849,0.03540,1.00903,-3.17400,-20.75200,17.94400
19.2839,749123,-0.44458,0.03662,0.99512,-3.72300,-21.85100,18.49400
19.2999,749133,-0.42993,0.03833,0.98926,-3.54000,-21.30100,16.96800
19.3156,749143,-0.44971,0.04565,0.98975,-4.08900,-22.82700,18.06600
19.3156,749153,-0.43164,0.03394,0.99878,-3.72300,-20.87400,16.41800
19.3363,749163,-0.41626,0.05054,1.01440,-4.57800,-21.91200,16.66300
19.3475,749173,-0.41479,0.03760,0.99634,-4.63900,-21.60600,17.70000
19.3701,749183,-0.41968,0.06274,0.98633,-5.37100,-21.66700,17.02900
19.3704,749193,-0.42993,0.04590,0.98755,-6.22600,-20.99600,16.66300
19.3798,749203,-0.42407,0.03955,0.98853,-6.59200,-21.60600,17.02900
19.3886,749213,-0.43506,0.05151,0.98193,-6.16500,-21.05700,16.72400
19.3938,749223,-0.42651,0.05005,0.97217,-6.40900,-22.27800,17.39500
19.4098,749233,-0.42188,0.04492,0.96387,-6.34800,-21.79000,16.60200
19.4098,749243,-0.41992,0.05322,0.97314,-5.79800,-22.46100,16.84600
19.4258,749253,-0.40796,0.04517,0.98315,-5.79800,-22.46100,16.90700
19.4386,749263,-0.42334,0.04346,0.98999,-5.98100,-23.43800,16.66300
19.4428,749273,-0.40430,0.06494,0.97070,-5.55400,-22.58300,16.11300
19.4575,749283,-0.40503,0.05225,0.98291,-6.95800,-24.29200,17.39500
19.4732,749293,-0.41406,0.04272,0.97876,-6.59200,-23.13200,15.74700
19.4732,749303,-0.39038,0.04419,0.99780,-6.28700,-22.58300,15.74700
19.4732,749313,-0.39551,0.04199,0.98511,-7.26300,-23.86500,16.05200
19.4901,749323,-0.39087,0.04395,0.99536,-6.40900,-23.80400,16.72400
19.5120,749333,-0.39380,0.03711,0.98511,-6.16500,-23.07100,16.54100
19.5120,749343,-0.39673,0.06250,1.00146,-5.98100,-22.88800,15.86900
19.5580,749353,-0.39380,0.05444,1.00195,-6.71400,-23.43800,16.96800
19.5580,749363,-0.38770,0.04761,1.00220,-6.53100,-22.09500,14.89300
19.5580,749373,-0.38647,0.06689,0.99072,-7.32400,-23.80400,16.11300
19.5580,749383,-0.39185,0.05054,1.01514,-7.62900,-23.92600,16.90700
19.5753,749393,-0.37500,0.06934,0.99561,-6.71400,-22.46100,15.93000
19.5753,749403,-0.38501,0.06812,0.99634,-7.50700,-23.37600,16.78500
19.5881,749413,-0.38721,0.06421,1.00781,-7.56800,-24.10900,16.72400
19.5991,749423,-0.38892,0.08008,1.01855,-7.32400,-23.56000,16.96800
19.6011,749433,-0.38892,0.07544,1.02051,-8.17900,-24.90200,17.15100
19.6189,749443,-0.39380,0.06104,1.01416,-8.85000,-25.26900,16.72400
19.6273,749453,-0.37842,0.09790,0.99780,-8.91100,-23.25400,14.83200
19.6397,749463,-0.38574,0.08423,0.99536,-9.76600,-24.59700,15.74700
19.6472,749473,-0.36475,0.09399,0.99023,-9.64400,-23.92600,15.56400
19.6501,749483,-0.35864,0.08105,0.97314,-9.33800,-23.74300,15.44200
19.6811,749493,-0.35352,0.07690,0.97681,-8.91100,-23.68200,16.11300
19.6811,749503,-0.35522,0.09082,0.96729,-8.17900,-23.31500,15.62500
19.6811,749513,-0.35498,0.09790,0.98877,-8.78900,-23.98700,16.78500
19.6991,749523,-0.35205,0.10889,0.96826,-9.21600,-24.41400,17.33400
19.6991,749533,-0.35840,0.10864,0.96582,-9.21600,-24.23100,16.66300
19.7109,749543,-0.35229,0.11279,0.94458,-9.64400,-24.53600,16.54100
19.7268,749553,-0.33105,0.10083,0.92627,-8.78900,-24.10900,16.96800
19.7320,749563,-0.33911,0.10864,0.93823,-7.32400,-22.76600,15.86900
19.7429,749573,-0.32837,0.11792,0.94336,-6.83600,-23.19300,17.76100
19.7610,749583,-0.34302,0.10815,0.96948,-5.79800,-22.82700,18.31100
19.7748,749593,-0.34253,0.12183,0.97729,-5.43200,-22.58300,18.43300
19.7748,749603,-0.35303,0.10229,1.00903,-6.53100,-22.76600,18.67700
19.7909,749613,-0.38281,0.10449,0.99390,-7.01900,-23.74300,18.00500
19.7909,749623,-0.37720,0.09448,1.01123,-7.62900,-22.58300,16.84600
19.8087,749633,-0.36475,0.09668,0.98633,-8.48400,-23.07100,16.78500
19.8087,749643,-0.37793,0.08276,0.98364,-8.72800,-23.01000,16.54100
19.8293,749653,-0.35376,0.08057,0.96631,-8.54500,-21.79000,15.38100
19.8319,749663,-0.34863,0.07568,0.97217,-8.17900,-21.30100,15.25900
19.8401,749673,-0.33740,0.07349,0.97754,-7.62900,-21.66700,15.44200
19.8545,749683,-0.32178,0.09399,0.95288,-7.01900,-23.07100,17.33400
19.8850,749693,-0.31543,0.09814,0.97729,-6.04200,-20.20300,15.56400
19.8850,749703,-0.31396,0.09204,0.99829,-6.34800,-21.30100,17.45600
19.8875,749713,-0.31470,0.08472,0.99805,-7.81200,-22.58300,19.22600
19.8907,749723,-0.33691,0.10303,1.00317,-7.81200,-22.33900,18.92100
19.9017,749733,-0.35010,0.09009,1.00073,-8.36200,-20.81300,18.25000
19.9225,749743,-0.32739,0.10693,0.99829,-9.21600,-21.60600,17.39500
19.9225,749753,-0.32422,0.09839,0.96802,-9.21600,-20.26400,16.84600
19.9913,749800,-0.30054,0.07935,0.93848,-5.98100,-19.40900,16.84600
19.9913,749802,-0.30054,0.07935,0.93848,-5.98100,-19.40900,16.84600
19.9913,749803,-0.29272,0.09326,0.93628,-5.73700,-19.10400,16.35700
19.9913,749805,-0.29272,0.09326,0.93628,-5.73700,-19.10400,16.35700
19.9913,749806,-0.29272,0.09326,0.93628,-5.73700,-19.10400,16.35700
19.9913,749813,-0.29810,0.08887,0.95288,-5.24900,-20.75200,18.92100
20.0008,749823,-0.27588,0.08716,0.95654,-4.76100,-19.83600,18.00500
20.0031,749833,-0.29688,0.08838,1.00000,-4.88300,-18.06600,16.84600
20.0197,749843,-0.28638,0.08936,0.97778,-4.82200,-17.88300,16.78500
20.0323,749853,-0.29370,0.08911,0.97583,-5.00500,-17.94400,18.06600
20.0354,749863,-0.31592,0.07935,1.01416,-3.96700,-18.18800,19.34800
20.0439,749873,-0.31982,0.08398,0.99707,-4.70000,-17.63900,18.61600
20.0598,749883,-0.32251,0.07349,1.01904,-5.06600,-18.79900,19.10400
20.0713,749893,-0.33008,0.06543,1.03931,-5.31000,-18.25000,18.73800
20.0905,749903,-0.34644,0.06714,1.02197,-5.55400,-18.00500,18.92100
20.0905,749913,-0.33667,0.06885,1.02100,-6.28700,-18.12700,18.73800
20.0999,749923,-0.34253,0.05737,1.01978,-7.20200,-16.72400,18.18800
20.1061,749933,-0.34375,0.04688,1.01318,-7.56800,-17.33400,18.61600
20.1270,749943,-0.31836,0.05103,0.99829,-7.08000,-15.68600,17.51700
20.1351,749953,-0.32544,0.04736,0.98682,-7.26300,-16.11300,16.96800
20.1526,749963,-0.32153,0.05029,0.96021,-7.75100,-15.86900,16.66300
20.1526,749973,-0.31323,0.04346,0.96411,-6.89700,-15.01500,17.09000
20.1611,749983,-0.32007,0.02808,0.95703,-5.55400,-14.64800,17.02900
20.1683,749993,-0.30396,0.02930,0.95459,-5.43200,-15.19800,16.72400
20.1916,750003,-0.32617,0.03052,0.95752,-5.43200,-14.46500,16.72400
20.1916,750013,-0.31323,0.03247,0.96313,-4.63900,-14.77100,16.11300
20.2004,750023,-0.30640,0.03027,0.96777,-4.57800,-14.64800,16.29600
20.2080,750033,-0.30469,0.03760,0.96460,-4.39500,-14.70900,16.84600
20.2280,750043,-0.30737,0.03076,0.97095,-4.45600,-14.22100,17.76100
20.2280,750053,-0.29004,0.03784,0.96460,-5.06600,-14.28200,17.45600
20.2364,750063,-0.29785,0.02710,0.98413,-4.63900,-13.12300,15.99100
20.2478,750073,-0.30859,0.02344,0.97632,-4.39500,-12.08500,16.41800
20.2675,750083,-0.27930,0.01978,0.98413,-3.84500,-12.63400,16.05200
20.2675,750093,-0.29663,-0.00122,0.98853,-3.90600,-12.32900,17.45600
20.2793,750103,-0.29712,0.02124,0.99390,-3.96700,-11.53600,17.21200
20.2898,750113,-0.29150,0.01880,0.99634,-3.41800,-11.78000,18.12700
20.3148,750123,-0.29761,0.00708,1.00977,-3.54000,-11.65800,17.27300
20.3265,750133,-0.31934,0.01807,1.00879,-3.72300,-10.80300,16.47900
20.3265,750143,-0.31763,0.01270,1.01807,-3.54000,-10.74200,17.45600
20.3265,750153,-0.32959,0.00513,0.99976,-3.72300,-11.47500,17.51700
20.3424,750163,-0.33813,-0.00146,1.02734,-4.02800,-10.80300,16.78500
20.3483,750173,-0.35425,0.01929,1.01123,-4.08900,-10.62000,17.94400
20.3585,750183,-0.33057,0.02124,1.03125,-3.96700,-9.76600,15.93000
20.3687,750193,-0.34888,0.01929,1.04443,-4.82200,-8.97200,15.74700
20.3787,750203,-0.35718,0.03320,1.03589,-5.00500,-10.25400,17.27300
20.3907,750213,-0.35278,0.02979,1.03394,-4.94400,-8.91100,14.70900
20.3907,750223,-0.34888,0.02222,1.01367,-4.39500,-7.81200,14.83200
20.4065,750233,-0.35010,0.01050,1.01294,-4.57800,-8.54500,15.32000
20.4100,750243,-0.33228,0.01733,1.00244,-4.33300,-8.24000,15.56400
20.4326,750253,-0.35059,0.03296,1.02417,-3.96700,-9.39900,17.39500
20.4326,750263,-0.34668,0.01099,1.03442,-3.23500,-8.66700,16.54100
20.4396,750273,-0.34863,0.02417,1.05200,-3.17400,-7.56800,15.86900
20.4543,750283,-0.37085,0.01978,1.06763,-4.02800,-6.53100,15.50300
20.4543,750293,-0.36133,0.02051,1.06592,-4.57800,-6.89700,15.86900
20.4700,750303,-0.37598,0.01855,1.05835,-5.73700,-7.44600,16.23500
20.4858,750313,-0.39355,0.03320,1.03418,-6.40900,-6.65300,15.80800
20.5019,750323,-0.38892,0.02124,1.03882,-6.53100,-7.08000,15.86900
20.5019,750333,-0.38721,0.02808,1.00610,-6.65300,-6.16500,14.52600
20.5209,750343,-0.38940,0.02832,1.00122,-6.83600,-6.59200,14.28200
20.5348,750353,-0.37378,0.02319,0.99487,-6.16500,-4.63900,12.14600
20.5396,750363,-0.35889,0.02246,0.98901,-6.40900,-5.73700,13.79400
20.5506,750373,-0.36816,0.03271,0.97925,-6.89700,-5.49300,13.79400
20.5597,750383,-0.36401,0.02710,0.97900,-6.53100,-5.18800,13.79400
20.5644,750393,-0.34131,0.03076,0.96582,-5.92000,-5.24900,13.85500
20.5758,750403,-0.34082,0.02075,0.94019,-7.08000,-6.47000,15.74700
20.5960,750413,-0.35083,0.02954,0.93457,-6.47000,-5.79800,15.01500
20.5998,750423,-0.35962,0.04224,0.93945,-5.98100,-5.67600,15.07600
20.5998,750433,-0.35156,0.04175,0.91479,-5.55400,-5.18800,15.07600
20.6184,750443,-0.36865,0.02783,0.91431,-5.24900,-5.61500,15.74700
20.6283,750453,-0.36646,0.04053,0.92310,-4.51700,-5.31000,14.89300
20.6368,750463,-0.35742,0.03345,0.91431,-4.27200,-5.00500,15.38100
20.6440,750473,-0.36206,0.03418,0.91602,-4.39500,-5.06600,14.52600
20.6599,750483,-0.35718,0.05444,0.88940,-4.33300,-5.00500,15.44200
20.6599,750493,-0.36377,0.05029,0.90063,-4.51700,-6.04200,15.19800
20.6760,750503,-0.34790,0.04077,0.89111,-4.33300,-4.21100,15.38100
20.6922,750513,-0.35962,0.03467,0.89331,-4.21100,-4.08900,15.25900
20.6922,750523,-0.33789,0.04102,0.87573,-3.90600,-5.61500,15.74700
20.7083,750533,-0.36499,0.03516,0.89062,-2.93000,-4.51700,15.62500
20.7083,750543,-0.34839,0.02124,0.86841,-2.80800,-4.15000,14.95400
20.7243,750553,-0.34424,0.04370,0.87744,-1.95300,-4.21100,15.68600
20.7336,750563,-0.36108,0.01758,0.90283,-1.09900,-4.08900,15.68600
20.7415,750573,-0.36841,0.02490,0.89600,-0.24400,-4.39500,16.60200
20.7560,750583,-0.37769,0.04004,0.92261,0.67100,-4.82200,16.47900
20.7560,750593,-0.37549,0.03076,0.92554,0.18300,-5.24900,17.45600
20.7716,750603,-0.37793,0.04102,0.96240,0.54900,-4.02800,16.66300
20.7877,750613,-0.39087,0.04004,0.98022,0.36600,-4.82200,16.84600
20.8035,750623,-0.39307,0.03735,0.98096,0.36600,-4.51700,17.21200
20.8035,750633,-0.40796,0.04175,0.99023,0.30500,-4.08900,16.66300
20.8189,750643,-0.40796,0.04321,1.00977,-0.85400,-4.08900,15.56400
20.8285,750653,-0.42358,0.04370,1.02124,-1.03800,-3.96700,15.93000
20.8348,750663,-0.43481,0.03906,1.01904,-1.95300,-3.90600,16.17400
20.8348,750673,-0.42871,0.04443,1.00879,-2.25800,-4.51700,15.07600
20.8508,750683,-0.42236,0.05249,0.98120,-2.62500,-3.72300,15.01500
20.8667,750693,-0.40479,0.05493,0.99658,-2.19700,-3.72300,15.07600
20.8824,750703,-0.41699,0.04858,0.99390,-1.89200,-3.78400,16.17400
20.9200,750713,-0.44604,0.04761,1.00269,-1.40400,-3.41800,15.74700
20.9200,750723,-0.39966,0.07007,0.97632,-1.58700,-3.35700,16.84600
20.9200,750733,-0.40479,0.04614,0.99414,-1.64800,-3.54000,15.50300
20.9200,750743,-0.40161,0.05859,0.98291,-1.34300,-2.68600,15.68600
20.9237,750753,-0.42432,0.06226,0.98853,-1.34300,-2.93000,15.50300
20.9394,750763,-0.41553,0.07275,0.99780,-0.91600,-3.90600,16.11300
20.9480,750773,-0.41089,0.06299,1.00342,-1.09900,-3.66200,16.11300
20.9480,750783,-0.42139,0.06201,1.00513,-1.09900,-3.35700,16.41800
20.9649,750793,-0.41211,0.05737,0.98950,-1.77000,-3.66200,16.66300
20.9778,750803,-0.39722,0.04834,1.03027,-1.52600,-1.34300,14.58700
20.9778,750813,-0.40918,0.05786,0.99780,-1.28200,-1.46500,15.50300
20.9935,750823,-0.42944,0.04297,1.02124,-2.93000,-2.38000,15.74700
21.0107,750833,-0.42505,0.02979,1.01367,-3.47900,-2.31900,16.47900
21.0107,750843,-0.42212,0.02954,0.98779,-3.05200,-2.07500,16.23500
21.0274,750853,-0.42725,0.03491,0.98438,-3.35700,-2.07500,15.44200
21.0346,750863,-0.41284,0.03076,0.97534,-3.60100,-0.97700,15.80800
21.0411,750873,-0.40771,0.01929,0.98145,-3.35700,-1.03800,14.83200
21.0569,750883,-0.41870,0.02856,0.95898,-3.47900,-0.79300,15.74700
21.0623,750893,-0.41284,0.03638,0.93652,-3.41800,0.18300,15.25900
21.0729,750903,-0.42358,0.02026,0.93311,-3.29600,-0.91600,15.74700
21.0886,750913,-0.39355,0.02563,0.93799,-3.17400,-1.52600,16.72400
21.0886,750923,-0.41016,0.02612,0.95093,-2.50200,0.00000,15.93000
21.1044,750933,-0.42480,0.01685,0.94458,-2.74700,-0.42700,16.35700
21.1202,750943,-0.42114,0.04224,0.94580,-2.19700,-0.54900,16.23500
21.1202,750953,-0.42578,0.04053,0.93506,-2.56300,-0.36600,16.41800
21.1381,750963,-0.42432,0.03125,0.93726,-2.74700,0.18300,14.70900
21.1381,750973,-0.42627,0.03442,0.94629,-2.38000,-1.03800,16.78500
21.1568,750983,-0.42554,0.04053,0.93384,-2.68600,-0.18300,16.60200
21.1771,750993,-0.42578,0.02466,0.93701,-2.99100,0.12200,16.47900
21.1771,751003,-0.42212,0.03418,0.92847,-2.25800,0.91600,16.17400
21.1884,751013,-0.43506,0.04272,0.92188,-1.77000,1.09900,15.86900
21.1947,751023,-0.43726,0.03638,0.92188,-2.31900,-0.36600,16.84600
21.2081,751033,-0.45190,0.05273,0.94702,-1.64800,0.42700,16.11300
21.2271,751043,-0.45020,0.03711,0.94507,-1.95300,0.91600,17.39500
21.2371,751053,-0.44531,0.04590,0.93799,-1.64800,0.79300,17.57800
21.2371,751063,-0.44824,0.04517,0.95557,-1.70900,1.46500,16.90700
21.2477,751073,-0.46851,0.05908,0.96021,-1.89200,2.86900,15.62500
21.2533,751083,-0.45850,0.06519,0.95117,-2.38000,1.95300,16.35700
21.2705,751093,-0.47559,0.04150,0.94458,-3.17400,2.01400,17.02900
21.2705,751103,-0.48071,0.04810,0.93896,-3.29600,2.07500,16.05200
21.2865,751113,-0.48340,0.04980,0.95776,-3.05200,2.86900,16.11300
21.2951,751123,-0.49561,0.05493,0.95166,-2.80800,2.80800,16.66300
21.3035,751133,-0.49878,0.04639,0.94434,-2.86900,2.56300,16.72400
21.3180,751143,-0.51221,0.05444,0.95435,-2.74700,3.23500,16.29600
21.3322,751153,-0.51831,0.05566,0.95410,-3.17400,2.44100,17.15100
21.3371,751163,-0.52441,0.04517,0.95898,-3.41800,2.44100,16.60200
21.3512,751173,-0.53564,0.03564,0.95605,-3.60100,1.95300,16.90700
21.3548,751183,-0.52612,0.05054,0.93140,-3.78400,2.86900,15.56400
21.3659,751193,-0.53979,0.04517,0.94385,-4.02800,1.64800,16.05200
21.3774,751203,-0.53564,0.04834,0.94580,-3.84500,2.25800,15.80800
21.3868,751213,-0.52832,0.04907,0.92554,-4.76100,2.56300,16.23500
21.3973,751223,-0.52026,0.04297,0.94580,-4.57800,2.19700,15.01500
21.4211,751233,-0.50977,0.04907,0.91797,-4.45600,2.80800,15.68600
21.4211,751243,-0.49878,0.04541,0.92969,-5.49300,3.29600,15.80800
21.4211,751253,-0.48364,0.06616,0.90747,-5.12700,3.84500,15.50300
21.4375,751263,-0.49512,0.05103,0.90283,-5.24900,4.21100,15.25900
21.4375,751273,-0.52100,0.05127,0.89478,-5.31000,4.63900,15.56400
21.4537,751283,-0.52393,0.04761,0.87744,-4.21100,4.08900,17.02900
21.4703,751293,-0.53052,0.04395,0.87915,-4.51700,3.47900,17.51700
21.4822,751303,-0.53687,0.05981,0.85864,-4.27200,3.41800,17.39500
21.4872,751313,-0.55835,0.05151,0.87451,-4.33300,3.29600,17.21200
21.4976,751323,-0.54346,0.04858,0.87402,-3.72300,3.96700,15.44200
21.5269,751333,-0.55542,0.04858,0.89307,-3.78400,3.60100,15.86900
21.5269,751343,-0.56177,0.05347,0.87646,-3.41800,3.66200,14.89300
21.5269,751353,-0.56567,0.04565,0.88403,-3.96700,2.19700,15.68600
21.5374,751363,-0.57080,0.05493,0.89551,-4.15000,1.83100,15.93000
21.5374,751373,-0.56323,0.05371,0.90430,-5.00500,2.44100,15.56400
21.5535,751383,-0.56714,0.05835,0.90552,-5.00500,3.11300,14.58700
21.5671,751393,-0.56860,0.06763,0.86987,-5.24900,2.01400,15.86900
21.5763,751403,-0.55615,0.04956,0.88452,-5.49300,1.34300,15.93000
21.5884,751413,-0.56177,0.06421,0.86646,-5.12700,1.52600,15.68600
21.6013,751423,-0.56299,0.07324,0.84326,-5.12700,3.05200,14.70900
21.6057,751433,-0.56665,0.05396,0.86011,-4.51700,2.38000,15.99100
21.6205,751443,-0.56299,0.06421,0.86475,-4.15000,3.05200,15.25900
21.6282,751453,-0.57861,0.09131,0.87378,-3.66200,1.40400,16.78500
21.6373,751463,-0.58594,0.07910,0.87646,-4.51700,0.30500,17.09000
21.6457,751473,-0.59326,0.07251,0.88770,-4.08900,0.18300,16.72400
21.6540,751483,-0.59351,0.07544,0.88037,-4.15000,0.36600,16.29600
21.6680,751493,-0.59619,0.06543,0.88672,-4.08900,1.22100,15.38100
21.6868,751503,-0.60034,0.05737,0.89111,-5.00500,1.64800,15.25900
21.6868,751513,-0.59131,0.05884,0.88037,-5.00500,0.79300,15.38100
21.6994,751523,-0.62256,0.05737,0.88892,-5.49300,0.18300,15.74700
21.7038,751533,-0.60474,0.06250,0.86890,-5.37100,0.18300,14.83200
21.7425,751543,-0.60864,0.04321,0.86084,-5.37100,-0.48800,15.25900
21.7425,751553,-0.60181,0.05029,0.87036,-5.73700,-0.79300,14.46500
21.7425,751563,-0.60547,0.05664,0.87842,-5.18800,-0.85400,13.67200
21.7471,751573,-0.60425,0.05371,0.85498,-5.31000,-0.61000,13.67200
21.7629,751583,-0.60767,0.05615,0.86011,-5.12700,-1.34300,14.77100
21.7705,751593,-0.61646,0.05688,0.85156,-5.31000,-1.16000,14.83200
21.7705,751603,-0.61768,0.05566,0.85376,-5.00500,-2.38000,14.58700
21.7878,751613,-0.61499,0.04907,0.86743,-6.04200,-1.64800,14.16000
21.8037,751623,-0.61865,0.05640,0.86133,-5.18800,-1.83100,15.19800
21.8059,751633,-0.60229,0.06006,0.86450,-5.24900,-2.13600,15.62500
21.8207,751643,-0.61719,0.05566,0.86206,-5.61500,-3.60100,15.13700
21.8207,751653,-0.60254,0.05566,0.85303,-5.98100,-2.31900,14.09900
21.8369,751663,-0.60474,0.05298,0.85669,-4.94400,-2.93000,14.77100
21.8487,751673,-0.60205,0.06567,0.84326,-5.67600,-3.23500,13.30600
21.8648,751683,-0.61646,0.05078,0.84937,-5.37100,-2.74700,13.12300
21.8701,751693,-0.62402,0.04834,0.83911,-5.85900,-3.23500,13.97700
21.8802,751703,-0.61401,0.05005,0.83765,-6.28700,-4.94400,15.07600
21.8923,751713,-0.61670,0.05176,0.82983,-5.18800,-5.31000,15.56400
21.8923,751723,-0.60156,0.04956,0.82739,-5.18800,-4.94400,14.16000
21.9042,751733,-0.60693,0.04932,0.83691,-4.88300,-6.53100,15.07600
21.9219,751743,-0.60669,0.04541,0.83911,-4.51700,-6.40900,15.50300
21.9219,751753,-0.60132,0.04468,0.83179,-4.57800,-5.85900,13.97700
21.9805,751801,-0.63770,0.05566,0.84692,-5.18800,-7.93500,16.60200
21.9805,751803,-0.62549,0.03979,0.84790,-4.76100,-7.26300,15.68600
21.9805,751804,-0.62549,0.03979,0.84790,-4.76100,-7.26300,15.68600
21.9805,751806,-0.62549,0.03979,0.84790,-4.76100,-7.26300,15.68600
21.9873,751807,-0.62549,0.03979,0.84790,-4.76100,-7.26300,15.68600
21.9873,751813,-0.62427,0.05688,0.84692,-5.18800,-8.36200,16.54100
21.9976,751823,-0.61938,0.03931,0.85669,-4.94400,-9.58300,15.93000
22.0040,751833,-0.63013,0.03979,0.83691,-5.06600,-8.36200,14.46500
22.0180,751843,-0.63647,0.05103,0.83838,-5.61500,-8.54500,15.93000
22.0203,751853,-0.63647,0.04956,0.83813,-5.06600,-8.91100,15.32000
22.0511,751863,-0.62964,0.05493,0.83691,-4.76100,-9.27700,15.80800
22.0511,751873,-0.62085,0.04663,0.83008,-5.49300,-10.19300,16.17400
22.0536,751883,-0.62817,0.04395,0.84204,-4.15000,-8.91100,15.01500
22.0711,751893,-0.63892,0.03418,0.83813,-4.51700,-9.88800,15.32000
22.0711,751903,-0.64282,0.04785,0.83569,-5.18800,-10.98600,17.94400
22.0874,751913,-0.65161,0.03711,0.84033,-4.88300,-10.62000,16.60200
22.0971,751923,-0.64355,0.02588,0.84180,-4.70000,-10.98600,15.38100
22.1091,751933,-0.65869,0.03760,0.84839,-5.18800,-12.51200,16.54100
22.1213,751943,-0.65234,0.04053,0.84106,-4.94400,-11.84100,15.38100
22.1410,751953,-0.64087,0.03931,0.82642,-5.12700,-12.57300,15.74700
22.1417,751963,-0.64404,0.04053,0.83081,-5.37100,-12.87800,15.56400
22.1450,751973,-0.62622,0.04077,0.83130,-5.18800,-12.75600,15.62500
22.1626,751983,-0.64600,0.02417,0.81519,-5.37100,-13.12300,15.44200
22.1707,751993,-0.64160,0.02490,0.82520,-4.82200,-13.00000,15.19800
22.1707,752003,-0.62183,0.02686,0.81836,-4.76100,-13.42800,15.01500
22.1869,752013,-0.61694,0.01953,0.81763,-5.12700,-14.83200,15.38100
22.1992,752023,-0.60962,0.04102,0.81201,-4.70000,-13.48900,14.40400
22.2038,752033,-0.62549,0.03198,0.82251,-4.39500,-13.12300,14.52600
22.2179,752043,-0.61426,0.04321,0.82251,-4.63900,-14.03800,15.74700
22.2421,752053,-0.63135,0.03906,0.81641,-4.21100,-14.83200,15.50300
22.2421,752063,-0.62036,0.02905,0.82153,-4.21100,-15.01500,15.50300
22.2421,752073,-0.62793,0.02686,0.81348,-4.63900,-16.35700,16.54100
22.2562,752083,-0.62720,0.03442,0.82397,-4.82200,-16.78500,16.90700
22.2708,752093,-0.62939,0.03442,0.82397,-4.51700,-14.09900,15.01500
22.2708,752103,-0.64502,0.03442,0.82520,-3.84500,-15.07600,14.95400
22.2870,752113,-0.64282,0.04004,0.81860,-5.06600,-15.93000,15.50300
22.2990,752123,-0.64282,0.04297,0.80542,-4.15000,-15.38100,15.19800
22.3113,752133,-0.62036,0.03149,0.79150,-4.39500,-16.78500,16.17400
22.3199,752143,-0.62183,0.02515,0.80249,-4.08900,-17.02900,15.80800
22.3413,752153,-0.62476,0.04028,0.81860,-3.54000,-16.66300,15.25900
22.3413,752163,-0.63013,0.03027,0.80811,-3.41800,-17.15100,16.11300
22.3492,752173,-0.62378,0.02905,0.82373,-3.72300,-16.66300,16.84600
22.3618,752183,-0.63574,0.03027,0.82227,-3.60100,-16.90700,16.05200
22.3768,752193,-0.63745,0.03882,0.81738,-3.72300,-17.94400,16.90700
22.3795,752203,-0.63232,0.02905,0.82861,-4.70000,-18.43300,16.35700
22.3871,752213,-0.64307,0.02612,0.82837,-4.94400,-18.00500,15.93000
22.3981,752223,-0.63428,0.02832,0.80396,-5.12700,-18.55500,15.80800
22.4104,752233,-0.62378,0.01660,0.81592,-5.43200,-18.67700,15.99100
22.4205,752243,-0.63062,0.03076,0.81421,-4.82200,-18.06600,15.68600
22.4281,752253,-0.63647,0.01538,0.80298,-5.18800,-18.06600,15.93000
22.4388,752263,-0.62964,0.01367,0.79663,-5.37100,-18.55500,14.95400
22.4388,752273,-0.62988,0.02026,0.80957,-5.79800,-19.83600,15.62500
22.4591,752283,-0.60767,0.01123,0.79468,-5.61500,-18.61600,13.61100
22.4679,752293,-0.59888,0.00830,0.77783,-5.49300,-19.28700,15.07600
22.4702,752303,-0.59302,0.02026,0.75317,-5.37100,-19.22600,14.46500
22.4872,752313,-0.58594,0.01758,0.76392,-4.82200,-19.22600,15.32000
22.5161,752323,-0.60327,0.01270,0.76733,-5.49300,-19.22600,14.89300
22.5161,752333,-0.58960,0.03760,0.76685,-4.76100,-19.40900,15.13700
22.5184,752343,-0.58423,0.01880,0.76074,-4.57800,-20.02000,15.62500
22.5291,752353,-0.58740,0.01562,0.74707,-4.39500,-20.26400,15.86900
22.5468,752363,-0.56372,0.02319,0.75366,-4.94400,-20.02000,14.40400
22.5468,752373,-0.55420,0.01099,0.75244,-4.08900,-19.22600,14.34300
22.5582,752383,-0.56079,0.01221,0.74365,-4.51700,-21.24000,16.66300
22.5680,752393,-0.56519,0.01733,0.75049,-3.72300,-20.02000,16.05200
22.5808,752403,-0.54785,0.01660,0.76147,-3.96700,-19.65300,15.32000
22.5876,752413,-0.54834,0.02368,0.76636,-4.27200,-19.89700,16.54100
22.5898,752423,-0.57324,0.03247,0.75830,-4.63900,-20.08100,16.78500
22.6129,752433,-0.56738,0.01196,0.76416,-4.51700,-20.26400,16.96800
22.6196,752443,-0.57471,0.02612,0.75244,-4.15000,-20.50800,16.84600
22.6339,752453,-0.56689,0.02002,0.77344,-3.17400,-19.95800,17.39500
22.6459,752463,-0.56787,0.03857,0.76196,-3.17400,-20.63000,17.45600
22.6531,752473,-0.59229,0.01123,0.77808,-3.17400,-19.95800,16.47900
22.6614,752483,-0.58350,0.02100,0.79541,-3.23500,-20.56900,17.51700
22.6702,752493,-0.60986,0.00781,0.81372,-3.41800,-20.20300,16.78500
22.6702,752503,-0.58252,0.02026,0.78882,-3.72300,-20.38600,15.80800
22.6870,752513,-0.58789,0.02466,0.79395,-3.41800,-19.83600,15.13700
22.6870,752523,-0.57178,0.02197,0.78345,-5.18800,-21.66700,16.17400
22.7098,752533,-0.58203,0.02466,0.80371,-4.82200,-21.05700,15.62500
22.7179,752543,-0.57227,0.03027,0.78882,-4.45600,-20.63000,16.23500
22.7323,752553,-0.57397,0.02222,0.79150,-4.15000,-20.69100,15.50300
22.7542,752563,-0.57544,0.04468,0.80005,-3.90600,-20.63000,16.41800
22.7542,752573,-0.58423,0.01953,0.81177,-4.27200,-19.65300,14.34300
22.7542,752583,-0.56763,0.03076,0.80908,-4.63900,-20.75200,15.44200
22.7740,752593,-0.55908,0.03784,0.81323,-4.27200,-19.77500,15.01500
22.7740,752603,-0.53955,0.02930,0.79150,-4.27200,-19.65300,14.77100
22.7874,752613,-0.54565,0.03809,0.80078,-4.82200,-19.83600,15.25900
22.7960,752623,-0.54395,0.04053,0.81836,-4.15000,-19.16500,15.32000
22.8084,752633,-0.55322,0.04883,0.80786,-4.63900,-19.83600,15.86900
22.8179,752643,-0.54272,0.03516,0.82080,-4.94400,-20.02000,15.93000
22.8225,752653,-0.54883,0.02905,0.83228,-5.49300,-20.02000,15.86900
22.8541,752663,-0.53809,0.03540,0.82544,-5.12700,-20.14200,15.93000
22.8541,752673,-0.53442,0.02637,0.81592,-5.98100,-19.16500,14.83200
22.8541,752683,-0.52197,0.03223,0.80518,-5.18800,-18.86000,16.23500
22.8700,752693,-0.52368,0.03418,0.79224,-5.37100,-19.10400,17.09000
22.8700,752703,-0.52075,0.03223,0.81274,-4.51700,-17.33400,15.44200
22.8896,752713,-0.55811,0.02979,0.81372,-4.08900,-17.88300,16.54100
22.8965,752723,-0.54150,0.03613,0.81812,-3.96700,-17.39500,15.62500
22.9034,752733,-0.54150,0.03076,0.82666,-4.51700,-17.27300,16.54100
22.9180,752743,-0.53369,0.02661,0.81982,-4.94400,-16.72400,16.47900
22.9209,752753,-0.53784,0.02466,0.80957,-5.18800,-17.39500,16.90700
22.9376,752763,-0.56641,0.02100,0.82959,-5.00500,-15.80800,16.41800
22.9573,752773,-0.57422,0.01660,0.81763,-4.33300,-15.62500,17.27300
22.9573,752783,-0.56641,0.01904,0.82129,-4.45600,-15.50300,16.96800
22.9708,752793,-0.59619,0.03271,0.84180,-3.84500,-16.23500,18.25000
22.9708,752803,-0.60522,0.03467,0.86279,-3.47900,-16.11300,17.82200
22.9869,752813,-0.59229,0.02148,0.84644,-3.47900,-15.38100,16.84600
22.9984,752823,-0.58594,0.03345,0.87671,-3.90600,-14.83200,15.50300
23.0039,752833,-0.60596,0.03638,0.87183,-5.31000,-15.68600,17.09000
23.0188,752843,-0.58838,0.02661,0.86987,-5.43200,-14.89300,16.78500
23.0236,752853,-0.59229,0.03979,0.87109,-5.55400,-14.16000,16.66300
23.0371,752863,-0.61523,0.02368,0.87183,-5.24900,-14.40400,15.86900
23.0559,752873,-0.61890,0.02222,0.86646,-5.67600,-14.70900,18.00500
23.0611,752883,-0.64380,0.02808,0.88428,-5.67600,-14.89300,15.99100
23.0715,752893,-0.66260,0.02295,0.88843,-5.92000,-13.91600,15.62500
23.0715,752903,-0.63770,0.02930,0.89502,-5.92000,-13.73300,13.79400
23.0873,752913,-0.61182,0.03198,0.88940,-6.77500,-14.22100,13.36700
23.0873,752923,-0.58032,0.01514,0.87866,-7.93500,-14.58700,14.95400
23.1033,752933,-0.57129,0.02490,0.87451,-8.05700,-13.36700,15.19800
23.1208,752943,-0.56934,0.00830,0.86450,-7.99600,-12.57300,15.44200
23.1222,752953,-0.58569,0.01416,0.83984,-7.93500,-12.14600,15.25900
23.1368,752963,-0.54688,0.01465,0.82446,-7.20200,-12.32900,16.41800
23.1538,752973,-0.56982,0.01318,0.83716,-7.01900,-12.02400,16.35700
23.1538,752983,-0.59961,0.01221,0.84888,-6.28700,-10.86400,14.40400
23.1700,752993,-0.58105,0.00757,0.82324,-5.79800,-12.26800,15.74700
23.1792,753003,-0.57617,0.02319,0.84668,-5.85900,-11.23000,15.99100
23.1869,753013,-0.59546,0.00659,0.84912,-5.00500,-11.84100,16.78500
23.1941,753023,-0.58130,0.00708,0.86719,-4.76100,-10.86400,17.27300
23.2039,753033,-0.59351,0.01343,0.84961,-5.73700,-10.92500,17.27300
23.2179,753043,-0.58643,0.03027,0.90332,-4.82200,-8.97200,16.05200
23.2207,753053,-0.63110,0.01147,0.90234,-5.92000,-8.48400,16.35700
23.2369,753063,-0.63647,0.00659,0.90332,-6.16500,-9.64400,16.11300
23.2649,753073,-0.64209,0.01318,0.87866,-7.08000,-9.27700,16.35700
23.2870,753083,-0.63501,0.01172,0.85376,-7.75100,-9.09400,15.50300
23.3013,753093,-0.64038,0.01001,0.87549,-7.81200,-10.13200,16.23500
23.3013,753103,-0.60498,0.00342,0.84717,-7.20200,-8.36200,14.95400
23.3130,753113,-0.61206,0.00171,0.85181,-6.47000,-9.94900,16.17400
23.3202,753123,-0.60718,0.02002,0.84814,-5.61500,-9.03300,14.77100
23.3202,753133,-0.59644,0.01343,0.85522,-5.55400,-7.99600,15.25900
23.3202,753143,-0.59448,0.01807,0.85742,-6.40900,-8.72800,17.39500
23.3361,753153,-0.58228,0.02344,0.86157,-6.22600,-8.97200,17.45600
23.3376,753163,-0.59473,0.02026,0.85718,-6.47000,-7.44600,16.84600
23.3669,753173,-0.59302,0.00415,0.85303,-5.79800,-7.44600,16.41800
23.3669,753183,-0.60425,0.01904,0.84448,-6.53100,-7.81200,16.47900
23.3715,753193,-0.62476,0.01514,0.86279,-5.73700,-8.24000,18.98200
23.3805,753203,-0.59961,0.01196,0.83594,-6.10400,-7.50700,18.31100
23.3870,753213,-0.62842,0.02661,0.84741,-5.98100,-7.44600,18.61600
23.4013,753223,-0.62671,0.00513,0.84277,-5.73700,-7.26300,17.39500
23.4039,753233,-0.62769,0.02734,0.84497,-6.28700,-6.53100,17.94400
23.4179,753243,-0.62158,0.00977,0.83252,-5.31000,-5.79800,17.27300
23.4304,753253,-0.63208,0.00366,0.85400,-5.18800,-6.16500,18.49400
23.4377,753263,-0.64355,-0.00317,0.85156,-4.82200,-5.00500,17.27300
23.4704,753273,-0.64136,0.01440,0.84326,-5.43200,-6.04200,18.49400
23.4704,753283,-0.65015,-0.00049,0.84277,-5.31000,-6.89700,17.27300
23.4714,753293,-0.63452,-0.00391,0.84473,-4.76100,-5.92000,16.72400
23.4807,753303,-0.60815,0.00488,0.85034,-5.37100,-5.85900,17.33400
23.4918,753313,-0.60742,-0.00391,0.84229,-5.00500,-5.18800,17.09000
23.5013,753323,-0.65234,0.01074,0.85327,-5.12700,-4.33300,17.33400
23.5061,753333,-0.64014,-0.00220,0.85083,-4.88300,-5.12700,17.88300
23.5223,753343,-0.63428,0.00415,0.84937,-4.88300,-4.57800,17.33400
23.5223,753353,-0.63794,0.00000,0.86548,-5.18800,-5.43200,18.25000
23.5372,753363,-0.64404,0.00977,0.84814,-5.55400,-5.00500,16.23500
23.5479,753373,-0.63306,0.00244,0.84595,-5.67600,-4.76100,17.82200
23.5702,753383,-0.63452,0.02539,0.81763,-6.16500,-4.57800,16.78500
23.5702,753393,-0.64282,0.00952,0.81006,-5.98100,-4.08900,17.88300
23.5797,753403,-0.66138,0.00464,0.83594,-5.31000,-3.72300,16.66300
23.5906,753413,-0.65674,0.00342,0.82446,-5.61500,-5.12700,18.00500
23.5998,753423,-0.65283,0.00781,0.81836,-5.18800,-5.06600,17.63900
23.6043,753433,-0.66821,0.01782,0.84082,-5.12700,-4.15000,16.66300
23.6181,753443,-0.64062,-0.00293,0.84253,-4.33300,-4.63900,16.60200
23.6207,753453,-0.64282,0.00854,0.85376,-4.51700,-5.18800,18.43300
23.6371,753463,-0.65625,0.00952,0.84033,-4.57800,-3.66200,16.96800
23.6430,753473,-0.64941,0.01172,0.84155,-4.51700,-5.55400,19.04300
23.6583,753483,-0.66138,0.01221,0.83887,-4.33300,-5.31000,18.43300
23.6707,753493,-0.65283,0.01147,0.82642,-4.70000,-5.49300,18.18800
23.6870,753503,-0.65283,0.01465,0.84375,-4.45600,-5.00500,17.70000
23.6870,753513,-0.63623,0.01904,0.85742,-4.08900,-4.88300,17.09000
23.7035,753523,-0.63501,0.01074,0.85156,-5.18800,-4.39500,17.94400
23.7118,753533,-0.67017,0.03540,0.84399,-5.61500,-3.35700,17.70000
23.7180,753543,-0.67017,0.01636,0.84692,-5.73700,-3.66200,18.18800
23.7370,753553,-0.67651,-0.00073,0.82544,-5.92000,-5.31000,18.55500
23.7390,753563,-0.67285,-0.00562,0.80029,-5.43200,-4.82200,17.82200
23.7627,753573,-0.69336,0.00366,0.80664,-4.88300,-5.00500,17.63900
23.7705,753583,-0.68042,-0.00098,0.81226,-3.96700,-4.39500,16.11300
23.7705,753593,-0.66577,0.00659,0.82446,-3.17400,-5.06600,16.84600
23.7705,753603,-0.68555,0.01099,0.84229,-3.66200,-6.22600,16.23500
23.7876,753613,-0.66992,0.01953,0.82983,-4.33300,-6.04200,17.33400
23.7876,753623,-0.66602,0.00977,0.83862,-4.45600,-6.10400,17.70000
23.8034,753633,-0.65771,0.01855,0.83936,-4.27200,-6.16500,16.84600
23.8180,753643,-0.65796,0.00830,0.81982,-4.21100,-5.61500,17.15100
23.8203,753653,-0.66846,0.01880,0.81396,-4.57800,-5.31000,16.60200
23.8371,753663,-0.65234,0.02881,0.82764,-4.45600,-6.71400,17.82200
23.8467,753673,-0.67651,0.02539,0.82788,-4.39500,-6.59200,18.73800
23.8627,753683,-0.67554,0.01831,0.82007,-3.84500,-6.53100,18.86000
23.8758,753693,-0.68433,0.01465,0.82202,-3.47900,-5.92000,19.16500
23.8758,753703,-0.69751,0.01147,0.83081,-4.21100,-5.98100,18.67700
23.8871,753713,-0.69434,0.00757,0.84009,-4.57800,-5.92000,17.70000
23.8871,753723,-0.70312,0.00659,0.83472,-4.33300,-5.43200,17.88300
23.9035,753733,-0.69604,0.01367,0.82520,-4.63900,-5.98100,17.82200
23.9183,753743,-0.69482,0.00024,0.80566,-3.84500,-6.04200,19.28700
23.9196,753753,-0.69385,0.00513,0.80933,-2.99100,-6.53100,19.59200
23.9658,753763,-0.73950,0.01270,0.81152,-1.70900,-7.50700,19.16500
23.9799,753804,-0.74634,0.02173,0.88428,-1.28200,-7.38500,17.76100
23.9932,753805,-0.74634,0.02173,0.88428,-1.28200,-7.38500,17.76100
23.9932,753807,-0.74634,0.02173,0.88428,-1.28200,-7.38500,17.76100
23.9932,753808,-0.76318,0.01367,0.89551,-1.77000,-7.14100,17.57800
23.9932,753813,-0.76318,0.01367,0.89551,-2.13600,-7.32400,18.67700
23.9979,753823,-0.76294,0.01562,0.92285,-2.44100,-8.24000,18.12700
24.0036,753833,-0.78516,0.02759,0.92920,-3.41800,-7.08000,19.22600
24.0180,753843,-0.78979,0.02930,0.92798,-3.78400,-6.59200,18.98200
24.0203,753853,-0.80371,0.02393,0.91382,-3.47900,-7.50700,19.28700
24.0378,753863,-0.80615,0.01880,0.90747,-4.63900,-7.93500,17.21200
24.0429,753873,-0.81592,0.02051,0.91577,-4.88300,-8.72800,17.70000
24.0538,753883,-0.81494,0.02710,0.88379,-4.39500,-7.50700,16.72400
24.0718,753893,-0.80444,0.02368,0.88647,-4.08900,-8.05700,17.82200
24.0815,753903,-0.80859,0.02002,0.88599,-3.23500,-9.03300,18.43300
24.0974,753913,-0.82178,0.01831,0.88892,-3.23500,-9.15500,18.67700
24.0974,753923,-0.81299,0.03247,0.89917,-2.86900,-9.03300,17.94400
24.1039,753933,-0.82715,0.02222,0.91528,-3.17400,-8.36200,18.25000
24.1205,753943,-0.83179,0.02344,0.90552,-3.47900,-7.26300,17.33400
24.1290,753953,-0.83936,0.02954,0.90430,-4.08900,-8.42300,17.39500
24.1381,753963,-0.82397,0.02148,0.89990,-4.45600,-9.27700,17.70000
24.1381,753973,-0.83643,0.02222,0.90942,-4.88300,-9.58300,17.15100
24.1701,753983,-0.81445,0.02539,0.88257,-4.39500,-9.39900,16.47900
24.1701,753993,-0.81030,0.03027,0.90063,-5.00500,-9.09400,16.17400
24.1830,754003,-0.79639,0.03906,0.89429,-5.24900,-8.85000,15.74700
24.1871,754013,-0.78516,0.02637,0.88013,-5.24900,-9.52100,16.17400
24.1871,754023,-0.79590,0.01147,0.88013,-5.12700,-9.27700,16.17400
24.2036,754033,-0.78369,0.04150,0.87158,-4.70000,-8.66700,14.64800
24.2209,754043,-0.75708,0.01440,0.85474,-4.27200,-9.64400,15.62500
24.2299,754053,-0.75513,0.02148,0.87012,-4.02800,-9.64400,16.54100
24.2385,754063,-0.72729,0.02393,0.86719,-4.33300,-9.03300,16.23500
24.2467,754073,-0.73853,0.01489,0.86792,-4.82200,-8.05700,16.72400
24.2539,754083,-0.75122,0.03296,0.84741,-5.55400,-9.21600,18.67700
24.2681,754093,-0.76733,0.02734,0.84326,-5.55400,-9.03300,18.00500
24.2869,754103,-0.75952,0.00562,0.84277,-5.06600,-9.46000,16.84600
24.2869,754113,-0.78711,0.00928,0.82129,-5.00500,-10.37600,17.63900
24.2869,754123,-0.76440,0.00464,0.83813,-3.84500,-11.10800,17.21200
24.3036,754133,-0.75830,0.01123,0.83813,-3.72300,-11.16900,17.02900
24.3203,754143,-0.76831,0.01611,0.85742,-3.54000,-10.31500,16.54100
24.3203,754153,-0.75488,0.02490,0.86206,-3.84500,-10.13200,17.33400
24.3387,754163,-0.73486,0.01392,0.84204,-4.21100,-9.58300,16.23500
24.3483,754173,-0.75537,0.01953,0.85303,-5.55400,-9.15500,16.60200
24.3537,754183,-0.74341,0.01465,0.82446,-5.79800,-9.82700,15.74700
24.3679,754193,-0.74902,0.01172,0.80615,-5.73700,-10.37600,16.23500
24.3872,754203,-0.74731,0.01270,0.79102,-5.98100,-10.68100,16.54100
24.3872,754213,-0.73999,0.02271,0.80127,-5.73700,-11.78000,17.02900
24.3960,754223,-0.73315,0.02393,0.79663,-6.16500,-12.26800,17.57800
24.4039,754233,-0.73657,0.00830,0.78662,-5.49300,-11.23000,17.63900
24.4208,754243,-0.71021,0.02637,0.77148,-5.24900,-11.29200,17.09000
24.4208,754253,-0.73828,0.00269,0.77490,-5.55400,-11.10800,16.72400
24.4387,754263,-0.71216,0.03076,0.77100,-5.55400,-11.35300,16.05200
24.4387,754273,-0.72388,0.02002,0.76099,-5.85900,-11.84100,16.11300
24.4624,754283,-0.72778,0.02612,0.73682,-6.04200,-12.45100,17.63900
24.4680,754293,-0.70630,0.01440,0.74292,-4.39500,-13.18400,16.90700
24.4905,754303,-0.70190,0.03125,0.74829,-4.21100,-13.30600,16.96800
24.4905,754313,-0.71582,0.03027,0.74390,-2.74700,-13.48900,16.66300
24.4905,754323,-0.70312,0.03027,0.77954,-2.99100,-12.81700,16.84600
24.5070,754333,-0.70581,0.04419,0.77783,-3.41800,-13.73300,18.06600
24.5152,754343,-0.70776,0.04053,0.79761,-3.66200,-13.00000,17.39500
24.5263,754353,-0.73486,0.02832,0.79688,-4.57800,-13.24500,18.67700
24.5412,754363,-0.71460,0.03223,0.79004,-5.61500,-13.55000,18.49400
24.5486,754373,-0.73828,0.03540,0.77905,-6.22600,-14.03800,18.18800
24.5583,754383,-0.71851,0.02832,0.74268,-6.83600,-12.75600,16.54100
24.5686,754393,-0.73242,0.02417,0.74023,-6.89700,-13.42800,18.43300
24.5815,754403,-0.72290,0.01611,0.70361,-6.59200,-13.55000,16.60200
24.5925,754413,-0.74756,-0.00391,0.70825,-4.70000,-15.25900,18.00500
24.6008,754423,-0.73145,-0.00464,0.69556,-3.78400,-15.01500,17.39500
24.6101,754433,-0.73657,0.00708,0.71045,-2.44100,-17.33400,19.10400
24.6167,754443,-0.74976,0.00488,0.74805,-1.58700,-16.72400,17.45600
24.6167,754453,-0.75415,0.01099,0.76270,-1.77000,-16.23500,16.66300
24.6389,754463,-0.75049,0.02954,0.78833,-2.68600,-16.35700,16.78500
24.6514,754473,-0.74048,0.01392,0.78979,-4.08900,-17.21200,17.45600
24.6587,754483,-0.74048,0.01880,0.78394,-4.57800,-17.33400,17.15100
24.6698,754493,-0.76733,-0.00073,0.77271,-6.10400,-17.57800,18.55500
24.6785,754503,-0.76978,0.01611,0.75195,-5.49300,-18.86000,18.00500
24.6999,754513,-0.77026,0.00610,0.74561,-4.70000,-18.00500,16.90700
24.7003,754523,-0.75342,0.02881,0.74805,-4.08900,-20.38600,15.80800
24.7092,754533,-0.74268,0.02148,0.74756,-3.35700,-22.03400,16.84600
24.7141,754543,-0.75464,0.01440,0.77173,-3.05200,-21.05700,16.05200
24.7333,754553,-0.75610,0.02002,0.77197,-3.17400,-20.38600,16.54100
24.7352,754563,-0.76050,0.01074,0.82007,-3.41800,-20.99600,17.39500
24.7411,754573,-0.75073,0.00366,0.81519,-4.82200,-20.32500,17.76100
24.7569,754583,-0.78027,0.01978,0.80005,-5.49300,-21.17900,17.51700
24.7686,754593,-0.78589,0.01294,0.78296,-6.22600,-21.54500,16.78500
24.7780,754603,-0.75928,0.00586,0.76147,-6.40900,-22.33900,17.21200
24.7883,754613,-0.76880,0.00952,0.76440,-5.73700,-22.82700,16.17400
24.7883,754623,-0.75732,-0.00366,0.75610,-4.94400,-24.96300,17.15100
24.8097,754633,-0.75708,0.02197,0.76367,-4.63900,-25.08500,15.86900
24.8209,754643,-0.76660,0.01855,0.75439,-4.15000,-25.14600,16.66300
24.8209,754653,-0.80127,0.00732,0.77124,-4.33300,-26.85500,16.11300
24.8350,754663,-0.78955,0.00293,0.75635,-2.68600,-26.97800,14.77100
24.8429,754673,-0.75391,0.01416,0.79565,-2.62500,-27.77100,13.97700
24.8508,754683,-0.71216,0.01709,0.81494,-1.95300,-26.55000,12.81700
24.8665,754693,-0.71362,0.03345,0.83276,-3.05200,-26.73300,14.46500
24.8701,754703,-0.72656,0.04590,0.87280,-3.78400,-26.24500,14.22100
24.8826,754713,-0.67480,0.03564,0.79370,-6.34800,-30.51800,15.80800
24.8985,754723,-0.70215,0.00391,0.81274,-6.83600,-26.18400,16.11300
24.9022,754733,-0.67773,0.01245,0.79248,-7.32400,-26.79400,15.62500
24.9142,754743,-0.68945,0.00928,0.77344,-6.77500,-27.40500,16.96800
24.9142,754753,-0.68286,-0.02246,0.76807,-5.12700,-28.80900,16.72400
24.9394,754763,-0.69995,-0.01270,0.77734,-4.57800,-28.99200,16.47900
24.9460,754773,-0.69824,0.00879,0.78174,-3.96700,-31.61600,17.21200
24.9498,754783,-0.70508,-0.00195,0.78979,-3.47900,-30.39600,17.33400
24.9684,754793,-0.69092,-0.01733,0.78833,-3.47900,-29.72400,15.50300
24.9780,754803,-0.70508,-0.00171,0.80713,-3.54000,-30.82300,16.54100
24.9938,754813,-0.71533,-0.01001,0.79053,-3.96700,-31.25000,15.62500
25.0096,754823,-0.70312,0.00073,0.81201,-3.47900,-31.73800,16.05200
25.0096,754833,-0.70190,-0.00464,0.83472,-3.23500,-31.61600,15.25900
25.0185,754843,-0.70483,0.02368,0.84717,-3.96700,-33.02000,14.16000
25.0257,754853,-0.68433,0.03223,0.84253,-4.15000,-33.87500,15.62500
25.0517,754863,-0.64941,0.02246,0.83130,-4.70000,-32.59300,13.12300
25.0517,754873,-0.64233,0.03540,0.83643,-4.57800,-33.32500,14.34300
25.0574,754883,-0.62622,0.00732,0.82593,-4.70000,-31.79900,12.93900
25.0746,754893,-0.62549,0.01782,0.82617,-4.33300,-32.22700,14.16000
25.0746,754903,-0.60840,0.02441,0.83472,-4.27200,-32.65400,15.93000
25.0746,754913,-0.62744,0.01562,0.84668,-4.51700,-32.28800,15.99100
25.1052,754923,-0.62573,0.00220,0.82520,-4.94400,-33.14200,16.29600
25.1052,754933,-0.62720,0.00073,0.84155,-4.82200,-32.77600,16.41800
25.1052,754943,-0.63501,-0.00879,0.81689,-4.88300,-32.89800,16.72400
25.1204,754953,-0.64087,0.00293,0.83032,-3.17400,-34.05800,17.09000
25.1366,754963,-0.65503,0.00659,0.85669,-1.83100,-33.87500,15.50300
25.1406,754973,-0.63843,0.01294,0.85669,-1.89200,-34.42400,16.72400
25.1524,754983,-0.61841,0.00391,0.89209,-2.44100,-33.87500,14.58700
25.1679,754993,-0.60840,0.00073,0.88745,-2.13600,-31.79900,14.22100
25.1731,755003,-0.60278,0.00439,0.89819,-2.38000,-32.10400,14.52600
25.1836,755013,-0.59937,0.01050,0.92065,-3.35700,-32.22700,15.32000
25.1996,755023,-0.59204,0.00073,0.93164,-3.60100,-31.92100,15.13700
25.1996,755033,-0.57983,0.00220,0.94092,-3.72300,-32.83700,14.89300
25.2156,755043,-0.57739,-0.01636,0.92700,-4.51700,-30.82300,15.80800
25.2156,755053,-0.56592,-0.03467,0.92578,-4.02800,-30.15100,15.50300
25.2316,755063,-0.57788,-0.00439,0.90796,-5.06600,-30.82300,16.78500
25.2476,755073,-0.53979,-0.01465,0.88989,-3.84500,-29.48000,16.11300
25.2636,755083,-0.53687,-0.01636,0.89258,-3.11300,-28.19800,17.57800
25.2636,755093,-0.56445,0.01807,0.92651,-2.68600,-28.32000,19.34800
25.2636,755103,-0.55396,0.14062,0.82910,-2.56300,-26.79400,21.05700
25.2917,755113,-0.49219,-0.01538,1.01538,-3.11300,-27.95400,21.54500
25.3116,755123,-0.60107,-0.02222,1.02856,-2.68600,-27.40500,22.40000
25.3116,755133,-0.79810,0.09326,0.87671,-2.38000,-28.32000,20.26400
25.3151,755143,-0.72070,0.02686,0.94727,-2.13600,-28.93100,17.88300
25.3299,755153,-0.66968,0.02832,0.94629,-2.38000,-27.89300,15.44200
25.3480,755163,-0.68384,0.07715,1.01636,-2.44100,-28.50300,13.73300
25.3480,755173,-0.64429,0.04614,0.99023,-4.76100,-29.05300,12.51200
25.3514,755183,-0.56738,0.03857,1.05957,-5.55400,-29.84600,13.91600
25.3600,755193,-0.55225,-0.02271,0.99414,-8.66700,-26.24500,13.48900
25.3767,755203,-0.64722,0.06177,0.95923,-7.44600,-24.23100,13.48900
25.3820,755213,-0.60352,0.07642,0.91968,-8.24000,-22.58300,12.26800
25.4138,755223,-0.56519,-0.04565,0.89795,-9.76600,-23.74300,14.58700
25.4138,755233,-0.58008,0.01318,0.82861,-8.72800,-23.68200,13.36700
25.4138,755243,-0.59131,0.01294,0.79541,-7.99600,-24.96300,13.79400
25.4220,755253,-0.54175,-0.00806,0.81006,-6.59200,-26.00100,13.36700
25.4394,755263,-0.51953,0.01587,0.83276,-4.76100,-26.06200,12.51200
25.4495,755273,-0.52173,0.04053,0.82666,-5.12700,-26.55000,13.12300
25.4568,755283,-0.46680,0.01733,0.82568,-4.88300,-25.33000,13.24500
25.4684,755293,-0.43140,0.02563,0.82275,-5.73700,-24.35300,13.91600
25.4684,755303,-0.45117,0.02100,0.81958,-6.34800,-22.33900,13.91600
25.4845,755313,-0.43872,0.03394,0.78442,-6.89700,-21.05700,15.19800
25.4845,755323,-0.44434,0.01562,0.77197,-7.44600,-23.37600,16.54100
25.5256,755333,-0.43408,0.02637,0.76538,-7.81200,-20.50800,15.25900
25.5256,755343,-0.43970,0.00391,0.75293,-9.21600,-21.24000,15.80800
25.5336,755353,-0.45776,0.01123,0.68066,-9.76600,-21.60600,16.17400
25.5481,755363,-0.43604,0.01172,0.65576,-9.46000,-22.15600,14.77100
25.5912,755373,-0.41113,0.00879,0.64233,-9.39900,-22.70500,14.64800
25.5912,755383,-0.40723,0.00342,0.60620,-8.60600,-21.42300,13.97700
25.5912,755393,-0.40601,0.00488,0.59326,-7.56800,-21.30100,14.77100
25.5912,755403,-0.36597,0.01978,0.55615,-6.59200,-20.63000,14.95400
25.5912,755413,-0.36353,0.01465,0.55566,-6.10400,-20.20300,15.68600
25.5949,755423,-0.36328,0.00391,0.54150,-5.00500,-20.02000,16.96800
25.6108,755433,-0.33789,0.03394,0.51465,-4.39500,-19.53100,15.74700
25.6108,755443,-0.36035,0.02759,0.50952,-2.74700,-18.92100,16.66300
25.6268,755453,-0.37354,0.02686,0.52588,-1.52600,-20.75200,17.88300
25.6268,755463,-0.36328,0.02002,0.53735,-0.18300,-20.14200,17.88300
25.6437,755473,-0.39453,0.02173,0.55566,0.85400,-21.66700,18.00500
25.6586,755483,-0.38135,0.03174,0.58057,1.89200,-21.85100,17.88300
25.6586,755493,-0.38550,0.04614,0.58252,1.89200,-22.15600,17.57800
25.6769,755503,-0.38208,0.03784,0.62500,2.50200,-21.24000,19.16500
25.6898,755513,-0.38623,0.03931,0.64990,3.54000,-21.66700,20.56900
25.6898,755523,-0.40771,0.04956,0.67920,3.78400,-21.54500,21.72900
25.7215,755533,-0.44800,0.03589,0.71338,4.08900,-19.16500,22.21700
25.7215,755543,-0.48413,0.04736,0.75220,4.33300,-20.14200,21.05700
25.7242,755553,-0.49780,0.05396,0.76807,3.84500,-22.15600,22.76600
25.7407,755563,-0.51904,0.05054,0.81860,4.27200,-20.38600,21.54500
25.7550,755573,-0.54224,0.05493,0.85254,4.08900,-21.97300,22.09500
25.7581,755583,-0.54932,0.04102,0.87671,3.72300,-21.60600,22.21700
25.7682,755593,-0.56934,0.04028,0.91089,3.54000,-20.20300,21.11800
25.7691,755603,-0.60522,0.04028,0.93359,2.68600,-20.93500,21.30100
25.7888,755613,-0.59302,0.04272,0.95703,2.74700,-20.44700,20.69100
25.7988,755623,-0.60962,0.03491,0.98169,2.25800,-20.08100,20.32500
25.8155,755633,-0.62573,0.03296,0.99536,2.31900,-20.63000,20.99600
25.8155,755643,-0.63330,0.03491,1.01733,1.46500,-20.32500,21.11800
25.8312,755653,-0.68091,0.03271,1.05420,0.67100,-19.22600,20.08100
25.8408,755663,-0.69360,0.05762,1.06885,-1.34300,-20.08100,19.34800
25.8471,755673,-0.68555,0.04346,1.07422,-2.68600,-20.08100,18.06600
25.8498,755683,-0.68921,0.06299,1.04980,-4.27200,-20.14200,17.21200
25.8628,755693,-0.66772,0.04541,1.03369,-5.92000,-19.83600,15.93000
25.8787,755703,-0.65576,0.04517,1.02417,-6.04200,-19.28700,14.77100
25.8787,755713,-0.60889,0.03638,0.98560,-5.92000,-18.79900,14.09900
25.8947,755723,-0.60791,0.03125,0.97412,-6.22600,-18.79900,14.58700
25.8947,755733,-0.59058,0.03418,0.97314,-5.79800,-18.92100,14.64800
25.9134,755743,-0.57495,0.05078,0.95581,-5.49300,-19.83600,15.62500
25.9263,755753,-0.56250,0.05200,0.94653,-5.06600,-20.63000,16.11300
25.9263,755763,-0.55542,0.01611,0.94312,-4.45600,-19.40900,14.40400
25.9749,755804,-0.54468,0.03076,0.93188,-5.12700,-19.16500,16.66300
25.9749,755806,-0.54468,0.03076,0.93188,-5.12700,-19.16500,16.66300
25.9833,755807,-0.54956,0.02271,0.92969,-5.67600,-19.40900,17.39500
25.9833,755809,-0.54956,0.02271,0.92969,-5.67600,-19.40900,17.39500
25.9833,755813,-0.53735,0.03027,0.89600,-5.67600,-17.82200,15.56400
25.9955,755823,-0.54419,0.02686,0.90015,-5.67600,-18.55500,16.60200
26.0083,755833,-0.50830,0.02319,0.87720,-5.85900,-17.51700,15.86900
26.0304,755843,-0.50977,0.03003,0.85913,-5.67600,-17.76100,15.62500
26.0309,755853,-0.49634,0.02393,0.86182,-5.92000,-17.82200,15.50300
26.0376,755863,-0.48218,0.03296,0.84961,-5.12700,-17.21200,16.47900
26.0415,755873,-0.46826,0.02637,0.83008,-5.06600,-17.21200,15.86900
26.0549,755883,-0.46875,0.03613,0.80762,-5.43200,-17.02900,16.35700
26.0549,755893,-0.46216,0.03687,0.81812,-4.27200,-16.72400,17.51700
26.0707,755903,-0.46851,0.02954,0.80225,-3.47900,-16.84600,18.67700
26.0889,755913,-0.48779,0.03809,0.79492,-2.99100,-16.29600,18.43300
26.0889,755923,-0.48267,0.04370,0.80469,-1.89200,-16.90700,18.73800
26.1065,755933,-0.48511,0.03613,0.81665,-1.70900,-17.51700,18.73800
26.1335,755943,-0.49048,0.03174,0.83569,-1.34300,-18.61600,19.53100
26.1335,755953,-0.49219,0.04541,0.85400,-0.97700,-17.57800,18.55500
26.1359,755963,-0.49927,0.03174,0.86304,-1.22100,-16.11300,18.55500
26.1477,755973,-0.49902,0.03296,0.85986,-1.58700,-16.17400,19.59200
26.1477,755983,-0.51855,0.02686,0.87329,-1.28200,-16.05200,19.89700
26.1635,755993,-0.51196,0.04272,0.87573,-1.70900,-16.60200,20.02000
26.1783,756003,-0.52734,0.04077,0.88013,-0.97700,-15.86900,19.34800
26.1793,756013,-0.52954,0.03345,0.87476,-0.97700,-16.23500,19.65300
26.1952,756023,-0.55615,0.03198,0.90186,-0.79300,-15.99100,18.79900
26.1952,756033,-0.54028,0.04517,0.90405,-1.83100,-17.45600,19.71400
26.2310,756043,-0.55811,0.02222,0.90381,-1.70900,-15.99100,18.06600
26.2310,756053,-0.54224,0.02905,0.89160,-0.97700,-16.41800,18.79900
26.2310,756063,-0.54053,0.02466,0.91577,-1.64800,-16.72400,19.22600
26.2430,756073,-0.55396,0.02539,0.93555,-1.28200,-15.50300,18.55500
26.2615,756083,-0.53833,0.02759,0.92676,-1.22100,-14.70900,18.18800
26.2615,756093,-0.54785,0.03857,0.92505,-1.83100,-15.38100,18.92100
26.2746,756103,-0.54785,0.02710,0.93286,-1.70900,-15.50300,19.22600
26.2746,756113,-0.54834,0.00439,0.93213,-1.64800,-15.56400,19.28700
26.2915,756123,-0.55835,0.02612,0.94067,-2.07500,-15.38100,19.40900
26.3062,756133,-0.56616,0.02466,0.94043,-2.19700,-13.97700,19.34800
26.3062,756143,-0.57422,0.01221,0.94629,-2.74700,-15.50300,20.32500
26.3220,756153,-0.57788,0.01489,0.94971,-2.99100,-14.64800,19.59200
26.3457,756163,-0.57910,0.01025,0.95728,-4.02800,-14.52600,18.92100
26.3457,756173,-0.58496,-0.01392,0.92456,-5.31000,-14.28200,17.27300
26.3588,756183,-0.57788,-0.02612,0.92334,-5.73700,-13.79400,17.82200
26.3714,756193,-0.56641,-0.03906,0.89575,-6.10400,-13.79400,17.33400
26.3731,756203,-0.54761,-0.06030,0.83618,-6.22600,-15.19800,18.37200
26.3854,756213,-0.53442,-0.05957,0.82178,-4.21100,-13.85500,19.59200
26.4012,756223,-0.54492,-0.07446,0.82715,-3.96700,-13.18400,19.04300
26.4012,756233,-0.56152,-0.08447,0.83057,-1.34300,-13.00000,20.08100
26.4501,756243,-0.58228,-0.08545,0.84229,0.73200,-12.87800,21.42300
26.4512,756253,-0.59082,-0.08813,0.88403,0.97700,-13.18400,22.03400
26.4512,756263,-0.64282,-0.09424,0.93481,1.09900,-12.45100,21.24000
26.4512,756273,-0.65332,-0.07080,0.93970,-0.85400,-13.91600,21.48400
26.4583,756283,-0.67334,-0.08276,0.96362,-1.58700,-13.36700,19.65300
26.4695,756293,-0.68091,-0.07349,0.94946,-3.11300,-14.46500,16.84600
26.4747,756303,-0.65942,-0.07812,0.94922,-5.85900,-15.07600,15.07600
26.4829,756313,-0.61646,-0.06982,0.94580,-6.95800,-15.19800,14.40400
26.4910,756323,-0.58154,-0.07178,0.86621,-8.36200,-14.77100,13.12300
26.5069,756333,-0.54614,-0.06250,0.83423,-9.03300,-13.91600,12.45100
26.5069,756343,-0.49756,-0.08936,0.78833,-8.78900,-13.79400,13.12300
26.5415,756353,-0.43018,-0.10718,0.76001,-4.33300,-11.16900,15.80800
26.5415,756363,-0.51221,-0.05835,0.79980,-0.91600,-7.99600,19.83600
26.5447,756373,-0.56299,-0.07251,0.83936,-0.18300,-10.31500,22.88800
26.5546,756383,-0.66455,-0.03760,0.85254,1.58700,-14.64800,23.19300
26.5704,756393,-0.75732,0.02124,0.84790,2.86900,-12.51200,19.47000
26.5725,756403,-0.75806,0.05347,0.89868,3.29600,-10.68100,17.70000
26.5862,756413,-0.54956,-0.04639,1.01953,1.58700,-15.32000,15.80800
26.5945,756423,-0.56519,0.02686,0.97388,0.42700,-12.57300,16.17400
26.6141,756433,-0.65088,0.03784,0.99487,-0.18300,-11.84100,16.23500
26.6181,756443,-0.61401,0.01685,1.04907,-3.29600,-12.81700,16.78500
26.6434,756453,-0.65137,0.04785,1.02563,-5.49300,-13.30600,16.17400
26.6434,756463,-0.64795,0.07812,1.00342,-6.83600,-12.87800,14.70900
26.6493,756473,-0.61768,0.06323,0.98413,-8.30100,-11.53600,13.12300
26.6610,756483,-0.55249,0.03540,0.92334,-8.97200,-10.92500,12.69500
26.6700,756493,-0.55957,0.04858,0.88867,-9.15500,-11.10800,12.45100
26.6791,756503,-0.57007,0.03418,0.91138,-8.85000,-9.88800,10.55900
26.6873,756513,-0.50146,0.00073,0.86108,-7.38500,-12.93900,11.90200
26.6967,756523,-0.50562,0.02515,0.86230,-6.89700,-12.51200,12.14600
26.7024,756533,-0.47998,0.05664,0.84473,-5.55400,-12.93900,11.84100
26.7300,756543,-0.44556,0.03003,0.82007,-3.84500,-11.59700,13.48900
26.7448,756553,-0.44800,0.03882,0.82080,-3.05200,-10.74200,14.28200
26.7448,756563,-0.47241,0.05957,0.85547,-0.85400,-10.86400,15.80800
26.7474,756573,-0.50684,0.06934,0.89990,0.18300,-12.20700,17.15100
26.7593,756583,-0.50732,0.06714,0.95581,0.42700,-14.58700,17.88300
26.7837,756593,-0.49658,0.08057,0.90625,-1.40400,-17.94400,18.49400
26.7837,756603,-0.52515,0.07178,1.01416,-2.74700,-11.35300,15.44200
26.7895,756613,-0.53809,0.10620,0.99512,-5.18800,-12.14600,13.67200
26.7976,756623,-0.54980,0.11401,0.95996,-8.48400,-13.42800,13.06200
26.8085,756633,-0.47095,0.08276,0.85767,-9.82700,-12.69500,11.35300
26.8363,756643,-0.44238,0.06909,0.81372,-8.97200,-10.86400,12.63400
26.8363,756653,-0.43384,0.09692,0.82080,-6.95800,-9.03300,12.14600
26.8416,756663,-0.46704,0.11597,0.81982,-4.27200,-8.54500,16.41800
26.8416,756673,-0.48291,0.10815,0.86108,-3.47900,-9.76600,17.15100
26.8598,756683,-0.52710,0.14795,0.84375,-1.46500,-11.96300,17.51700
26.8692,756693,-0.57739,0.13916,0.82275,-1.58700,-16.72400,16.60200
26.8812,756703,-0.52466,0.11377,0.85596,-1.89200,-14.22100,14.77100
26.8890,756713,-0.49536,0.12842,0.89429,-3.47900,-16.60200,13.97700
26.8987,756723,-0.47852,0.18018,0.81738,-3.41800,-16.66300,12.69500
26.9104,756733,-0.40869,0.13574,0.81299,-2.44100,-16.35700,14.03800
26.9213,756743,-0.36060,0.13550,0.84424,-0.85400,-11.65800,16.60200
26.9287,756753,-0.45264,0.15259,0.86304,2.19700,-10.13200,20.20300
26.9529,756763,-0.49878,0.16357,0.95166,4.15000,-9.03300,20.81300
26.9529,756773,-0.57788,0.12720,0.94019,2.31900,-11.04700,21.85100
26.9606,756783,-0.55225,0.08179,1.03613,1.03800,-15.13700,20.38600
26.9646,756793,-0.55078,0.05933,1.03418,-0.06100,-15.38100,18.98200
26.9811,756803,-0.62622,0.13672,0.96997,-1.22100,-16.41800,16.72400
26.9811,756813,-0.57471,0.07349,0.99756,-2.01400,-15.32000,15.50300
26.9942,756823,-0.57300,0.03809,1.00586,-2.80800,-11.29200,17.57800
26.9942,756833,-0.66943,0.11499,1.03540,-2.80800,-11.53600,16.54100
27.0131,756843,-0.62622,0.04346,0.93921,-4.82200,-14.46500,16.47900
27.0266,756853,-0.56421,-0.00195,0.98193,-4.82200,-15.50300,17.15100
27.0419,756863,-0.58838,0.04443,0.92871,-4.33300,-13.36700,15.19800
27.0419,756873,-0.60742,0.04297,0.91284,-4.57800,-14.03800,14.28200
27.0635,756883,-0.57593,0.02222,0.90308,-4.88300,-15.25900,14.16000
27.0679,756893,-0.56665,0.02490,0.89990,-4.76100,-14.52600,13.24500
27.0751,756903,-0.54614,0.05054,0.83936,-3.41800,-14.58700,12.63400
27.0892,756913,-0.52295,0.03662,0.86108,-3.05200,-14.22100,13.30600
27.0892,756923,-0.49341,0.02979,0.84277,-2.31900,-12.63400,12.93900
27.1051,756933,-0.49634,0.02490,0.86255,-1.52600,-13.73300,15.44200
27.1051,756943,-0.50366,0.03320,0.87598,-1.83100,-13.42800,15.68600
27.1210,756953,-0.48291,0.04468,0.86841,-1.16000,-12.75600,16.17400
27.1368,756963,-0.49561,0.04956,0.84863,-1.03800,-13.42800,17.51700
27.1565,756973,-0.51294,0.04077,0.85474,-1.70900,-13.48900,16.54100
27.1565,756983,-0.51660,0.04175,0.84912,-1.09900,-13.06200,17.02900
27.1688,756993,-0.54297,0.03906,0.84448,-0.67100,-13.00000,18.00500
27.1721,757003,-0.53711,0.04126,0.83838,-0.67100,-12.08500,17.39500
27.1882,757013,-0.56055,0.02539,0.84155,1.03800,-12.87800,17.33400
27.1911,757023,-0.57178,0.02661,0.84863,0.73200,-13.91600,18.18800
27.2003,757033,-0.57617,0.04541,0.87280,2.38000,-11.78000,16.54100
27.2163,757043,-0.57397,0.03125,0.90356,2.07500,-12.81700,16.60200
27.2163,757053,-0.58594,0.03418,0.94385,2.07500,-12.08500,15.93000
27.2387,757063,-0.58325,0.05786,0.93359,1.77000,-12.69500,15.13700
27.2481,757073,-0.56616,0.05469,0.95557,1.40400,-12.26800,15.93000
27.2481,757083,-0.54932,0.04224,0.96802,0.48800,-12.75600,13.91600
27.2638,757093,-0.54004,0.06226,0.97095,-1.52600,-12.93900,16.17400
27.2799,757103,-0.54688,0.04883,0.96460,-2.07500,-13.24500,16.29600
27.2799,757113,-0.55493,0.05420,0.95654,-3.54000,-12.20700,15.68600
27.2958,757123,-0.55981,0.05835,0.93481,-5.24900,-13.48900,17.27300
27.2958,757133,-0.54272,0.03955,0.88550,-4.88300,-13.06200,16.78500
27.3199,757143,-0.54956,0.03711,0.85083,-5.00500,-13.06200,17.33400
27.3278,757153,-0.56958,0.03320,0.84253,-3.11300,-13.85500,16.17400
27.3368,757163,-0.56006,0.03906,0.85449,-2.25800,-13.18400,15.32000
27.3599,757173,-0.57031,0.04321,0.84229,-1.16000,-12.93900,15.86900
27.3599,757183,-0.56421,0.03711,0.87402,-1.03800,-14.52600,16.66300
27.3599,757193,-0.54541,0.04053,0.84985,-0.42700,-14.34300,15.01500
27.3830,757203,-0.55688,0.04541,0.85376,-0.73200,-14.95400,15.01500
27.3913,757213,-0.54077,0.03223,0.88647,-0.48800,-15.01500,13.30600
27.3913,757223,-0.53760,0.04321,0.88452,-1.03800,-16.35700,13.85500
27.4073,757233,-0.48901,0.02832,0.86230,-2.31900,-17.39500,13.30600
27.4196,757243,-0.48730,0.04443,0.86523,-2.56300,-16.84600,13.79400
27.4312,757253,-0.47290,0.03955,0.85205,-2.74700,-16.17400,14.03800
27.4390,757263,-0.50757,0.03662,0.85986,-2.93000,-16.05200,15.07600
27.4600,757273,-0.48950,0.03857,0.81812,-2.68600,-17.09000,15.50300
27.4625,757283,-0.49487,0.04688,0.83813,-2.31900,-16.78500,14.95400
27.4770,757293,-0.47852,0.04419,0.81494,-1.89200,-17.09000,16.11300
27.4770,757303,-0.49780,0.05371,0.82544,-1.52600,-18.73800,15.86900
27.4875,757313,-0.49487,0.05737,0.83301,-0.42700,-18.73800,15.93000
27.4875,757323,-0.49951,0.05298,0.84277,-0.06100,-17.33400,16.60200
27.5087,757333,-0.51416,0.07422,0.83691,-0.61000,-19.10400,16.23500
27.5181,757343,-0.51001,0.06665,0.85156,-0.67100,-19.53100,17.15100
27.5247,757353,1.10938,0.01147,1.20166,6.53100,-76.17200,13.85500
27.5435,757363,0.00244,0.15527,1.62598,9.64400,-33.32500,7.81200
27.5498,757373,0.70728,0.07324,2.08057,4.39500,-25.08500,11.16900
27.5648,757383,-0.72168,0.31421,1.03735,-3.29600,-31.61600,23.31500
27.5677,757393,-0.13428,-0.01709,1.19507,-14.89300,-7.81200,24.41400
27.5677,757403,-0.42334,-0.14258,1.32837,-17.76100,-13.00000,24.10900
27.5928,757413,-0.41333,0.01831,1.12769,-20.69100,-18.06600,22.82700
27.5984,757423,-0.51099,0.05298,0.64526,-19.95800,-8.05700,20.38600
27.5984,757433,-0.83960,0.02124,0.87183,-17.27300,-8.54500,19.04300
27.6146,757443,-0.45654,0.11865,0.72534,-13.67200,-27.16100,17.94400
27.6146,757453,-0.64941,0.04224,0.74365,-12.75600,-23.56000,15.74700
27.6305,757463,-0.49097,-0.01562,0.76392,-10.43700,-24.71900,15.74700
27.6487,757473,-0.36157,0.02783,0.86597,-7.81200,-23.56000,16.35700
27.6622,757483,-0.52148,0.10425,0.81763,-7.01900,-18.86000,17.09000
27.6622,757493,-0.42578,0.11328,0.81250,-6.77500,-20.32500,17.57800
27.6781,757503,-0.41992,0.06787,0.84424,-8.54500,-20.08100,19.53100
27.6885,757513,-0.42212,0.04077,0.82129,-9.76600,-21.48400,21.17900
27.7000,757523,-0.49292,0.05859,0.82129,-8.54500,-19.34800,20.69100
27.7100,757533,-0.56567,0.07373,0.81030,-9.82700,-18.18800,21.54500
27.7100,757543,-0.57520,0.02441,0.82178,-8.97200,-18.55500,20.63000
27.7261,757553,-0.53052,0.03296,0.81763,-7.75100,-20.56900,20.32500
27.7261,757563,-0.51709,0.05273,0.83911,-6.10400,-20.87400,20.44700
27.7439,757573,-0.58252,0.06470,0.88574,-5.18800,-18.49400,20.26400
27.7578,757583,-0.56787,0.03003,0.92944,-5.73700,-18.92100,19.95800
27.7578,757593,-0.53613,0.05493,0.94629,-5.98100,-18.73800,19.53100
27.7846,757603,-0.57739,0.04272,0.94653,-8.54500,-18.06600,18.55500
27.7846,757613,-0.58618,0.06152,0.93628,-9.76600,-18.31100,18.79900
27.7897,757623,-0.56128,0.04224,0.93799,-11.16900,-17.94400,18.55500
27.8066,757633,-0.57031,0.02124,0.87720,-11.59700,-19.04300,17.57800
27.8066,757643,-0.57251,0.03442,0.89087,-11.53600,-18.43300,17.88300
27.8213,757653,-0.57544,0.03174,0.86133,-10.43700,-19.77500,18.25000
27.8369,757663,-0.57275,0.04199,0.87036,-10.98600,-19.77500,17.76100
27.8438,757673,-0.56934,0.04321,0.86792,-10.31500,-19.77500,17.33400
27.8690,757683,-0.57739,0.03125,0.87329,-9.64400,-19.40900,18.31100
27.8690,757693,-1.25659,-0.42358,0.41479,-13.91600,-5.37100,18.67700
27.8690,757703,-0.52515,-0.02441,0.86426,-3.29600,-75.62300,36.56000
27.8881,757713,1.50366,0.03784,1.89404,-2.74700,17.39500,-4.08900
27.9057,757723,-0.68848,-0.04248,1.01123,1.64800,-116.88200,49.74400
27.9057,757733,-0.07202,0.00293,0.70386,7.69000,75.62300,-28.50300
27.9187,757743,-0.99512,0.11987,0.90918,-2.38000,-14.58700,14.40400
27.9187,757753,-0.67603,0.07983,1.09009,-6.16500,-16.23500,15.93000
27.9442,757763,-0.68506,0.02173,0.77954,-6.40900,-17.09000,13.30600
27.9806,757805,0.31714,0.27368,1.35767,12.87800,-20.14200,-1.46500
27.9806,757807,0.32446,0.27100,1.60107,12.87800,-20.14200,-1.46500
27.9806,757808,0.32446,0.27100,1.60107,12.87800,-20.14200,-1.46500
27.9806,757810,0.32446,0.27100,1.60107,12.87800,-20.14200,-1.46500
27.9872,757813,0.00171,-0.15674,1.25122,14.03800,-23.56000,-4.39500
27.9982,757823,-1.27979,0.07910,2.40576,12.57300,-63.78200,-26.91700
27.9982,757833,0.92896,0.27466,3.05396,9.15500,-22.46100,-12.20700
28.0119,757843,0.54150,0.37036,0.84888,-7.38500,-48.76700,22.76600
28.0277,757853,-0.80005,0.16968,1.13062,-12.39000,-12.69500,32.59300
28.0277,757863,0.66284,0.15112,1.37915,-13.42800,-7.44600,32.22700
28.0549,757873,-0.71582,0.13428,0.69873,-17.82200,-49.19400,38.39100
28.0594,757883,-0.76636,0.05762,0.41260,-12.26800,-7.08000,20.08100
28.0594,757893,-0.70020,0.00342,0.93555,-8.78900,-19.40900,14.89300
28.0754,757903,-0.47534,0.07080,0.61792,-7.44600,-25.39100,12.87800
28.0754,757913,-0.44775,-0.00366,0.60449,-2.62500,-23.80400,14.22100
28.0924,757923,-0.29712,-0.10620,0.77808,-0.85400,-20.56900,14.52600
28.1072,757933,-0.46265,0.06445,0.78906,-0.79300,-8.48400,13.61100
28.1217,757943,-0.64990,0.13110,0.79980,0.24400,-3.17400,12.45100
28.1252,757953,-0.63208,0.08789,0.77417,-2.56300,-8.36200,13.61100
28.1252,757963,-0.37402,-0.05444,0.82227,-5.12700,-13.36700,14.52600
28.1448,757973,-0.45825,0.00903,0.84277,-5.67600,-12.93900,15.44200
28.1561,757983,-0.49121,0.04736,0.80396,-5.24900,-11.65800,15.50300
28.1709,757993,-0.62549,0.07373,0.76587,-5.06600,-13.48900,15.68600
28.1709,758003,-0.52002,0.02246,0.74072,-4.02800,-14.83200,14.58700
28.1867,758013,-0.49414,-0.02002,0.77954,-3.23500,-17.09000,17.27300
28.1958,758023,-0.52148,0.03149,0.80200,-1.83100,-13.67200,16.17400
28.2024,758033,-0.55664,0.04834,0.82739,-0.42700,-13.00000,15.80800
28.2181,758043,-0.55273,0.02905,0.85400,-1.03800,-13.12300,15.56400
28.2342,758053,-0.36353,0.05371,0.81323,-2.86900,-15.07600,16.29600
28.2375,758063,-1.22510,0.18530,1.35938,-1.58700,-1.40400,20.26400
28.2500,758073,-1.71167,-0.21021,0.60254,-2.38000,-28.62500,20.02000
28.2557,758083,0.29272,-0.07739,1.44189,21.60600,-66.28400,18.00500
28.2815,758093,0.11060,-0.18604,0.39307,3.05200,-14.58700,9.58300
28.2815,758103,0.08203,-0.35864,1.39014,4.39500,-12.57300,18.43300
28.2815,758113,-0.39209,0.13013,1.16113,-6.47000,-6.04200,22.21700
28.2972,758123,-0.49927,0.17798,0.88135,-12.26800,2.56300,24.71900
28.3004,758133,-0.52710,0.01807,0.92358,-10.68100,-10.25400,26.42800
28.3130,758143,-0.42554,0.12305,0.70776,-7.62900,-16.17400,22.82700
28.3287,758153,-0.51587,-0.05029,0.70532,-3.54000,-15.86900,22.27800
28.3371,758163,-0.11963,-0.63477,0.58081,4.51700,-1.46500,20.75200
28.3465,758173,-1.05591,0.12866,1.88037,10.43700,-40.77100,33.32500
28.3500,758183,-0.68921,0.28027,1.81714,-1.09900,-4.45600,26.06200
28.3618,758193,-1.06885,0.10522,1.71216,-9.09400,21.79000,15.07600
28.3765,758203,-0.85376,0.34912,1.17432,-19.53100,6.40900,12.57300
28.3765,758213,-0.51929,-0.09546,1.00537,-25.39100,-10.55900,13.18400
28.3937,758223,-0.52661,-0.04614,0.89307,-25.57400,-13.73300,10.68100
28.4084,758233,-0.13159,0.10010,0.49512,-25.26900,-20.87400,10.49800
28.4084,758243,-0.36719,-0.17920,0.55176,-19.22600,-15.19800,20.99600
28.4264,758253,-0.46338,-0.29077,0.37646,-15.50300,-44.12800,25.51300
28.4403,758263,0.25903,-0.20776,0.59546,-3.41800,-12.39000,16.47900
28.4456,758273,-0.35669,-0.05054,0.79883,-0.06100,-19.53100,18.06600
28.4567,758283,-0.18896,0.03955,0.97778,3.17400,-20.38600,21.24000
28.4567,758293,-0.49512,-0.04346,1.03223,6.89700,-25.20800,17.02900
28.4881,758303,-0.58325,0.04126,0.61206,0.06100,-10.01000,15.93000
28.4881,758313,-0.39209,0.00708,1.59058,2.07500,-8.72800,14.52600
28.4881,758323,-0.45386,0.14429,1.22095,-3.60100,-26.79400,12.14600
28.5038,758333,-0.50464,0.18018,1.01880,-4.94400,-15.32000,8.36200
28.5224,758343,-0.23096,0.18579,1.09448,-5.49300,-13.91600,7.56800
28.5252,758353,-0.04443,0.02393,1.15967,-7.93500,-28.38100,9.09400
28.5363,758363,0.09717,0.01392,0.94897,-7.93500,-11.41400,14.34300
28.5461,758373,0.01147,-0.10059,1.10693,-8.54500,-8.48400,16.60200
28.5581,758383,0.02979,-0.15942,0.91479,-8.85000,-3.54000,21.97300
28.5691,758393,-0.06128,0.16309,0.95825,-7.93500,15.62500,22.03400
28.5849,758403,-0.73779,-0.01953,1.06152,-7.01900,19.77500,23.13200
28.5849,758413,-0.71094,-0.06494,0.82104,-10.98600,-4.08900,22.27800
28.5992,758423,-0.71289,0.08325,0.79614,-9.03300,-6.77500,18.61600
28.6149,758433,-0.70093,0.06250,0.77246,-9.15500,-3.29600,16.78500
28.6149,758443,-0.62549,0.03076,0.63013,-8.11800,-11.53600,15.50300
28.6149,758453,-0.68311,0.08423,0.52930,-3.66200,-16.29600,13.30600
28.6311,758463,-0.59497,0.01904,0.59302,-1.77000,-16.90700,12.20700
28.6482,758473,-0.53638,-0.00122,0.78149,1.83100,-20.32500,13.12300
28.6627,758483,-0.45239,0.04248,1.04883,3.96700,-19.59200,10.92500
28.6685,758493,-0.43213,0.03296,1.09326,3.35700,-18.86000,12.26800
28.6789,758503,-0.41187,0.07739,1.14526,-1.09900,-20.93500,14.52600
28.6789,758513,-0.42578,0.13135,1.23804,-3.96700,-17.82200,13.36700
28.7000,758523,-0.50049,0.12061,1.06787,-6.10400,-23.43800,15.99100
28.7000,758533,-0.39844,0.05176,1.01392,-7.93500,-15.01500,15.74700
28.7117,758543,-0.27710,-0.03564,0.99194,-9.21600,-12.51200,15.19800
28.7263,758553,-0.29761,-0.02271,0.92065,-9.46000,-12.69500,17.57800
28.7340,758563,-0.47705,0.03784,0.80347,-8.60600,-10.80300,20.02000
28.7577,758573,-0.45068,0.00732,0.75586,-6.71400,-8.05700,19.04300
28.7577,758583,-0.47412,-0.02563,0.77930,-5.12700,-4.27200,19.53100
28.7577,758593,-0.48901,-0.01294,0.85718,-3.05200,-9.21600,18.55500
28.7735,758603,-0.62402,0.05054,0.90430,-1.83100,-12.87800,16.17400
28.7896,758613,-0.58618,0.07910,0.94629,-2.44100,-14.83200,17.70000
28.7927,758623,-0.45532,0.06079,0.91260,-2.93000,-12.20700,15.86900
28.8054,758633,-0.43604,0.02710,0.88770,-2.99100,-13.67200,14.58700
28.8104,758643,-0.47510,-0.01343,0.90039,-3.35700,-14.95400,14.52600
28.8276,758653,-0.50098,0.01367,0.94482,-3.66200,-15.99100,14.09900
28.8375,758663,-0.51807,0.04736,0.95825,-3.35700,-13.30600,14.09900
28.8463,758673,-0.48389,-0.00122,0.97510,-5.55400,-13.55000,16.66300
28.8561,758683,-0.41089,-0.04761,0.95825,-5.37100,-8.17900,15.99100
28.8561,758693,-0.41479,-0.03271,0.94116,-5.43200,-9.70500,16.29600
28.8693,758703,-0.46582,-0.00635,0.89136,-5.55400,-14.28200,16.96800
28.8858,758713,-0.52759,0.02759,0.78516,-5.31000,-16.41800,18.12700
28.9012,758723,-0.45996,0.02100,0.87207,-3.35700,-13.85500,16.60200
28.9038,758733,-0.48877,0.03174,0.88940,-1.95300,-13.79400,17.15100
28.9174,758743,-0.55664,0.06152,0.89478,-2.13600,-14.77100,18.67700
28.9331,758753,-0.54248,0.03857,0.91772,-2.38000,-13.48900,16.66300
28.9331,758763,-0.51685,-0.01489,0.98145,-2.80800,-14.77100,15.68600
28.9492,758773,-0.50488,-0.00684,0.97046,-2.56300,-15.93000,15.25900
28.9492,758783,-0.52075,0.03271,0.96924,-3.17400,-15.25900,14.58700
28.9669,758793,-0.46460,0.00806,0.97290,-4.51700,-13.73300,14.09900
28.9752,758803,-0.41553,0.00024,0.98926,-5.00500,-13.97700,15.32000
28.9807,758813,-0.42065,0.02466,0.95264,-5.79800,-12.51200,16.05200
29.0077,758823,-0.45093,0.06592,0.90454,-5.49300,-10.19300,17.15100
29.0077,758833,-0.45825,0.05347,0.90210,-6.22600,-10.62000,18.67700
29.0184,758843,-0.50659,0.05273,0.88062,-5.43200,-11.59700,18.49400
29.0336,758853,-0.55029,0.06665,0.85815,-4.57800,-10.55900,17.02900
29.0400,758863,-0.57129,0.05835,0.86426,-3.96700,-11.78000,17.94400
29.0545,758873,-0.58105,0.02856,0.84692,-4.21100,-13.12300,18.06600
29.0585,758883,-0.57715,0.01611,0.88037,-3.54000,-13.91600,17.57800
29.0585,758893,-0.59473,0.02246,0.87500,-2.44100,-13.67200,15.80800
29.0789,758903,-0.56201,0.03076,0.89502,-2.13600,-15.32000,13.79400
29.0977,758913,-0.49951,0.01001,0.92993,-2.07500,-16.05200,13.79400
29.1089,758923,-0.48950,0.02856,0.95459,-2.44100,-16.54100,14.89300
29.1089,758933,-0.44531,0.02686,0.97705,-3.05200,-16.35700,14.46500
29.1158,758943,-0.42017,0.04590,0.96289,-3.96700,-16.90700,15.38100
29.1235,758953,-0.42017,0.01343,0.96704,-4.57800,-14.83200,16.29600
29.1381,758963,-0.44141,0.02832,0.95996,-5.06600,-13.79400,17.02900
29.1471,758973,-0.45996,0.02588,0.92432,-5.67600,-12.69500,18.06600
29.1669,758983,-0.47046,0.02441,0.91455,-5.49300,-11.47500,18.12700
29.1680,758993,-0.52246,0.00439,0.91138,-5.12700,-11.65800,18.43300
29.1789,759003,-0.54883,0.00635,0.85132,-4.39500,-12.87800,18.06600
29.2038,759013,-0.55566,0.00610,0.86499,-4.27200,-12.02400,17.70000
29.2038,759023,-0.54712,0.01074,0.89966,-3.90600,-12.32900,16.29600
29.2045,759033,-0.56909,0.03369,0.87720,-3.66200,-13.91600,15.80800
29.2471,759043,-0.55371,0.02954,0.90405,-3.23500,-15.32000,16.90700
29.2471,759053,-0.53394,0.01855,0.90845,-3.41800,-16.23500,16.54100
29.2471,759063,-0.51514,0.03857,0.91162,-2.62500,-14.77100,14.89300
29.2471,759073,-0.48535,0.03442,0.92041,-3.54000,-15.62500,14.83200
29.2685,759083,-0.46875,0.03564,0.93262,-3.47900,-14.83200,15.13700
29.2685,759093,-0.48413,0.02563,0.92310,-3.90600,-13.79400,16.17400
29.2685,759103,-0.46509,0.02466,0.93237,-4.15000,-14.03800,16.47900
29.2886,759113,-0.49072,0.02393,0.91870,-4.39500,-14.03800,16.35700
29.3028,759123,-0.51489,0.03125,0.91406,-4.39500,-13.61100,15.99100
29.3078,759133,-0.51147,0.03491,0.91113,-4.82200,-15.50300,18.31100
29.3188,759143,-0.50928,0.04468,0.91748,-4.45600,-13.97700,16.84600
29.3256,759153,-0.53613,0.04395,0.90771,-4.57800,-14.89300,17.21200
29.3426,759163,-0.52979,0.02539,0.88843,-3.66200,-13.79400,16.11300
29.3472,759173,-0.53491,0.04199,0.90234,-3.90600,-13.06200,14.64800
29.3575,759183,-0.52344,0.03833,0.89795,-3.60100,-14.40400,15.38100
29.3738,759193,-0.50220,0.01685,0.91431,-3.54000,-14.52600,15.25900
29.3835,759203,-0.49854,0.01196,0.92285,-3.29600,-14.58700,15.07600
29.3887,759213,-0.48877,0.03076,0.92603,-3.60100,-13.73300,15.62500
29.4043,759223,-0.48706,0.01147,0.94385,-3.66200,-13.06200,15.01500
29.4043,759233,-0.48486,0.00586,0.94775,-3.72300,-15.32000,16.78500
29.4181,759243,-0.49756,0.02100,0.93750,-4.39500,-14.58700,16.96800
29.4517,759253,-0.49194,0.02783,0.91943,-4.51700,-14.52600,17.51700
29.4517,759263,-0.50537,0.03125,0.90015,-4.57800,-13.73300,16.54100
29.4517,759273,-0.52246,0.02710,0.90869,-4.88300,-13.73300,16.66300
29.4537,759283,-0.52710,0.02930,0.88794,-4.57800,-13.36700,16.66300
29.4677,759293,-0.53125,0.00879,0.88232,-4.39500,-14.77100,16.47900
29.4701,759303,-0.53711,0.03735,0.87427,-3.66200,-14.58700,15.74700
29.4859,759313,-0.55493,0.01465,0.88330,-3.47900,-15.07600,16.05200
29.5151,759323,-0.52222,0.02612,0.89526,-2.80800,-16.17400,16.66300
29.5151,759333,-0.51416,0.02832,0.91113,-2.86900,-15.74700,15.50300
29.5151,759343,-0.50757,0.02710,0.93091,-2.50200,-15.74700,16.72400
29.5259,759353,-0.48315,0.03003,0.93677,-2.68600,-15.01500,14.77100
29.5454,759363,-0.47974,0.02661,0.94556,-3.96700,-15.74700,16.60200
29.5482,759373,-0.47266,0.03125,0.95605,-4.08900,-16.17400,16.41800
29.5590,759383,-0.48877,0.03076,0.93774,-4.39500,-14.89300,16.96800
29.5705,759393,-0.49341,0.03003,0.92651,-4.63900,-13.85500,17.21200
29.5777,759403,-0.49438,0.03687,0.92090,-4.70000,-13.67200,17.51700
29.5954,759413,-0.50732,0.02832,0.90796,-5.55400,-14.16000,17.70000
29.6096,759423,-0.52466,0.04761,0.89575,-4.08900,-12.87800,16.41800
29.6117,759433,-0.52783,0.03052,0.89673,-4.51700,-14.95400,17.57800
29.6117,759443,-0.55518,0.02271,0.89819,-3.78400,-14.95400,17.33400
29.6254,759453,-0.54761,0.03198,0.89844,-4.33300,-14.58700,17.02900
29.6427,759463,-0.52808,0.02808,0.91406,-3.78400,-14.28200,15.80800
29.6427,759473,-0.52905,0.04395,0.90405,-3.78400,-14.70900,15.80800
29.6585,759483,-0.51538,0.02271,0.92065,-4.02800,-14.70900,14.64800
29.6693,759493,-0.48901,0.03833,0.91602,-3.78400,-14.89300,14.77100
29.6782,759503,-0.48877,0.01416,0.93042,-3.47900,-14.46500,15.62500
29.6881,759513,-0.47974,0.03003,0.92041,-3.66200,-14.22100,16.05200
29.7146,759523,-0.47607,0.03662,0.92847,-3.60100,-14.83200,16.66300
29.7146,759533,-0.47876,0.01270,0.91333,-4.33300,-14.77100,17.45600
29.7421,759543,-0.49023,0.01831,0.92163,-4.27200,-14.09900,17.39500
29.7421,759553,-0.50269,0.03076,0.93921,-4.33300,-13.73300,17.21200
29.7950,759563,-0.52124,0.02954,0.91284,-4.08900,-13.67200,16.84600
29.7950,759573,-0.52051,0.02393,0.91797,-4.15000,-13.85500,17.15100
29.7950,759583,-0.52026,0.03320,0.89087,-4.63900,-14.09900,16.11300
29.7950,759593,-0.52686,0.04565,0.89526,-4.33300,-14.77100,15.93000
29.7950,759603,-0.51416,0.04150,0.87842,-4.33300,-14.28200,14.95400
29.7950,759613,-0.51123,0.03320,0.90186,-4.51700,-15.19800,16.41800
29.7983,759623,-0.49927,0.04443,0.90063,-3.35700,-14.46500,15.86900
29.8154,759633,-0.46997,0.02026,0.89917,-2.93000,-12.87800,15.99100
29.8154,759643,-0.48682,0.04150,0.91870,-3.47900,-13.91600,17.09000
29.8154,759653,-0.48462,0.04443,0.92310,-3.54000,-14.28200,17.39500
29.8392,759663,-0.51514,0.02222,0.93994,-3.17400,-14.34300,16.66300
29.8483,759673,-0.51416,0.03174,0.93286,-3.96700,-13.42800,17.02900
29.8483,759683,-0.50757,0.04077,0.92896,-4.02800,-13.91600,16.84600
29.8634,759693,-0.51807,0.03809,0.92188,-4.33300,-13.36700,16.96800
29.8634,759703,-0.53687,0.02661,0.92139,-4.82200,-14.46500,16.72400
29.8807,759713,-0.53491,0.02368,0.92529,-4.63900,-14.03800,16.35700
29.8990,759723,-0.52637,0.03711,0.90308,-5.00500,-15.44200,16.60200
29.9112,759733,-0.51782,0.05029,0.89380,-5.18800,-15.01500,16.41800
29.9112,759743,-0.52173,0.02393,0.90039,-4.45600,-14.03800,15.62500
29.9270,759753,-0.50439,0.02734,0.90430,-4.15000,-14.09900,15.50300
29.9270,759763,-0.49390,0.03711,0.91772,-4.21100,-14.58700,15.62500
29.9748,759806,-0.48779,0.02588,0.92651,-3.84500,-13.06200,16.35700
29.9748,759808,-0.48779,0.02588,0.92651,-3.84500,-13.06200,16.35700
29.9748,759809,-0.48779,0.02588,0.92651,-3.84500,-13.06200,16.35700
29.9748,759811,-0.50098,0.00684,0.94238,-3.96700,-13.18400,15.86900
29.9748,759813,-0.50098,0.00684,0.94238,-3.96700,-13.18400,15.86900
29.9918,759823,-0.51685,0.02100,0.91162,-3.66200,-13.30600,15.86900
30.0229,759833,-0.51245,0.03247,0.91309,-4.21100,-13.48900,17.15100
30.0229,759843,-0.53247,0.02808,0.92090,-4.15000,-13.30600,17.27300
30.0229,759853,-0.52686,0.03613,0.90552,-4.02800,-14.03800,16.78500
30.0386,759863,-0.54712,0.03662,0.90308,-4.21100,-14.64800,16.90700
30.0482,759873,-0.52490,0.03003,0.89844,-3.96700,-14.52600,15.99100
30.0547,759883,-0.53345,0.03125,0.91650,-4.02800,-15.74700,16.72400
30.0547,759893,-0.51660,0.02026,0.92529,-3.78400,-14.03800,15.86900
30.0717,759903,-0.51025,0.02954,0.90674,-3.72300,-13.67200,15.13700
30.0862,759913,-0.48389,0.02271,0.91626,-3.54000,-13.61100,15.01500
30.0862,759923,-0.48047,0.01416,0.91064,-3.96700,-13.91600,15.74700
30.1023,759933,-0.49854,0.02319,0.92407,-3.17400,-13.42800,15.56400
30.1182,759943,-0.49243,0.02173,0.92749,-3.96700,-13.79400,16.60200
30.1365,759953,-0.50366,0.02734,0.92700,-3.96700,-14.77100,17.57800
30.1365,759963,-0.50073,0.03711,0.93140,-3.78400,-13.85500,16.96800
30.1484,759973,-0.51489,0.04028,0.91455,-4.27200,-12.87800,15.56400
30.1515,759983,-0.52588,0.03979,0.91235,-4.02800,-13.73300,16.11300
30.1656,759993,-0.52734,0.03613,0.91870,-4.45600,-14.28200,16.84600
30.1656,760003,-0.52686,0.02905,0.89575,-4.45600,-14.77100,16.29600
30.1817,760013,-0.50806,0.03076,0.89453,-4.39500,-13.79400,16.17400
30.1974,760023,-0.52734,0.02417,0.90625,-4.45600,-15.38100,16.17400
30.2071,760033,-0.50635,0.03345,0.89941,-3.96700,-14.64800,15.56400
30.2291,760043,-0.51343,0.02051,0.91089,-4.57800,-15.07600,16.54100
30.2291,760053,-0.48657,0.03760,0.89941,-3.84500,-14.03800,15.50300
30.2332,760063,-0.50317,0.01489,0.91602,-3.35700,-13.61100,15.32000
30.2525,760073,-0.49512,0.02856,0.93848,-2.99100,-13.24500,16.35700
30.2606,760083,-0.49121,0.03271,0.91968,-3.90600,-14.16000,16.47900
30.2637,760093,-0.51172,0.03369,0.91797,-4.15000,-13.48900,16.05200
30.2765,760103,-0.52881,0.01782,0.92139,-4.57800,-12.81700,15.74700
30.2801,760113,-0.53760,0.02002,0.92139,-4.63900,-14.83200,17.76100
30.2927,760123,-0.53833,0.02197,0.91431,-4.70000,-14.34300,16.66300
30.3085,760133,-0.53003,0.02295,0.90430,-4.33300,-14.89300,17.27300
30.3244,760143,-0.53027,0.01855,0.89795,-3.90600,-15.19800,17.21200
30.3244,760153,-0.53320,0.03345,0.91626,-4.15000,-15.13700,17.33400
30.3396,760163,-0.51709,0.02588,0.91577,-4.02800,-15.25900,16.66300
30.3484,760173,-0.49854,0.04639,0.91016,-3.60100,-14.03800,15.38100
30.3557,760183,-0.50439,0.03027,0.91357,-3.66200,-14.34300,16.17400
30.3557,760193,-0.50391,0.03296,0.91919,-3.66200,-13.85500,15.86900
30.3741,760203,-0.50464,0.02539,0.90771,-3.96700,-14.03800,16.35700
30.3875,760213,-0.49731,0.02588,0.91943,-3.90600,-13.97700,16.96800
30.3902,760223,-0.50024,0.02783,0.92554,-4.51700,-13.79400,16.72400
30.4032,760233,-0.51343,0.03857,0.91895,-4.33300,-15.07600,17.70000
30.4192,760243,-0.51807,0.03516,0.91382,-3.78400,-13.97700,17.57800
30.4192,760253,-0.51660,0.02856,0.91309,-4.21100,-13.91600,17.39500
30.4348,760263,-0.52246,0.03809,0.91675,-3.66200,-14.64800,16.60200
30.4665,760273,-0.52783,0.02466,0.91919,-3.66200,-13.67200,16.05200
30.4665,760283,-0.53931,0.04370,0.91235,-3.72300,-15.32000,16.66300
30.4665,760293,-0.52661,0.04370,0.92017,-4.08900,-15.44200,16.41800
30.4665,760303,-0.52271,0.01807,0.90161,-3.47900,-13.61100,14.77100
30.4822,760313,-0.51538,0.01099,0.91528,-3.84500,-13.85500,15.44200
30.4979,760323,-0.50244,0.02905,0.91406,-4.08900,-13.85500,15.99100
30.4979,760333,-0.51099,0.02393,0.92407,-3.96700,-13.97700,16.05200
30.5139,760343,-0.50757,0.02930,0.91309,-3.84500,-13.79400,16.90700
30.5296,760353,-0.49146,0.02490,0.91968,-3.96700,-14.22100,15.86900
30.5296,760363,-0.49878,0.02026,0.92041,-3.29600,-14.03800,17.02900
30.5456,760373,-0.50854,0.03149,0.93066,-4.08900,-13.18400,15.74700
30.5496,760383,-0.51489,0.01562,0.90552,-3.96700,-13.61100,16.78500
30.5674,760393,-0.50391,0.02783,0.91846,-3.72300,-14.03800,16.29600
30.5856,760403,-0.52417,0.02002,0.91602,-4.27200,-13.42800,15.74700
30.5952,760413,-0.52539,0.03174,0.90967,-3.96700,-14.58700,16.72400
30.5952,760423,-0.53052,0.02368,0.90552,-4.33300,-14.34300,16.78500
30.6088,760433,-0.51807,0.01343,0.90894,-3.78400,-14.03800,16.29600
30.6116,760443,-0.51807,0.02148,0.88086,-4.45600,-14.34300,17.09000
30.6246,760453,-0.51416,0.02417,0.89526,-4.08900,-13.73300,16.47900
30.6407,760463,-0.50659,0.02979,0.90015,-3.72300,-14.03800,15.32000
30.6407,760473,-0.48950,0.02490,0.90259,-3.96700,-14.03800,16.54100
30.6566,760483,-0.50659,0.02905,0.92700,-3.84500,-15.50300,16.96800
30.6566,760493,-0.49585,0.02832,0.91187,-3.54000,-13.42800,16.17400
30.6739,760503,-0.51245,0.03296,0.91821,-3.78400,-13.79400,16.66300
30.6915,760513,-0.49829,0.03345,0.92432,-3.90600,-12.93900,16.84600
30.6915,760523,-0.51489,0.01562,0.92871,-3.96700,-13.79400,15.93000
30.7103,760533,-0.52808,0.02490,0.92603,-4.08900,-13.67200,16.54100
30.7145,760543,-0.52173,0.03271,0.90625,-3.78400,-14.03800,16.60200
30.7355,760553,-0.52148,0.03345,0.90454,-4.08900,-13.79400,15.80800
30.7382,760563,-0.52783,0.02808,0.90698,-4.63900,-15.01500,17.02900
30.7502,760573,-0.52539,0.02490,0.91333,-4.02800,-14.28200,16.84600
30.7524,760583,-0.51172,0.02979,0.90869,-3.66200,-13.00000,15.19800
30.7672,760593,-0.52075,0.01782,0.91235,-3.90600,-13.06200,15.50300
30.7672,760603,-0.49243,0.02734,0.89868,-4.33300,-14.16000,15.56400
30.7855,760613,-0.50854,0.03076,0.91650,-4.21100,-13.24500,15.32000
30.8005,760623,-0.49829,0.02026,0.91113,-3.72300,-13.48900,16.54100
30.8005,760633,-0.50879,0.02271,0.90112,-3.72300,-14.03800,16.54100
30.8152,760643,-0.51025,0.03076,0.90869,-4.57800,-14.09900,17.21200
30.8310,760653,-0.51416,0.02759,0.90283,-4.27200,-14.22100,17.02900
30.8510,760663,-0.51440,0.01392,0.92969,-4.15000,-13.91600,17.27300
30.8510,760673,-0.51392,0.03418,0.92822,-3.96700,-12.81700,16.23500
30.8510,760683,-0.53052,0.02930,0.91162,-4.21100,-13.61100,16.60200
30.8631,760693,-0.51831,0.01953,0.91309,-4.21100,-14.46500,16.54100
30.8631,760703,-0.53003,0.02686,0.91113,-4.21100,-13.18400,16.23500
30.8801,760713,-0.51367,0.02588,0.90942,-4.02800,-13.48900,15.74700
30.8990,760723,-0.51099,0.01392,0.90869,-3.96700,-13.24500,16.29600
30.9012,760733,-0.50684,0.02393,0.90405,-3.96700,-14.03800,16.84600
30.9106,760743,-0.50415,0.02222,0.90112,-3.84500,-14.40400,17.09000
30.9264,760753,-0.50513,0.02148,0.90210,-3.96700,-14.58700,15.74700
30.9264,760763,-0.48633,0.02686,0.92236,-3.84500,-13.73300,16.29600
30.9512,760773,-0.49854,0.03149,0.90942,-3.54000,-13.67200,16.66300
30.9580,760783,-0.50635,0.03711,0.92090,-3.90600,-13.79400,16.72400
30.9580,760793,-0.51514,0.02783,0.91797,-4.08900,-14.89300,17.57800
30.9741,760803,-0.52271,0.02075,0.92188,-4.57800,-14.28200,16.29600
30.9902,760813,-0.52612,0.03052,0.91553,-4.45600,-13.36700,16.29600
30.9902,760823,-0.55029,0.03931,0.90332,-3.72300,-13.73300,15.68600
31.0059,760833,-0.52417,0.02710,0.90967,-3.90600,-13.55000,15.38100
31.0059,760843,-0.52246,0.02441,0.90747,-4.45600,-14.16000,15.93000
31.0219,760853,-0.51855,0.03345,0.90112,-4.08900,-14.95400,17.21200
31.0464,760863,-0.51147,0.02612,0.89673,-4.21100,-15.19800,16.66300
31.0486,760873,-0.50415,0.02759,0.90405,-3.78400,-14.34300,15.86900
31.0537,760883,-0.52222,0.01660,0.92383,-4.08900,-14.83200,16.66300
31.0694,760893,-0.50854,0.02026,0.90576,-3.47900,-14.34300,16.17400
31.0694,760903,-0.50171,0.03174,0.91455,-3.41800,-14.64800,15.62500
31.0865,760913,-0.50708,0.02417,0.91943,-3.96700,-14.46500,15.38100
31.0865,760923,-0.49634,0.02490,0.91528,-3.47900,-14.09900,15.56400
31.1010,760933,-0.51318,0.01440,0.91724,-4.21100,-14.64800,16.60200
31.1217,760943,-0.52515,0.02026,0.92554,-4.21100,-15.07600,17.33400
31.1217,760953,-0.52759,0.01514,0.91846,-4.02800,-14.83200,16.47900
31.1409,760963,-0.51953,0.03662,0.90356,-4.33300,-14.83200,16.29600
31.1512,760973,-0.53442,0.02612,0.91309,-4.27200,-15.01500,15.62500
31.1512,760983,-0.52173,0.01880,0.89722,-4.21100,-15.13700,17.27300
31.1644,760993,-0.52637,0.03442,0.90259,-3.96700,-14.40400,15.25900
31.1805,761003,-0.51221,0.01733,0.90381,-3.90600,-15.80800,15.93000
31.1805,761013,-0.51758,0.02246,0.89917,-3.23500,-13.91600,14.64800
31.1961,761023,-0.51782,0.02197,0.90723,-4.02800,-15.38100,16.17400
31.2037,761033,-0.52173,0.02905,0.91479,-4.02800,-16.11300,17.09000
31.2207,761043,-0.50195,0.02271,0.90332,-3.78400,-15.80800,17.33400
31.2281,761053,-0.52026,0.03247,0.93457,-3.54000,-14.40400,16.41800
31.2530,761063,-0.50977,0.04590,0.90161,-4.39500,-15.38100,16.17400
31.2530,761073,-0.51270,0.02710,0.93018,-4.02800,-14.95400,16.47900
31.2602,761083,-0.50415,0.02710,0.91162,-3.84500,-14.46500,15.86900
31.2618,761093,-0.52515,0.03076,0.92407,-3.90600,-15.74700,17.09000
31.2839,761103,-0.52637,0.03516,0.90869,-4.15000,-16.29600,16.90700
31.2839,761113,-0.51343,0.02637,0.91260,-4.57800,-16.05200,16.78500
31.2906,761123,-0.51099,0.02563,0.89917,-4.21100,-15.80800,16.96800
31.3068,761133,-0.51685,0.03345,0.89795,-3.96700,-15.99100,16.17400
31.3188,761143,-0.51660,0.03833,0.90820,-3.35700,-15.86900,16.17400
31.3225,761153,-0.50928,0.02319,0.90137,-3.60100,-16.05200,16.23500
31.3404,761163,-0.52295,0.02100,0.92603,-3.72300,-15.32000,15.99100
31.3404,761173,-0.51123,0.02710,0.90894,-3.72300,-16.05200,16.29600
31.3544,761183,-0.49854,0.02393,0.91943,-4.08900,-16.11300,16.17400
31.3544,761193,-0.51196,0.03076,0.92944,-4.08900,-15.86900,16.84600
31.3861,761203,-0.50269,0.02734,0.91309,-3.60100,-15.99100,16.72400
31.3861,761213,-0.51660,0.01123,0.92480,-4.02800,-15.93000,16.90700
31.3909,761223,-0.51489,0.02515,0.90479,-4.15000,-15.74700,15.56400
31.4102,761233,-0.51489,0.01782,0.90723,-3.47900,-15.68600,15.93000
31.4188,761243,-0.49902,0.02783,0.89868,-4.45600,-16.05200,17.39500
31.4352,761253,-0.51538,0.03418,0.90161,-4.21100,-15.99100,16.47900
31.4460,761263,-0.52612,0.01465,0.91138,-3.78400,-15.74700,16.05200
31.4515,761273,-0.51172,0.02026,0.90771,-4.02800,-15.74700,17.45600
31.4672,761283,-0.51270,0.03003,0.89551,-3.54000,-15.56400,16.05200
31.4672,761293,-0.50854,0.03467,0.91064,-3.78400,-15.56400,16.17400
31.4672,761303,-0.51074,0.03442,0.91968,-3.72300,-15.19800,16.05200
31.4806,761313,-0.50684,0.02881,0.92261,-3.05200,-15.99100,16.23500
31.4951,761323,-0.50171,0.02515,0.92358,-3.54000,-15.44200,15.50300
31.5120,761333,-0.50244,0.03857,0.91968,-3.47900,-15.44200,15.86900
31.5120,761343,-0.50098,0.02393,0.92505,-4.02800,-15.44200,16.41800
31.5271,761353,-0.49634,0.02856,0.92163,-4.08900,-16.60200,17.39500
31.5271,761363,-0.50171,0.02051,0.91895,-4.15000,-14.77100,16.23500
31.5573,761373,-0.51245,0.02246,0.92725,-4.02800,-15.32000,17.39500
31.5590,761383,-0.51685,0.02344,0.92065,-3.84500,-15.80800,16.90700
31.5751,761393,-0.52051,0.03613,0.91724,-4.63900,-16.11300,16.84600
31.5908,761403,-0.52466,0.03491,0.92334,-3.90600,-14.46500,15.99100
31.5942,761413,-0.50830,0.02710,0.90405,-4.57800,-15.44200,16.17400
31.5957,761423,-0.52905,0.03638,0.92041,-3.41800,-14.34300,15.44200
31.6069,761433,-0.49976,0.01636,0.90747,-3.66200,-15.38100,16.11300
31.6119,761443,-0.50757,0.03857,0.91064,-4.45600,-15.68600,15.80800
31.6243,761453,-0.49951,0.01855,0.91919,-3.96700,-14.77100,16.35700
31.6393,761463,-0.51489,0.02002,0.89673,-3.60100,-13.85500,15.86900
31.6553,761473,-0.51343,0.02710,0.91748,-3.60100,-14.28200,15.38100
31.6592,761483,-0.51611,0.00708,0.91821,-3.96700,-14.77100,16.84600
31.6654,761493,-0.51978,0.01514,0.92456,-4.33300,-14.95400,16.72400
31.6711,761503,-0.51221,0.02319,0.92188,-4.33300,-14.16000,17.02900
31.7028,761513,-0.50439,0.01587,0.91748,-4.27200,-14.03800,16.17400
31.7028,761523,-0.52026,0.01489,0.93628,-3.66200,-13.36700,15.99100
31.7104,761533,-0.52686,0.02954,0.91675,-4.21100,-14.09900,16.47900
31.7189,761543,-0.50635,0.03320,0.90796,-4.15000,-13.97700,16.11300
31.7392,761553,-0.51318,0.02637,0.92456,-4.15000,-14.34300,17.51700
31.7392,761563,-0.50610,0.02026,0.92627,-4.08900,-13.18400,16.84600
31.7580,761573,-0.50537,0.02246,0.92163,-3.47900,-13.61100,16.47900
31.7665,761583,-0.51416,0.02808,0.91675,-3.96700,-12.93900,15.62500
31.7665,761593,-0.50879,0.02832,0.91235,-3.60100,-12.63400,16.41800
31.7689,761603,-0.51172,0.03003,0.91357,-3.66200,-12.69500,16.29600
31.7980,761613,-0.51099,0.02246,0.91821,-3.96700,-13.24500,17.09000
31.7980,761623,-0.51440,0.03955,0.93237,-4.33300,-12.45100,17.15100
31.8139,761633,-0.52588,0.02734,0.91040,-4.15000,-12.14600,16.60200
31.8219,761643,-0.50757,0.02905,0.92261,-4.76100,-12.14600,15.86900
31.8219,761653,-0.52710,0.03149,0.90356,-3.47900,-11.84100,16.17400
31.8310,761663,-0.51123,0.01733,0.89160,-3.96700,-11.84100,16.60200
31.8457,761673,-0.51611,0.01587,0.90552,-4.02800,-11.47500,16.60200
31.8617,761683,-0.52637,0.02441,0.90259,-3.66200,-11.04700,16.35700
31.8617,761693,-0.51294,0.02271,0.90771,-3.72300,-11.04700,15.99100
31.8789,761703,-0.51709,0.02490,0.91333,-3.72300,-11.23000,15.86900
31.8789,761713,-0.51050,0.02588,0.91528,-3.66200,-11.29200,16.47900
31.8936,761723,-0.52637,0.02368,0.92212,-4.08900,-10.62000,15.99100
31.9092,761733,-0.50806,0.03223,0.90894,-3.17400,-11.16900,15.56400
31.9246,761743,-0.51807,0.02246,0.91284,-3.84500,-11.10800,16.23500
31.9306,761753,-0.51855,0.03003,0.90625,-4.02800,-10.86400,16.96800
31.9306,761763,-0.49707,0.02368,0.92700,-3.96700,-10.13200,16.23500
31.9725,761807,-0.53589,0.02881,0.92822,-3.66200,-10.43700,16.41800
31.9725,761809,-0.53589,0.02881,0.92822,-3.66200,-10.43700,16.41800
31.9725,761810,-0.52710,0.03174,0.89771,-3.84500,-9.82700,16.11300
31.9725,761812,-0.52710,0.03174,0.89771,-3.84500,-9.82700,16.11300
31.9725,761813,-0.52710,0.03174,0.89771,-3.84500,-9.82700,16.11300
31.9885,761823,-0.53027,0.03247,0.91699,-3.66200,-10.01000,17.09000
32.0056,761833,-0.52930,0.02710,0.92090,-3.90600,-10.80300,16.35700
32.0056,761843,-0.52783,0.02344,0.91504,-3.60100,-10.68100,15.56400
32.0223,761853,-0.50952,0.03052,0.89771,-4.08900,-10.37600,16.54100
32.0382,761863,-0.52979,0.02588,0.92090,-4.02800,-10.25400,16.05200
32.0401,761873,-0.52075,0.03418,0.89868,-4.02800,-10.68100,16.29600
32.0523,761883,-0.52026,0.02783,0.91943,-3.66200,-10.62000,16.29600
32.0838,761893,-0.51636,0.03687,0.91675,-3.54000,-10.80300,16.84600
32.0838,761903,-0.52368,0.03784,0.88647,-3.54000,-10.19300,15.86900
32.0838,761913,-0.53735,0.03955,0.91553,-4.33300,-11.53600,16.66300
32.0998,761923,-0.51611,0.01831,0.91187,-4.21100,-11.47500,17.21200
32.0998,761933,-0.54370,0.02466,0.92456,-4.15000,-10.49800,16.72400
32.1190,761943,-0.55518,0.05566,0.89062,-3.90600,-10.80300,16.35700
32.1190,761953,-0.50879,0.00171,0.90161,-4.27200,-12.14600,17.15100
32.2136,761963,-0.52588,0.01245,0.92236,-3.72300,-10.74200,15.50300
32.2136,761973,-0.57764,0.04736,0.91309,-3.60100,-10.92500,16.60200
32.2136,761983,-0.56714,0.06152,0.88965,-3.78400,-11.53600,16.23500
32.2136,761993,-0.47729,-0.00928,0.93359,-3.84500,-11.84100,16.29600
32.2136,762003,-0.49243,-0.00146,0.93823,-3.66200,-11.53600,16.66300
32.2136,762013,-0.56958,0.05347,0.88354,-3.84500,-10.13200,15.56400
32.2136,762023,-0.56470,0.06812,0.87646,-3.23500,-11.59700,16.78500
32.2136,762033,-0.52246,0.01025,0.89136,-3.78400,-11.96300,15.80800
32.2248,762043,-0.52124,0.00122,0.91968,-3.66200,-11.90200,16.72400
32.2317,762053,-0.52759,0.03296,0.90942,-3.84500,-12.63400,16.78500
32.2425,762063,-0.53931,0.03149,0.90576,-4.08900,-13.12300,16.90700
32.2525,762073,-0.52051,0.02539,0.90332,-4.02800,-13.18400,16.54100
32.2582,762083,-0.53931,0.03271,0.89258,-3.66200,-12.69500,16.72400
32.2738,762093,-0.54126,0.03735,0.90674,-4.02800,-13.24500,16.35700
32.2777,762103,-0.52148,0.01611,0.90063,-3.47900,-12.93900,16.11300
32.2777,762113,-0.53711,0.03198,0.90918,-3.54000,-14.22100,16.78500
32.2912,762123,-0.54370,0.02905,0.92017,-3.78400,-14.03800,16.47900
32.3057,762133,-0.52466,0.04541,0.91626,-3.66200,-14.40400,16.47900
32.3057,762143,-0.53198,0.02637,0.91333,-4.02800,-13.61100,16.11300
32.3227,762153,-0.53711,0.03369,0.90161,-4.45600,-14.03800,16.66300
32.3372,762163,-0.53345,0.03076,0.90137,-4.21100,-15.25900,16.47900
32.3410,762173,-0.51172,0.03174,0.90649,-3.54000,-14.40400,16.23500
32.3528,762183,-0.53442,0.02417,0.88892,-4.15000,-15.07600,17.09000
32.4001,762193,-0.54663,0.01855,0.89404,-4.27200,-15.13700,16.78500
32.4158,762203,-0.52075,0.03589,0.89429,-4.02800,-15.50300,16.84600
32.4158,762213,-0.54248,0.02002,0.88672,-4.15000,-16.05200,15.62500
32.4158,762223,-0.54370,0.02612,0.90015,-3.60100,-15.68600,16.72400
32.4158,762233,-0.54858,0.02271,0.90918,-4.21100,-15.86900,17.21200
32.4158,762243,-0.54150,0.02954,0.90967,-3.96700,-16.41800,16.78500
32.4319,762253,-0.54688,0.02954,0.90894,-4.33300,-16.90700,16.66300
32.4319,762263,-0.53174,0.02612,0.90942,-3.72300,-16.84600,16.29600
32.4476,762273,-0.52173,0.02686,0.89966,-3.96700,-17.51700,17.45600
32.4531,762283,-0.53613,0.01465,0.90430,-4.02800,-17.15100,16.78500
32.4798,762293,-0.53271,0.01807,0.90820,-4.15000,-18.12700,17.27300
32.4798,762303,-0.53589,0.02002,0.89868,-3.60100,-17.02900,15.32000
32.4798,762313,-0.51855,0.02173,0.89502,-4.63900,-17.82200,16.96800
32.4958,762323,-0.52783,0.01709,0.90234,-4.27200,-17.57800,16.96800
32.5220,762333,-0.53516,0.01489,0.90649,-4.02800,-18.92100,17.33400
32.5220,762343,-0.52100,0.02563,0.90527,-4.39500,-18.25000,16.96800
32.5274,762353,-0.51807,0.02686,0.89404,-3.72300,-18.00500,16.17400
32.5302,762363,-0.52441,0.02417,0.89575,-3.90600,-18.37200,17.51700
32.5431,762373,-0.53174,0.03784,0.89062,-4.15000,-18.49400,17.21200
32.5590,762383,-0.52734,0.02002,0.89404,-3.78400,-18.12700,16.23500
32.5749,762393,-0.52246,0.02026,0.88721,-4.15000,-17.94400,16.23500
32.5749,762403,-0.52856,0.02246,0.91089,-4.02800,-18.12700,16.11300
32.5908,762413,-0.53198,0.02588,0.90186,-3.66200,-18.49400,16.72400
32.6011,762423,-0.53223,0.01807,0.90430,-3.66200,-18.31100,16.60200
32.6066,762433,-0.54028,0.01294,0.94043,-4.02800,-17.76100,16.23500
32.6188,762443,-0.48486,0.04419,0.91699,-3.29600,-18.06600,15.44200
32.6258,762453,-0.48560,0.05005,0.89331,-3.90600,-18.73800,15.44200
32.6359,762463,-0.50977,0.03882,0.90454,-3.90600,-18.37200,15.86900
32.6398,762473,-0.52271,0.03540,0.91895,-4.21100,-19.28700,16.60200
32.6555,762483,-0.48340,0.04907,0.91528,-3.66200,-17.70000,15.56400
32.6702,762493,-0.47876,0.05005,0.89307,-3.84500,-18.49400,16.41800
32.6702,762503,-0.56128,0.02246,0.91211,-3.96700,-18.18800,16.72400
32.6900,762513,-0.53076,0.02124,0.92090,-4.27200,-17.94400,16.29600
32.6974,762523,-0.50952,0.03564,0.89551,-3.96700,-17.88300,16.05200
32.7031,762533,-0.54370,0.01538,0.91699,-4.02800,-18.00500,16.41800
32.7190,762543,-0.53052,0.00098,0.91211,-4.21100,-18.55500,17.15100
32.7221,762553,-0.51416,0.03003,0.91919,-3.47900,-17.02900,15.93000
32.7369,762563,-0.52979,0.02856,0.92090,-3.90600,-17.88300,16.41800
32.7401,762573,-0.52466,0.01611,0.90942,-4.21100,-17.39500,16.41800
32.7595,762583,-0.51855,0.03198,0.90454,-3.54000,-18.18800,16.66300
32.7685,762593,-0.50293,0.03613,0.90942,-3.84500,-18.12700,16.96800
32.7830,762603,-0.51733,0.01587,0.92969,-3.72300,-17.45600,16.23500
32.7830,762613,-0.51709,0.03467,0.90576,-4.33300,-16.90700,16.90700
32.7976,762623,-0.50000,0.02710,0.90845,-3.96700,-18.00500,17.21200
32.8010,762633,-0.52515,0.02979,0.91602,-4.51700,-17.09000,16.66300
32.8135,762643,-0.50000,0.02856,0.92676,-4.39500,-16.35700,16.84600
32.8135,762653,-0.51587,0.03149,0.91870,-4.02800,-16.17400,16.05200
32.8308,762663,-0.51440,0.02832,0.90698,-4.63900,-17.94400,17.63900
32.8495,762673,-0.50732,0.03003,0.91064,-3.78400,-16.29600,17.15100
32.8535,762683,-0.51221,0.03491,0.90405,-4.08900,-16.66300,16.17400
32.8626,762693,-0.50464,0.03638,0.90649,-3.54000,-15.44200,15.74700
32.8772,762703,-0.51489,0.02466,0.91943,-3.78400,-15.19800,15.99100
32.8772,762713,-0.50854,0.03052,0.89844,-3.54000,-14.89300,15.74700
32.8944,762723,-0.50537,0.02441,0.91724,-3.60100,-14.83200,16.84600
32.9091,762733,-0.52222,0.03223,0.90430,-3.05200,-14.83200,16.54100
32.9091,762743,-0.50488,0.03906,0.90942,-3.96700,-14.77100,16.72400
32.9264,762753,-0.50146,0.01855,0.91235,-3.78400,-14.64800,16.84600
32.9300,762763,-0.49634,0.03320,0.92090,-4.33300,-14.28200,16.23500
32.9432,762773,-0.51440,0.03076,0.92725,-3.96700,-14.58700,15.99100
32.9571,762783,-0.50488,0.04077,0.90942,-4.08900,-13.67200,16.11300
32.9571,762793,-0.52563,0.03442,0.90015,-4.08900,-13.55000,16.17400
32.9889,762803,-0.52197,0.02734,0.90918,-3.90600,-13.42800,16.54100
32.9889,762813,-0.51831,0.04175,0.90308,-3.90600,-13.61100,16.29600
32.9889,762823,-0.50317,0.03003,0.89575,-4.27200,-12.57300,15.50300
33.0135,762833,-0.50562,0.03833,0.90894,-4.02800,-13.42800,16.78500
33.0209,762843,-0.52051,0.02905,0.90771,-4.27200,-13.55000,16.72400
33.0209,762853,-0.51074,0.02612,0.91748,-3.84500,-13.42800,16.96800
33.0382,762863,-0.51978,0.01636,0.91772,-3.96700,-13.30600,17.09000
33.0382,762873,-0.51953,0.02881,0.91699,-3.66200,-13.18400,17.27300
33.0541,762883,-0.52026,0.02490,0.90430,-4.08900,-12.26800,16.41800
33.0684,762893,-0.51147,0.03833,0.92114,-3.84500,-11.53600,16.35700
33.0711,762903,-0.51050,0.02783,0.91357,-4.27200,-11.96300,15.38100
33.0914,762913,-0.52002,0.02466,0.92334,-4.45600,-13.06200,17.39500
33.1002,762923,-0.50977,0.02319,0.89062,-4.02800,-11.71900,15.68600
33.1002,762933,-0.52148,0.01611,0.91260,-3.90600,-12.81700,17.57800
33.1163,762943,-0.51758,0.02930,0.91431,-3.84500,-12.39000,17.15100
33.1539,762953,-0.50806,0.04126,0.91797,-3.23500,-11.53600,16.11300
33.1539,762963,-0.51099,0.01855,0.90430,-4.27200,-11.59700,16.23500
33.1539,762973,-0.51001,0.01831,0.90332,-3.66200,-11.47500,16.78500
33.1539,762983,-0.51343,0.02295,0.91797,-3.60100,-11.78000,16.05200
33.1707,762993,-0.51978,0.03223,0.91333,-3.54000,-11.47500,15.50300
33.1707,763003,-0.51270,0.03174,0.92578,-3.90600,-12.39000,15.99100
33.1962,763013,-0.51929,0.02856,0.91528,-3.47900,-12.08500,16.54100
33.1962,763023,-0.52148,0.03784,0.91797,-3.72300,-11.90200,16.47900
33.2080,763033,-0.50781,0.01709,0.91895,-4.02800,-12.51200,16.72400
33.2122,763043,-0.52832,0.03296,0.92456,-4.15000,-11.47500,15.44200
33.2373,763053,-0.50513,0.02612,0.90503,-4.33300,-12.08500,16.23500
33.2373,763063,-0.51367,0.02515,0.90942,-3.54000,-10.92500,16.05200
33.2500,763073,-0.52856,0.03564,0.90112,-3.84500,-12.51200,16.96800
33.2597,763083,-0.52954,0.03369,0.90308,-4.15000,-12.14600,16.29600
33.2597,763093,-0.52856,0.03516,0.90674,-3.90600,-11.65800,15.62500
33.2758,763103,-0.52710,0.02686,0.89575,-3.78400,-11.84100,16.29600
33.2918,763113,-0.51978,0.04517,0.90259,-3.78400,-11.71900,15.86900
33.2918,763123,-0.51904,0.02295,0.90796,-3.54000,-11.90200,16.05200
33.3076,763133,-0.54028,0.01782,0.92554,-3.66200,-12.26800,16.60200
33.3105,763143,-0.53003,0.03076,0.89795,-3.96700,-12.08500,16.47900
33.3413,763153,-0.51416,0.03882,0.91235,-4.02800,-12.57300,16.60200
33.3413,763163,-0.51538,0.03662,0.91797,-4.70000,-13.36700,18.00500
33.3413,763173,-0.51978,0.02734,0.92114,-3.96700,-12.32900,16.66300
33.3540,763183,-0.53271,0.02393,0.91650,-4.33300,-12.20700,16.78500
33.3540,763193,-0.52051,0.02759,0.92871,-3.84500,-13.00000,16.54100
33.3857,763203,-0.53394,0.03516,0.89282,-4.57800,-12.63400,16.05200
33.4018,763213,-0.53101,0.01831,0.90039,-3.78400,-13.61100,17.57800
33.4018,763223,-0.53101,0.02539,0.90137,-4.51700,-13.55000,16.66300
33.4018,763233,-0.51636,0.03223,0.89966,-4.15000,-13.42800,16.54100
33.4175,763243,-0.52344,0.01709,0.89795,-4.02800,-13.48900,16.66300
33.4334,763253,-0.53125,0.02246,0.89990,-3.96700,-13.06200,15.93000
33.4334,763263,-0.52539,0.02490,0.90552,-3.78400,-14.22100,16.72400
33.4492,763273,-0.51904,0.02051,0.89722,-3.47900,-13.61100,16.96800
33.4544,763283,-0.52856,0.03711,0.90820,-3.60100,-13.91600,16.96800
33.4689,763293,-0.52686,0.02832,0.90894,-3.35700,-13.85500,16.29600
33.4808,763303,-0.52637,0.02197,0.91138,-4.08900,-13.79400,16.78500
33.4925,763313,-0.54102,0.02026,0.90210,-3.72300,-13.36700,15.56400
33.4988,763323,-0.54004,0.03784,0.91138,-4.33300,-14.09900,17.39500
33.5135,763333,-0.52783,0.02466,0.91943,-3.72300,-13.85500,15.86900
33.5283,763343,-0.52515,0.02002,0.90503,-4.21100,-14.40400,17.21200
33.5429,763353,-0.52173,0.02026,0.90723,-3.90600,-14.95400,16.41800
33.5429,763363,-0.52856,0.02051,0.89673,-4.27200,-15.19800,16.47900
33.5429,763373,-0.52075,0.02637,0.90039,-3.66200,-15.01500,16.96800
33.5586,763383,-0.52026,0.01807,0.90039,-3.66200,-14.58700,16.29600
33.5683,763393,-0.52686,0.03174,0.92188,-4.02800,-14.64800,16.35700
33.5766,763403,-0.52979,0.00586,0.92554,-3.96700,-15.07600,16.84600
33.5867,763413,-0.52222,0.02783,0.90161,-3.54000,-14.95400,15.86900
33.5974,763423,-0.52393,0.02295,0.90723,-3.78400,-15.32000,16.60200
33.6072,763433,-0.51465,0.02979,0.90649,-4.27200,-15.62500,16.66300
33.6072,763443,-0.52808,0.02930,0.91162,-3.96700,-15.56400,16.11300
33.6271,763453,-0.52515,0.03589,0.89258,-4.27200,-15.50300,16.29600
33.6380,763463,-0.53027,0.03638,0.89673,-4.02800,-15.38100,16.90700
33.6453,763473,-0.53613,0.02734,0.89551,-4.33300,-15.25900,16.23500
33.6584,763483,-0.52734,0.02734,0.89429,-3.72300,-16.05200,16.84600
33.6688,763493,-0.52466,0.01074,0.91333,-3.96700,-15.80800,16.72400
33.6766,763503,-0.52515,0.03442,0.90088,-4.02800,-15.74700,16.60200
33.6894,763513,-0.53516,0.02368,0.90894,-4.63900,-17.02900,17.39500
33.7081,763523,-0.51465,0.02588,0.91382,-3.90600,-15.74700,15.68600
33.7081,763533,-0.51709,0.02222,0.89624,-4.08900,-15.80800,16.66300
33.7166,763543,-0.52271,0.01587,0.90820,-4.21100,-17.27300,16.84600
33.7166,763553,-0.51538,0.02295,0.91138,-4.33300,-17.57800,17.33400
33.7413,763563,-0.51929,0.02441,0.90308,-4.08900,-16.54100,16.90700
33.7484,763573,-0.52026,0.03320,0.90454,-3.54000,-16.60200,16.96800
33.7548,763583,-0.52124,0.02979,0.89746,-3.47900,-15.44200,15.99100
33.7648,763593,-0.53369,0.02002,0.90405,-3.96700,-15.68600,15.86900
33.7800,763603,-0.51392,0.02319,0.90015,-4.15000,-15.74700,16.60200
33.7829,763613,-0.51392,0.02808,0.89355,-3.90600,-15.86900,17.15100
33.8118,763623,-0.52661,0.02563,0.91479,-4.21100,-16.05200,17.21200
33.8118,763633,-0.52759,0.02368,0.90723,-4.15000,-17.15100,16.90700
33.8118,763643,-0.52026,0.03320,0.91040,-4.02800,-15.80800,16.41800
33.8276,763653,-0.51660,0.03345,0.89551,-3.78400,-16.11300,16.23500
33.8434,763663,-0.52344,0.03369,0.89868,-3.47900,-15.80800,15.50300
33.8434,763673,-0.50830,0.02271,0.90137,-3.54000,-15.80800,16.11300
33.8593,763683,-0.52026,0.02661,0.90283,-3.84500,-16.60200,16.96800
33.8593,763693,-0.52393,0.02026,0.92188,-3.60100,-16.35700,17.57800
33.8750,763703,-0.50952,0.04126,0.90942,-4.08900,-15.99100,16.84600
33.8907,763713,-0.51880,0.03027,0.92383,-4.45600,-16.11300,17.45600
33.8907,763723,-0.52637,0.01611,0.92651,-4.21100,-15.80800,16.84600
33.9068,763733,-0.52515,0.01245,0.90698,-3.78400,-15.62500,16.29600
33.9225,763743,-0.51001,0.03198,0.91895,-3.60100,-15.56400,17.02900
33.9225,763753,-0.53027,0.01953,0.92383,-4.27200,-15.56400,16.35700
33.9547,763763,-0.52002,0.02710,0.90674,-4.21100,-15.62500,16.47900
33.9699,763808,-0.52441,0.03076,0.90454,-4.33300,-15.38100,16.84600
33.9699,763810,-0.51611,0.03662,0.90356,-4.33300,-15.38100,16.84600
33.9859,763811,-0.51611,0.03662,0.90356,-4.33300,-15.38100,16.84600
33.9859,763813,-0.51611,0.03662,0.90356,-4.33300,-15.38100,16.84600
33.9859,763814,-0.51611,0.03662,0.90356,-4.33300,-15.38100,16.84600
33.9859,763823,-0.51294,0.01831,0.90649,-3.72300,-14.34300,15.99100
34.0192,763833,-0.51514,0.01440,0.91479,-4.02800,-14.52600,15.62500
34.0192,763843,-0.51636,0.01758,0.92163,-3.90600,-14.40400,16.72400
34.0341,763853,-0.50781,0.03882,0.91187,-3.96700,-14.46500,16.41800
34.0500,763863,-0.51416,0.02563,0.91431,-3.72300,-14.64800,15.93000
34.0500,763873,-0.51050,0.02661,0.91724,-3.96700,-15.01500,16.35700
34.0549,763883,-0.52222,0.02344,0.90869,-3.90600,-15.44200,17.21200
34.0695,763893,-0.52100,0.03052,0.91162,-3.78400,-13.61100,15.99100
34.0695,763903,-0.53174,0.02588,0.92017,-3.72300,-13.91600,15.86900
34.0819,763913,-0.51294,0.02515,0.89160,-4.33300,-13.85500,15.99100
34.0977,763923,-0.51318,0.03613,0.91382,-3.72300,-13.97700,16.29600
34.1137,763933,-0.50977,0.01465,0.90112,-3.84500,-13.79400,16.35700
34.1137,763943,-0.51343,0.03516,0.89893,-3.78400,-14.09900,16.66300
34.1296,763953,-0.51440,0.01880,0.91284,-3.54000,-14.46500,16.54100
34.1296,763963,-0.50708,0.03906,0.90942,-3.78400,-14.22100,16.72400
34.1510,763973,-0.51855,0.03540,0.91187,-3.35700,-14.16000,15.68600
34.1567,763983,-0.51904,0.03394,0.91577,-3.90600,-13.97700,16.96800
34.1643,763993,-0.53125,0.03369,0.90039,-3.96700,-13.67200,17.02900
34.1776,764003,-0.51855,0.03467,0.92969,-3.66200,-13.30600,16.84600
34.1776,764013,-0.52930,0.02759,0.91113,-4.15000,-13.55000,16.05200
34.1935,764023,-0.51733,0.02563,0.91895,-3.66200,-13.61100,16.29600
34.2321,764033,-0.50708,0.02954,0.91577,-3.78400,-13.85500,17.02900
34.2321,764043,-0.52393,0.02856,0.91357,-4.27200,-13.42800,16.66300
34.2321,764053,-0.51709,0.02246,0.89746,-4.08900,-11.84100,15.86900
34.2462,764063,-0.52979,0.02441,0.90552,-3.84500,-13.48900,17.21200
34.2568,764073,-0.51514,0.02051,0.90405,-4.27200,-13.00000,16.41800
34.2568,764083,-0.51001,0.01758,0.90918,-4.08900,-13.18400,15.50300
34.2568,764093,-0.51514,0.02515,0.90674,-3.90600,-13.79400,17.02900
34.2755,764103,-0.51733,0.02954,0.89526,-4.02800,-12.75600,15.99100
34.2755,764113,-0.52100,0.02539,0.90625,-4.08900,-13.30600,17.27300
34.2915,764123,-0.51685,0.03711,0.90405,-3.96700,-13.55000,16.23500
34.3074,764133,-0.51318,0.03320,0.91626,-3.66200,-13.30600,15.93000
34.3417,764143,-0.53198,0.01440,0.91577,-3.17400,-12.93900,16.17400
34.3417,764153,-0.52759,0.02075,0.91797,-4.02800,-13.06200,16.96800
34.3417,764163,-0.50879,0.03467,0.90967,-3.78400,-13.91600,17.02900
34.3514,764173,-0.52319,0.02344,0.90991,-3.78400,-13.06200,16.41800
34.3561,764183,-0.53247,0.02515,0.91895,-3.66200,-12.87800,16.41800
34.3674,764193,-0.51855,0.02417,0.90845,-4.15000,-13.67200,16.72400
34.3832,764203,-0.52124,0.02368,0.89868,-3.90600,-11.96300,15.99100
34.3895,764213,-0.51709,0.04224,0.90942,-3.41800,-13.06200,16.29600
34.3908,764223,-0.51221,0.02100,0.89600,-3.66200,-13.67200,15.80800
34.4003,764233,-0.51270,0.03125,0.90527,-3.60100,-14.03800,17.02900
34.4147,764243,-0.50732,0.03076,0.90723,-3.90600,-13.12300,15.68600
34.4307,764253,-0.52466,0.02588,0.89648,-3.78400,-13.79400,16.96800
34.4307,764263,-0.51636,0.03345,0.90991,-3.54000,-13.12300,16.11300
34.4535,764273,-0.52466,0.03003,0.91479,-3.78400,-13.30600,16.78500
34.4561,764283,-0.53052,0.01245,0.90137,-4.02800,-13.00000,16.11300
34.4647,764293,-0.51904,0.04858,0.89526,-3.84500,-13.73300,16.47900
34.4782,764303,-0.52856,0.02368,0.91748,-4.08900,-14.34300,16.41800
34.4782,764313,-0.52417,0.02710,0.90039,-3.47900,-13.12300,15.50300
34.4939,764323,-0.53687,0.03296,0.90869,-4.33300,-14.40400,16.47900
34.4939,764333,-0.52026,0.02734,0.90308,-3.72300,-14.16000,16.66300
34.5288,764343,-0.52002,0.02344,0.91406,-4.27200,-13.79400,16.60200
34.5288,764353,-0.52124,0.03271,0.89478,-3.90600,-13.18400,16.23500
34.5417,764363,-0.52539,0.01587,0.90210,-3.72300,-14.03800,16.84600
34.5578,764373,-0.52148,0.02295,0.91016,-4.21100,-14.40400,17.70000
34.5578,764383,-0.51562,0.01904,0.91211,-3.78400,-14.09900,16.23500
34.5687,764393,-0.52295,0.02759,0.90015,-3.78400,-13.79400,16.29600
34.5747,764403,-0.50732,0.03223,0.90674,-3.66200,-14.46500,16.11300
34.5981,764413,-0.53198,0.03662,0.90259,-3.84500,-13.91600,16.78500
34.5981,764423,-0.52637,0.03247,0.90332,-3.96700,-14.16000,15.80800
34.6053,764433,-0.52197,0.03076,0.90479,-3.84500,-13.79400,16.23500
34.6223,764443,-0.54077,0.02905,0.91895,-3.72300,-14.64800,16.41800
34.6223,764453,-0.52612,0.02832,0.90576,-3.35700,-14.22100,16.47900
34.6370,764463,-0.52612,0.01709,0.89551,-3.96700,-14.46500,16.60200
34.6432,764473,-0.52246,0.02417,0.89331,-3.84500,-14.22100,16.29600
34.6563,764483,-0.52954,0.04224,0.88916,-4.21100,-14.89300,16.41800
34.6717,764493,-0.50781,0.04590,0.90063,-4.02800,-15.38100,16.66300
34.6717,764503,-0.52271,0.02075,0.90771,-3.84500,-14.77100,17.09000
34.6848,764513,-0.53198,0.01465,0.89917,-3.96700,-15.01500,16.60200
34.6848,764523,-0.52612,0.03027,0.89868,-4.15000,-15.32000,17.02900
34.7018,764533,-0.51367,0.02612,0.89722,-3.60100,-15.32000,16.84600
34.7166,764543,-0.52271,0.02808,0.90991,-3.66200,-15.93000,16.47900
34.7325,764553,-0.52832,0.02637,0.90845,-4.33300,-15.19800,17.21200
34.7325,764563,-0.54126,0.02441,0.89917,-3.90600,-15.07600,16.84600
34.7494,764573,-0.51831,0.03320,0.91479,-4.27200,-15.68600,17.27300
34.7563,764583,-0.52783,0.01855,0.90869,-3.78400,-14.70900,15.62500
34.7707,764593,-0.52441,0.03320,0.89819,-3.96700,-16.17400,17.51700
34.7801,764603,-0.53662,0.03052,0.91895,-4.39500,-15.38100,16.96800
34.7958,764613,-0.53296,0.01733,0.90576,-3.66200,-15.32000,16.90700
34.7958,764623,-0.51611,0.03784,0.89526,-4.45600,-15.32000,17.33400
34.7958,764633,-0.52588,0.02661,0.90405,-4.08900,-14.89300,16.17400
34.8134,764643,-0.52832,0.02612,0.90552,-4.15000,-15.62500,16.78500
34.8274,764653,-0.52441,0.02954,0.91113,-3.66200,-14.34300,15.80800
34.8274,764663,-0.52759,0.02954,0.91357,-3.96700,-15.44200,15.86900
34.8433,764673,-0.52954,0.01562,0.91113,-4.27200,-15.50300,16.72400
34.8564,764683,-0.51587,0.03662,0.90576,-3.84500,-14.77100,16.23500
34.8603,764693,-0.51123,0.03198,0.89185,-3.54000,-14.95400,17.39500
34.8769,764703,-0.52563,0.01685,0.91602,-3.96700,-15.86900,16.78500
34.8769,764713,-0.53760,0.01953,0.93042,-3.60100,-15.44200,16.96800
34.8908,764723,-0.51685,0.02417,0.90479,-3.78400,-14.83200,16.41800
34.9066,764733,-0.53247,0.01929,0.91406,-4.15000,-14.58700,16.47900
34.9132,764743,-0.52734,0.02319,0.93188,-4.08900,-16.17400,17.02900
34.9385,764753,-0.52051,0.02905,0.92529,-3.96700,-16.05200,15.68600
34.9385,764763,-0.51611,0.03491,0.91772,-3.60100,-14.95400,16.66300
34.9385,764773,-0.52148,0.03052,0.90210,-3.78400,-15.13700,16.66300
34.9567,764783,-0.54321,0.02661,0.91138,-3.78400,-15.01500,17.02900
34.9702,764793,-0.52759,0.03345,0.90479,-4.08900,-15.25900,15.68600
34.9789,764803,-0.52686,0.02466,0.90771,-3.54000,-14.89300,16.78500
35.0075,764813,-0.50659,0.03174,0.90820,-3.47900,-15.13700,16.84600
35.0075,764823,-0.52100,0.02026,0.91943,-3.66200,-14.83200,16.47900
35.0075,764833,-0.51123,0.02686,0.90186,-3.84500,-13.73300,16.29600
35.0172,764843,-0.51587,0.03174,0.91113,-4.15000,-14.77100,16.60200
35.0330,764853,-0.52173,0.02344,0.91260,-4.27200,-15.13700,15.99100
35.0330,764863,-0.53271,0.03564,0.91187,-3.96700,-15.25900,16.66300
35.0491,764873,-0.52271,0.02856,0.91479,-3.72300,-15.25900,17.02900
35.0566,764883,-0.51392,0.02368,0.90552,-3.90600,-14.77100,16.11300
35.0670,764893,-0.52490,0.01636,0.91016,-3.84500,-13.97700,16.47900
35.0670,764903,-0.51660,0.03076,0.88623,-4.02800,-14.89300,17.02900
35.0808,764913,-0.52319,0.02051,0.90332,-3.54000,-13.97700,16.78500
35.0997,764923,-0.51831,0.02002,0.89917,-4.39500,-14.46500,15.68600
35.1123,764933,-0.52368,0.02563,0.91357,-3.90600,-14.40400,15.62500
35.1142,764943,-0.50830,0.02881,0.90918,-4.45600,-14.83200,16.72400
35.1411,764953,-0.51880,0.03589,0.90723,-3.72300,-14.09900,16.23500
35.1411,764963,-0.50806,0.04248,0.92212,-4.15000,-14.03800,16.96800
35.1455,764973,-0.52466,0.03442,0.92529,-4.27200,-15.25900,16.72400
35.1599,764983,-0.51758,0.02612,0.90723,-4.27200,-14.70900,16.54100
35.1599,764993,-0.50781,0.02051,0.90918,-4.33300,-13.73300,15.99100
35.1785,765003,-0.53027,0.02930,0.90405,-3.66200,-14.03800,15.74700
35.1785,765013,-0.51782,0.04028,0.91016,-3.90600,-14.16000,15.93000
35.1933,765023,-0.52734,0.02905,0.90088,-3.96700,-13.97700,16.29600
35.2080,765033,-0.51733,0.02637,0.90137,-4.15000,-13.79400,17.39500
35.2108,765043,-0.53174,0.01709,0.91528,-3.84500,-13.48900,16.41800
35.2290,765053,-0.52026,0.03442,0.90845,-3.66200,-13.97700,16.41800
35.2394,765063,-0.51221,0.02954,0.90991,-3.90600,-14.46500,16.84600
35.2394,765073,-0.50903,0.03027,0.92651,-3.90600,-15.13700,17.51700
35.2567,765083,-0.51782,0.02930,0.90503,-3.47900,-13.67200,16.11300
35.2604,765093,-0.52246,0.02417,0.91089,-3.96700,-13.61100,16.05200
35.2722,765103,-0.51465,0.02930,0.90967,-4.08900,-13.97700,16.96800
35.2868,765113,-0.50757,0.02710,0.91089,-3.66200,-13.06200,15.44200
35.3027,765123,-0.52686,0.02173,0.90332,-4.15000,-14.46500,17.39500
35.3027,765133,-0.51367,0.02417,0.91943,-4.15000,-14.77100,17.51700
35.3234,765143,-0.51831,0.03735,0.90259,-3.96700,-14.03800,16.17400
35.3234,765153,-0.51953,0.02734,0.91943,-4.02800,-14.95400,17.15100
35.3422,765163,-0.52393,0.02515,0.90015,-3.54000,-12.93900,15.38100
35.3509,765173,-0.52856,0.01489,0.90552,-3.72300,-14.03800,16.23500
35.3568,765183,-0.51538,0.02148,0.90649,-4.15000,-13.85500,16.41800
35.3677,765193,-0.52100,0.03394,0.90845,-3.78400,-13.97700,17.45600
35.3826,765203,-0.52393,0.02637,0.91382,-3.96700,-13.55000,16.78500
35.3878,765213,-0.52026,0.04614,0.90942,-3.96700,-14.22100,16.66300
35.3976,765223,-0.52734,0.03809,0.91602,-4.02800,-13.48900,16.05200
35.3976,765233,-0.52344,0.02466,0.91333,-3.72300,-14.22100,16.23500
35.4134,765243,-0.52881,0.02808,0.90698,-4.27200,-14.22100,16.84600
35.4293,765253,-0.52197,0.03394,0.90649,-4.02800,-13.61100,16.66300
35.4451,765263,-0.53516,0.01514,0.90771,-3.60100,-13.73300,16.35700
35.4451,765273,-0.50830,0.02222,0.91235,-4.02800,-14.03800,17.02900
35.4570,765283,-0.52173,0.03052,0.90771,-3.72300,-13.73300,16.35700
35.4631,765293,-0.51562,0.04370,0.91333,-4.15000,-14.58700,17.51700
35.4770,765303,-0.51221,0.03320,0.89893,-3.54000,-13.85500,16.11300
35.4770,765313,-0.53223,0.03979,0.91235,-3.84500,-14.52600,16.90700
35.4930,765323,-0.53589,0.03760,0.90796,-3.84500,-13.36700,16.11300
35.5091,765333,-0.51831,0.04175,0.91479,-4.08900,-15.01500,17.09000
35.5091,765343,-0.53027,0.02881,0.90234,-4.08900,-14.52600,16.78500
35.5252,765353,-0.51514,0.02710,0.90527,-3.54000,-13.85500,16.05200
35.5296,765363,-0.51343,0.03613,0.91138,-4.45600,-14.40400,16.60200
35.5411,765373,-0.52344,0.03589,0.89575,-4.08900,-14.64800,16.35700
35.5654,765383,-0.52124,0.02856,0.90161,-4.02800,-14.58700,16.35700
35.5733,765393,-0.52173,0.03345,0.90112,-4.02800,-14.22100,16.41800
35.5870,765403,-0.52319,0.02173,0.90063,-4.39500,-14.95400,16.66300
35.5870,765413,-0.52026,0.02710,0.90625,-4.02800,-14.52600,15.93000
35.5987,765423,-0.50488,0.04346,0.89404,-3.84500,-14.52600,16.60200
35.6051,765433,-0.52319,0.03125,0.90186,-3.96700,-15.13700,16.72400
35.6051,765443,-0.52295,0.02246,0.91211,-3.72300,-13.42800,16.47900
35.6223,765453,-0.52563,0.02881,0.90942,-3.47900,-14.09900,16.11300
35.6367,765463,-0.52588,0.02905,0.89917,-4.02800,-14.64800,15.99100
35.6367,765473,-0.52466,0.02808,0.90845,-4.02800,-14.22100,16.05200
35.6577,765483,-0.53418,0.03003,0.89355,-3.96700,-14.16000,15.99100
35.6707,765493,-0.51318,0.03516,0.89233,-4.70000,-13.85500,16.66300
35.6996,765503,-0.53174,0.02515,0.91772,-4.15000,-13.85500,16.17400
35.6996,765513,-0.51562,0.03418,0.90991,-3.78400,-14.58700,15.80800
35.7047,765523,-0.52954,0.03027,0.91357,-3.96700,-15.07600,16.29600
35.7088,765533,-0.50854,0.03418,0.90112,-4.21100,-14.77100,16.78500
35.7241,765543,-0.53052,0.02808,0.91187,-3.54000,-14.64800,15.19800
35.7303,765553,-0.50928,0.02051,0.91162,-4.08900,-14.83200,16.47900
35.7330,765563,-0.51733,0.02686,0.90234,-3.78400,-14.95400,16.23500
35.7578,765573,-0.52710,0.02295,0.91504,-3.66200,-14.70900,16.35700
35.7578,765583,-0.51978,0.02051,0.90576,-3.41800,-14.70900,16.90700
35.7621,765593,-0.51855,0.03003,0.91919,-3.47900,-14.28200,16.11300
35.7779,765603,-0.53223,0.02417,0.91309,-4.08900,-14.83200,17.09000
35.7779,765613,-0.53223,0.02734,0.91211,-3.47900,-14.03800,15.56400
35.8002,765623,-0.51587,0.02271,0.91064,-4.08900,-14.22100,16.23500
35.8097,765633,-0.52881,0.03003,0.91455,-3.84500,-14.28200,16.66300
35.8137,765643,-0.52710,0.01636,0.90649,-3.90600,-14.89300,16.41800
35.8255,765653,-0.51538,0.01709,0.91235,-4.08900,-15.50300,17.27300
35.8255,765663,-0.51514,0.03442,0.90210,-4.15000,-13.79400,14.89300
35.8534,765673,-0.52417,0.02173,0.90479,-4.08900,-14.89300,16.05200
35.8579,765683,-0.51758,0.02417,0.90308,-3.96700,-14.64800,16.96800
35.8688,765693,-0.51221,0.02832,0.90869,-3.72300,-14.95400,17.45600
35.8731,765703,-0.54028,0.02808,0.90918,-4.15000,-15.50300,17.39500
35.8889,765713,-0.50366,0.04370,0.90967,-3.47900,-15.19800,16.90700
35.8996,765723,-0.52026,0.02783,0.90820,-3.72300,-15.13700,17.33400
35.9088,765733,-0.52319,0.02515,0.91357,-4.08900,-14.28200,16.17400
35.9259,765743,-0.50854,0.02319,0.89380,-4.15000,-14.95400,16.78500
35.9291,765753,-0.52344,0.03369,0.90918,-4.27200,-14.89300,16.29600
35.9412,765763,-0.52417,0.02808,0.89331,-4.08900,-15.38100,16.66300
35.9829,765809,-0.51123,0.04053,0.90234,-4.21100,-14.22100,16.29600
35.9829,765811,-0.51123,0.04053,0.90234,-4.21100,-14.22100,16.29600
35.9829,765812,-0.51123,0.04053,0.90234,-4.21100,-14.22100,16.29600
35.9829,765814,-0.51123,0.04053,0.90234,-3.84500,-15.07600,17.15100
35.9829,765815,-0.50977,0.01709,0.91553,-3.84500,-15.07600,17.15100
35.9986,765823,-0.52344,0.02734,0.90796,-3.78400,-14.77100,16.54100
35.9994,765833,-0.52344,0.03809,0.91333,-4.08900,-14.58700,16.66300
36.0168,765843,-0.52368,0.03784,0.91260,-4.51700,-14.22100,15.74700
36.0168,765853,-0.51294,0.03271,0.89526,-4.27200,-14.09900,15.56400
36.0330,765863,-0.51294,0.03125,0.90796,-3.90600,-14.77100,16.84600
36.0627,765873,-0.51050,0.02368,0.92261,-3.29600,-13.85500,15.80800
36.0627,765883,-0.52637,0.02710,0.90308,-3.35700,-13.55000,15.01500
36.0627,765893,-0.52197,0.02417,0.90186,-4.33300,-13.79400,16.11300
36.0808,765903,-0.52051,0.01685,0.90674,-4.45600,-14.64800,15.86900
36.0808,765913,-0.52759,0.02173,0.91699,-3.78400,-13.36700,15.13700
36.0946,765923,-0.52368,0.01709,0.91260,-3.90600,-14.28200,16.05200
36.1106,765933,-0.51123,0.01587,0.91724,-3.23500,-13.97700,15.62500
36.1267,765943,-0.50903,0.02539,0.90063,-3.90600,-14.40400,16.17400
36.1267,765953,-0.51562,0.02954,0.90479,-3.72300,-14.83200,17.09000
36.1427,765963,-0.50977,0.02295,0.92041,-3.90600,-15.01500,16.35700
36.1427,765973,-0.52881,0.03003,0.91284,-4.51700,-15.62500,17.21200
36.1665,765983,-0.51343,0.03076,0.91211,-3.84500,-13.85500,15.93000
36.1745,765993,-0.53027,0.02783,0.90430,-3.17400,-13.67200,15.93000
36.2061,766003,-0.52002,0.02173,0.92627,-3.96700,-15.01500,17.45600
36.2061,766013,-0.51050,0.02734,0.91919,-3.41800,-14.28200,16.23500
36.2061,766023,-0.52026,0.03711,0.91040,-4.45600,-14.28200,16.90700
36.2061,766033,-0.51440,0.03369,0.90625,-4.39500,-15.56400,16.90700
36.2061,766043,-0.52783,0.01978,0.90552,-4.39500,-13.61100,15.74700
36.2301,766053,-0.51782,0.03174,0.89258,-3.54000,-13.85500,16.47900
36.2378,766063,-0.52734,0.01465,0.92285,-3.96700,-13.85500,16.72400
36.2405,766073,-0.52197,0.01758,0.90576,-3.84500,-14.46500,16.60200
36.2609,766083,-0.52197,0.03369,0.91284,-4.21100,-14.28200,16.90700
36.2694,766093,-0.52441,0.03662,0.91675,-4.33300,-14.03800,17.45600
36.2714,766103,-0.51099,0.02686,0.91846,-3.90600,-14.34300,16.41800
36.2855,766113,-0.50781,0.04102,0.90796,-3.60100,-13.61100,15.93000
36.3012,766123,-0.51733,0.03174,0.88916,-3.66200,-13.55000,15.50300
36.3037,766133,-0.51343,0.03003,0.90259,-3.90600,-14.34300,16.60200
36.3172,766143,-0.51758,0.03955,0.90283,-3.78400,-14.22100,15.68600
36.3172,766153,-0.52344,0.02759,0.90479,-3.47900,-14.70900,16.54100
36.3418,766163,-0.52100,0.02026,0.91528,-3.96700,-14.77100,17.76100
36.3489,766173,-0.51636,0.02734,0.91479,-3.66200,-14.58700,15.99100
36.3645,766183,-0.51245,0.02759,0.91357,-3.41800,-13.85500,15.80800
36.3645,766193,-0.51099,0.02759,0.90820,-4.21100,-13.91600,16.11300
36.3836,766203,-0.52344,0.02661,0.92065,-4.02800,-14.22100,17.15100
36.3891,766213,-0.52295,0.02954,0.90649,-4.15000,-14.28200,16.90700
36.4057,766223,-0.51025,0.01099,0.92114,-4.27200,-14.77100,17.21200
36.4057,766233,-0.52710,0.02954,0.89307,-4.15000,-14.95400,16.90700
36.4131,766243,-0.52808,0.02368,0.92920,-4.08900,-14.46500,15.62500
36.4278,766253,-0.52173,0.02979,0.90381,-4.08900,-13.91600,16.84600
36.4278,766263,-0.51807,0.02954,0.89136,-4.15000,-14.40400,17.70000
36.4436,766273,-0.52563,0.03955,0.90405,-3.96700,-14.40400,15.80800
36.4589,766283,-0.51636,0.02539,0.89282,-4.27200,-14.77100,17.76100
36.4759,766293,-0.52173,0.03247,0.89917,-4.02800,-14.34300,16.66300
36.4759,766303,-0.52734,0.02100,0.90723,-3.72300,-14.34300,17.09000
36.4788,766313,-0.53296,0.02930,0.90039,-3.78400,-14.58700,17.02900
36.4992,766323,-0.51489,0.03979,0.90234,-3.90600,-13.42800,16.23500
36.5076,766333,-0.51831,0.02979,0.90479,-4.33300,-14.64800,16.66300
36.5139,766343,-0.52563,0.02075,0.92261,-3.47900,-14.16000,15.86900
36.5385,766353,-0.52075,0.02515,0.92456,-4.21100,-14.64800,17.27300
36.5385,766363,-0.51953,0.03125,0.91016,-3.72300,-14.64800,17.21200
36.5385,766373,-0.51587,0.02954,0.91748,-4.33300,-14.77100,16.41800
36.5595,766383,-0.52295,0.02344,0.90967,-3.84500,-14.46500,16.84600
36.5708,766393,-0.51636,0.02759,0.90918,-4.15000,-13.97700,16.66300
36.5708,766403,-0.52905,0.01978,0.91431,-3.47900,-14.40400,16.17400
36.5877,766413,-0.51904,0.03369,0.90161,-4.02800,-14.58700,16.47900
36.5997,766423,-0.51978,0.02759,0.90527,-3.78400,-13.55000,16.23500
36.6032,766433,-0.52246,0.03540,0.91138,-3.96700,-14.64800,16.29600
36.6178,766443,-0.52051,0.02441,0.88965,-3.66200,-14.64800,16.60200
36.6299,766453,-0.51099,0.00903,0.91943,-4.02800,-14.58700,17.15100
36.6335,766463,-0.52661,0.03491,0.91577,-4.02800,-14.34300,16.72400
36.6494,766473,-0.53223,0.03003,0.89673,-4.02800,-14.09900,16.41800
36.6494,766483,-0.51758,0.02002,0.92456,-3.66200,-14.22100,16.54100
36.6652,766493,-0.51343,0.03516,0.90967,-3.78400,-14.16000,16.41800
36.6652,766503,-0.51660,0.03076,0.90112,-4.08900,-14.58700,16.54100
36.6883,766513,-0.52588,0.01489,0.90112,-3.60100,-13.73300,16.35700
36.6969,766523,-0.51270,0.02686,0.90332,-3.29600,-14.28200,16.11300
36.7132,766533,-0.52393,0.02637,0.91162,-3.47900,-13.85500,16.29600
36.7132,766543,-0.52832,0.04028,0.90796,-3.84500,-14.70900,16.29600
36.7287,766553,-0.53638,0.03198,0.91748,-4.08900,-14.89300,16.54100
36.7756,766563,-0.51587,0.03198,0.91553,-3.90600,-14.16000,15.68600
36.7756,766573,-0.53320,0.02905,0.90503,-3.23500,-15.07600,16.54100
36.7756,766583,-0.52588,0.03442,0.92334,-3.96700,-14.03800,16.47900
36.7756,766593,-0.51099,0.03711,0.89893,-4.27200,-13.85500,16.96800
36.7756,766603,-0.51953,0.03467,0.90723,-4.02800,-14.77100,16.29600
36.7756,766613,-0.52588,0.04004,0.91040,-4.21100,-14.89300,17.51700
36.7930,766623,-0.52148,0.02148,0.91675,-4.02800,-13.85500,16.35700
36.8076,766633,-0.51123,0.02515,0.90356,-3.96700,-14.70900,16.66300
36.8104,766643,-0.52490,0.01758,0.90430,-3.78400,-14.16000,16.35700
36.8234,766653,-0.51416,0.02515,0.89526,-4.08900,-14.28200,15.99100
36.8437,766663,-0.51978,0.02881,0.91553,-3.84500,-14.83200,15.86900
36.8437,766673,-0.52002,0.03687,0.91235,-3.78400,-14.03800,16.35700
36.8596,766683,-0.51611,0.03931,0.90527,-3.66200,-14.64800,16.05200
36.8712,766693,-0.50684,0.02319,0.90405,-3.90600,-14.83200,15.25900
36.8712,766703,-0.53247,0.00684,0.90112,-4.15000,-15.13700,16.72400
36.8869,766713,-0.52002,0.01489,0.90918,-3.90600,-14.03800,16.35700
36.8869,766723,-0.51343,0.01904,0.92041,-4.02800,-14.58700,16.66300
36.9027,766733,-0.51440,0.03638,0.90234,-4.02800,-13.79400,16.05200
36.9188,766743,-0.54053,0.02173,0.90967,-3.35700,-15.93000,17.15100
36.9188,766753,-0.52075,0.02954,0.91235,-4.08900,-14.64800,17.57800
36.9517,766763,-0.51733,0.02686,0.89941,-3.60100,-14.28200,16.66300
36.9517,766773,-0.52466,0.03149,0.90942,-3.90600,-15.07600,16.96800
36.9598,766783,-0.51538,0.01392,0.90210,-3.66200,-14.34300,16.78500
36.9664,766793,-0.51587,0.01440,0.91504,-4.33300,-14.16000,16.66300
36.9836,766803,-0.52539,0.01782,0.91064,-3.78400,-14.16000,16.47900
36.9836,766813,-0.51538,0.03369,0.91357,-3.84500,-15.25900,17.33400
37.0045,766823,-0.51074,0.03467,0.89478,-3.90600,-14.28200,16.72400
37.0091,766833,-0.51855,0.02734,0.90625,-4.63900,-15.74700,16.78500
37.0175,766843,-0.51147,0.02197,0.91895,-4.15000,-15.56400,17.39500
37.0294,766853,-0.51733,0.00830,0.91553,-3.66200,-15.50300,17.21200
37.0477,766863,-0.52393,0.01953,0.92017,-3.78400,-14.09900,15.80800
37.0477,766873,-0.52783,0.03271,0.90747,-3.96700,-13.79400,15.74700
37.0615,766883,-0.51440,0.03442,0.92505,-4.39500,-15.13700,17.21200
37.0628,766893,-0.51245,0.02490,0.91479,-3.90600,-14.58700,16.54100
37.0772,766903,-0.51587,0.02368,0.90649,-4.15000,-14.16000,16.47900
37.0772,766913,-0.50146,0.03003,0.89648,-3.96700,-13.85500,16.11300
37.0928,766923,-0.52783,0.02881,0.90991,-4.57800,-14.28200,16.60200
37.1081,766933,-0.52710,0.02222,0.91577,-4.08900,-13.97700,15.07600
37.1081,766943,-0.52686,0.02954,0.91113,-3.96700,-14.95400,17.02900
37.1239,766953,-0.53223,0.03394,0.90869,-3.41800,-14.28200,16.11300
37.1239,766963,-0.51562,0.02881,0.91870,-4.27200,-13.97700,15.68600
37.1398,766973,-0.51758,0.02100,0.90649,-3.60100,-14.58700,16.11300
37.1600,766983,-0.50854,0.01489,0.90381,-3.23500,-14.46500,16.78500
37.1600,766993,-0.52075,0.02563,0.91504,-3.60100,-14.52600,15.86900
37.1871,767003,-0.53296,0.02051,0.91406,-4.15000,-14.28200,16.17400
37.1871,767013,-0.51294,0.03687,0.90088,-3.35700,-14.09900,16.23500
37.2025,767023,-0.52783,0.02515,0.89697,-3.72300,-14.64800,16.11300
37.2025,767033,-0.52441,0.02490,0.90796,-3.41800,-13.42800,15.56400
37.2217,767043,-0.52271,0.03223,0.90039,-3.72300,-14.46500,16.47900
37.2217,767053,-0.52441,0.03320,0.91211,-3.60100,-13.91600,16.60200
37.2510,767063,-0.52832,0.01660,0.91602,-4.39500,-14.40400,16.60200
37.2510,767073,-0.52832,0.03052,0.90039,-3.72300,-14.89300,17.09000
37.2607,767083,-0.51831,0.03613,0.91870,-4.02800,-14.89300,17.33400
37.2683,767093,-0.53052,0.02856,0.90356,-4.45600,-15.19800,16.54100
37.2872,767103,-0.52490,0.01465,0.91528,-3.47900,-14.22100,16.90700
37.2872,767113,-0.50977,0.02686,0.91650,-4.08900,-14.83200,16.84600
37.2980,767123,-0.52026,0.01855,0.91187,-4.39500,-13.85500,16.66300
37.3004,767133,-0.51514,0.04712,0.90747,-3.84500,-14.52600,16.96800
37.3212,767143,-0.51807,0.02539,0.90405,-4.15000,-13.48900,15.80800
37.3288,767153,-0.53174,0.01904,0.89941,-4.08900,-14.70900,16.41800
37.3391,767163,-0.51855,0.03247,0.92358,-3.84500,-15.07600,16.72400
37.3606,767173,-0.51147,0.03247,0.91553,-4.45600,-14.16000,15.80800
37.3606,767183,-0.51514,0.03369,0.90137,-4.02800,-15.25900,17.33400
37.3687,767193,-0.52271,0.02661,0.89087,-4.21100,-14.40400,16.17400
37.3836,767203,-0.52295,0.02271,0.91089,-4.02800,-15.01500,17.27300
37.3919,767213,-0.51709,0.02832,0.91553,-3.60100,-14.46500,16.78500
37.3941,767223,-0.52051,0.04321,0.90283,-4.15000,-14.22100,17.02900
37.4714,767233,-0.53271,0.02563,0.90479,-3.54000,-13.97700,16.54100
37.4714,767243,-0.52515,0.02319,0.89941,-3.96700,-14.03800,16.29600
37.4714,767253,-0.51978,0.03027,0.91724,-4.21100,-14.64800,16.47900
37.4714,767263,-0.52393,0.02563,0.89868,-3.96700,-14.34300,16.84600
37.4714,767273,-0.52734,0.01758,0.91821,-4.39500,-14.89300,17.45600
37.4714,767283,-0.53394,0.03027,0.90210,-4.21100,-13.97700,15.74700
37.4714,767293,-0.51440,0.03662,0.90234,-4.21100,-14.34300,16.84600
37.4714,767303,-0.52905,0.02979,0.90381,-3.90600,-14.89300,16.84600
37.5077,767313,-0.52393,0.03345,0.90234,-4.08900,-13.67200,15.80800
37.5077,767323,-0.51904,0.03540,0.91333,-3.96700,-14.34300,15.62500
37.5077,767333,-0.52295,0.01978,0.91528,-3.66200,-14.40400,16.66300
37.5077,767343,-0.52686,0.02271,0.92261,-3.66200,-14.58700,17.88300
37.5304,767353,-0.53003,0.01733,0.92358,-3.90600,-14.03800,15.80800
37.5364,767363,-0.52100,0.01587,0.90820,-3.84500,-14.46500,16.72400
37.5364,767373,-0.52563,0.02271,0.91064,-4.08900,-15.07600,16.72400
37.5609,767383,-0.51538,0.03003,0.90186,-4.15000,-13.79400,16.05200
37.5693,767393,-0.52441,0.01343,0.90576,-3.72300,-14.40400,16.96800
37.5827,767403,-0.51367,0.03589,0.90430,-3.84500,-14.52600,16.90700
37.6009,767413,-0.53076,0.03076,0.91138,-3.78400,-13.97700,17.33400
37.6009,767423,-0.51270,0.01611,0.89990,-3.23500,-14.22100,16.47900
37.6009,767433,-0.52637,0.02124,0.89697,-4.02800,-15.19800,17.82200
37.6158,767443,-0.50830,0.03394,0.91284,-3.96700,-14.16000,15.74700
37.6297,767453,-0.52173,0.03125,0.90942,-4.33300,-14.58700,17.70000
37.6454,767463,-0.52539,0.04053,0.90137,-4.45600,-14.03800,16.41800
37.6454,767473,-0.50879,0.03076,0.91138,-3.96700,-14.89300,17.15100
37.7249,767483,-0.53589,0.03076,0.91968,-3.90600,-15.19800,16.60200
37.7249,767493,-0.51587,0.04077,0.92114,-4.02800,-13.48900,16.29600
37.7249,767503,-0.50830,0.01953,0.90039,-3.96700,-13.73300,16.96800
37.7249,767513,-0.51636,0.03125,0.90332,-3.84500,-15.07600,16.72400
37.7249,767523,-0.53076,0.03296,0.90918,-3.47900,-14.28200,16.05200
37.7249,767533,-0.52393,0.02783,0.90674,-4.02800,-14.40400,16.35700
37.7249,767543,-0.53271,0.03760,0.89282,-3.78400,-13.85500,16.41800
37.7285,767553,-0.52856,0.01978,0.90894,-4.08900,-13.97700,16.17400
37.7285,767563,-0.53076,0.02124,0.92090,-3.84500,-14.28200,15.80800
37.7407,767573,-0.52026,0.02246,0.90723,-4.08900,-14.77100,16.29600
37.7708,767583,-0.52734,0.02393,0.90430,-4.45600,-14.70900,16.29600
37.7708,767593,-0.52905,0.02588,0.89941,-3.78400,-15.01500,16.66300
37.7866,767603,-0.53125,0.03027,0.90527,-4.39500,-14.77100,17.33400
37.7866,767613,-0.51025,0.02979,0.92871,-4.08900,-15.01500,16.96800
37.8027,767623,-0.51221,0.03662,0.90015,-3.96700,-14.52600,16.17400
37.8027,767633,-0.50269,0.02783,0.89062,-4.21100,-14.77100,16.47900
37.8204,767643,-0.52441,0.02417,0.89844,-4.33300,-15.32000,17.51700
37.8226,767653,-0.52905,0.02637,0.90991,-3.35700,-13.55000,16.05200
37.8343,767663,-0.52344,0.02808,0.90869,-3.84500,-13.67200,15.38100
37.8442,767673,-0.52295,0.03076,0.91675,-3.90600,-13.67200,15.80800
37.8662,767683,-0.50415,0.02515,0.91089,-4.08900,-15.38100,16.90700
37.8662,767693,-0.52344,0.02295,0.90430,-3.72300,-13.79400,15.13700
37.8662,767703,-0.52002,0.03223,0.89771,-4.02800,-14.28200,15.86900
37.8820,767713,-0.52661,0.02222,0.92822,-3.78400,-14.58700,16.35700
37.8979,767723,-0.52124,0.03491,0.91187,-3.90600,-14.03800,17.21200
37.8979,767733,-0.52197,0.01660,0.91455,-4.33300,-14.83200,15.93000
37.9139,767743,-0.51685,0.01636,0.91089,-3.96700,-14.34300,15.50300
37.9139,767753,-0.52539,0.01685,0.89966,-3.78400,-14.83200,17.15100
37.9428,767763,-0.52588,0.01587,0.90405,-3.66200,-14.03800,16.66300
37.9879,767810,-0.52710,0.02930,0.91016,-3.72300,-14.28200,16.66300
37.9879,767812,-0.52710,0.02930,0.91016,-3.72300,-14.28200,16.66300
37.9879,767813,-0.50000,0.03931,0.90430,-3.96700,-15.19800,16.72400
37.9900,767815,-0.50000,0.03931,0.90430,-3.96700,-15.19800,16.72400
37.9900,767816,-0.50000,0.03931,0.90430,-3.96700,-15.19800,16.72400
37.9927,767823,-0.51562,0.02832,0.91943,-3.41800,-14.58700,16.96800
38.0084,767833,-0.52100,0.01880,0.90869,-4.21100,-14.83200,16.47900
38.0084,767843,-0.51172,0.02930,0.90942,-4.02800,-14.52600,17.09000
38.0242,767853,-0.51758,0.02783,0.90552,-4.57800,-15.13700,17.51700
38.0385,767863,-0.52881,0.01489,0.91113,-3.78400,-14.09900,15.13700
38.0523,767873,-0.50195,0.02783,0.90405,-4.15000,-14.28200,16.29600
38.0733,767883,-0.51758,0.03589,0.90039,-3.41800,-13.79400,15.32000
38.0733,767893,-0.51172,0.03882,0.91064,-3.72300,-14.40400,16.54100
38.0824,767903,-0.51221,0.03735,0.91187,-4.08900,-14.22100,16.41800
38.0893,767913,-0.51318,0.02954,0.89795,-3.90600,-13.91600,15.56400
38.1035,767923,-0.52319,0.03125,0.90454,-3.54000,-15.01500,16.35700
38.1035,767933,-0.52246,0.02808,0.90527,-4.15000,-13.48900,16.66300
38.1035,767943,-0.51782,0.02295,0.91504,-3.72300,-13.79400,16.29600
38.1221,767953,-0.53540,0.02881,0.92358,-3.96700,-14.77100,17.09000
38.1506,767963,-0.51538,0.02954,0.90820,-3.17400,-14.58700,16.84600
38.1506,767973,-0.53296,0.03442,0.92480,-3.47900,-14.34300,16.35700
38.1605,767983,-0.51855,0.02686,0.91553,-3.96700,-14.70900,16.84600
38.1728,767993,-0.51953,0.01880,0.91382,-4.39500,-15.19800,17.02900
38.1797,768003,-0.52563,0.02710,0.91821,-4.94400,-15.19800,16.78500
38.1833,768013,-0.51489,0.02515,0.91138,-4.39500,-15.07600,16.54100
38.1992,768023,-0.52612,0.03467,0.90454,-4.21100,-14.34300,16.54100
38.2150,768033,-0.51562,0.01758,0.88428,-4.08900,-14.64800,16.60200
38.2150,768043,-0.51904,0.01538,0.90576,-4.02800,-14.70900,16.96800
38.2150,768053,-0.52368,0.03882,0.90674,-4.45600,-12.63400,15.62500
38.2306,768063,-0.52417,0.02759,0.91797,-3.60100,-14.89300,16.90700
38.2470,768073,-0.52637,0.03955,0.90967,-4.02800,-14.95400,17.45600
38.2632,768083,-0.51807,0.01978,0.91553,-3.41800,-14.09900,16.60200
38.2632,768093,-0.51489,0.03271,0.91504,-4.02800,-14.52600,17.39500
38.2782,768103,-0.51562,0.04419,0.91089,-4.21100,-14.77100,16.54100
38.2814,768113,-0.53027,0.03857,0.92090,-4.57800,-14.22100,16.35700
38.2943,768123,-0.51978,0.02832,0.91821,-3.78400,-15.32000,17.70000
38.3103,768133,-0.50659,0.03296,0.90332,-3.90600,-13.97700,16.05200
38.3263,768143,-0.50000,0.04126,0.89258,-3.72300,-14.34300,16.90700
38.3308,768153,-0.51392,0.03784,0.89819,-4.33300,-13.85500,15.86900
38.3445,768163,-0.52637,0.03418,0.91675,-3.66200,-14.09900,16.60200
38.3445,768173,-0.51758,0.02759,0.91650,-4.51700,-15.13700,16.90700
38.3584,768183,-0.51636,0.03223,0.89136,-3.35700,-14.28200,16.05200
38.3633,768193,-0.52026,0.02100,0.90845,-4.21100,-14.52600,16.05200
38.3788,768203,-0.51904,0.02783,0.90576,-4.08900,-13.97700,16.05200
38.3881,768213,-0.51660,0.03052,0.89014,-4.02800,-14.89300,16.60200
38.3975,768223,-0.52466,0.01953,0.91699,-3.47900,-13.85500,16.23500
38.4057,768233,-0.52905,0.01929,0.91309,-3.90600,-14.28200,16.60200
38.4057,768243,-0.51611,0.02588,0.90625,-3.90600,-14.34300,16.78500
38.4228,768253,-0.51831,0.03760,0.90479,-3.54000,-14.22100,17.02900
38.4382,768263,-0.52881,0.03198,0.91919,-4.08900,-14.52600,17.15100
38.4688,768273,-0.51904,0.02100,0.91162,-4.45600,-14.28200,16.47900
38.4688,768283,-0.51782,0.02979,0.90845,-4.27200,-14.89300,17.33400
38.4688,768293,-0.52246,0.02759,0.90942,-4.51700,-14.46500,16.72400
38.4859,768303,-0.52173,0.02319,0.91455,-3.54000,-14.16000,16.35700
38.5006,768313,-0.51782,0.03760,0.91113,-4.02800,-14.34300,16.47900
38.5006,768323,-0.52686,0.03735,0.90552,-3.60100,-14.52600,16.96800
38.5166,768333,-0.51392,0.03662,0.90649,-3.66200,-13.30600,15.32000
38.5166,768343,-0.50171,0.02710,0.90454,-3.72300,-14.28200,16.66300
38.5264,768353,-0.50513,0.04419,0.90283,-3.35700,-13.79400,15.68600
38.5356,768363,-0.51074,0.02148,0.92383,-4.33300,-14.16000,16.17400
38.5542,768373,-0.51050,0.02734,0.89917,-4.02800,-15.13700,17.02900
38.5542,768383,-0.51392,0.03027,0.91211,-3.96700,-13.61100,15.74700
38.5650,768393,-0.52344,0.02197,0.91797,-4.08900,-14.22100,16.29600
38.5695,768403,-0.51978,0.02051,0.91797,-3.72300,-13.61100,15.93000
38.5885,768413,-0.51538,0.02026,0.91235,-4.63900,-14.34300,17.21200
38.5971,768423,-0.52686,0.03027,0.89331,-3.90600,-14.77100,16.41800
38.6020,768433,-0.52417,0.02173,0.90356,-3.84500,-14.58700,16.60200
38.6136,768443,-0.51831,0.02783,0.90991,-3.84500,-14.64800,16.41800
38.6285,768453,-0.49707,0.03223,0.89917,-3.90600,-15.01500,16.96800
38.6338,768463,-0.51392,0.02808,0.89771,-3.84500,-14.83200,16.60200
38.6602,768473,-0.52856,0.02295,0.90308,-3.78400,-14.09900,16.66300
38.6602,768483,-0.52100,0.02515,0.90454,-4.02800,-14.22100,16.90700
38.6636,768493,-0.50854,0.03711,0.90552,-3.60100,-13.85500,16.29600
38.6762,768503,-0.51025,0.02515,0.89600,-3.66200,-14.52600,17.33400
38.6762,768513,-0.51465,0.02930,0.88794,-3.66200,-13.73300,16.35700
38.6922,768523,-0.51685,0.02441,0.89771,-3.29600,-14.22100,16.35700
38.7082,768533,-0.51392,0.03809,0.89893,-3.96700,-13.67200,15.25900
38.7082,768543,-0.53125,0.02026,0.90649,-3.47900,-14.28200,17.21200
38.7241,768553,-0.51587,0.02026,0.91479,-3.54000,-14.28200,16.72400
38.7398,768563,-0.52637,0.02539,0.90161,-3.41800,-13.97700,16.11300
38.7398,768573,-0.52563,0.02124,0.91650,-4.51700,-14.64800,17.21200
38.7713,768583,-0.51953,0.01807,0.90918,-3.47900,-14.40400,16.84600
38.7713,768593,-0.52637,0.01953,0.90942,-3.90600,-13.79400,16.17400
38.7865,768603,-0.51245,0.03345,0.91431,-3.84500,-14.83200,16.41800
38.7865,768613,-0.51367,0.02148,0.91016,-4.15000,-14.83200,16.72400
38.7904,768623,-0.52368,0.03931,0.90015,-3.90600,-14.77100,16.78500
38.8022,768633,-0.52979,0.02563,0.91455,-3.41800,-14.52600,16.23500
38.8197,768643,-0.52002,0.02979,0.90576,-3.78400,-14.46500,16.41800
38.8197,768653,-0.51318,0.01562,0.91309,-4.27200,-14.70900,17.02900
38.8341,768663,-0.51440,0.03735,0.90723,-3.90600,-13.36700,15.50300
38.8448,768673,-0.53174,0.01416,0.91821,-3.47900,-14.64800,16.78500
38.8639,768683,-0.51562,0.04077,0.90771,-3.90600,-13.97700,16.05200
38.8669,768693,-0.50903,0.02710,0.92358,-3.96700,-14.22100,16.29600
38.8704,768703,-0.52246,0.03320,0.90039,-4.02800,-13.73300,16.11300
38.8813,768713,-0.52002,0.02539,0.91724,-3.60100,-13.67200,15.80800
38.8972,768723,-0.50903,0.02002,0.91333,-3.41800,-14.03800,16.35700
38.9130,768733,-0.52075,0.03906,0.91260,-3.66200,-14.34300,15.86900
38.9324,768743,-0.53418,0.02710,0.88525,-4.08900,-14.52600,16.17400
38.9324,768753,-0.53101,0.03223,0.90454,-3.78400,-13.67200,15.62500
38.9324,768763,-0.51953,0.02930,0.89136,-4.02800,-15.01500,16.84600
38.9448,768773,-0.52905,0.03320,0.91553,-3.72300,-14.09900,15.56400
38.9704,768783,-0.54102,0.02271,0.90894,-4.21100,-14.52600,17.33400
38.9704,768793,-0.52295,0.02466,0.91187,-3.72300,-14.64800,16.54100
38.9764,768803,-0.52832,0.02051,0.90991,-3.41800,-14.03800,16.05200
38.9764,768813,-0.51440,0.01489,0.90405,-3.84500,-15.01500,17.09000
38.9921,768823,-0.51953,0.02563,0.92188,-3.66200,-13.42800,15.99100
39.0081,768833,-0.52295,0.03491,0.91064,-3.54000,-14.09900,15.99100
39.0242,768843,-0.50903,0.03589,0.90015,-3.78400,-14.58700,16.23500
39.0242,768853,-0.51416,0.02954,0.91626,-4.08900,-14.58700,16.11300
39.0242,768863,-0.51440,0.02661,0.90991,-4.39500,-15.25900,17.51700
39.0401,768873,-0.53467,0.03320,0.90674,-4.27200,-14.03800,15.74700
39.0652,768883,-0.53076,0.01978,0.91772,-4.27200,-14.46500,16.66300
39.0652,768893,-0.51245,0.02417,0.89429,-4.21100,-14.16000,16.29600
39.0717,768903,-0.50513,0.03418,0.89502,-4.08900,-15.68600,17.39500
39.0876,768913,-0.50391,0.03882,0.89331,-4.33300,-14.52600,17.15100
39.0876,768923,-0.51147,0.03979,0.90210,-3.66200,-14.46500,16.47900
39.1063,768933,-0.52710,0.02759,0.89722,-3.84500,-13.97700,16.60200
39.1363,768943,-0.52808,0.02539,0.91113,-4.08900,-15.38100,17.39500
39.1363,768953,-0.53027,0.02417,0.91943,-3.66200,-14.16000,16.23500
39.1363,768963,-0.53247,0.02466,0.92261,-3.47900,-13.85500,16.47900
39.1515,768973,-0.51611,0.02808,0.92651,-4.15000,-14.46500,16.47900
39.1515,768983,-0.52368,0.02222,0.92456,-4.33300,-14.89300,16.41800
39.1673,768993,-0.52319,0.01929,0.91479,-4.02800,-14.03800,15.32000
39.1830,769003,-0.51514,0.01416,0.91479,-4.33300,-14.34300,16.78500
39.1830,769013,-0.50610,0.02100,0.88916,-4.15000,-14.16000,16.60200
39.2002,769023,-0.50757,0.02417,0.91772,-5.00500,-14.40400,16.96800
39.2148,769033,-0.50635,0.02197,0.90405,-4.33300,-14.77100,16.78500
39.2482,769043,-0.51807,0.03003,0.89893,-3.60100,-13.79400,15.74700
39.2482,769053,-0.53564,0.01001,0.90112,-3.90600,-14.40400,16.96800
39.2482,769063,-0.53076,0.02100,0.92188,-3.29600,-14.16000,16.35700
39.2482,769073,-0.52173,0.02271,0.91406,-3.35700,-13.97700,16.72400
39.2482,769083,-0.52319,0.03174,0.90698,-3.41800,-14.03800,15.19800
39.2660,769093,-0.53052,0.02710,0.92188,-4.27200,-15.07600,16.66300
39.2778,769103,-0.52148,0.02441,0.90820,-4.02800,-15.13700,16.47900
39.2848,769113,-0.51929,0.02417,0.91333,-3.84500,-14.28200,16.66300
39.2953,769123,-0.52319,0.02075,0.90259,-3.78400,-14.28200,15.99100
39.3097,769133,-0.52710,0.03687,0.90771,-3.84500,-14.34300,15.93000
39.3121,769143,-0.50293,0.02637,0.90308,-4.08900,-14.70900,16.47900
39.3420,769153,-0.51025,0.03052,0.90771,-4.39500,-14.40400,16.84600
39.3420,769163,-0.51025,0.02954,0.89648,-4.08900,-13.73300,15.99100
39.3471,769173,-0.52759,0.01245,0.91699,-3.60100,-13.73300,16.66300
39.3583,769183,-0.52368,0.02710,0.91406,-3.41800,-13.42800,15.80800
39.3729,769193,-0.51367,0.03467,0.88135,-4.02800,-14.09900,15.93000
39.3780,769203,-0.52856,0.03076,0.91016,-3.60100,-14.09900,16.47900
39.3891,769213,-0.52612,0.02466,0.91748,-3.84500,-15.32000,16.60200
39.3923,769223,-0.52100,0.03247,0.91455,-3.72300,-14.64800,17.02900
39.4049,769233,-0.52368,0.03979,0.90845,-3.78400,-13.85500,16.78500
39.4366,769243,-0.51587,0.03271,0.91113,-3.66200,-13.61100,15.68600
39.4366,769253,-0.51685,0.02930,0.90991,-3.54000,-13.55000,15.80800
39.4366,769263,-0.51611,0.03223,0.89819,-4.02800,-14.40400,16.78500
39.4366,769273,-0.51685,0.03198,0.89795,-3.90600,-13.42800,15.86900
39.4537,769283,-0.51709,0.03467,0.89771,-4.45600,-15.01500,17.27300
39.4810,769293,-0.52954,0.02905,0.91357,-4.08900,-13.73300,16.78500
39.4844,769303,-0.52808,0.02173,0.90991,-3.84500,-14.16000,17.02900
39.4844,769313,-0.53271,0.02832,0.90308,-3.60100,-13.97700,16.47900
39.5081,769323,-0.51538,0.02637,0.90039,-3.84500,-14.46500,16.23500
39.5160,769333,-0.52612,0.01440,0.89771,-3.60100,-14.46500,16.60200
39.5160,769343,-0.51807,0.02563,0.90918,-3.84500,-15.56400,17.02900
39.5321,769353,-0.51855,0.02710,0.90869,-3.96700,-14.58700,17.09000
39.5485,769363,-0.50903,0.02905,0.92871,-3.54000,-14.89300,17.45600
39.5485,769373,-0.50464,0.02515,0.91138,-3.90600,-13.85500,15.93000
39.5485,769383,-0.53027,0.03320,0.90674,-3.60100,-14.58700,16.96800
39.5698,769393,-0.51636,0.03369,0.92236,-3.60100,-14.16000,15.99100
39.5788,769403,-0.51562,0.02734,0.92480,-3.47900,-13.85500,15.93000
39.5890,769413,-0.52710,0.00610,0.90576,-3.78400,-13.67200,15.93000
39.6031,769423,-0.51929,0.02832,0.90942,-4.57800,-13.79400,15.86900
39.6031,769433,-0.52490,0.02930,0.91357,-4.02800,-13.97700,17.76100
39.6118,769443,-0.52173,0.04175,0.90845,-3.78400,-14.28200,16.35700
39.6264,769453,-0.51855,0.02930,0.89307,-4.33300,-14.16000,16.35700
39.6669,769463,-0.51489,0.03052,0.90723,-3.72300,-14.52600,16.90700
39.6669,769473,-0.51611,0.02515,0.90234,-3.84500,-14.34300,17.02900
39.6669,769483,-0.53467,0.03198,0.91040,-3.54000,-13.79400,15.80800
39.6669,769493,-0.53003,0.03369,0.90063,-4.02800,-14.03800,16.41800
39.6745,769503,-0.51489,0.03931,0.91260,-3.41800,-13.85500,15.86900
39.6745,769513,-0.52759,0.02246,0.91553,-3.35700,-14.09900,16.84600
39.6903,769523,-0.51978,0.02881,0.91577,-4.02800,-14.46500,16.66300
39.7063,769533,-0.52661,0.02393,0.91333,-3.96700,-14.58700,15.50300
39.7063,769543,-0.50708,0.03125,0.91650,-3.78400,-13.97700,16.11300
39.7344,769553,-0.50488,0.02075,0.91992,-4.21100,-14.89300,17.02900
39.7543,769563,-0.52417,0.02490,0.90967,-3.90600,-14.40400,16.84600
39.7543,769573,-0.51489,0.02344,0.90283,-4.02800,-14.70900,16.41800
39.7543,769583,-0.51660,0.03491,0.89795,-4.39500,-14.52600,15.93000
39.7723,769593,-0.51929,0.03442,0.89795,-3.54000,-13.36700,15.56400
39.7853,769603,-0.49805,0.02246,0.90698,-3.47900,-14.95400,17.70000
39.7888,769613,-0.52490,0.02661,0.91553,-3.54000,-13.61100,16.54100
39.7902,769623,-0.51709,0.02563,0.89380,-4.02800,-14.64800,16.72400
39.8079,769633,-0.51440,0.02881,0.90479,-4.08900,-14.28200,16.72400
39.8190,769643,-0.53198,0.01343,0.92114,-3.66200,-13.73300,16.17400
39.8204,769653,-0.52686,0.01733,0.92798,-4.15000,-14.22100,16.66300
39.8503,769663,-0.53735,0.02930,0.91357,-3.96700,-14.58700,16.29600
39.8531,769673,-0.52563,0.02515,0.91089,-3.78400,-14.70900,17.57800
39.8552,769683,-0.51587,0.02515,0.90234,-4.51700,-14.09900,16.54100
39.8675,769693,-0.51880,0.02905,0.90552,-3.54000,-14.09900,15.07600
39.8898,769703,-0.50854,0.02954,0.90747,-4.21100,-14.22100,16.47900
39.8898,769713,-0.51782,0.03394,0.92017,-3.72300,-13.79400,15.80800
39.8962,769723,-0.51099,0.02271,0.89868,-4.21100,-14.64800,16.66300
39.8962,769733,-0.50635,0.03784,0.89819,-3.72300,-14.22100,15.99100
39.9123,769743,-0.51489,0.03442,0.91113,-3.96700,-14.09900,16.29600
39.9284,769753,-0.51831,0.02271,0.90088,-3.17400,-14.52600,16.60200
39.9284,769763,-0.51904,0.02417,0.91504,-4.15000,-13.97700,16.41800
39.9967,769811,-0.51611,0.02344,0.92188,-4.39500,-14.28200,16.29600
39.9967,769813,-0.51514,0.03735,0.90381,-3.78400,-14.16000,16.47900
39.9967,769814,-0.51514,0.03735,0.90381,-3.78400,-14.16000,16.47900
39.9967,769816,-0.51514,0.03735,0.90381,-3.78400,-14.16000,16.47900
39.9967,769817,-0.51514,0.03735,0.90381,-3.78400,-14.16000,16.47900
39.9967,769823,-0.52759,0.02173,0.90894,-3.66200,-13.42800,15.80800
40.0070,769833,-0.51099,0.03076,0.91821,-4.27200,-13.42800,16.84600
40.0070,769843,-0.53271,0.01904,0.90625,-3.96700,-15.32000,16.54100
40.0230,769853,-0.53638,0.02856,0.90723,-4.15000,-13.91600,15.86900
40.0230,769863,-0.52319,0.03125,0.90527,-4.21100,-14.83200,16.90700
40.0700,769873,-0.52856,0.02881,0.90796,-3.47900,-14.03800,17.02900
40.0700,769883,-0.51685,0.02832,0.90942,-4.08900,-14.16000,16.17400
40.0700,769893,-0.52466,0.02734,0.89941,-3.90600,-15.01500,16.54100
40.0821,769903,-0.52661,0.02393,0.91235,-4.02800,-14.09900,15.93000
40.0922,769913,-0.52173,0.02539,0.90356,-3.66200,-13.85500,16.29600
40.0951,769923,-0.51221,0.03662,0.91772,-3.41800,-14.89300,16.90700
40.1020,769933,-0.52393,0.02686,0.90894,-3.78400,-13.55000,15.44200
40.1177,769943,-0.52515,0.02344,0.91431,-3.47900,-13.61100,15.74700
40.1226,769953,-0.53345,0.01416,0.92773,-4.27200,-14.52600,16.23500
40.1338,769963,-0.51636,0.02710,0.91431,-4.33300,-14.77100,16.78500
40.1599,769973,-0.51392,0.03418,0.91626,-4.57800,-14.89300,16.72400
40.1599,769983,-0.51245,0.02441,0.90479,-3.96700,-15.25900,16.60200
40.1681,769993,-0.51709,0.04321,0.90210,-3.29600,-14.09900,16.66300
40.1681,770003,-0.52148,0.02710,0.90381,-3.60100,-14.09900,15.80800
40.1890,770013,-0.50073,0.02124,0.90845,-4.21100,-14.34300,16.05200
40.1989,770023,-0.51831,0.03540,0.90283,-4.08900,-14.34300,16.66300
40.2058,770033,-0.52344,0.03369,0.90942,-3.84500,-14.46500,17.09000
40.2151,770043,-0.52466,0.03394,0.90674,-3.90600,-14.40400,17.21200
40.2275,770053,-0.53223,0.03125,0.92554,-4.33300,-14.22100,16.41800
40.2384,770063,-0.52271,0.03369,0.90430,-3.60100,-14.28200,16.47900
40.2596,770073,-0.53271,0.02173,0.90942,-4.27200,-14.83200,17.33400
40.2684,770083,-0.51440,0.03784,0.90894,-3.60100,-14.34300,17.21200
40.2684,770093,-0.53296,0.02759,0.91138,-4.45600,-15.38100,18.06600
40.2756,770103,-0.52441,0.03345,0.90137,-4.21100,-14.46500,16.96800
40.2939,770113,-0.50513,0.03320,0.91455,-4.21100,-14.40400,16.17400
40.2939,770123,-0.52515,0.03662,0.90698,-3.84500,-14.95400,17.21200
40.3104,770133,-0.51099,0.01025,0.90479,-3.78400,-14.89300,16.66300
40.3178,770143,-0.52124,0.01831,0.90942,-3.66200,-14.52600,16.35700
40.3233,770153,-0.50610,0.03296,0.88672,-3.84500,-14.70900,17.82200
40.3392,770163,-0.52393,0.01855,0.89722,-3.66200,-14.03800,17.39500
40.3552,770173,-0.51758,0.01343,0.91309,-3.60100,-14.16000,15.86900
40.3687,770183,-0.51660,0.02930,0.91187,-3.96700,-14.58700,16.90700
40.3687,770193,-0.51685,0.01953,0.90381,-3.90600,-15.25900,17.76100
40.3786,770203,-0.52441,0.01831,0.90796,-3.90600,-14.16000,16.47900
40.3885,770213,-0.52734,0.01709,0.89478,-4.02800,-15.25900,18.06600
40.3985,770223,-0.52441,0.01465,0.91870,-3.96700,-15.13700,16.90700
40.4086,770233,-0.51831,0.03687,0.90967,-4.33300,-14.58700,17.02900
40.4196,770243,-0.52051,0.02197,0.92285,-3.84500,-14.03800,16.84600
40.4291,770253,-0.51440,0.03052,0.89282,-3.78400,-13.97700,15.93000
40.4407,770263,-0.52075,0.02661,0.89624,-4.33300,-15.25900,16.78500
40.4496,770273,-0.51196,0.02783,0.90796,-4.33300,-14.95400,16.60200
40.4686,770283,-0.49634,0.03003,0.90576,-3.54000,-13.91600,15.80800
40.4686,770293,-0.50073,0.03564,0.89404,-3.72300,-13.67200,15.74700
40.4799,770303,-0.53296,0.03589,0.91919,-4.15000,-15.01500,16.84600
40.4799,770313,-0.52979,0.02344,0.91309,-3.60100,-14.64800,16.54100
40.4957,770323,-0.52808,0.02148,0.92090,-4.15000,-14.40400,16.05200
40.5057,770333,-0.53174,0.02881,0.91235,-3.54000,-14.34300,16.41800
40.5122,770343,-0.52441,0.04004,0.91675,-4.27200,-15.32000,16.17400
40.5275,770353,-0.52197,0.03223,0.92041,-4.21100,-14.16000,16.60200
40.5324,770363,-0.50586,0.02441,0.92017,-3.96700,-14.16000,16.05200
40.5434,770373,-0.53882,0.02930,0.91895,-3.78400,-14.46500,17.82200
40.5704,770383,-0.51001,0.03125,0.90723,-3.72300,-13.91600,15.62500
40.5704,770393,-0.51953,0.02466,0.90967,-3.84500,-15.07600,18.06600
40.5761,770403,-0.51782,0.02100,0.90649,-4.33300,-15.32000,17.51700
40.5900,770413,-0.52197,0.03223,0.89844,-3.96700,-14.64800,17.21200
40.5910,770423,-0.52051,0.02197,0.91626,-3.96700,-14.58700,17.02900
40.6072,770433,-0.51587,0.02051,0.90991,-3.96700,-14.09900,16.23500
40.6106,770443,-0.52783,0.00977,0.89893,-4.02800,-14.70900,16.90700
40.6232,770453,-0.52881,0.02808,0.89795,-4.02800,-14.40400,17.57800
40.6232,770463,-0.51587,0.02612,0.91431,-3.41800,-13.97700,15.38100
40.6501,770473,-0.52515,0.02515,0.90088,-4.39500,-15.19800,17.21200
40.6706,770483,-0.52539,0.02319,0.90332,-3.72300,-14.83200,16.96800
40.6706,770493,-0.52686,0.03174,0.92456,-3.78400,-14.70900,16.72400
40.6706,770503,-0.52515,0.03003,0.90869,-3.84500,-14.34300,16.47900
40.6860,770513,-0.51172,0.02100,0.91357,-3.54000,-14.46500,16.35700
40.7032,770523,-0.50708,0.03833,0.90137,-3.66200,-13.91600,15.86900
40.7032,770533,-0.51416,0.02710,0.90137,-4.33300,-14.22100,16.47900
40.7177,770543,-0.52026,0.03491,0.90332,-3.90600,-14.28200,15.80800
40.7177,770553,-0.51636,0.03760,0.91406,-3.78400,-13.79400,15.86900
40.7338,770563,-0.52002,0.03271,0.89771,-4.45600,-14.70900,16.41800
40.7496,770573,-0.51831,0.02808,0.91309,-3.72300,-14.58700,16.17400
40.7706,770583,-0.52173,0.02832,0.89575,-3.60100,-14.22100,17.27300
40.7706,770593,-0.51660,0.03442,0.90918,-4.39500,-14.46500,16.72400
40.7706,770603,-0.52710,0.03052,0.91406,-3.35700,-13.55000,15.62500
40.7817,770613,-0.52051,0.02222,0.90674,-4.21100,-14.28200,16.17400
40.7973,770623,-0.53979,0.02539,0.91553,-3.54000,-13.97700,16.17400
40.8011,770633,-0.51880,0.02612,0.90479,-3.90600,-13.48900,15.74700
40.8146,770643,-0.50513,0.03760,0.89453,-4.27200,-14.40400,16.47900
40.8291,770653,-0.51758,0.02368,0.91479,-3.23500,-13.42800,15.56400
40.8291,770663,-0.50122,0.03784,0.90454,-4.21100,-13.91600,15.99100
40.8464,770673,-0.53003,0.01685,0.92358,-3.84500,-15.01500,15.56400
40.8605,770683,-0.52710,0.02686,0.91284,-4.51700,-13.85500,15.80800
40.8689,770693,-0.51367,0.04077,0.91016,-4.08900,-14.52600,17.21200
40.8849,770703,-0.53198,0.03271,0.92090,-3.96700,-15.13700,16.60200
40.8920,770713,-0.52148,0.02661,0.90918,-4.33300,-14.40400,16.29600
40.8920,770723,-0.52051,0.02734,0.90381,-3.78400,-14.46500,16.29600
40.9077,770733,-0.52881,0.02173,0.90088,-4.02800,-14.95400,16.78500
40.9077,770743,-0.51245,0.01636,0.90698,-3.41800,-13.91600,16.41800
40.9234,770753,-0.51978,0.03052,0.91821,-3.84500,-14.52600,16.66300
40.9393,770763,-0.51562,0.02222,0.90894,-4.27200,-14.77100,17.21200
40.9393,770773,-0.53345,0.02637,0.90991,-3.72300,-14.03800,16.11300
40.9709,770783,-0.51611,0.02930,0.90552,-3.54000,-14.16000,16.90700
40.9709,770793,-0.52441,0.02368,0.92139,-3.72300,-13.73300,16.35700
40.9709,770803,-0.52490,0.02368,0.90942,-4.21100,-15.19800,16.78500
41.0185,770813,-0.52539,0.02686,0.92261,-3.96700,-14.89300,16.17400
41.0185,770823,-0.51611,0.03564,0.91113,-3.96700,-13.18400,16.05200
41.0185,770833,-0.53052,0.03467,0.89990,-3.96700,-15.50300,16.35700
41.0185,770843,-0.51929,0.02002,0.91504,-3.78400,-15.19800,17.09000
41.0185,770853,-0.51147,0.03906,0.91333,-3.96700,-14.64800,16.47900
41.0371,770863,-0.52661,0.03076,0.90479,-4.08900,-14.83200,17.09000
41.0407,770873,-0.51709,0.02930,0.92236,-3.96700,-14.34300,16.41800
41.0528,770883,-0.52002,0.03394,0.90576,-4.33300,-15.13700,17.15100
41.0836,770893,-0.52808,0.03491,0.91724,-4.21100,-14.77100,17.09000
41.0836,770903,-0.53418,0.02954,0.91040,-3.66200,-14.46500,16.54100
41.0909,770913,-0.50854,0.02002,0.93188,-3.60100,-14.16000,16.72400
41.1006,770923,-0.52783,0.02783,0.91602,-4.02800,-14.58700,16.60200
41.1131,770933,-0.52295,0.03931,0.91431,-3.84500,-15.50300,18.12700
41.1170,770943,-0.52905,0.04224,0.92676,-3.90600,-13.97700,16.23500
41.1290,770953,-0.52100,0.02637,0.90869,-4.45600,-15.01500,16.35700
41.1397,770963,-0.51611,0.02246,0.91479,-4.15000,-14.22100,16.17400
41.1460,770973,-0.52319,0.02881,0.91309,-3.72300,-14.22100,16.66300
41.1526,770983,-0.51953,0.03296,0.91675,-3.78400,-13.36700,15.44200
41.1604,770993,-0.52466,0.02905,0.90991,-4.51700,-15.13700,16.41800
41.1762,771003,-0.51587,0.03149,0.90259,-3.78400,-13.67200,16.29600
41.1921,771013,-0.51953,0.02075,0.91333,-4.15000,-14.46500,16.84600
41.1921,771023,-0.51807,0.02881,0.91382,-3.54000,-13.06200,15.56400
41.2082,771033,-0.51831,0.02539,0.91431,-3.66200,-14.46500,16.17400
41.2082,771043,-0.51343,0.01636,0.91553,-3.90600,-13.67200,16.41800
41.2256,771053,-0.52466,0.02026,0.90308,-3.11300,-13.91600,15.07600
41.2400,771063,-0.52319,0.00488,0.92114,-3.84500,-14.95400,16.90700
41.2400,771073,-0.52490,0.01904,0.90088,-3.41800,-14.40400,16.41800
41.2556,771083,-0.50806,0.04102,0.91577,-4.45600,-14.70900,16.17400
41.2556,771093,-0.51538,0.03613,0.90112,-3.96700,-13.48900,15.74700
41.2715,771103,-0.51147,0.04297,0.91260,-3.78400,-14.52600,16.84600
41.2872,771113,-0.52515,0.02368,0.91113,-3.60100,-14.46500,16.23500
41.2984,771123,-0.52197,0.01587,0.90405,-3.60100,-14.09900,15.50300
41.3032,771133,-0.52856,0.03223,0.90869,-4.33300,-15.07600,17.09000
41.3219,771143,-0.51758,0.04834,0.91382,-4.08900,-14.52600,16.84600
41.3219,771153,-0.52637,0.03662,0.89990,-3.72300,-14.22100,16.29600
41.3378,771163,-0.50220,0.02222,0.90479,-3.72300,-13.67200,15.99100
41.3464,771173,-0.52222,0.02954,0.91895,-3.60100,-14.28200,16.60200
41.3518,771183,-0.50928,0.02271,0.91406,-4.27200,-14.28200,16.60200
41.3707,771193,-0.52856,0.03125,0.91675,-4.27200,-14.34300,16.54100
41.3886,771203,-0.51587,0.02466,0.90015,-4.76100,-14.77100,16.47900
41.3886,771213,-0.53101,0.02515,0.90894,-3.84500,-14.95400,16.90700
41.3994,771223,-0.51929,0.03833,0.91748,-4.08900,-15.07600,17.21200
41.3994,771233,-0.52661,0.02246,0.92261,-4.02800,-14.89300,16.90700
41.4139,771243,-0.51172,0.01782,0.90649,-4.33300,-13.85500,15.32000
41.4139,771253,-0.51025,0.01440,0.90796,-4.57800,-14.09900,16.35700
41.4299,771263,-0.51196,0.02515,0.90405,-4.02800,-14.16000,16.11300
41.4460,771273,-0.52832,0.02881,0.91724,-3.60100,-14.70900,17.15100
41.4460,771283,-0.52563,0.02295,0.91748,-3.66200,-14.40400,16.23500
41.4709,771293,-0.51318,0.03296,0.90527,-3.90600,-14.03800,15.80800
41.4933,771303,-0.50537,0.02612,0.90625,-3.66200,-14.22100,16.23500
41.4954,771313,-0.51880,0.03589,0.89819,-3.47900,-13.48900,15.86900
41.4954,771323,-0.52832,0.02222,0.90234,-3.72300,-14.89300,17.39500
41.5085,771333,-0.52515,0.01636,0.91724,-3.66200,-14.70900,17.51700
41.5243,771343,-0.51733,0.04004,0.90527,-4.33300,-15.01500,16.35700
41.5243,771353,-0.51367,0.03076,0.89502,-4.08900,-13.91600,15.25900
41.5403,771363,-0.51978,0.03027,0.91431,-3.84500,-14.34300,16.47900
41.5417,771373,-0.51025,0.01538,0.92773,-4.63900,-15.38100,17.33400
41.5629,771383,-0.51782,0.03442,0.89575,-3.60100,-14.09900,15.99100
41.5629,771393,-0.54150,0.02051,0.90649,-3.60100,-13.61100,16.23500
41.5925,771403,-0.50928,0.02881,0.91821,-3.78400,-13.85500,16.84600
41.5925,771413,-0.52026,0.03027,0.90576,-4.08900,-14.83200,16.54100
41.5962,771423,-0.51123,0.03247,0.89966,-3.35700,-13.85500,15.50300
41.6047,771433,-0.51807,0.02661,0.91089,-3.72300,-13.42800,15.62500
41.6295,771443,-0.52295,0.02734,0.89038,-3.66200,-13.42800,15.86900
41.6295,771453,-0.52319,0.04297,0.90332,-3.84500,-14.70900,16.84600
41.6353,771463,-0.51807,0.01978,0.91895,-4.39500,-14.28200,16.60200
41.6353,771473,-0.53296,0.02832,0.91089,-3.78400,-13.97700,16.05200
41.6523,771483,-0.53296,0.03589,0.90796,-3.47900,-13.91600,15.99100
41.6685,771493,-0.51514,0.02173,0.91724,-3.90600,-14.46500,17.02900
41.6714,771503,-0.53174,0.02783,0.90112,-3.78400,-14.46500,16.60200
41.6991,771513,-0.52271,0.02832,0.90356,-3.78400,-15.13700,17.02900
41.6991,771523,-0.52979,0.02148,0.91675,-3.54000,-15.07600,16.47900
41.6991,771533,-0.51514,0.02710,0.91821,-3.66200,-14.70900,16.05200
41.7151,771543,-0.51074,0.02612,0.91479,-3.54000,-15.19800,16.96800
41.7309,771553,-0.52197,0.04077,0.91089,-4.02800,-14.16000,15.86900
41.7309,771563,-0.52417,0.02612,0.92090,-4.15000,-14.40400,16.47900
41.7466,771573,-0.51758,0.02954,0.88843,-3.60100,-14.28200,16.66300
41.7466,771583,-0.51440,0.02783,0.89624,-4.02800,-14.83200,16.60200
41.7634,771593,-0.52856,0.03174,0.90356,-3.60100,-13.36700,16.41800
41.7785,771603,-0.51367,0.04004,0.89185,-3.60100,-14.09900,16.29600
41.7996,771613,-0.52417,0.02759,0.91504,-3.66200,-14.52600,16.72400
41.7996,771623,-0.52832,0.01709,0.92798,-3.29600,-14.58700,16.84600
41.8096,771633,-0.51147,0.03809,0.90918,-3.47900,-14.03800,15.93000
41.8148,771643,-0.52808,0.03564,0.90430,-4.02800,-14.34300,16.96800
41.8256,771653,-0.51807,0.03223,0.91553,-3.54000,-13.48900,16.35700
41.8256,771663,-0.52441,0.03394,0.90039,-3.78400,-14.95400,16.66300
41.8468,771673,-0.52441,0.02197,0.90820,-4.02800,-14.58700,17.02900
41.8577,771683,-0.51855,0.03955,0.89673,-3.72300,-13.85500,16.17400
41.8630,771693,-0.51440,0.02344,0.90332,-3.96700,-14.03800,15.56400
41.8789,771703,-0.53003,0.02783,0.91187,-3.72300,-13.67200,15.38100
41.9048,771713,-0.52344,0.02124,0.90552,-3.47900,-13.97700,15.50300
41.9048,771723,-0.51880,0.01611,0.89844,-3.17400,-14.09900,16.35700
41.9048,771733,-0.52393,0.03418,0.90552,-3.78400,-13.85500,15.62500
41.9124,771743,-0.50659,0.03076,0.90820,-3.66200,-13.91600,16.05200
41.9220,771753,-0.51611,0.04175,0.90063,-3.78400,-13.42800,16.84600
41.9368,771763,-0.52979,0.02979,0.90674,-4.27200,-14.64800,16.23500
41.9813,771773,-0.51221,0.02954,0.89819,-3.47900,-13.97700,16.54100
41.9873,771814,-0.52954,0.02856,0.91602,-3.96700,-14.22100,16.96800
42.0001,771815,-0.52954,0.02856,0.91602,-3.96700,-14.22100,16.96800
42.0001,771817,-0.52954,0.02856,0.91602,-3.96700,-14.22100,16.96800
42.0001,771818,-0.52124,0.02930,0.90137,-3.47900,-13.85500,16.29600
42.0001,771823,-0.52930,0.02148,0.89453,-4.21100,-14.34300,16.23500
42.0001,771833,-0.52734,0.02783,0.90674,-4.08900,-14.52600,16.05200
42.0158,771843,-0.51538,0.02881,0.89917,-3.66200,-14.16000,16.41800
42.0158,771853,-0.52197,0.01953,0.90332,-4.02800,-15.38100,17.33400
42.0340,771863,-0.52686,0.01953,0.89746,-4.33300,-14.70900,16.29600
42.0473,771873,-0.54028,0.03003,0.90576,-3.72300,-14.22100,16.29600
42.0633,771883,-0.52539,0.02759,0.91504,-4.33300,-14.09900,16.54100
42.0633,771893,-0.53223,0.01587,0.92505,-4.27200,-13.91600,15.80800
42.0793,771903,-0.51318,0.03516,0.90576,-3.90600,-13.24500,15.68600
42.0832,771913,-0.51929,0.02466,0.91089,-4.82200,-15.19800,17.15100
42.0986,771923,-0.51758,0.03564,0.90576,-4.51700,-14.09900,16.11300
42.1131,771933,-0.51831,0.02661,0.92505,-3.96700,-14.58700,16.47900
42.1131,771943,-0.51147,0.03711,0.89453,-3.54000,-13.91600,16.11300
42.1270,771953,-0.50488,0.02344,0.90942,-3.90600,-14.52600,16.17400
42.1310,771963,-0.52563,0.02441,0.91138,-4.02800,-14.16000,16.41800
42.1427,771973,-0.51025,0.03003,0.90527,-4.63900,-14.83200,17.39500
42.1588,771983,-0.52637,0.02197,0.90308,-3.78400,-13.91600,15.56400
42.1855,771993,-0.51758,0.02026,0.91772,-3.60100,-14.58700,16.96800
42.1855,772003,-0.52246,0.03149,0.90112,-4.15000,-14.64800,16.72400
42.1889,772013,-0.50757,0.03296,0.91406,-4.27200,-15.38100,18.06600
42.2067,772023,-0.53613,0.01929,0.89648,-3.96700,-13.42800,16.41800
42.2067,772033,-0.51880,0.03540,0.91650,-3.41800,-14.03800,16.78500
42.2067,772043,-0.52539,0.02881,0.91064,-4.21100,-14.09900,15.80800
42.2225,772053,-0.52490,0.03271,0.91016,-4.15000,-13.06200,15.38100
42.2385,772063,-0.52197,0.02393,0.91504,-3.96700,-14.40400,16.54100
42.2385,772073,-0.52368,0.02295,0.91626,-4.45600,-13.55000,16.11300
42.2544,772083,-0.52856,0.03467,0.89575,-3.78400,-14.40400,16.35700
42.2718,772093,-0.53101,0.03076,0.92285,-3.78400,-14.28200,16.72400
42.2741,772103,-0.53540,0.03003,0.90796,-3.72300,-13.55000,16.23500
42.2872,772113,-0.51099,0.01392,0.90942,-3.90600,-14.22100,16.23500
42.3084,772123,-0.53076,0.02539,0.90625,-3.66200,-14.77100,16.90700
42.3084,772133,-0.51685,0.02539,0.90845,-4.15000,-13.85500,16.23500
42.3177,772143,-0.52026,0.02393,0.90088,-3.90600,-15.13700,16.96800
42.3177,772153,-0.51831,0.03027,0.91675,-3.60100,-13.24500,15.99100
42.3334,772163,-0.52295,0.01904,0.90942,-4.08900,-14.83200,16.96800
42.3491,772173,-0.51978,0.01050,0.90405,-3.72300,-13.48900,16.11300
42.3491,772183,-0.51392,0.02539,0.91431,-3.66200,-14.64800,16.35700
42.3719,772193,-0.52148,0.02319,0.90918,-4.33300,-14.16000,16.78500
42.3792,772203,-0.54395,0.02368,0.92017,-4.27200,-14.77100,16.60200
42.3824,772213,-0.52588,0.03564,0.91016,-3.60100,-13.30600,15.74700
42.4125,772223,-0.51538,0.02148,0.91626,-4.27200,-14.52600,16.90700
42.4125,772233,-0.50928,0.03076,0.90479,-3.78400,-14.34300,16.90700
42.4125,772243,-0.51807,0.02954,0.91138,-4.15000,-14.46500,16.66300
42.4390,772253,-0.50464,0.04150,0.88892,-4.33300,-14.52600,16.78500
42.4390,772263,-0.51538,0.03271,0.89575,-3.41800,-13.55000,16.11300
42.4514,772273,-0.51709,0.01880,0.91309,-3.35700,-14.46500,15.99100
42.4567,772283,-0.51025,0.02002,0.91821,-4.21100,-14.77100,16.47900
42.4754,772293,-0.51929,0.02295,0.91113,-4.02800,-14.34300,16.29600
42.4785,772303,-0.52295,0.02612,0.91309,-3.66200,-14.34300,15.93000
42.4889,772313,-0.53564,0.02515,0.90796,-3.54000,-14.64800,16.35700
42.4973,772323,-0.52075,0.03198,0.91528,-3.66200,-13.00000,14.28200
42.5076,772333,-0.52246,0.02637,0.92627,-3.72300,-13.48900,15.19800
42.5234,772343,-0.52002,0.02832,0.91064,-3.78400,-14.95400,17.15100
42.5234,772353,-0.51587,0.03857,0.90845,-3.96700,-14.09900,16.05200
42.5458,772363,-0.52832,0.03442,0.90210,-4.21100,-13.85500,15.99100
42.5458,772373,-0.52002,0.03125,0.91626,-3.17400,-12.93900,14.89300
42.5551,772383,-0.51685,0.01660,0.92090,-3.54000,-14.34300,16.29600
42.5721,772393,-0.53296,0.03467,0.91260,-4.08900,-13.97700,16.05200
42.5721,772403,-0.51489,0.02881,0.90625,-3.84500,-15.25900,16.29600
42.5909,772413,-0.51709,0.02393,0.91284,-4.08900,-14.83200,17.15100
42.5994,772423,-0.51807,0.02612,0.90747,-3.35700,-14.40400,15.07600
42.6091,772433,-0.51807,0.03223,0.91968,-3.47900,-14.28200,15.68600
42.6186,772443,-0.52832,0.01685,0.90552,-4.15000,-14.58700,17.33400
42.6186,772453,-0.52124,0.02368,0.90283,-4.57800,-14.58700,16.66300
42.6343,772463,-0.51050,0.02515,0.90918,-3.54000,-14.16000,15.86900
42.6544,772473,-0.52197,0.02588,0.90845,-3.11300,-13.85500,15.68600
42.6600,772483,-0.51318,0.03662,0.88574,-4.27200,-14.52600,17.09000
42.6694,772493,-0.51270,0.03003,0.91260,-4.15000,-13.79400,16.78500
42.6805,772503,-0.50928,0.03223,0.89697,-3.90600,-14.09900,15.68600
42.6951,772513,-0.50977,0.02808,0.90674,-3.96700,-13.67200,15.56400
42.6992,772523,-0.53442,0.03687,0.91479,-4.08900,-14.03800,15.93000
42.7124,772533,-0.51416,0.03711,0.90625,-3.90600,-14.64800,15.99100
42.7124,772543,-0.52832,0.02197,0.91675,-3.35700,-14.03800,15.80800
42.7296,772553,-0.52783,0.03516,0.91577,-4.21100,-14.70900,15.13700
42.7319,772563,-0.53223,0.02856,0.90845,-3.54000,-13.97700,15.62500
42.7536,772573,-0.51929,0.03442,0.90625,-4.21100,-14.64800,15.93000
42.7619,772583,-0.50977,0.02466,0.90576,-4.15000,-14.40400,16.78500
42.7721,772593,-0.51904,0.02515,0.91455,-3.78400,-14.28200,16.54100
42.7760,772603,-0.51758,0.02930,0.90771,-4.45600,-14.95400,16.72400
42.7760,772613,-0.51294,0.03076,0.89624,-3.96700,-14.09900,17.51700
42.7918,772623,-0.50146,0.02783,0.91772,-4.02800,-13.61100,15.68600
42.8226,772633,-0.51709,0.02368,0.91724,-3.72300,-14.52600,16.78500
42.8226,772643,-0.51782,0.02051,0.90479,-3.41800,-13.36700,15.74700
42.8226,772653,-0.51465,0.03076,0.90503,-3.41800,-13.73300,16.47900
42.8380,772663,-0.52002,0.02490,0.90649,-3.41800,-14.70900,16.41800
42.8538,772673,-0.53418,0.01685,0.90210,-4.21100,-14.89300,16.66300
42.8538,772683,-0.52466,0.03320,0.90625,-3.78400,-13.85500,15.80800
42.8617,772693,-0.51733,0.02563,0.91724,-4.57800,-15.38100,16.96800
42.8794,772703,-0.51904,0.03711,0.91455,-3.60100,-14.52600,16.84600
42.8900,772713,-0.52393,0.02026,0.92358,-3.72300,-14.09900,16.17400
42.8994,772723,-0.52783,0.04297,0.90137,-3.96700,-13.97700,15.93000
42.9092,772733,-0.52393,0.01636,0.91113,-3.72300,-13.36700,15.38100
42.9165,772743,-0.50732,0.01904,0.91455,-3.66200,-14.58700,16.41800
42.9324,772753,-0.51294,0.02490,0.90845,-3.72300,-13.67200,15.93000
42.9324,772763,-0.51709,0.01904,0.90381,-4.21100,-14.77100,16.17400
42.9576,772773,-0.52515,0.03052,0.89233,-4.02800,-14.40400,17.21200
42.9576,772783,-0.53101,0.01538,0.91650,-3.96700,-13.97700,17.88300
42.9646,772793,-0.54077,0.01904,0.90405,-3.78400,-14.40400,16.35700
42.9803,772803,-0.51123,0.03638,0.90015,-3.47900,-14.16000,16.60200
42.9863,772813,-0.52173,0.04175,0.91431,-3.90600,-13.79400,16.47900
42.9963,772823,-0.53052,0.01562,0.90796,-3.72300,-14.83200,17.33400
42.9963,772833,-0.51538,0.02441,0.90674,-4.51700,-14.95400,16.35700
43.0285,772843,-0.51782,0.03027,0.89355,-3.66200,-14.09900,16.54100
43.0285,772853,-0.49585,0.03076,0.91406,-3.66200,-13.55000,15.01500
43.0341,772863,-0.53296,0.01270,0.91772,-4.45600,-13.85500,15.32000
43.0433,772873,-0.51587,0.02026,0.91577,-3.78400,-15.01500,16.84600
43.0592,772883,-0.51660,0.03174,0.90015,-4.15000,-14.40400,16.47900
43.0592,772893,-0.53955,0.01855,0.91260,-3.54000,-14.09900,16.35700
43.0752,772903,-0.52075,0.02197,0.90479,-3.78400,-15.13700,16.60200
43.0752,772913,-0.52417,0.02905,0.90137,-3.66200,-13.85500,15.62500
43.0911,772923,-0.51440,0.03418,0.91064,-3.41800,-13.85500,16.41800
43.1069,772933,-0.51831,0.03223,0.91113,-4.02800,-14.22100,15.68600
43.1388,772943,-0.52637,0.03027,0.89600,-3.66200,-14.40400,16.66300
43.1388,772953,-0.51831,0.04077,0.91895,-4.39500,-14.40400,16.47900
43.1388,772963,-0.53833,0.02954,0.91455,-3.90600,-14.70900,16.90700
43.1509,772973,-0.51709,0.04810,0.91382,-3.66200,-14.03800,16.60200
43.1548,772983,-0.53198,0.03760,0.91357,-3.72300,-14.34300,16.60200
43.1548,772993,-0.52002,0.03271,0.90845,-3.96700,-13.73300,16.54100
43.1732,773003,-0.51562,0.03394,0.89429,-3.47900,-13.30600,15.93000
43.1874,773013,-0.53760,0.03442,0.87622,-3.72300,-14.22100,15.93000
43.1874,773023,-0.57422,0.02197,0.90942,-4.33300,-13.85500,16.47900
43.2024,773033,-0.58765,0.01147,0.92822,-4.02800,-14.64800,16.54100
43.2326,773043,-0.45288,0.05249,0.88818,-3.84500,-14.40400,16.29600
43.2359,773053,-0.50879,0.01782,0.89502,-3.84500,-14.09900,15.93000
43.2420,773063,-0.57544,0.00293,0.91650,-3.60100,-14.03800,16.11300
43.2496,773073,-0.49341,0.04834,0.90576,-4.45600,-15.56400,17.70000
43.2752,773083,-0.51147,0.04663,0.89380,-3.72300,-14.16000,16.66300
43.2969,773093,-0.49829,0.04224,0.89673,-4.15000,-14.16000,16.05200
43.2969,773103,-0.56177,0.00488,0.92822,-3.35700,-14.64800,16.78500
43.2969,773113,-0.54468,-0.01807,0.92456,-4.02800,-13.85500,16.29600
43.2969,773123,-0.57349,0.01758,0.91895,-3.90600,-13.67200,16.29600
43.3123,773133,-0.52954,0.02954,0.90039,-4.02800,-13.97700,16.41800
43.3448,773143,-0.51953,0.00098,0.92139,-4.63900,-14.22100,15.80800
43.3453,773153,-0.55396,0.01367,0.89478,-3.23500,-13.91600,16.41800
43.3453,773163,-0.50195,0.06470,0.88574,-4.27200,-14.22100,16.54100
43.3479,773173,-0.47949,0.04492,0.89697,-3.72300,-15.07600,16.78500
43.3547,773183,-0.53955,0.02441,0.91724,-3.84500,-15.07600,17.15100
43.3598,773193,-0.51343,0.03198,0.90112,-3.66200,-14.46500,17.09000
43.3801,773203,-0.50391,0.04980,0.89771,-3.78400,-14.77100,17.09000
43.3916,773213,-0.51587,0.03052,0.90674,-3.96700,-14.52600,16.96800
43.3916,773223,-0.54370,0.02588,0.91333,-4.08900,-14.83200,17.76100
43.4072,773233,-0.52393,0.01050,0.92163,-3.84500,-14.83200,16.47900
43.4234,773243,-0.53394,0.03931,0.91138,-3.96700,-13.91600,17.21200
43.4369,773253,-0.52124,0.03735,0.91040,-4.08900,-14.64800,16.78500
43.4398,773263,-0.52759,0.02612,0.91089,-4.15000,-14.52600,16.17400
43.4428,773273,-0.52710,0.02808,0.90454,-4.45600,-14.77100,17.15100
43.4596,773283,-0.50366,0.02710,0.89746,-3.90600,-15.44200,17.39500
43.4737,773293,-0.52563,0.03882,0.90430,-4.02800,-14.70900,16.05200
43.4737,773303,-0.53076,0.02368,0.91577,-3.60100,-14.89300,16.54100
43.4860,773313,-0.51196,0.03979,0.89819,-4.33300,-13.97700,16.11300
43.5017,773323,-0.50513,0.01904,0.90747,-4.15000,-14.58700,16.29600
43.5102,773333,-0.51123,0.01782,0.91235,-4.15000,-15.07600,16.17400
43.5179,773343,-0.50952,0.02417,0.91138,-3.66200,-14.34300,16.96800
43.5340,773353,-0.49951,0.02490,0.91431,-4.02800,-14.22100,17.33400
43.5340,773363,-0.52905,0.02734,0.91528,-4.33300,-14.16000,16.29600
43.5489,773373,-0.53296,0.02246,0.92896,-3.66200,-14.70900,16.47900
43.5489,773383,-0.51758,0.01929,0.90869,-3.66200,-14.09900,16.17400
43.5737,773393,-0.52002,0.01978,0.89893,-3.84500,-13.55000,15.80800
43.5737,773403,-0.54858,0.02197,0.91357,-3.90600,-14.46500,16.41800
43.5965,773413,-0.53296,0.02393,0.89673,-4.27200,-14.64800,17.21200
43.6064,773423,-0.52612,0.02173,0.93066,-4.15000,-13.79400,15.07600
43.6443,773433,-0.52734,0.03589,0.92163,-3.84500,-14.83200,16.90700
43.6443,773443,-0.52368,0.01709,0.89917,-3.84500,-13.67200,15.86900
43.6443,773453,-0.52759,0.02466,0.91064,-3.60100,-15.13700,16.41800
43.6443,773463,-0.51172,0.03320,0.90771,-4.02800,-14.70900,16.66300
43.6443,773473,-0.51074,0.03003,0.91089,-3.90600,-13.73300,16.47900
43.6600,773483,-0.50635,0.03540,0.90625,-3.90600,-13.97700,16.41800
43.6761,773493,-0.52466,0.03149,0.90088,-4.15000,-14.70900,16.41800
43.6761,773503,-0.52002,0.03369,0.90503,-3.60100,-14.16000,16.78500
43.6804,773513,-0.53174,0.03589,0.91479,-3.72300,-14.28200,16.35700
43.6921,773523,-0.52808,0.02832,0.92090,-3.35700,-13.85500,15.86900
43.7081,773533,-0.52612,0.03027,0.90747,-3.84500,-14.52600,16.29600
43.7159,773543,-0.51685,0.02441,0.90649,-4.45600,-15.13700,17.88300
43.7240,773553,-0.52441,0.02515,0.91821,-3.90600,-14.70900,16.41800
43.7397,773563,-0.52637,0.04468,0.89697,-4.02800,-14.28200,15.99100
43.7397,773573,-0.53076,0.01367,0.91602,-3.90600,-14.34300,16.05200
43.7557,773583,-0.51709,0.03149,0.92529,-4.27200,-13.36700,15.93000
43.7718,773593,-0.51001,0.02930,0.89966,-4.02800,-14.46500,16.72400
43.7743,773603,-0.51636,0.01953,0.91064,-4.33300,-13.97700,16.41800
43.7879,773613,-0.51196,0.04492,0.90430,-3.35700,-14.89300,16.78500
43.8037,773623,-0.52490,0.03149,0.90332,-3.60100,-14.83200,17.39500
43.8037,773633,-0.52148,0.01904,0.89917,-3.84500,-14.40400,16.29600
43.8171,773643,-0.51123,0.02710,0.89893,-3.90600,-14.22100,16.11300
43.8212,773653,-0.50854,0.02686,0.90942,-3.72300,-13.61100,16.72400
43.8354,773663,-0.50903,0.02173,0.90967,-3.54000,-14.89300,17.09000
43.8531,773673,-0.52612,0.02466,0.90894,-3.60100,-14.58700,16.96800
43.8531,773683,-0.50269,0.03076,0.90479,-4.15000,-14.52600,16.41800
43.8829,773693,-0.52490,0.02710,0.90454,-3.72300,-13.55000,16.11300
43.8829,773703,-0.52148,0.02246,0.91870,-4.15000,-13.48900,16.11300
43.8868,773713,-0.53003,0.01343,0.90576,-3.11300,-14.03800,16.05200
43.8986,773723,-0.51392,0.02246,0.91553,-3.29600,-14.09900,16.11300
43.9096,773733,-0.52881,0.02295,0.91772,-3.72300,-14.77100,16.90700
43.9308,773743,-0.50708,0.02759,0.90405,-4.45600,-14.09900,15.25900
43.9466,773753,-0.51855,0.02954,0.91016,-4.88300,-14.46500,16.23500
43.9623,773763,-0.51099,0.03003,0.92188,-3.90600,-14.09900,16.35700
43.9623,773773,-0.52515,0.03076,0.92065,-4.70000,-14.46500,16.66300
43.9783,773814,-0.52075,0.03394,0.90332,-3.60100,-13.97700,16.23500
43.9783,773816,-0.52075,0.03394,0.90332,-4.39500,-14.28200,17.09000
43.9783,773817,-0.52124,0.03662,0.91431,-4.39500,-14.28200,17.09000
43.9941,773819,-0.52124,0.03662,0.91431,-4.39500,-14.28200,17.09000
43.9941,773823,-0.54565,0.02588,0.91504,-3.54000,-14.77100,16.66300
43.9941,773833,-0.54517,0.00513,0.91040,-4.02800,-14.83200,16.96800
44.0102,773843,-0.51904,0.01929,0.90894,-3.60100,-14.16000,16.17400
44.0259,773853,-0.51758,0.03271,0.91260,-4.08900,-14.28200,16.35700
44.0417,773863,-0.52979,0.03271,0.90405,-4.39500,-14.28200,16.41800
44.0417,773873,-0.52197,0.03271,0.91895,-4.57800,-14.70900,16.35700
44.0576,773883,-0.51904,0.03442,0.91162,-3.66200,-14.40400,16.23500
44.0576,773893,-0.51440,0.02417,0.91699,-4.15000,-14.34300,16.47900
44.0788,773903,-0.51880,0.03247,0.90942,-4.02800,-14.77100,16.35700
44.0919,773913,-0.52637,0.02417,0.90674,-3.78400,-14.77100,16.60200
44.0919,773923,-0.51733,0.02539,0.90698,-3.90600,-14.52600,16.96800
44.1043,773933,-0.52563,0.02441,0.90063,-4.45600,-14.70900,16.90700
44.1227,773943,-0.51929,0.02490,0.90796,-3.90600,-14.83200,15.99100
44.1227,773953,-0.53052,0.01440,0.91089,-4.33300,-13.24500,16.05200
44.2318,773963,-0.50269,0.03711,0.90845,-3.96700,-13.24500,16.41800
44.2318,773973,-0.51123,0.02759,0.91064,-3.72300,-14.70900,17.27300
44.2318,773983,-0.52100,0.03271,0.90527,-3.96700,-13.91600,15.74700
44.2318,773993,-0.51953,0.02295,0.89624,-3.84500,-14.40400,16.23500
44.2318,774003,-0.52710,0.01685,0.92432,-3.60100,-14.09900,16.29600
44.2318,774013,-0.52466,0.02490,0.91577,-4.08900,-13.85500,15.50300
44.2318,774023,-0.51782,0.02490,0.92383,-4.45600,-14.83200,16.90700
44.2318,774033,-0.51294,0.03735,0.90698,-4.27200,-13.73300,16.35700
44.2318,774043,-0.52051,0.02661,0.91016,-3.96700,-13.97700,16.41800
44.2318,774053,-0.51270,0.02319,0.91528,-4.08900,-14.40400,15.86900
44.2592,774063,-0.52197,0.02466,0.89941,-3.78400,-14.40400,16.11300
44.2634,774073,-0.51587,0.02222,0.90234,-3.60100,-14.22100,15.25900
44.2634,774083,-0.51660,0.02197,0.89624,-3.96700,-14.09900,15.74700
44.2634,774093,-0.52319,0.03174,0.89990,-4.02800,-14.64800,17.15100
44.2792,774103,-0.52002,0.03516,0.90430,-3.78400,-14.77100,16.72400
44.2792,774113,-0.52441,0.03516,0.90894,-4.33300,-14.58700,17.21200
44.2952,774123,-0.52051,0.03589,0.89502,-3.60100,-14.58700,16.35700
44.3162,774133,-0.52002,0.02393,0.91772,-3.90600,-14.22100,15.80800
44.3162,774143,-0.52124,0.02905,0.90454,-4.27200,-15.38100,17.27300
44.3263,774153,-0.52637,0.01489,0.91455,-3.72300,-14.09900,15.80800
44.3263,774163,-0.52197,0.02441,0.90234,-4.08900,-14.52600,16.23500
44.3583,774173,-0.53687,0.02710,0.90405,-3.96700,-14.34300,16.60200
44.3583,774183,-0.52222,0.02246,0.91895,-3.78400,-14.40400,16.78500
44.3583,774193,-0.52905,0.01172,0.91235,-4.70000,-14.22100,16.78500
44.3793,774203,-0.51782,0.02612,0.90942,-3.54000,-14.83200,16.84600
44.3910,774213,-0.50635,0.02319,0.90112,-3.78400,-14.03800,15.93000
44.3910,774223,-0.52051,0.01367,0.90674,-3.60100,-13.91600,15.93000
44.4058,774233,-0.50195,0.03516,0.91333,-4.27200,-14.28200,16.47900
44.4330,774243,-0.52856,0.01929,0.90723,-3.54000,-14.22100,15.80800
44.4330,774253,-0.51294,0.03027,0.91553,-3.84500,-13.79400,15.44200
44.4374,774263,-0.51294,0.02197,0.89429,-4.21100,-14.52600,17.09000
44.4531,774273,-0.51172,0.02368,0.90430,-3.72300,-13.73300,16.41800
44.4531,774283,-0.54126,0.02612,0.90234,-3.84500,-13.85500,16.05200
44.4689,774293,-0.52148,0.03784,0.91235,-4.76100,-14.64800,16.84600
44.4763,774303,-0.51416,0.02051,0.90430,-3.72300,-14.46500,16.60200
44.4850,774313,-0.51074,0.03320,0.90552,-3.96700,-14.70900,16.78500
44.4850,774323,-0.52490,0.02856,0.91650,-4.27200,-14.58700,17.39500
44.5010,774333,-0.51782,0.03735,0.90576,-3.84500,-14.22100,16.41800
44.5168,774343,-0.52563,0.03149,0.92163,-4.08900,-14.34300,16.17400
44.5206,774353,-0.52490,0.02661,0.90356,-4.63900,-14.28200,16.47900
44.5344,774363,-0.52368,0.03076,0.92065,-3.84500,-13.42800,16.11300
44.5698,774373,-0.51904,0.02490,0.89404,-3.54000,-14.34300,17.02900
44.5698,774383,-0.52222,0.03247,0.91724,-4.21100,-14.77100,16.84600
44.5718,774393,-0.52783,0.03149,0.91089,-3.54000,-13.36700,15.50300
44.5798,774403,-0.52441,0.03296,0.90210,-3.66200,-14.40400,16.47900
44.5959,774413,-0.51733,0.02856,0.90723,-3.72300,-14.28200,16.29600
44.5959,774423,-0.52441,0.02246,0.92017,-3.84500,-14.16000,15.93000
44.6071,774433,-0.52173,0.04004,0.91382,-4.33300,-14.52600,16.84600
44.6117,774443,-0.53076,0.03516,0.90698,-4.15000,-14.28200,16.41800
44.6276,774453,-0.52051,0.02979,0.90576,-3.41800,-13.30600,15.13700
44.6276,774463,-0.51343,0.02222,0.91504,-3.72300,-13.61100,16.17400
44.6436,774473,-0.50464,0.03687,0.91992,-4.21100,-14.22100,16.05200
44.6670,774483,-0.53540,0.03784,0.90381,-4.21100,-14.58700,15.68600
44.6764,774493,-0.51562,0.01929,0.91064,-3.78400,-13.91600,16.11300
44.6792,774503,-0.54346,0.01880,0.91357,-3.90600,-14.46500,15.86900
44.6889,774513,-0.52441,0.02686,0.91162,-3.90600,-13.12300,15.19800
44.6953,774523,-0.52905,0.02124,0.90259,-4.02800,-14.64800,17.21200
44.7104,774533,-0.54053,0.02148,0.92383,-3.90600,-13.61100,15.68600
44.7223,774543,-0.52197,0.02881,0.90747,-3.96700,-14.09900,16.11300
44.7223,774553,-0.51782,0.01758,0.90430,-3.72300,-13.06200,15.99100
44.7383,774563,-0.53223,0.02954,0.90820,-4.15000,-15.32000,17.63900
44.7383,774573,-0.51221,0.02246,0.89600,-3.35700,-14.03800,16.47900
44.7709,774583,-0.51562,0.03003,0.92725,-3.35700,-15.13700,16.78500
44.7709,774593,-0.51123,0.01001,0.90137,-3.66200,-13.91600,15.56400
44.7769,774603,-0.52344,0.03247,0.90430,-4.27200,-15.44200,17.76100
44.7860,774613,-0.50659,0.03003,0.92749,-3.90600,-14.09900,16.29600
44.8019,774623,-0.52222,0.02734,0.89917,-3.78400,-14.22100,16.11300
44.8019,774633,-0.51831,0.01758,0.90991,-4.08900,-14.64800,16.72400
44.8192,774643,-0.52881,0.03564,0.90552,-3.84500,-13.79400,16.96800
44.8292,774653,-0.51294,0.04004,0.88745,-3.90600,-13.48900,15.74700
44.8354,774663,-0.53369,0.02905,0.90747,-3.84500,-14.16000,15.68600
44.8502,774673,-0.51855,0.02637,0.91431,-4.08900,-14.16000,16.11300
44.8661,774683,-0.53076,0.02124,0.91162,-3.29600,-14.22100,15.99100
44.8661,774693,-0.52002,0.03052,0.92383,-4.02800,-14.46500,16.66300
44.8816,774703,-0.54126,0.02417,0.90381,-3.96700,-14.46500,16.54100
44.8816,774713,-0.51392,0.03467,0.91064,-3.60100,-14.58700,16.47900
44.8994,774723,-0.51929,0.03613,0.91431,-3.72300,-13.67200,16.47900
44.9093,774733,-0.54370,0.02563,0.91650,-3.72300,-13.73300,16.23500
44.9187,774743,-0.51416,0.03564,0.90820,-3.47900,-14.03800,15.13700
44.9307,774753,-0.51587,0.02051,0.91260,-3.54000,-14.03800,15.25900
44.9386,774763,-0.51636,0.02979,0.92383,-4.45600,-14.34300,16.11300
44.9489,774773,-0.50879,0.02368,0.90820,-3.54000,-13.00000,15.19800
44.9604,774783,-0.51001,0.02051,0.91406,-3.84500,-13.85500,16.23500
44.9627,774793,-0.52539,0.03271,0.88599,-3.47900,-14.03800,16.17400
44.9782,774803,-0.51880,0.01343,0.91895,-3.54000,-13.73300,16.29600
44.9910,774813,-0.52344,0.01831,0.91406,-4.33300,-13.73300,15.62500
44.9910,774823,-0.50732,0.03320,0.90674,-4.45600,-15.32000,17.27300
45.0112,774833,-0.52930,0.02246,0.91333,-3.96700,-14.58700,16.72400
45.0213,774843,-0.54004,0.02075,0.91895,-3.72300,-14.83200,16.05200
45.0235,774853,-0.51245,0.04175,0.90112,-4.27200,-13.36700,16.05200
45.0388,774863,-0.52100,0.04272,0.90771,-3.41800,-14.28200,15.99100
45.0388,774873,-0.51660,0.04321,0.91113,-4.27200,-13.67200,16.29600
45.0609,774883,-0.52954,0.01929,0.90161,-4.02800,-14.64800,16.90700
45.0708,774893,-0.52710,0.03613,0.90967,-4.21100,-14.77100,16.78500
45.0866,774903,-0.53418,0.03320,0.90015,-3.96700,-13.91600,15.68600
45.0910,774913,-0.52759,0.02710,0.90088,-3.78400,-14.03800,16.17400
45.0910,774923,-0.52808,0.02856,0.90747,-3.54000,-13.73300,16.35700
45.1105,774933,-0.52344,0.02686,0.90820,-3.41800,-14.64800,16.60200
45.1184,774943,-0.51147,0.04150,0.89893,-2.99100,-13.30600,15.32000
45.1184,774953,-0.53101,0.02368,0.90820,-3.78400,-14.16000,15.62500
45.1366,774963,-0.51636,0.02783,0.90576,-4.08900,-14.40400,15.68600
45.1457,774973,-0.51953,0.01929,0.89624,-3.84500,-14.28200,16.05200
45.1516,774983,-0.51611,0.02637,0.91675,-3.96700,-14.03800,15.74700
45.1776,774993,-0.52026,0.02612,0.91113,-3.60100,-14.16000,17.15100
45.1776,775003,-0.51318,0.02148,0.91382,-4.39500,-14.46500,16.41800
45.1846,775013,-0.50879,0.02905,0.92847,-4.33300,-14.95400,16.66300
45.1977,775023,-0.52051,0.00391,0.91968,-3.84500,-14.77100,17.02900
45.2036,775033,-0.53003,0.02100,0.90479,-3.90600,-14.46500,16.84600
45.2136,775043,-0.52148,0.01343,0.91553,-4.08900,-14.64800,17.45600
45.2777,775053,-0.52344,0.01147,0.93042,-3.84500,-14.28200,15.99100
45.2892,775063,-0.53491,0.03003,0.91748,-3.84500,-14.52600,16.47900
45.2892,775073,-0.53833,0.02490,0.91528,-3.78400,-14.58700,16.60200
45.2892,775083,-0.53638,0.02515,0.91650,-4.02800,-14.28200,16.78500
45.2892,775093,-0.52124,0.02930,0.91919,-3.96700,-14.03800,16.17400
45.2935,775103,-0.52466,0.02563,0.90942,-3.84500,-13.85500,16.66300
45.2935,775113,-0.52173,0.02930,0.90747,-4.27200,-13.91600,15.50300
45.3020,775123,-0.51782,0.01489,0.91162,-3.72300,-13.00000,15.32000
45.3096,775133,-0.51123,0.03955,0.90894,-3.54000,-13.24500,15.80800
45.3096,775143,-0.51050,0.03027,0.90015,-4.02800,-14.16000,17.09000
45.3335,775153,-0.52271,0.02490,0.90991,-3.78400,-13.61100,16.60200
45.3387,775163,-0.52637,0.02612,0.91968,-3.78400,-14.77100,16.35700
45.3486,775173,-0.53271,0.03516,0.91895,-3.41800,-13.36700,15.38100
45.3577,775183,-0.51587,0.03027,0.90283,-4.27200,-14.16000,16.66300
45.3831,775193,-0.52539,0.02197,0.90283,-4.02800,-14.34300,16.35700
45.3860,775203,-0.51221,0.02637,0.90698,-4.21100,-13.18400,15.25900
45.3895,775213,-0.52148,0.04834,0.89868,-3.90600,-14.22100,16.23500
45.3895,775223,-0.52539,0.03320,0.90479,-3.54000,-14.52600,16.41800
45.4184,775233,-0.51855,0.02148,0.91333,-3.66200,-13.73300,15.68600
45.4184,775243,-0.51782,0.02734,0.91870,-3.54000,-14.16000,16.23500
45.4213,775253,-0.52026,0.03003,0.90210,-3.90600,-14.34300,16.54100
45.4409,775263,-0.52783,0.02783,0.91528,-3.60100,-13.61100,15.93000
45.4449,775273,-0.53662,0.03564,0.91431,-4.39500,-14.03800,16.47900
45.4656,775283,-0.52710,0.03564,0.91138,-3.96700,-13.48900,16.05200
45.4777,775293,-0.51538,0.01709,0.90576,-4.57800,-14.46500,16.96800
45.4951,775303,-0.52295,0.02197,0.90332,-3.96700,-14.46500,16.11300
45.4951,775313,-0.52075,0.03735,0.89966,-4.08900,-14.52600,16.54100
45.4951,775323,-0.53687,0.02563,0.91260,-3.17400,-14.28200,16.41800
45.5073,775333,-0.52026,0.02173,0.89575,-3.84500,-14.40400,16.41800
45.5170,775343,-0.52661,0.03125,0.90894,-4.27200,-13.85500,16.54100
45.5390,775353,-0.52075,0.01929,0.90796,-4.21100,-14.52600,16.60200
45.5390,775363,-0.52661,0.02515,0.90796,-3.11300,-14.34300,15.86900
45.5468,775373,-0.51465,0.03003,0.91333,-3.72300,-14.34300,16.35700
45.5468,775383,-0.53369,0.02173,0.93115,-4.08900,-14.70900,16.47900
45.5626,775393,-0.52588,0.02661,0.91577,-4.15000,-13.79400,15.99100
45.5779,775403,-0.52783,0.02808,0.92773,-3.66200,-14.64800,16.17400
45.5938,775413,-0.51196,0.02271,0.91089,-3.96700,-13.85500,16.90700
45.5938,775423,-0.52588,0.01587,0.91382,-3.41800,-14.09900,16.11300
45.6096,775433,-0.50781,0.02661,0.90503,-3.47900,-14.34300,16.05200
45.6255,775443,-0.52490,0.01416,0.91797,-3.78400,-13.85500,16.29600
45.6266,775453,-0.51953,0.02319,0.89868,-3.84500,-14.70900,17.39500
45.6266,775463,-0.51196,0.03589,0.90698,-4.33300,-14.46500,16.60200
45.6413,775473,-0.51001,0.03247,0.89429,-3.35700,-13.06200,15.74700
45.6571,775483,-0.52368,0.03296,0.91602,-3.41800,-14.22100,16.72400
45.6571,775493,-0.53613,0.03955,0.90576,-4.27200,-14.40400,17.02900
45.6888,775503,-0.51807,0.03418,0.92236,-3.96700,-13.73300,16.29600
45.6888,775513,-0.54077,0.03394,0.89478,-3.96700,-13.79400,16.41800
45.6888,775523,-0.52026,0.04663,0.90405,-4.21100,-14.83200,16.54100
45.7049,775533,-0.51587,0.02881,0.91431,-4.15000,-14.28200,16.23500
45.7310,775543,-0.53638,0.02686,0.90503,-3.05200,-14.28200,15.68600
45.7310,775553,-0.51416,0.03735,0.90283,-4.21100,-13.48900,14.95400
45.7366,775563,-0.53882,0.02344,0.91797,-3.72300,-14.34300,17.02900
45.7405,775573,-0.52002,0.02417,0.91382,-4.27200,-14.77100,15.74700
45.7527,775583,-0.51318,0.03979,0.89868,-4.15000,-14.28200,16.23500
45.7686,775593,-0.51294,0.02881,0.91797,-3.90600,-13.00000,15.68600
45.7843,775603,-0.51758,0.02832,0.90747,-3.84500,-13.79400,15.68600
45.7843,775613,-0.51270,0.01855,0.90771,-4.21100,-14.28200,16.78500
45.8001,775623,-0.52319,0.02661,0.89453,-4.02800,-13.91600,17.21200
45.8040,775633,-0.50830,0.03052,0.89453,-3.66200,-13.73300,15.68600
45.8162,775643,-0.53076,0.01709,0.90259,-3.72300,-13.91600,16.72400
45.8373,775653,-0.52881,0.02051,0.90698,-4.02800,-14.03800,16.23500
45.8373,775663,-0.52075,0.04224,0.89575,-3.84500,-13.61100,15.86900
45.8963,775673,-0.51587,0.03809,0.91089,-4.02800,-14.40400,16.47900
45.8963,775683,-0.51758,0.03223,0.89087,-3.66200,-14.09900,15.93000
45.8963,775693,-0.51831,0.01758,0.90747,-3.17400,-13.79400,16.66300
45.8963,775703,-0.52856,0.01807,0.90747,-3.47900,-14.83200,17.02900
45.8963,775713,-0.52295,0.03638,0.91089,-4.33300,-15.13700,16.35700
45.8963,775723,-0.51172,0.02881,0.89355,-4.33300,-14.83200,16.05200
45.9008,775733,-0.50854,0.02612,0.89966,-3.17400,-13.61100,15.62500
45.9122,775743,-0.52563,0.03540,0.90283,-3.90600,-13.73300,15.44200
45.9282,775753,-0.52368,0.02710,0.90698,-3.35700,-14.58700,16.35700
45.9315,775763,-0.50903,0.03760,0.91455,-3.78400,-13.91600,15.80800
45.9450,775773,-0.52197,0.02612,0.89844,-3.60100,-14.83200,17.15100
46.0075,775816,-0.51685,0.02222,0.91064,-4.02800,-13.85500,16.29600
46.0075,775817,-0.51685,0.02222,0.91064,-4.02800,-13.85500,16.29600
46.0075,775818,-0.51685,0.02222,0.91064,-4.02800,-13.85500,16.29600
46.0075,775820,-0.51685,0.02222,0.91064,-4.02800,-13.85500,16.29600
46.0075,775823,-0.51392,0.02539,0.89624,-3.90600,-13.97700,16.05200
46.0075,775833,-0.51562,0.03784,0.91699,-3.47900,-13.97700,15.32000
46.0075,775843,-0.50586,0.02612,0.90625,-3.35700,-13.73300,15.80800
46.0232,775853,-0.51855,0.03076,0.91309,-3.96700,-13.55000,15.38100
46.0391,775863,-0.52148,0.01978,0.91162,-3.96700,-14.09900,16.72400
46.0413,775873,-0.52344,0.02075,0.90039,-3.41800,-14.09900,16.29600
46.0547,775883,-0.53271,0.02100,0.92041,-3.54000,-13.61100,15.50300
46.0706,775893,-0.51636,0.02393,0.90112,-3.84500,-13.48900,16.54100
46.0786,775903,-0.52148,0.03076,0.90381,-3.78400,-13.91600,16.11300
46.1025,775913,-0.53003,0.02588,0.91626,-3.60100,-14.46500,16.41800
46.1025,775923,-0.52563,0.03467,0.91235,-3.84500,-14.40400,16.84600
46.1025,775933,-0.52026,0.01172,0.91089,-3.47900,-14.22100,16.60200
46.1182,775943,-0.50903,0.02368,0.90454,-3.84500,-14.34300,16.35700
46.1340,775953,-0.52466,0.01782,0.91113,-4.08900,-14.77100,16.84600
46.1340,775963,-0.51880,0.01904,0.90869,-3.78400,-14.03800,16.78500
46.1340,775973,-0.51514,0.01636,0.90210,-4.21100,-14.16000,16.60200
46.1521,775983,-0.52100,0.02686,0.91309,-4.02800,-13.97700,15.19800
46.1728,775993,-0.52637,0.02539,0.92847,-3.72300,-14.34300,15.50300
46.1818,776003,-0.51758,0.01782,0.91260,-3.78400,-14.34300,16.66300
46.2017,776013,-0.52246,0.01318,0.91968,-4.15000,-14.58700,17.09000
46.2017,776023,-0.52466,0.03955,0.89966,-3.60100,-13.55000,15.38100
46.2017,776033,-0.50806,0.03223,0.89771,-3.90600,-13.36700,16.05200
46.2134,776043,-0.51074,0.02271,0.89478,-3.84500,-13.55000,15.68600
46.2294,776053,-0.50879,0.04834,0.90723,-4.63900,-14.64800,16.72400
46.2294,776063,-0.52490,0.02344,0.89648,-4.33300,-14.40400,16.41800
46.2454,776073,-0.51416,0.03540,0.89941,-3.78400,-13.55000,14.89300
46.2454,776083,-0.53125,0.02832,0.90527,-3.47900,-13.73300,15.99100
46.2613,776093,-0.52637,0.03052,0.90894,-3.84500,-15.07600,16.72400
46.2933,776103,-0.51221,0.05078,0.89282,-4.02800,-15.01500,17.02900
46.2933,776113,-0.50659,0.02832,0.91602,-4.02800,-14.09900,16.29600
46.2933,776123,-0.51636,0.02759,0.91016,-4.27200,-14.28200,16.29600
46.3162,776133,-0.51489,0.02808,0.89600,-4.21100,-14.22100,15.62500
46.3162,776143,-0.52148,0.03613,0.90674,-4.08900,-14.58700,16.54100
46.3249,776153,-0.51562,0.02368,0.89722,-3.66200,-13.55000,16.29600
46.3401,776163,-0.52246,0.03296,0.90039,-3.96700,-13.85500,15.93000
46.3560,776173,-0.52368,0.01636,0.92236,-3.90600,-14.64800,16.60200
46.3560,776183,-0.50903,0.02881,0.89771,-3.66200,-14.52600,16.23500
46.3560,776193,-0.51294,0.02930,0.91577,-3.41800,-13.61100,16.23500
46.3793,776203,-0.51099,0.02466,0.92212,-4.02800,-14.09900,16.23500
46.3877,776213,-0.50952,0.02441,0.90479,-3.47900,-14.09900,15.86900
46.4037,776223,-0.52954,0.01929,0.90723,-3.90600,-14.22100,15.93000
46.4037,776233,-0.51953,0.02344,0.91992,-4.15000,-13.73300,16.05200
46.4037,776243,-0.50366,0.03613,0.89404,-3.90600,-13.61100,16.66300
46.4296,776253,-0.52124,0.02100,0.91821,-4.27200,-14.89300,16.05200
46.4353,776263,-0.53418,0.01978,0.91089,-4.33300,-14.22100,16.54100
46.4509,776273,-0.51465,0.02563,0.89014,-3.96700,-13.97700,16.72400
46.4509,776283,-0.53076,0.02344,0.90186,-4.02800,-14.22100,16.54100
46.4687,776293,-0.54053,0.03394,0.91943,-3.90600,-15.19800,16.72400
46.4797,776303,-0.52124,0.02710,0.91040,-3.90600,-14.28200,16.47900
46.4828,776313,-0.53174,0.02979,0.92407,-4.02800,-13.55000,15.86900
46.4995,776323,-0.53979,0.03223,0.90771,-4.08900,-14.34300,16.41800
46.4995,776333,-0.52710,0.03027,0.90454,-3.60100,-13.79400,15.38100
46.5156,776343,-0.51782,0.03516,0.89868,-4.15000,-13.91600,15.86900
46.5156,776353,-0.52466,0.03516,0.91724,-3.90600,-13.67200,16.29600
46.5464,776363,-0.51514,0.03174,0.90186,-3.54000,-14.28200,15.62500
46.5545,776373,-0.52100,0.02515,0.91479,-4.02800,-14.46500,16.54100
46.5623,776383,-0.52515,0.03027,0.92310,-3.84500,-14.16000,15.86900
46.5783,776393,-0.51904,0.02661,0.91650,-3.90600,-13.67200,16.60200
46.5783,776403,-0.51221,0.02930,0.90747,-3.60100,-14.46500,15.56400
46.5926,776413,-0.51611,0.03174,0.90137,-4.02800,-13.61100,15.86900
46.6245,776423,-0.51611,0.03076,0.90259,-4.21100,-13.97700,15.74700
46.6245,776433,-0.52100,0.02686,0.90576,-3.90600,-13.61100,15.62500
46.6245,776443,-0.51538,0.02661,0.89575,-4.21100,-13.85500,16.23500
46.6325,776453,-0.53271,0.02124,0.91431,-3.84500,-13.97700,16.11300
46.6325,776463,-0.52417,0.02393,0.90234,-3.29600,-13.42800,16.17400
46.6440,776473,-0.51270,0.02075,0.90942,-3.72300,-13.67200,15.99100
46.6560,776483,-0.50610,0.03540,0.91455,-3.35700,-14.52600,16.47900
46.6756,776493,-0.53101,0.03076,0.89990,-3.54000,-14.28200,15.86900
46.6756,776503,-0.52637,0.01611,0.90723,-3.72300,-13.91600,16.47900
46.6877,776513,-0.52612,0.02515,0.91309,-4.02800,-13.91600,16.29600
46.6877,776523,-0.51709,0.01831,0.91724,-4.45600,-15.38100,16.84600
46.7050,776533,-0.50293,0.02417,0.90649,-3.72300,-13.85500,15.38100
46.7197,776543,-0.52344,0.01636,0.91675,-3.96700,-14.58700,16.54100
46.7197,776553,-0.51831,0.03174,0.88892,-3.47900,-13.91600,16.05200
46.7501,776563,-0.51733,0.03174,0.91553,-4.08900,-14.22100,15.38100
46.7501,776573,-0.52734,0.03442,0.89575,-3.78400,-14.16000,16.23500
46.7831,776583,-0.51904,0.03149,0.91699,-3.84500,-13.91600,16.35700
46.7831,776593,-0.52075,0.03296,0.90088,-3.84500,-13.42800,16.23500
46.7831,776603,-0.52783,0.02710,0.91406,-3.47900,-14.22100,16.35700
46.7851,776613,-0.52051,0.01807,0.91675,-3.29600,-13.85500,16.54100
46.8170,776623,-0.51782,0.03833,0.91064,-4.02800,-13.06200,15.86900
46.8308,776633,-0.51855,0.02539,0.91724,-3.23500,-13.42800,15.32000
46.8308,776643,-0.52808,0.03174,0.90649,-4.15000,-13.97700,15.56400
46.8308,776653,-0.52759,0.02979,0.90674,-4.02800,-14.22100,15.99100
46.8308,776663,-0.53394,0.03418,0.89966,-3.78400,-14.34300,16.05200
46.8597,776673,-0.50781,0.02832,0.91260,-3.72300,-13.73300,16.11300
46.8597,776683,-0.50708,0.02759,0.90430,-4.02800,-13.67200,15.93000
46.8629,776693,-0.52661,0.03296,0.91187,-3.66200,-13.91600,16.41800
46.8778,776703,-0.53174,0.02637,0.90527,-4.02800,-13.79400,15.86900
46.8803,776713,-0.52197,0.03442,0.91040,-3.96700,-14.77100,16.96800
46.8938,776723,-0.52393,0.01367,0.90894,-3.41800,-14.40400,16.11300
46.9205,776733,-0.52148,0.03418,0.90894,-4.21100,-14.28200,15.99100
46.9205,776743,-0.52026,0.02222,0.90112,-3.78400,-13.91600,15.93000
46.9293,776753,-0.51953,0.03564,0.90747,-3.72300,-13.42800,15.13700
46.9401,776763,-0.51733,0.03052,0.90210,-3.84500,-13.55000,15.80800
46.9571,776773,-0.51587,0.02856,0.91211,-4.08900,-14.28200,15.68600
46.9576,776783,-0.51636,0.03223,0.91602,-3.66200,-13.48900,15.62500
46.9601,776793,-0.52441,0.02417,0.92529,-3.66200,-14.22100,16.11300
46.9787,776803,-0.52051,0.03711,0.90234,-3.72300,-14.22100,16.66300
46.9891,776813,-0.51440,0.03516,0.89941,-3.72300,-14.52600,16.47900
46.9891,776823,-0.51929,0.03760,0.90649,-3.96700,-14.09900,16.17400
47.0278,776833,-0.51270,0.03394,0.90552,-3.29600,-13.18400,15.25900
47.0278,776843,-0.52148,0.03613,0.91357,-4.02800,-13.97700,16.66300
47.0278,776853,-0.52075,0.02832,0.90869,-4.02800,-14.03800,16.41800
47.0346,776863,-0.51074,0.02734,0.90015,-4.08900,-13.67200,15.80800
47.0567,776873,-0.52441,0.02563,0.90356,-3.54000,-13.18400,15.56400
47.0567,776883,-0.52588,0.02686,0.90430,-3.60100,-13.24500,15.68600
47.0734,776893,-0.53418,0.03320,0.90210,-4.08900,-14.28200,15.93000
47.0766,776903,-0.52246,0.03174,0.91895,-3.72300,-14.34300,15.93000
47.0821,776913,-0.52222,0.03516,0.90674,-3.60100,-13.00000,15.80800
47.0981,776923,-0.51709,0.03223,0.90649,-4.27200,-14.28200,16.78500
47.1015,776933,-0.52808,0.03052,0.91211,-3.72300,-13.36700,15.86900
47.1152,776943,-0.51978,0.04712,0.89600,-3.60100,-14.03800,15.80800
47.1297,776953,-0.52197,0.02148,0.90869,-3.96700,-13.18400,15.86900
47.1297,776963,-0.53003,0.01636,0.91528,-3.35700,-13.55000,15.50300
47.1589,776973,-0.52979,0.01953,0.91553,-3.47900,-13.97700,16.29600
47.1589,776983,-0.51978,0.03296,0.89941,-3.78400,-13.42800,15.68600
47.1703,776993,-0.50903,0.02490,0.92017,-3.66200,-13.85500,15.80800
47.1769,777003,-0.52808,0.03320,0.90137,-4.27200,-14.16000,16.54100
47.1894,777013,-0.51733,0.03052,0.90747,-3.72300,-13.73300,15.86900
47.1929,777023,-0.51929,0.03320,0.91577,-3.66200,-14.77100,16.11300
47.2086,777033,-0.51538,0.03003,0.90332,-3.60100,-13.55000,15.50300
47.2086,777043,-0.53076,0.01831,0.89917,-3.72300,-14.64800,16.35700
47.2403,777053,-0.53296,0.04907,0.89771,-3.96700,-13.55000,16.05200
47.2403,777063,-0.51392,0.03027,0.90698,-3.41800,-13.67200,16.41800
47.2566,777073,-0.52173,0.01270,0.90869,-3.60100,-13.79400,15.62500
47.2648,777083,-0.52222,0.02490,0.90869,-3.90600,-15.38100,16.47900
47.2716,777093,-0.52295,0.01294,0.90625,-3.35700,-14.46500,15.50300
47.2716,777103,-0.53394,0.02100,0.91040,-3.78400,-14.95400,16.78500
47.2874,777113,-0.51050,0.02319,0.91187,-4.08900,-13.79400,16.60200
47.2931,777123,-0.51538,0.03271,0.91333,-3.78400,-13.06200,15.01500
47.3085,777133,-0.51636,0.02441,0.91504,-4.21100,-14.52600,16.23500
47.3224,777143,-0.52441,0.02441,0.91748,-4.08900,-14.09900,16.66300
47.3351,777153,-0.51978,0.02881,0.89722,-4.21100,-14.22100,16.17400
47.3351,777163,-0.52222,0.03027,0.91357,-3.84500,-14.28200,16.90700
47.3475,777173,-0.51611,0.02930,0.90674,-3.84500,-14.58700,16.41800
47.3551,777183,-0.52954,0.02905,0.92017,-3.78400,-14.52600,17.15100
47.3666,777193,-0.53003,0.03442,0.90576,-3.72300,-13.42800,15.62500
47.3826,777203,-0.52417,0.03223,0.89600,-4.08900,-13.48900,15.38100
47.3978,777213,-0.51367,0.03125,0.89478,-3.84500,-13.55000,16.17400
47.3978,777223,-0.51245,0.05273,0.90625,-3.54000,-14.03800,15.13700
47.4197,777233,-0.53442,0.03784,0.91504,-3.72300,-13.91600,15.99100
47.4296,777243,-0.51978,0.02271,0.91528,-4.02800,-13.85500,15.86900
47.4615,777253,-0.52344,0.03198,0.89038,-3.96700,-14.52600,16.05200
47.4615,777263,-0.51367,0.02588,0.90234,-3.84500,-13.42800,15.19800
47.4615,777273,-0.51758,0.04419,0.90576,-3.90600,-14.16000,16.47900
47.4615,777283,-0.51099,0.03857,0.91724,-3.78400,-14.83200,16.60200
47.4615,777293,-0.51733,0.03247,0.89478,-4.15000,-14.83200,17.21200
47.4851,777303,-0.52319,0.03467,0.91455,-3.72300,-14.34300,16.35700
47.4851,777313,-0.52002,0.03076,0.90869,-3.84500,-13.79400,15.56400
47.4934,777323,-0.51685,0.03955,0.91943,-3.84500,-14.03800,15.99100
47.5075,777333,-0.51685,0.02588,0.90381,-3.96700,-13.42800,15.62500
47.5361,777343,-0.52002,0.03711,0.91187,-3.29600,-14.58700,15.56400
47.5361,777353,-0.52930,0.02417,0.91406,-4.02800,-14.89300,16.66300
47.5361,777363,-0.51489,0.02637,0.90918,-3.60100,-13.97700,16.23500
47.5411,777373,-0.50244,0.02808,0.91138,-3.72300,-14.28200,16.47900
47.5569,777383,-0.51660,0.03174,0.92188,-3.78400,-14.46500,15.99100
47.5569,777393,-0.51025,0.01758,0.91479,-3.41800,-13.67200,15.86900
47.5744,777403,-0.52808,0.02197,0.89746,-4.15000,-13.30600,15.86900
47.5889,777413,-0.52783,0.02173,0.90552,-3.66200,-13.97700,15.50300
47.5934,777423,-0.52222,0.02930,0.90479,-3.84500,-14.34300,16.23500
47.6087,777433,-0.52100,0.02222,0.89624,-3.96700,-13.48900,15.80800
47.6204,777443,-0.52905,0.02856,0.91455,-3.41800,-14.83200,16.11300
47.6359,777453,-0.51831,0.01758,0.90308,-3.78400,-14.09900,15.74700
47.6359,777463,-0.52222,0.03052,0.89160,-3.66200,-14.03800,16.29600
47.6359,777473,-0.51904,0.03271,0.91357,-3.66200,-13.55000,15.68600
47.6529,777483,-0.52100,0.03491,0.89917,-3.47900,-14.52600,15.86900
47.6676,777493,-0.51074,0.03271,0.91675,-3.84500,-13.48900,16.17400
47.6676,777503,-0.52148,0.00903,0.90552,-3.72300,-13.79400,15.44200
47.6853,777513,-0.51294,0.02954,0.91211,-3.84500,-14.09900,15.99100
47.6994,777523,-0.51025,0.03760,0.90356,-4.08900,-14.52600,16.96800
47.6994,777533,-0.50488,0.02734,0.91309,-4.27200,-14.58700,16.96800
47.7153,777543,-0.54663,0.02246,0.90259,-4.08900,-14.58700,16.60200
47.7313,777553,-0.52344,0.03076,0.89575,-3.78400,-14.03800,16.78500
47.7313,777563,-0.52271,0.01636,0.88037,-3.66200,-14.28200,17.02900
47.7471,777573,-0.52441,0.01880,0.90161,-4.21100,-14.70900,16.05200
47.7471,777583,-0.51562,0.01953,0.88403,-4.15000,-15.32000,17.76100
47.7761,777593,-0.52759,0.02271,0.89014,-3.90600,-13.91600,16.05200
47.7818,777603,-0.53442,0.02173,0.89673,-3.78400,-15.01500,16.41800
47.7818,777613,-0.53516,0.01123,0.89795,-4.08900,-14.40400,16.47900
47.7957,777623,-0.52563,0.00854,0.89990,-3.35700,-14.16000,15.80800
47.7957,777633,-0.52490,0.01636,0.90649,-3.78400,-14.28200,16.47900
47.8107,777643,-0.52002,0.02783,0.88452,-3.90600,-13.97700,16.41800
47.8266,777653,-0.51221,0.02515,0.88647,-4.08900,-15.25900,16.41800
47.8266,777663,-0.52417,0.02783,0.89648,-3.78400,-13.97700,16.35700
47.8487,777673,-0.52197,0.01880,0.90479,-3.84500,-13.73300,16.35700
47.8590,777683,-0.51270,0.03784,0.89966,-3.96700,-15.25900,17.09000
47.8750,777693,-0.53442,0.01245,0.89453,-4.27200,-16.17400,18.12700
47.8750,777703,-0.53174,0.01953,0.89624,-4.21100,-14.28200,15.50300
47.8820,777713,-0.51050,0.02124,0.89917,-4.08900,-15.32000,17.70000
47.8912,777723,-0.51611,0.03247,0.89844,-4.02800,-14.16000,16.23500
47.9070,777733,-0.53369,0.02490,0.90137,-3.90600,-15.38100,17.21200
47.9107,777743,-0.49292,0.04321,0.88379,-4.21100,-14.52600,16.72400
47.9391,777753,-0.51733,0.04419,0.89600,-4.51700,-15.44200,17.45600
47.9391,777763,-0.50610,0.03638,0.89600,-3.90600,-14.83200,16.17400
47.9391,777773,-0.52124,0.02612,0.90479,-3.72300,-13.91600,15.68600
48.0183,777816,-0.53613,0.02612,0.89209,-4.15000,-13.97700,15.74700
48.0183,777818,-0.53613,0.02612,0.89209,-4.15000,-13.97700,15.74700
48.0183,777819,-0.53613,0.02612,0.89209,-4.15000,-13.97700,15.74700
48.0183,777821,-0.53467,0.02954,0.89502,-3.72300,-14.22100,15.86900
48.0183,777823,-0.53467,0.02954,0.89502,-3.72300,-14.22100,15.86900
48.0183,777833,-0.51733,0.02417,0.89819,-3.96700,-14.77100,16.96800
48.0183,777843,-0.52441,0.01978,0.88892,-3.66200,-14.77100,17.57800
48.0383,777853,-0.51660,0.03027,0.90259,-3.72300,-14.34300,16.72400
48.0383,777863,-0.52539,0.02856,0.89819,-3.84500,-14.16000,15.68600
48.0519,777873,-0.52417,0.03027,0.89697,-3.90600,-14.40400,17.09000
48.0519,777883,-0.51343,0.02563,0.89697,-4.15000,-15.80800,17.21200
48.0660,777893,-0.51587,0.03052,0.90234,-3.54000,-13.61100,14.52600
48.0660,777903,-0.52856,0.02368,0.90869,-3.72300,-14.77100,16.96800
48.0963,777913,-0.52930,0.01978,0.89966,-3.96700,-14.95400,16.96800
48.1020,777923,-0.51611,0.03076,0.90527,-4.15000,-15.50300,17.82200
48.1092,777933,-0.52368,0.02417,0.90869,-4.51700,-15.44200,16.72400
48.1160,777943,-0.50732,0.02344,0.90552,-4.02800,-13.97700,16.29600
48.1449,777953,-0.51245,0.01367,0.89502,-4.02800,-15.01500,16.72400
48.1449,777963,-0.51733,0.01074,0.92261,-3.84500,-13.85500,16.66300
48.1449,777973,-0.52905,0.01611,0.89966,-4.15000,-14.83200,15.99100
48.1449,777983,-0.51489,0.03369,0.90039,-4.15000,-14.64800,16.72400
48.1690,777993,-0.51514,0.01685,0.90161,-3.84500,-15.13700,16.54100
48.1825,778003,-0.51978,0.03589,0.89551,-3.90600,-14.40400,15.99100
48.1927,778013,-0.51685,0.03052,0.89429,-3.66200,-14.52600,16.05200
48.1940,778023,-0.52466,0.03394,0.89478,-4.08900,-14.16000,16.23500
48.2136,778033,-0.52563,0.03613,0.91724,-3.96700,-14.70900,16.17400
48.2244,778043,-0.53125,0.02979,0.90259,-4.21100,-14.70900,16.72400
48.2335,778053,-0.53101,0.03076,0.90503,-3.60100,-15.44200,16.54100
48.2450,778063,-0.52637,0.02173,0.91187,-3.78400,-14.83200,16.17400
48.2450,778073,-0.52905,0.02441,0.90576,-4.02800,-14.64800,16.23500
48.2560,778083,-0.51392,0.03467,0.90039,-4.15000,-15.32000,15.86900
48.2560,778093,-0.52246,0.03979,0.89307,-4.02800,-14.58700,16.41800
48.2825,778103,-0.51343,0.02563,0.90845,-4.02800,-13.85500,15.86900
48.2952,778113,-0.52271,0.02563,0.91211,-4.51700,-15.07600,16.60200
48.2957,778123,-0.52515,0.02832,0.91138,-4.33300,-14.95400,17.21200
48.3034,778133,-0.52759,0.01758,0.90283,-4.21100,-14.83200,16.35700
48.3193,778143,-0.52051,0.02344,0.91455,-3.60100,-14.09900,16.60200
48.3193,778153,-0.51050,0.03540,0.89209,-4.39500,-15.07600,17.63900
48.3353,778163,-0.52588,0.03784,0.90625,-4.08900,-14.46500,15.86900
48.3498,778173,-0.52710,0.01782,0.89771,-4.08900,-14.34300,15.80800
48.3599,778183,-0.52930,0.02661,0.91333,-3.78400,-13.97700,15.80800
48.3666,778193,-0.53101,0.02417,0.90747,-3.54000,-13.97700,15.80800
48.3880,778203,-0.51587,0.02148,0.90283,-4.21100,-14.16000,16.72400
48.3880,778213,-0.53320,0.03662,0.90552,-3.96700,-14.95400,16.96800
48.3978,778223,-0.50732,0.04639,0.90918,-3.66200,-14.70900,16.05200
48.4007,778233,-0.52515,0.01953,0.91772,-3.72300,-14.77100,16.47900
48.4163,778243,-0.52515,0.02734,0.91138,-4.02800,-14.95400,17.15100
48.4296,778253,-0.51465,0.03223,0.88965,-4.45600,-13.73300,15.93000
48.4456,778263,-0.53125,0.01001,0.88818,-4.15000,-13.73300,15.80800
48.4456,778273,-0.50879,0.02832,0.89429,-3.78400,-14.28200,16.11300
48.4456,778283,-0.51392,0.03394,0.89771,-3.60100,-13.97700,16.05200
48.4705,778293,-0.51294,0.02954,0.90308,-4.02800,-14.52600,16.11300
48.4886,778303,-0.51416,0.02905,0.90283,-3.84500,-15.25900,16.66300
48.4886,778313,-0.51953,0.03467,0.88770,-3.72300,-13.48900,16.11300
48.4927,778323,-0.51562,0.03271,0.89453,-3.96700,-14.09900,15.56400
48.5088,778333,-0.51782,0.00586,0.91870,-3.66200,-13.67200,15.80800
48.5088,778343,-0.51660,0.03760,0.89453,-4.15000,-14.22100,16.23500
48.5308,778353,-0.53003,0.02612,0.91675,-3.78400,-15.01500,17.02900
48.5402,778363,-0.51050,0.04077,0.91699,-3.96700,-14.70900,17.21200
48.5559,778373,-0.52881,0.02051,0.88794,-3.47900,-13.73300,16.11300
48.5598,778383,-0.51831,0.03003,0.90942,-3.84500,-14.46500,16.47900
48.5623,778393,-0.51465,0.02222,0.89209,-3.41800,-15.01500,16.90700
48.5738,778403,-0.53052,0.02368,0.89355,-4.08900,-14.95400,16.60200
48.5931,778413,-0.53174,0.02808,0.91406,-3.90600,-14.58700,16.78500
48.5936,778423,-0.52905,0.02979,0.91211,-4.39500,-15.32000,17.15100
48.6096,778433,-0.52466,0.03223,0.89966,-3.60100,-14.95400,16.41800
48.6197,778443,-0.51172,0.02856,0.89771,-3.78400,-14.22100,15.99100
48.6214,778453,-0.52173,0.02637,0.90991,-4.15000,-14.70900,16.05200
48.6355,778463,-0.50415,0.04321,0.90063,-3.96700,-14.40400,16.47900
48.6513,778473,-0.52441,0.02661,0.90747,-4.63900,-14.16000,15.99100
48.6513,778483,-0.52002,0.03564,0.90332,-4.08900,-14.46500,16.17400
48.6671,778493,-0.51221,0.02197,0.91309,-4.08900,-13.85500,15.56400
48.6671,778503,-0.50879,0.02271,0.89209,-3.96700,-14.16000,16.05200
48.6897,778513,-0.51758,0.02222,0.91040,-3.29600,-13.42800,15.25900
48.7013,778523,-0.51855,0.01465,0.91724,-3.78400,-15.38100,17.45600
48.7054,778533,-0.53271,0.02075,0.91528,-3.78400,-14.16000,15.74700
48.7144,778543,-0.51660,0.04028,0.90918,-3.54000,-14.34300,16.72400
48.7303,778553,-0.53345,0.02124,0.90576,-4.08900,-14.83200,17.02900
48.7303,778563,-0.50684,0.03882,0.90430,-3.66200,-16.05200,18.12700
48.7463,778573,-0.52734,0.03711,0.92163,-4.02800,-15.44200,16.47900
48.7463,778583,-0.51929,0.03345,0.90381,-3.78400,-12.75600,14.52600
48.7620,778593,-0.52490,0.02637,0.89575,-3.84500,-15.19800,16.96800
48.7777,778603,-0.51807,0.02539,0.90869,-3.72300,-13.85500,15.25900
48.7946,778613,-0.51880,0.01367,0.90503,-3.78400,-14.89300,16.72400
48.7946,778623,-0.51587,0.02173,0.91528,-4.15000,-14.52600,16.41800
48.8095,778633,-0.52368,0.01758,0.91113,-3.84500,-15.25900,17.45600
48.8119,778643,-0.52026,0.02026,0.90942,-4.08900,-14.64800,16.60200
48.8250,778653,-0.52026,0.02222,0.89819,-3.96700,-14.40400,16.66300
48.8409,778663,-0.51660,0.02759,0.90015,-3.35700,-14.83200,16.96800
48.8686,778673,-0.52222,0.02393,0.90942,-5.12700,-15.93000,18.00500
48.8686,778683,-0.52856,0.02930,0.90747,-3.84500,-14.09900,16.29600
48.8721,778693,-0.51831,0.03125,0.91309,-4.45600,-14.89300,17.21200
48.8721,778703,-0.53931,0.02197,0.91382,-3.47900,-14.52600,16.35700
48.8892,778713,-0.52490,0.03320,0.90039,-3.60100,-14.58700,16.90700
48.8892,778723,-0.50195,0.03271,0.89990,-3.84500,-13.85500,16.17400
48.9050,778733,-0.51953,0.03027,0.90845,-3.78400,-14.46500,15.93000
48.9197,778743,-0.52661,0.02661,0.90161,-4.33300,-14.95400,15.80800
48.9266,778753,-0.52124,0.02490,0.91235,-4.45600,-14.89300,16.23500
48.9382,778763,-0.52100,0.03516,0.90625,-4.08900,-15.13700,17.02900
48.9406,778773,-0.52222,0.01929,0.91138,-4.08900,-14.52600,16.11300
48.9518,778783,-0.53491,0.03687,0.90381,-4.27200,-15.13700,17.76100
48.9676,778793,-0.50903,0.02197,0.88574,-3.78400,-15.13700,16.54100
48.9676,778803,-0.51538,0.01880,0.89990,-3.96700,-15.56400,17.21200
48.9842,778813,-0.51880,0.01001,0.90259,-4.21100,-15.32000,17.57800
48.9998,778823,-0.53564,0.01611,0.91309,-3.35700,-14.40400,15.93000
48.9998,778833,-0.51489,0.02881,0.89844,-4.27200,-14.83200,17.02900
49.0156,778843,-0.51807,0.01221,0.91113,-3.84500,-14.77100,16.78500
49.0156,778853,-0.52808,0.02930,0.89771,-3.66200,-14.89300,15.93000
49.0329,778863,-0.51782,0.02490,0.88989,-3.54000,-14.16000,15.62500
49.0473,778873,-0.51880,0.01807,0.91992,-3.90600,-14.34300,15.86900
49.0634,778883,-0.51880,0.01880,0.91919,-3.78400,-14.46500,15.68600
49.0634,778893,-0.51538,0.01221,0.90820,-4.27200,-16.23500,18.31100
49.0794,778903,-0.51245,0.02759,0.90649,-4.27200,-14.83200,16.66300
49.0846,778913,-0.52246,0.02856,0.89893,-4.21100,-14.09900,15.99100
49.0975,778923,-0.53052,0.03345,0.90698,-4.21100,-15.19800,16.78500
49.1099,778933,-0.53296,0.03687,0.90649,-4.45600,-15.13700,16.78500
49.1099,778943,-0.51294,0.02710,0.89868,-3.90600,-14.58700,16.41800
49.1257,778953,-0.50830,0.02515,0.90283,-3.90600,-15.13700,17.09000
49.1393,778963,-0.52124,0.02539,0.90723,-3.90600,-13.73300,16.54100
49.1498,778973,-0.51978,0.02881,0.90747,-4.02800,-14.70900,17.09000
49.1652,778983,-0.51831,0.01807,0.90527,-3.84500,-15.07600,17.27300
49.1766,778993,-0.51880,0.03003,0.90430,-4.39500,-14.70900,16.29600
49.1766,779003,-0.52612,0.03320,0.90576,-4.15000,-14.64800,16.72400
49.1894,779013,-0.52319,0.01196,0.92041,-3.72300,-14.89300,16.35700
49.2067,779023,-0.52100,0.02173,0.90503,-4.27200,-14.22100,16.47900
49.2067,779033,-0.52026,0.02979,0.92529,-3.78400,-14.58700,16.54100
49.2202,779043,-0.52124,0.01953,0.91064,-3.84500,-14.70900,16.35700
49.2221,779053,-0.53223,0.01440,0.92163,-3.72300,-14.52600,15.99100
49.2366,779063,-0.50684,0.03174,0.91235,-3.35700,-14.46500,16.54100
49.2366,779073,-0.53638,0.02612,0.91504,-3.72300,-14.34300,16.72400
49.2678,779083,-0.51758,0.02832,0.89111,-3.66200,-15.44200,17.57800
49.2678,779093,-0.51489,0.03027,0.91479,-3.78400,-14.83200,17.02900
49.2678,779103,-0.52295,0.02368,0.91406,-4.15000,-14.34300,16.78500
49.2849,779113,-0.53589,0.02026,0.90527,-3.84500,-15.07600,16.72400
49.3015,779123,-0.51660,0.02173,0.90137,-4.02800,-14.70900,16.96800
49.3015,779133,-0.52148,0.02148,0.91040,-3.96700,-14.70900,16.60200
49.3156,779143,-0.52319,0.01733,0.91016,-4.02800,-13.12300,15.93000
49.3233,779153,-0.52563,0.00537,0.91431,-4.33300,-14.83200,17.33400
49.3394,779163,-0.52637,0.03369,0.89600,-4.08900,-14.22100,16.17400
49.3480,779173,-0.51367,0.02295,0.91479,-4.45600,-14.58700,16.29600
49.3514,779183,-0.52271,0.02319,0.90454,-4.51700,-14.40400,16.41800
49.3676,779193,-0.52295,0.01416,0.89307,-3.54000,-14.34300,16.17400
49.3676,779203,-0.52100,0.01074,0.90698,-3.54000,-14.77100,16.84600
49.3901,779213,-0.50952,0.02661,0.89355,-3.96700,-15.74700,17.51700
49.4172,779223,-0.51904,0.02930,0.90820,-3.78400,-15.19800,17.51700
49.4172,779233,-0.52979,0.03442,0.90259,-3.84500,-14.34300,15.80800
49.4210,779243,-0.52197,0.04028,0.90405,-4.39500,-14.95400,16.66300
49.4284,779253,-0.52612,0.02612,0.91748,-4.70000,-16.23500,17.57800
49.4404,779263,-0.52832,0.00952,0.90967,-3.90600,-15.38100,16.54100
49.4500,779273,-0.51904,0.02197,0.89868,-4.57800,-15.38100,16.72400
49.4630,779283,-0.52588,0.03076,0.91504,-4.39500,-15.13700,17.27300
49.4747,779293,-0.50806,0.01489,0.90112,-3.78400,-14.70900,16.23500
49.4747,779303,-0.52295,0.01294,0.91431,-4.45600,-14.89300,16.60200
49.4890,779313,-0.51245,0.02612,0.89673,-3.66200,-14.70900,16.35700
49.5029,779323,-0.50854,0.01123,0.90430,-4.15000,-14.52600,17.02900
49.5192,779333,-0.51514,0.03003,0.89966,-4.02800,-13.85500,15.99100
49.5192,779343,-0.51685,0.02930,0.90796,-3.47900,-13.85500,16.11300
49.5250,779353,-0.52124,0.01465,0.90283,-4.33300,-15.50300,17.94400
49.5375,779363,-0.52466,0.01709,0.91382,-3.60100,-14.52600,17.21200
49.5375,779373,-0.51904,0.01123,0.89478,-3.72300,-15.13700,17.27300
49.5612,779383,-0.51904,0.03198,0.90869,-4.21100,-14.52600,17.09000
49.5741,779393,-0.53247,0.00513,0.92090,-4.08900,-15.56400,16.60200
49.5741,779403,-0.52124,0.02051,0.90796,-3.66200,-14.03800,16.17400
49.5873,779413,-0.51318,0.01099,0.90918,-4.08900,-15.38100,16.90700
49.5941,779423,-0.54492,0.02051,0.91919,-4.45600,-15.25900,17.09000
49.6095,779433,-0.52148,0.02124,0.90527,-3.78400,-14.52600,16.35700
49.6158,779443,-0.51733,0.02808,0.91406,-3.90600,-14.52600,16.72400
49.6216,779453,-0.51196,0.02100,0.91235,-3.54000,-15.32000,17.57800
49.6358,779463,-0.51978,0.03027,0.91187,-4.33300,-14.64800,16.66300
49.6473,779473,-0.52246,0.01416,0.89551,-4.15000,-14.83200,16.84600
49.6508,779483,-0.51099,0.03882,0.91064,-3.66200,-13.97700,15.86900
49.6850,779493,-0.53467,0.01294,0.90820,-4.08900,-14.46500,16.11300
49.6850,779503,-0.52344,0.02466,0.90576,-4.02800,-14.52600,16.90700
49.6892,779513,-0.50903,0.03687,0.90259,-4.02800,-14.52600,17.15100
49.6975,779523,-0.52710,0.01855,0.90967,-3.35700,-14.83200,16.60200
49.7107,779533,-0.51953,0.02173,0.90283,-3.72300,-14.95400,16.96800
49.7107,779543,-0.51318,0.01733,0.91187,-3.60100,-14.77100,16.35700
49.7264,779553,-0.51978,0.01709,0.91309,-3.90600,-15.19800,16.90700
49.7264,779563,-0.52148,0.03687,0.91040,-4.15000,-15.38100,16.60200
49.7423,779573,-0.50513,0.01782,0.91675,-4.08900,-15.25900,16.60200
49.7580,779583,-0.52832,0.02490,0.90332,-4.57800,-14.83200,16.17400
49.7580,779593,-0.52222,0.01514,0.90771,-4.21100,-14.58700,16.23500
49.7851,779603,-0.50098,0.03003,0.91553,-4.33300,-15.25900,17.09000
49.7897,779613,-0.51172,0.01807,0.89648,-4.27200,-14.34300,16.41800
49.7916,779623,-0.51709,0.03296,0.89771,-4.88300,-15.74700,17.51700
49.8096,779633,-0.51978,0.03687,0.90820,-4.57800,-14.58700,16.90700
49.8096,779643,-0.51587,0.03296,0.88672,-3.66200,-15.44200,17.27300
49.8226,779653,-0.54321,0.02637,0.90259,-3.84500,-15.13700,17.94400
49.8372,779663,-0.54224,0.02783,0.90747,-3.78400,-14.46500,16.41800
49.8372,779673,-0.54517,0.03589,0.90820,-3.54000,-15.38100,16.90700
49.8541,779683,-0.53979,0.02979,0.91577,-3.84500,-14.83200,16.96800
49.8689,779693,-0.53687,0.02710,0.92139,-3.90600,-15.38100,16.90700
49.8851,779703,-0.51904,0.02588,0.92651,-3.78400,-14.70900,16.17400
49.8851,779713,-0.52490,0.03516,0.92212,-3.90600,-14.70900,15.62500
49.8851,779723,-0.52002,0.03394,0.88574,-4.21100,-15.50300,16.78500
49.9024,779733,-0.53394,0.01685,0.91846,-4.27200,-15.19800,16.60200
49.9168,779743,-0.51758,0.02295,0.90552,-3.72300,-13.79400,15.38100
49.9168,779753,-0.51025,0.02002,0.90527,-4.21100,-16.11300,17.70000
49.9328,779763,-0.50049,0.03516,0.89844,-3.66200,-14.95400,16.17400
49.9486,779773,-0.50659,0.03174,0.89478,-4.15000,-14.95400,17.09000
49.9854,779817,-0.53540,0.02930,0.89209,-4.21100,-15.86900,17.94400
49.9854,779819,-0.53540,0.02930,0.89209,-4.21100,-15.86900,17.94400
49.9974,779820,-0.51099,0.04419,0.90186,-3.90600,-14.64800,16.90700
49.9974,779822,-0.51099,0.04419,0.90186,-3.90600,-14.64800,16.90700
49.9995,779823,-0.51099,0.04419,0.90186,-3.90600,-14.64800,16.90700
50.0065,779833,-0.53027,0.02856,0.91064,-3.54000,-13.24500,15.38100
50.0166,779843,-0.52197,0.03076,0.90430,-3.96700,-15.86900,19.04300
50.0281,779853,-0.52783,0.02368,0.91943,-4.63900,-15.19800,17.39500
50.0281,779863,-0.51978,0.01880,0.89478,-4.33300,-14.77100,17.15100
50.0442,779873,-0.52661,0.02368,0.90796,-4.15000,-15.07600,16.72400
50.0442,779883,-0.52856,0.01538,0.92358,-4.63900,-14.58700,16.47900
50.0602,779893,-0.51831,0.02954,0.90576,-4.21100,-15.25900,16.90700
50.0917,779903,-0.52441,0.02246,0.90210,-3.66200,-15.19800,16.90700
50.0917,779913,-0.52148,0.01440,0.90820,-3.90600,-14.70900,16.54100
50.1052,779923,-0.51294,0.02954,0.88940,-4.08900,-14.70900,16.66300
50.1075,779933,-0.53442,0.02515,0.89673,-3.78400,-14.34300,16.29600
50.1237,779943,-0.52979,0.02954,0.90796,-3.78400,-14.95400,16.78500
50.1237,779953,-0.53442,0.02124,0.91431,-3.96700,-14.83200,16.60200
50.1393,779963,-0.53882,0.01904,0.93213,-3.72300,-14.89300,16.84600
50.1393,779973,-0.52612,0.02100,0.92505,-4.15000,-15.01500,16.54100
50.1551,779983,-0.51733,0.02881,0.92114,-4.39500,-14.58700,16.41800
50.1551,779993,-0.51929,0.03735,0.91211,-3.84500,-14.70900,16.41800
50.1711,780003,-0.51416,0.03418,0.92554,-4.27200,-14.70900,16.29600
50.1871,780013,-0.51831,0.00879,0.90063,-4.02800,-13.97700,15.74700
50.1871,780023,-0.52661,0.01636,0.90479,-4.08900,-14.83200,16.84600
50.2028,780033,-0.51929,0.01733,0.90112,-4.57800,-14.34300,16.54100
50.2188,780043,-0.51611,0.02466,0.90112,-4.51700,-13.97700,15.44200
50.2235,780053,-0.51562,0.03345,0.90063,-4.39500,-15.25900,17.15100
50.2419,780063,-0.52686,0.03052,0.90674,-3.78400,-14.52600,16.47900
50.2509,780073,-0.51929,0.01904,0.90918,-3.78400,-15.19800,17.82200
50.2509,780083,-0.52295,0.01904,0.92456,-4.08900,-15.38100,17.02900
50.2671,780093,-0.52588,0.03833,0.90430,-4.15000,-14.95400,16.84600
50.2794,780103,-0.52832,0.02686,0.90332,-3.78400,-15.56400,16.60200
50.2952,780113,-0.53174,0.02759,0.92163,-4.45600,-15.25900,17.27300
50.2980,780123,-0.53271,0.03003,0.90796,-3.96700,-14.46500,16.05200
50.2980,780133,-0.52734,0.02490,0.91382,-3.84500,-14.95400,16.90700
50.3140,780143,-0.53345,0.01953,0.90576,-4.51700,-15.93000,17.57800
50.3298,780153,-0.52759,0.02271,0.90552,-4.70000,-14.83200,16.66300
50.3362,780163,-0.51367,0.01904,0.91577,-4.15000,-14.34300,15.80800
50.3457,780173,-0.51147,0.03760,0.88940,-4.33300,-14.70900,16.96800
50.3548,780183,-0.50684,0.03662,0.90356,-4.33300,-15.13700,17.70000
50.3630,780193,-0.52637,0.03003,0.89404,-4.45600,-16.78500,18.73800
50.3774,780203,-0.53027,0.01733,0.91553,-4.33300,-15.44200,17.21200
50.3931,780213,-0.52295,0.03760,0.90747,-3.54000,-14.64800,16.17400
50.3931,780223,-0.51196,0.02490,0.90332,-3.96700,-14.70900,16.29600
50.4115,780233,-0.52344,0.02661,0.90039,-4.08900,-13.85500,16.41800
50.4205,780243,-0.52246,0.03467,0.90210,-4.15000,-15.38100,17.57800
50.4285,780253,-0.53174,0.03809,0.91553,-4.21100,-14.34300,16.54100
50.4285,780263,-0.52441,0.01294,0.91211,-4.82200,-15.50300,17.27300
50.4412,780273,-0.53784,0.02417,0.92407,-4.21100,-15.01500,17.15100
50.4559,780283,-0.51855,0.02734,0.89575,-3.96700,-15.32000,16.78500
50.4651,780293,-0.53076,0.01758,0.90698,-4.02800,-14.83200,16.29600
50.4793,780303,-0.51758,0.03516,0.92480,-4.08900,-14.77100,16.41800
50.4880,780313,-0.51392,0.02197,0.90918,-3.96700,-14.89300,17.02900
50.4880,780323,-0.52319,0.01367,0.90430,-3.90600,-15.32000,16.90700
50.5039,780333,-0.51514,0.03198,0.90820,-3.60100,-14.46500,15.74700
50.5200,780343,-0.51611,0.01587,0.89795,-3.96700,-14.64800,16.60200
50.5200,780353,-0.51392,0.01855,0.90503,-3.84500,-15.07600,16.41800
50.5381,780363,-0.51831,0.02319,0.90649,-3.96700,-15.44200,16.90700
50.5409,780373,-0.52246,0.03296,0.89551,-3.72300,-14.22100,16.41800
50.5519,780383,-0.51782,0.02075,0.89575,-4.15000,-15.62500,17.88300
50.5677,780393,-0.52124,0.02490,0.90552,-3.47900,-15.01500,17.39500
50.5741,780403,-0.51953,0.02075,0.90527,-4.39500,-15.62500,17.57800
50.5868,780413,-0.52612,0.02686,0.91040,-3.47900,-14.89300,16.96800
50.6005,780423,-0.52905,0.02100,0.91211,-4.33300,-15.50300,16.66300
50.6108,780433,-0.52490,0.00903,0.89624,-3.78400,-14.95400,16.96800
50.6154,780443,-0.53369,0.02979,0.90967,-4.39500,-15.80800,17.33400
50.6154,780453,-0.50830,0.03345,0.90698,-4.39500,-14.22100,16.47900
50.6311,780463,-0.51978,0.02417,0.90845,-4.39500,-15.38100,17.76100
50.6496,780473,-0.51440,0.02905,0.89917,-4.08900,-14.89300,16.60200
50.6561,780483,-0.50586,0.02075,0.89014,-4.33300,-14.46500,16.29600
50.6643,780493,-0.53564,0.02759,0.90161,-4.57800,-14.89300,16.47900
50.6849,780503,-0.52026,0.03638,0.91260,-4.21100,-15.50300,17.57800
50.6870,780513,-0.52344,0.02271,0.88550,-3.78400,-14.58700,16.29600
50.7051,780523,-0.53271,0.02246,0.90674,-3.66200,-14.95400,17.21200
50.7062,780533,-0.52271,0.03809,0.92578,-3.72300,-14.77100,16.78500
50.7121,780543,-0.52881,0.02100,0.91748,-3.54000,-14.77100,16.84600
50.7265,780553,-0.52441,0.02124,0.90674,-3.90600,-14.46500,16.47900
50.7423,780563,-0.51733,0.01807,0.90625,-4.15000,-14.52600,16.11300
50.7423,780573,-0.52832,0.03418,0.91016,-3.47900,-14.58700,16.17400
50.7580,780583,-0.53296,0.03271,0.90234,-3.96700,-14.64800,16.17400
50.7580,780593,-0.51978,0.03345,0.91626,-4.02800,-14.16000,16.78500
50.7788,780603,-0.51953,0.04541,0.89941,-4.63900,-14.89300,16.78500
50.7887,780613,-0.51147,0.03271,0.89893,-3.54000,-15.25900,16.72400
50.8070,780623,-0.52002,0.01807,0.90771,-4.21100,-14.52600,16.35700
50.8106,780633,-0.52075,0.02319,0.90332,-4.39500,-14.89300,17.63900
50.8219,780643,-0.53076,0.02612,0.90479,-4.21100,-14.89300,16.78500
50.8244,780653,-0.53540,0.00977,0.91309,-4.15000,-14.89300,16.78500
50.8378,780663,-0.52563,0.02661,0.91064,-3.78400,-15.68600,17.45600
50.8539,780673,-0.54102,0.01953,0.91382,-4.08900,-15.93000,17.51700
50.8539,780683,-0.52417,0.02905,0.91748,-4.27200,-14.95400,16.54100
50.8539,780693,-0.53247,0.02417,0.92090,-4.15000,-14.28200,16.54100
50.8789,780703,-0.52734,0.02100,0.92798,-3.66200,-13.97700,16.29600
50.8874,780713,-0.52515,0.03442,0.90454,-3.96700,-15.56400,17.27300
50.9017,780723,-0.51953,0.02563,0.93115,-4.08900,-15.56400,17.09000
50.9017,780733,-0.53589,0.01636,0.91528,-4.70000,-15.74700,17.39500
50.9334,780743,-0.52661,0.02417,0.90918,-3.78400,-15.19800,16.90700
50.9971,780753,-0.52417,0.01294,0.90552,-4.21100,-14.70900,15.93000
50.9971,780763,-0.51270,0.01636,0.91602,-3.96700,-14.58700,16.66300
50.9971,780773,-0.50635,0.03516,0.89917,-4.57800,-15.25900,17.57800
50.9971,780783,-0.51831,0.03442,0.91089,-4.15000,-14.89300,17.33400
50.9971,780793,-0.51685,0.03540,0.91113,-4.27200,-15.74700,17.27300
50.9971,780803,-0.51538,0.03442,0.89551,-3.66200,-14.03800,15.68600
50.9971,780813,-0.51953,0.02832,0.90356,-4.27200,-15.01500,17.09000
51.0128,780823,-0.52539,0.03003,0.90430,-3.90600,-14.89300,16.84600
51.0176,780833,-0.53369,0.01831,0.91895,-3.96700,-14.28200,16.60200
51.0180,780843,-0.52563,0.02344,0.90747,-3.84500,-15.13700,17.15100
51.0305,780853,-0.53540,0.01318,0.90356,-3.84500,-14.34300,16.29600
51.0377,780863,-0.51978,0.02417,0.90991,-3.66200,-14.83200,16.72400
51.0539,780873,-0.53589,0.02856,0.92505,-3.78400,-14.77100,16.78500
51.0599,780883,-0.52441,0.02246,0.91626,-3.66200,-14.83200,16.41800
51.0629,780893,-0.51953,0.03052,0.89380,-4.21100,-14.89300,16.35700
51.0756,780903,-0.52612,0.01147,0.91284,-3.84500,-15.80800,16.90700
51.0880,780913,-0.51685,0.02612,0.91138,-3.90600,-14.77100,15.99100
51.0913,780923,-0.51514,0.03320,0.90332,-4.08900,-14.28200,15.68600
51.1072,780933,-0.52222,0.03418,0.91431,-4.02800,-14.64800,16.72400
51.1072,780943,-0.52246,0.02686,0.91968,-4.33300,-14.16000,16.47900
51.1229,780953,-0.50415,0.02075,0.92017,-3.54000,-14.22100,16.90700
51.1387,780963,-0.51636,0.02905,0.89722,-4.94400,-15.19800,17.76100
51.1387,780973,-0.51440,0.02100,0.90454,-4.27200,-14.46500,16.90700
51.1544,780983,-0.51758,0.02197,0.92041,-3.60100,-14.34300,16.47900
51.1703,780993,-0.51807,0.03955,0.91504,-3.96700,-14.64800,16.60200
51.1715,781003,-0.53101,0.03662,0.92139,-3.84500,-15.74700,17.94400
51.1882,781013,-0.52661,0.02563,0.91528,-3.84500,-14.95400,17.39500
51.1882,781023,-0.51660,0.01489,0.90503,-4.27200,-14.70900,16.90700
51.2177,781033,-0.52197,0.02905,0.90747,-4.27200,-14.95400,17.09000
51.2177,781043,-0.53662,0.02124,0.91846,-4.94400,-15.44200,17.57800
51.2177,781053,-0.52979,0.01831,0.91138,-4.02800,-15.01500,16.78500
51.2369,781063,-0.52783,0.02490,0.91382,-4.27200,-14.28200,15.50300
51.2496,781073,-0.52881,0.01465,0.90381,-4.15000,-14.77100,16.17400
51.2496,781083,-0.51343,0.01880,0.90381,-3.54000,-14.58700,16.35700
51.2654,781093,-0.51050,0.02319,0.91187,-4.15000,-15.19800,16.17400
51.2783,781103,-0.52466,0.02612,0.90454,-3.54000,-14.52600,16.54100
51.2885,781113,-0.52148,0.02734,0.89746,-3.96700,-14.58700,16.84600
51.3008,781123,-0.50146,0.02075,0.91333,-3.47900,-15.25900,17.27300
51.3131,781133,-0.51538,0.02954,0.91382,-4.33300,-14.89300,17.09000
51.3131,781143,-0.52563,0.02539,0.90186,-3.96700,-15.01500,17.45600
51.3288,781153,-0.52295,0.02417,0.90820,-3.90600,-14.89300,16.41800
51.3525,781163,-0.53540,0.02393,0.91772,-3.96700,-15.01500,18.25000
51.3525,781173,-0.52075,0.03174,0.90820,-4.15000,-14.40400,16.41800
51.3525,781183,-0.52637,0.01367,0.92188,-4.70000,-15.44200,17.45600
51.3695,781193,-0.51636,0.03516,0.91113,-3.96700,-14.64800,17.02900
51.3794,781203,-0.52295,0.02246,0.91406,-4.39500,-14.34300,15.93000
51.3890,781213,-0.51343,0.01489,0.90674,-3.96700,-14.83200,16.84600
51.3992,781223,-0.52051,0.01489,0.89429,-4.02800,-14.46500,15.74700
51.4097,781233,-0.51660,0.01929,0.91089,-4.51700,-15.13700,16.47900
51.4220,781243,-0.52295,0.00854,0.88940,-4.51700,-15.13700,16.84600
51.4380,781253,-0.52734,0.03345,0.91431,-4.33300,-15.86900,17.51700
51.4380,781263,-0.52100,0.02417,0.91504,-4.39500,-15.32000,17.82200
51.4380,781273,-0.52563,0.02905,0.91064,-3.78400,-14.64800,16.66300
51.4537,781283,-0.52783,0.02466,0.90918,-4.02800,-15.86900,18.18800
51.4699,781293,-0.51196,0.03394,0.91406,-3.78400,-15.07600,17.51700
51.4719,781303,-0.51855,0.02808,0.91064,-3.96700,-14.89300,17.33400
51.4885,781313,-0.51904,0.02271,0.91284,-3.90600,-15.38100,17.82200
51.4885,781323,-0.51929,0.03491,0.89697,-4.15000,-14.89300,16.29600
51.5084,781333,-0.53223,0.02124,0.90576,-4.21100,-15.38100,17.39500
51.5208,781343,-0.53003,0.01221,0.91309,-4.15000,-15.19800,17.45600
51.5336,781353,-0.51562,0.02759,0.89868,-3.96700,-15.25900,16.35700
51.5388,781363,-0.52002,0.01318,0.90942,-3.90600,-14.64800,16.29600
51.5496,781373,-0.52148,0.03516,0.91235,-4.02800,-14.46500,17.15100
51.5496,781383,-0.52563,0.01758,0.91187,-4.21100,-15.01500,15.44200
51.5666,781393,-0.51733,0.02490,0.90625,-3.96700,-14.89300,17.39500
51.5744,781403,-0.51758,0.02637,0.91235,-3.90600,-15.25900,16.96800
51.5889,781413,-0.52954,0.01929,0.91016,-3.96700,-14.03800,16.47900
51.5968,781423,-0.51587,0.03052,0.91504,-3.66200,-14.77100,17.82200
51.6111,781433,-0.53125,0.01025,0.92139,-4.15000,-15.62500,17.94400
51.6602,781443,-0.52637,0.01782,0.91016,-3.72300,-15.25900,17.09000
51.6602,781453,-0.53589,0.02783,0.91187,-3.72300,-14.70900,17.15100
51.6602,781463,-0.54102,0.02466,0.90552,-4.21100,-14.58700,16.41800
51.6602,781473,-0.52881,0.02563,0.91821,-3.60100,-14.70900,16.23500
51.6713,781483,-0.53711,0.02686,0.91113,-3.72300,-14.28200,16.35700
51.6918,781493,-0.51099,0.02661,0.91333,-3.78400,-14.22100,16.78500
51.6918,781503,-0.50195,0.03760,0.91040,-4.76100,-14.77100,16.66300
51.6918,781513,-0.51782,0.02368,0.89502,-4.21100,-14.46500,16.11300
51.6992,781523,-0.50952,0.02490,0.90356,-3.78400,-14.03800,15.86900
51.7076,781533,-0.52441,0.01978,0.90527,-4.15000,-15.44200,17.76100
51.7211,781543,-0.50903,0.02417,0.90479,-3.96700,-14.95400,17.45600
51.7211,781553,-0.52197,0.04004,0.91357,-3.35700,-14.95400,17.39500
51.7417,781563,-0.52075,0.02905,0.91016,-4.02800,-15.50300,17.57800
51.7528,781573,-0.53174,0.02930,0.91919,-4.21100,-14.77100,17.09000
51.7659,781583,-0.53711,0.03296,0.90942,-3.35700,-13.91600,15.80800
51.7697,781593,-0.52856,0.03247,0.91357,-4.45600,-15.01500,18.31100
51.7774,781603,-0.52417,0.01709,0.91235,-3.66200,-15.01500,17.15100
51.7893,781613,-0.52319,0.02466,0.90332,-4.63900,-15.86900,16.96800
51.7958,781623,-0.51196,0.03125,0.91333,-4.15000,-14.28200,16.17400
51.8068,781633,-0.51611,0.02417,0.89941,-4.08900,-15.32000,17.09000
51.8178,781643,-0.53003,0.03296,0.90088,-4.45600,-15.38100,16.84600
51.8178,781653,-0.51685,0.02051,0.91821,-4.21100,-15.07600,16.96800
51.8336,781663,-0.52026,0.02222,0.92114,-3.96700,-14.40400,16.23500
51.8530,781673,-0.51904,0.03882,0.90503,-4.08900,-15.19800,16.96800
51.8530,781683,-0.51440,0.02612,0.91553,-4.15000,-15.44200,17.51700
51.8638,781693,-0.52026,0.01904,0.90771,-3.96700,-14.58700,17.45600
51.8722,781703,-0.51636,0.02197,0.91943,-3.96700,-15.13700,16.84600
51.9110,781713,-0.51343,0.02515,0.90356,-4.08900,-15.38100,17.09000
51.9746,781723,-0.52173,0.03174,0.91919,-3.78400,-14.34300,16.29600
51.9746,781733,-0.51929,0.02759,0.91699,-3.66200,-15.01500,17.33400
51.9746,781743,-0.53198,0.02954,0.91064,-4.02800,-14.95400,16.35700
51.9746,781753,-0.52515,0.02539,0.91235,-4.39500,-15.19800,16.96800
51.9746,781763,-0.53735,0.02246,0.92212,-4.02800,-14.70900,16.66300
51.9746,781773,-0.52368,0.01904,0.90112,-4.33300,-15.32000,17.33400
52.0059,781819,-0.51147,0.01978,0.89868,-4.15000,-14.34300,16.66300
52.0059,781820,-0.52002,0.01538,0.89233,-4.15000,-14.34300,16.66300
52.0059,781821,-0.52002,0.01538,0.89233,-4.15000,-14.34300,16.66300
52.0059,781823,-0.52002,0.01538,0.89233,-4.15000,-14.34300,16.66300
52.0059,781824,-0.52002,0.01538,0.89233,-4.15000,-14.34300,16.66300
52.0059,781833,-0.50659,0.03027,0.90112,-3.78400,-14.22100,16.17400
52.0059,781843,-0.52100,0.01636,0.90967,-4.15000,-15.62500,18.18800
52.0398,781853,-0.52148,0.03418,0.90527,-4.21100,-15.19800,17.57800
52.0398,781863,-0.52368,0.01782,0.91235,-3.90600,-14.89300,16.41800
52.0424,781873,-0.53174,0.00830,0.92114,-4.39500,-14.89300,17.27300
52.0533,781883,-0.52856,0.01929,0.92065,-4.02800,-14.77100,16.96800
52.0692,781893,-0.51074,0.02368,0.91064,-4.45600,-15.25900,17.57800
52.0692,781903,-0.51831,0.01929,0.91138,-4.51700,-15.01500,16.60200
52.0903,781913,-0.51172,0.01782,0.91040,-4.33300,-15.01500,16.05200
52.0903,781923,-0.51807,0.00903,0.90698,-4.02800,-15.07600,16.72400
52.1019,781933,-0.52466,0.02930,0.90454,-3.96700,-14.46500,15.62500
52.1168,781943,-0.50488,0.03369,0.89575,-4.51700,-15.99100,17.70000
52.1326,781953,-0.51782,0.02783,0.90308,-3.11300,-14.58700,16.72400
52.1326,781963,-0.51294,0.01489,0.89966,-3.60100,-15.38100,17.39500
52.1486,781973,-0.51587,0.02710,0.92065,-3.60100,-14.77100,17.94400
52.1645,781983,-0.53394,0.03540,0.90845,-3.84500,-14.58700,16.90700
52.1804,781993,-0.53174,0.04541,0.91064,-3.90600,-14.70900,17.09000
52.1902,782003,-0.53369,0.02612,0.91260,-4.02800,-14.09900,16.78500
52.1902,782013,-0.54419,0.02832,0.92163,-4.88300,-15.07600,17.02900
52.1960,782023,-0.52686,0.02441,0.90649,-4.63900,-14.77100,17.02900
52.1960,782033,-0.52002,0.01953,0.91431,-4.15000,-14.52600,16.11300
52.2121,782043,-0.50977,0.02954,0.90015,-3.84500,-15.13700,16.84600
52.2442,782053,-0.51636,0.01196,0.90479,-3.90600,-14.22100,15.93000
52.2442,782063,-0.51294,0.01221,0.91138,-3.96700,-14.09900,15.93000
52.2470,782073,-0.51196,0.02515,0.90747,-4.15000,-14.46500,16.29600
52.2596,782083,-0.51587,0.02148,0.89014,-3.90600,-15.13700,17.27300
52.2596,782093,-0.51953,0.02173,0.90625,-4.08900,-14.77100,17.02900
52.2757,782103,-0.52124,0.02783,0.91016,-4.02800,-15.19800,17.02900
52.2757,782113,-0.53027,0.01611,0.91309,-3.47900,-15.01500,16.41800
52.2915,782123,-0.51440,0.02588,0.90234,-4.21100,-14.77100,16.72400
52.3087,782133,-0.51001,0.02588,0.89771,-4.21100,-14.64800,15.99100
52.3087,782143,-0.51294,0.01807,0.91333,-4.39500,-15.07600,17.21200
52.3231,782153,-0.53052,0.02808,0.92090,-4.57800,-15.44200,17.39500
52.3389,782163,-0.53271,0.01904,0.91309,-4.70000,-15.62500,17.21200
52.3389,782173,-0.52661,0.02588,0.91284,-4.02800,-15.07600,16.41800
52.3582,782183,-0.51782,0.03564,0.89648,-4.15000,-15.44200,16.90700
52.3705,782193,-0.51855,0.02637,0.89697,-3.96700,-14.28200,15.80800
52.3705,782203,-0.51807,0.02637,0.90747,-4.33300,-14.70900,16.66300
52.3876,782213,-0.52515,0.04541,0.91455,-4.08900,-14.64800,17.33400
52.3907,782223,-0.52075,0.03931,0.91553,-4.02800,-14.22100,16.29600
52.4036,782233,-0.52637,0.02710,0.91162,-3.90600,-14.95400,18.00500
52.4179,782243,-0.51782,0.03467,0.91309,-4.02800,-14.83200,16.84600
52.4206,782253,-0.52100,0.02832,0.90332,-3.78400,-14.70900,16.84600
52.4970,782263,-0.53442,0.02173,0.91919,-3.72300,-14.83200,16.47900
52.4970,782273,-0.52539,0.02051,0.90942,-4.27200,-15.38100,17.45600
52.4970,782283,-0.52563,0.03711,0.90479,-3.96700,-14.95400,16.66300
52.4970,782293,-0.52344,0.04102,0.91187,-4.57800,-14.83200,16.41800
52.4970,782303,-0.52393,0.02661,0.92407,-4.27200,-15.01500,17.02900
52.4970,782313,-0.53394,0.02686,0.90259,-3.96700,-14.89300,16.05200
52.5010,782323,-0.52026,0.02466,0.90283,-4.57800,-15.01500,16.60200
52.5132,782333,-0.52026,0.03784,0.89526,-4.39500,-14.95400,16.41800
52.5132,782343,-0.51318,0.02295,0.89966,-4.82200,-15.68600,17.76100
52.5292,782353,-0.51367,0.02026,0.90796,-4.21100,-15.44200,17.27300
52.5610,782363,-0.51367,0.02295,0.90137,-4.21100,-14.58700,16.60200
52.5610,782373,-0.51733,0.02881,0.91406,-4.15000,-14.89300,17.02900
52.5610,782383,-0.53223,0.01392,0.89893,-4.39500,-15.68600,17.45600
52.5610,782393,-0.52222,0.03247,0.90991,-4.21100,-14.64800,16.35700
52.5929,782403,-0.53271,0.02563,0.91602,-4.08900,-14.46500,16.54100
52.5939,782413,-0.52954,0.02246,0.91479,-4.27200,-14.83200,16.96800
52.5955,782423,-0.52856,0.02661,0.91895,-4.02800,-14.77100,17.02900
52.6096,782433,-0.51123,0.02490,0.89185,-3.60100,-14.89300,16.60200
52.6122,782443,-0.51929,0.03125,0.90527,-4.45600,-15.32000,17.33400
52.6247,782453,-0.51465,0.02417,0.91455,-4.27200,-15.19800,16.05200
52.6568,782463,-0.51392,0.03418,0.90771,-4.39500,-15.50300,16.66300
52.6568,782473,-0.51196,0.03076,0.91431,-3.96700,-15.32000,17.27300
52.6568,782483,-0.51831,0.01709,0.90454,-3.90600,-14.95400,17.33400
52.6568,782493,-0.53052,0.02588,0.91187,-3.90600,-15.25900,16.96800
52.6727,782503,-0.51831,0.02051,0.90894,-3.78400,-15.62500,18.00500
52.6931,782513,-0.50903,0.02930,0.89575,-3.96700,-15.07600,16.96800
52.6931,782523,-0.53101,0.03271,0.90723,-3.84500,-15.93000,17.33400
52.7054,782533,-0.52954,0.02539,0.92017,-4.27200,-14.95400,17.51700
52.7054,782543,-0.52197,0.02344,0.91309,-4.57800,-15.32000,17.57800
52.7201,782553,-0.51514,0.03833,0.91333,-4.33300,-14.89300,17.21200
52.7521,782563,-0.51855,0.03516,0.91333,-4.45600,-14.89300,17.27300
52.7521,782573,-0.52271,0.03809,0.90796,-4.15000,-14.64800,16.29600
52.7521,782583,-0.53345,0.02734,0.91821,-4.21100,-14.89300,17.27300
52.7680,782593,-0.52173,0.02344,0.90820,-4.33300,-15.19800,16.54100
52.7713,782603,-0.51416,0.02930,0.89673,-4.27200,-13.67200,15.86900
52.7837,782613,-0.51929,0.02686,0.91650,-4.08900,-14.70900,17.02900
52.7994,782623,-0.51855,0.01465,0.91187,-4.39500,-15.93000,17.70000
52.8154,782633,-0.52295,0.02515,0.91016,-4.33300,-15.01500,16.29600
52.8154,782643,-0.50977,0.02124,0.89746,-4.02800,-15.13700,16.05200
52.8154,782653,-0.50903,0.02466,0.90674,-3.78400,-14.34300,16.72400
52.8376,782663,-0.52881,0.02026,0.90625,-3.72300,-13.85500,15.44200
52.8533,782673,-0.53125,0.03467,0.90137,-3.96700,-14.34300,16.60200
52.8629,782683,-0.52881,0.03003,0.91431,-3.78400,-14.95400,17.02900
52.8629,782693,-0.51416,0.02344,0.91211,-3.78400,-14.40400,16.96800
52.8789,782703,-0.51855,0.01953,0.91431,-3.84500,-15.32000,16.60200
52.8916,782713,-0.52637,0.02393,0.91772,-4.70000,-15.44200,17.51700
52.8952,782723,-0.51514,0.01953,0.90308,-3.84500,-15.25900,17.39500
52.9256,782733,-0.51953,0.03149,0.91406,-4.15000,-14.70900,17.02900
52.9752,782743,-0.51831,0.04126,0.90576,-4.08900,-14.64800,16.11300
52.9752,782753,-0.51782,0.02344,0.91309,-4.27200,-15.07600,17.02900
52.9752,782763,-0.51685,0.02490,0.92163,-4.33300,-14.77100,16.17400
52.9752,782773,-0.52026,0.02075,0.90039,-3.78400,-13.73300,15.99100
52.9752,782783,-0.52563,0.03540,0.92749,-3.78400,-14.83200,16.72400
52.9752,782793,-0.51123,0.01953,0.90967,-3.72300,-15.50300,17.51700
52.9752,782803,-0.50391,0.03711,0.89404,-4.51700,-15.13700,16.78500
52.9891,782813,-0.52100,0.02295,0.90576,-4.21100,-15.19800,17.33400
52.9923,782823,-0.53296,0.03320,0.90967,-3.72300,-15.25900,17.27300
53.0048,782833,-0.52124,0.01416,0.91113,-3.72300,-14.40400,15.99100
53.0210,782843,-0.53760,0.00952,0.91211,-4.70000,-15.68600,16.96800
53.0368,782853,-0.51172,0.03491,0.91089,-4.27200,-14.70900,16.72400
53.0685,782863,-0.52637,0.03149,0.92676,-3.96700,-14.58700,16.47900
53.0685,782873,-0.52026,0.01953,0.91626,-4.27200,-15.19800,16.78500
53.0685,782883,-0.52637,0.03174,0.91870,-4.15000,-14.95400,16.35700
53.0685,782893,-0.52368,0.02197,0.91113,-4.08900,-15.25900,16.66300
53.0685,782903,-0.53052,0.02148,0.90820,-3.96700,-15.25900,17.39500
53.0927,782913,-0.52515,0.03271,0.90063,-4.02800,-14.95400,16.84600
53.0927,782923,-0.50830,0.01416,0.91260,-3.78400,-15.32000,17.21200
53.1094,782933,-0.52905,0.01758,0.90479,-4.57800,-15.62500,17.27300
53.1195,782943,-0.50903,0.02832,0.91016,-4.51700,-14.64800,16.11300
53.1380,782953,-0.51318,0.03613,0.90625,-4.21100,-14.64800,17.39500
53.1380,782963,-0.52100,0.02490,0.91113,-4.33300,-14.70900,17.09000
53.1477,782973,-0.53296,0.03027,0.91919,-4.51700,-14.77100,17.33400
53.1636,782983,-0.52686,0.03467,0.92554,-3.78400,-14.83200,16.84600
53.1731,782993,-0.52393,0.02783,0.91602,-4.15000,-15.32000,16.66300
53.1792,783003,-0.51807,0.03467,0.90576,-4.15000,-14.52600,16.35700
53.1792,783013,-0.53052,0.01611,0.92334,-4.27200,-13.97700,16.60200
53.1953,783023,-0.51538,0.03418,0.89380,-4.45600,-14.16000,16.47900
53.2749,783033,-0.51099,0.02881,0.90723,-3.90600,-14.95400,16.60200
53.3222,783043,-0.51514,0.03052,0.89917,-4.02800,-14.89300,16.72400
53.3222,783053,-0.51685,0.01807,0.92334,-4.21100,-15.86900,17.63900
53.3222,783063,-0.50708,0.03223,0.89233,-4.27200,-15.50300,17.70000
53.3222,783073,-0.53296,0.01904,0.90503,-3.66200,-13.85500,16.60200
53.3222,783083,-0.51855,0.02783,0.90576,-4.21100,-15.68600,17.76100
53.3222,783093,-0.50464,0.02539,0.90088,-3.96700,-15.80800,17.70000
53.3222,783103,-0.52734,0.01855,0.90356,-4.27200,-15.07600,17.02900
53.3222,783113,-0.53662,0.02637,0.91284,-3.84500,-15.07600,17.76100
53.3222,783123,-0.52588,0.03589,0.91602,-4.08900,-15.13700,16.78500
53.3222,783133,-0.51978,0.02441,0.91382,-4.08900,-14.40400,16.05200
53.3222,783143,-0.52222,0.02637,0.91260,-4.02800,-14.46500,16.17400
53.3222,783153,-0.50806,0.03076,0.91260,-4.21100,-13.85500,15.99100
53.3379,783163,-0.53394,0.01953,0.92773,-4.15000,-15.13700,16.78500
53.3399,783173,-0.52295,0.03564,0.89307,-3.60100,-15.13700,16.54100
53.3694,783183,-0.51611,0.01685,0.91016,-4.57800,-15.25900,16.96800
53.3694,783193,-0.51050,0.02905,0.90137,-4.27200,-14.64800,16.35700
53.3694,783203,-0.51758,0.01294,0.91187,-4.45600,-15.13700,16.60200
53.3850,783213,-0.51489,0.02588,0.90430,-4.02800,-15.62500,17.02900
53.3983,783223,-0.50708,0.02759,0.90625,-3.78400,-15.68600,17.45600
53.4008,783233,-0.52393,0.02271,0.90283,-4.02800,-14.83200,16.35700
53.4168,783243,-0.52661,0.01611,0.91821,-3.72300,-14.58700,16.47900
53.4327,783253,-0.52075,0.03394,0.90625,-3.96700,-15.32000,17.39500
53.4327,783263,-0.52124,0.02783,0.92212,-4.02800,-15.32000,17.27300
53.4489,783273,-0.52661,0.03540,0.92188,-4.08900,-15.62500,17.21200
53.4673,783283,-0.54517,0.02344,0.91650,-4.82200,-15.68600,17.33400
53.4673,783293,-0.53540,0.02344,0.90503,-4.02800,-15.32000,17.27300
53.4673,783303,-0.51392,0.03149,0.90356,-4.27200,-14.58700,16.29600
53.4933,783313,-0.53442,0.02344,0.90796,-4.27200,-15.50300,17.15100
53.4995,783323,-0.52295,0.01758,0.91357,-4.39500,-15.32000,16.84600
53.5104,783333,-0.51465,0.02539,0.90991,-4.08900,-15.25900,16.29600
53.5150,783343,-0.53174,0.03784,0.90454,-4.51700,-14.52600,17.39500
53.5278,783353,-0.52490,0.01758,0.90942,-3.54000,-15.38100,16.66300
53.5278,783363,-0.53418,0.02661,0.90845,-3.84500,-15.19800,17.70000
53.5502,783373,-0.52246,0.02026,0.91357,-3.66200,-15.01500,16.72400
53.5751,783383,-0.50562,0.03076,0.90649,-3.54000,-14.16000,15.86900
53.5751,783393,-0.51807,0.03540,0.90771,-3.84500,-14.46500,16.60200
53.5751,783403,-0.51587,0.02173,0.90479,-3.23500,-14.95400,17.09000
53.5878,783413,-0.53662,0.01440,0.90332,-3.90600,-14.28200,16.05200
53.6049,783423,-0.51172,0.02734,0.90430,-3.41800,-15.01500,16.41800
53.6139,783433,-0.51660,0.02368,0.90967,-4.02800,-15.13700,17.15100
53.6192,783443,-0.52075,0.03027,0.90820,-4.15000,-14.58700,15.93000
53.6280,783453,-0.51440,0.02148,0.90698,-4.21100,-15.07600,16.96800
53.6382,783463,-0.51782,0.02319,0.90649,-4.33300,-14.95400,17.15100
53.6494,783473,-0.52905,0.01636,0.90552,-4.51700,-15.44200,17.21200
53.6554,783483,-0.52637,0.01147,0.91992,-3.84500,-15.38100,16.90700
53.6742,783493,-0.50830,0.03296,0.90820,-4.27200,-15.01500,17.39500
53.6834,783503,-0.52319,0.02148,0.89722,-3.78400,-15.25900,16.23500
53.6878,783513,-0.51953,0.03223,0.90991,-3.96700,-15.13700,17.27300
53.7012,783523,-0.52710,0.01733,0.91968,-4.27200,-15.13700,17.15100
53.7169,783533,-0.52490,0.00635,0.90552,-3.47900,-14.77100,16.11300
53.7169,783543,-0.53027,0.02710,0.90332,-3.78400,-15.32000,16.72400
53.7169,783553,-0.52661,0.02515,0.89478,-3.78400,-15.32000,17.09000
53.7330,783563,-0.52393,0.03052,0.89771,-4.15000,-15.07600,17.09000
53.7488,783573,-0.52271,0.02344,0.92603,-4.08900,-14.16000,16.66300
53.7513,783583,-0.52246,0.02222,0.90723,-4.39500,-14.83200,16.11300
53.7645,783593,-0.53076,0.02417,0.90942,-4.33300,-15.13700,17.70000
53.7842,783603,-0.52539,0.02393,0.89331,-4.21100,-15.19800,16.84600
53.7842,783613,-0.51416,0.00659,0.91309,-4.33300,-14.89300,16.72400
53.7971,783623,-0.52686,0.03052,0.90210,-4.39500,-15.68600,17.63900
53.8116,783633,-0.53564,0.03687,0.91846,-4.02800,-14.40400,16.84600
53.8146,783643,-0.52319,0.04321,0.90015,-3.90600,-15.13700,16.72400
53.8273,783653,-0.51465,0.01880,0.90503,-3.72300,-14.89300,16.78500
53.8273,783663,-0.52173,0.03638,0.89404,-3.60100,-14.52600,16.54100
53.8433,783673,-0.50757,0.03491,0.91284,-4.57800,-15.19800,17.45600
53.8595,783683,-0.52441,0.03418,0.91431,-3.96700,-15.13700,16.96800
53.8796,783693,-0.51880,0.03076,0.91260,-4.02800,-15.07600,17.09000
53.8796,783703,-0.53003,0.01440,0.90747,-3.72300,-15.01500,17.09000
53.8910,783713,-0.52124,0.03906,0.91235,-4.39500,-14.77100,17.15100
53.9043,783723,-0.52563,0.03345,0.91699,-4.33300,-14.83200,16.90700
53.9177,783733,-0.52319,0.03369,0.90674,-4.15000,-14.95400,16.84600
53.9198,783743,-0.52759,0.02197,0.89893,-3.96700,-15.68600,17.02900
53.9292,783753,-0.52319,0.02441,0.90649,-4.33300,-15.25900,16.96800
53.9398,783763,-0.53174,0.02808,0.91309,-4.82200,-15.32000,16.66300
53.9492,783773,-0.51807,0.03638,0.90674,-4.51700,-16.29600,18.25000
54.0013,783820,-0.52661,0.03540,0.90186,-4.45600,-14.64800,16.66300
54.0013,783821,-0.52661,0.03540,0.90186,-4.45600,-14.64800,16.66300
54.0013,783822,-0.52661,0.03540,0.90186,-4.45600,-14.64800,16.66300
54.0020,783824,-0.52979,0.02783,0.89648,-3.96700,-13.97700,16.66300
54.0020,783825,-0.52979,0.02783,0.89648,-3.96700,-13.97700,16.66300
54.0084,783833,-0.53613,0.02515,0.92114,-4.45600,-15.01500,16.78500
54.0171,783843,-0.51758,0.01318,0.91211,-4.27200,-15.74700,17.45600
54.0332,783853,-0.52075,0.03442,0.90796,-4.02800,-14.40400,16.05200
54.0464,783863,-0.51123,0.02661,0.92700,-4.57800,-16.05200,17.21200
54.0464,783873,-0.51318,0.02930,0.89941,-4.15000,-13.91600,15.99100
54.0506,783883,-0.51660,0.01416,0.90698,-3.84500,-15.44200,17.57800
54.0704,783893,-0.52466,0.01978,0.90967,-4.15000,-15.25900,17.27300
54.0809,783903,-0.52710,0.02246,0.92114,-3.96700,-14.58700,16.66300
54.0945,783913,-0.51929,0.02417,0.90332,-3.90600,-14.77100,16.84600
54.0966,783923,-0.53076,0.02124,0.91772,-4.15000,-15.25900,17.45600
54.1123,783933,-0.51978,0.02100,0.91211,-3.54000,-14.46500,15.62500
54.1123,783943,-0.52710,0.00122,0.90552,-4.15000,-15.80800,17.70000
54.1280,783953,-0.54150,0.01758,0.92065,-3.84500,-14.46500,16.47900
54.1280,783963,-0.51538,0.02856,0.89795,-4.08900,-13.97700,16.54100
54.1437,783973,-0.52612,0.04346,0.91260,-4.27200,-15.13700,17.39500
54.1597,783983,-0.52515,0.03564,0.90503,-3.84500,-14.70900,15.93000
54.1623,783993,-0.53174,0.03467,0.91064,-4.21100,-14.95400,16.90700
54.1758,784003,-0.51440,0.04468,0.91504,-3.84500,-15.13700,17.21200
54.1947,784013,-0.52686,0.01440,0.90771,-4.27200,-15.07600,16.66300
54.1947,784023,-0.52441,0.02637,0.90479,-3.84500,-15.50300,17.15100
54.2075,784033,-0.53394,0.02759,0.90820,-4.02800,-15.56400,16.96800
54.2075,784043,-0.52197,0.02368,0.90747,-4.33300,-15.80800,17.70000
54.2271,784053,-0.52881,0.01172,0.90503,-4.15000,-15.25900,16.66300
54.2394,784063,-0.50610,0.02100,0.89429,-4.08900,-14.52600,16.35700
54.2394,784073,-0.53540,0.02710,0.90576,-4.08900,-14.83200,16.90700
54.2567,784083,-0.51392,0.01270,0.90186,-4.08900,-14.22100,16.78500
54.2567,784093,-0.52295,0.01904,0.91382,-4.02800,-14.83200,16.96800
54.2867,784103,-0.52588,0.02148,0.91382,-4.21100,-15.44200,16.72400
54.2867,784113,-0.51782,0.03931,0.91138,-4.39500,-14.77100,16.90700
54.2947,784123,-0.52979,0.03931,0.88867,-4.27200,-14.22100,16.17400
54.3027,784133,-0.53174,0.03149,0.91528,-4.08900,-15.50300,17.57800
54.3201,784143,-0.52661,0.01953,0.90894,-4.21100,-15.32000,17.15100
54.3201,784153,-0.51831,0.02515,0.91235,-4.15000,-14.70900,17.02900
54.3345,784163,-0.52075,0.02661,0.90894,-3.78400,-14.70900,16.05200
54.3504,784173,-0.52930,0.02466,0.90356,-4.02800,-15.19800,16.60200
54.3540,784183,-0.51831,0.03003,0.90479,-4.21100,-14.95400,16.96800
54.3750,784193,-0.50342,0.02808,0.89819,-4.27200,-15.74700,17.63900
54.3824,784203,-0.53589,0.01855,0.90479,-4.33300,-15.07600,16.96800
54.3851,784213,-0.51904,0.02783,0.90381,-4.27200,-14.16000,16.66300
54.4077,784223,-0.53247,0.02710,0.91064,-3.60100,-14.58700,16.66300
54.4090,784233,-0.52124,0.03516,0.90112,-4.02800,-14.64800,15.99100
54.4142,784243,-0.50464,0.03076,0.90723,-3.60100,-14.77100,16.23500
54.4142,784253,-0.53809,0.02148,0.90967,-3.41800,-14.09900,16.11300
54.4314,784263,-0.52075,0.02515,0.90405,-4.51700,-15.50300,17.15100
54.4462,784273,-0.52563,0.02368,0.90894,-4.15000,-15.44200,17.27300
54.4462,784283,-0.51343,0.02588,0.91260,-4.33300,-14.89300,16.78500
54.4620,784293,-0.51636,0.03027,0.90015,-4.21100,-14.52600,17.09000
54.4780,784303,-0.52441,0.01953,0.90796,-4.21100,-14.64800,16.84600
54.4939,784313,-0.53662,0.02344,0.91479,-3.66200,-14.83200,17.21200
54.4984,784323,-0.51636,0.03052,0.90625,-3.90600,-14.70900,16.78500
54.5098,784333,-0.51782,0.03076,0.90234,-3.66200,-15.38100,17.39500
54.5098,784343,-0.51147,0.00659,0.91553,-4.15000,-14.34300,16.29600
54.5257,784353,-0.51489,0.03076,0.89746,-4.15000,-15.07600,17.09000
54.5400,784363,-0.52100,0.02637,0.89795,-4.02800,-15.07600,16.84600
54.5429,784373,-0.52539,0.03760,0.91382,-3.66200,-14.83200,17.02900
54.5577,784383,-0.52515,0.02246,0.90869,-3.35700,-14.34300,15.99100
54.5757,784393,-0.52661,0.01636,0.90698,-4.15000,-15.32000,17.27300
54.5757,784403,-0.52148,0.03320,0.90234,-4.70000,-14.58700,16.47900
54.5962,784413,-0.52466,0.02637,0.91528,-4.45600,-14.89300,16.90700
54.5962,784423,-0.51758,0.01367,0.89209,-4.15000,-15.38100,16.90700
54.6056,784433,-0.51807,0.03442,0.89990,-4.27200,-15.56400,17.15100
54.6136,784443,-0.52490,0.02588,0.91162,-4.27200,-15.74700,17.51700
54.6374,784453,-0.51514,0.02710,0.89648,-3.90600,-14.89300,16.90700
54.6374,784463,-0.52271,0.02100,0.90625,-4.39500,-14.70900,15.93000
54.6412,784473,-0.51685,0.03320,0.91089,-4.63900,-15.56400,17.15100
54.6566,784483,-0.51978,0.02734,0.90186,-3.66200,-13.73300,16.90700
54.6693,784493,-0.52100,0.03540,0.90747,-4.02800,-15.01500,16.84600
54.6693,784503,-0.51904,0.02588,0.90894,-3.60100,-14.89300,16.96800
54.7005,784513,-0.51978,0.02197,0.91260,-4.08900,-14.89300,16.54100
54.7026,784523,-0.52930,0.02637,0.90430,-4.15000,-14.95400,17.02900
54.7026,784533,-0.52734,0.01294,0.90015,-4.39500,-14.52600,16.35700
54.7177,784543,-0.51660,0.01196,0.90747,-4.39500,-15.38100,17.21200
54.7321,784553,-0.52051,0.02979,0.90210,-3.78400,-14.77100,16.41800
54.7321,784563,-0.52319,0.02026,0.89819,-4.15000,-13.85500,15.99100
54.7483,784573,-0.53394,0.02979,0.90845,-4.21100,-15.01500,16.78500
54.7483,784583,-0.53247,0.02075,0.91211,-3.54000,-14.70900,16.41800
54.7801,784593,-0.53027,0.02173,0.90015,-4.02800,-14.09900,16.17400
54.7801,784603,-0.51953,0.02271,0.91870,-4.33300,-14.95400,16.66300
54.7958,784613,-0.52222,0.04858,0.91675,-4.27200,-14.83200,17.21200
54.7958,784623,-0.51440,0.03467,0.93286,-4.45600,-15.13700,17.33400
54.8149,784633,-0.51587,0.03320,0.91870,-4.15000,-14.77100,16.60200
54.8275,784643,-0.51245,0.02612,0.90967,-4.39500,-14.77100,17.57800
54.8275,784653,-0.54248,0.00952,0.89185,-4.08900,-14.64800,16.47900
54.8275,784663,-0.53564,0.02026,0.89673,-4.02800,-15.99100,17.33400
54.8434,784673,-0.54199,0.00513,0.89893,-4.15000,-15.38100,17.27300
54.8594,784683,-0.50610,0.03149,0.91138,-4.02800,-16.47900,17.57800
54.8594,784693,-0.53418,0.03833,0.89771,-3.23500,-15.93000,16.47900
54.8756,784703,-0.52661,0.02686,0.90894,-4.21100,-16.17400,16.90700
54.8756,784713,-0.49365,0.02588,0.92773,-4.21100,-15.56400,16.90700
54.8963,784723,-0.51855,0.02271,0.90698,-4.57800,-14.83200,17.21200
54.9121,784733,-0.51025,0.04028,0.91235,-4.45600,-14.58700,16.35700
54.9121,784743,-0.52417,0.04077,0.90552,-4.70000,-15.07600,17.27300
54.9425,784753,-0.54004,0.00146,0.91406,-4.70000,-16.60200,17.39500
54.9425,784763,-0.52612,0.01318,0.90527,-4.51700,-15.86900,17.02900
54.9425,784773,-0.52759,0.01831,0.89648,-4.15000,-16.41800,17.09000
54.9603,784783,-0.51367,0.03052,0.89819,-3.66200,-15.86900,16.72400
54.9724,784793,-0.52856,0.00879,0.88965,-4.02800,-16.41800,16.84600
54.9724,784803,-0.50684,0.03467,0.90918,-4.21100,-16.96800,17.76100
54.9873,784813,-0.51831,0.02686,0.90649,-3.66200,-16.05200,15.80800
55.0032,784823,-0.50415,0.02295,0.91724,-3.66200,-16.41800,17.45600
55.0032,784833,-0.50415,0.01294,0.91309,-4.08900,-15.86900,16.66300
55.0193,784843,-0.51465,0.02441,0.92480,-4.45600,-15.25900,16.47900
55.0223,784853,-0.49609,0.02881,0.91479,-4.33300,-15.74700,17.27300
55.0353,784863,-0.53247,0.02222,0.93994,-4.51700,-16.23500,17.27300
55.0511,784873,-0.53101,0.01782,0.92212,-4.51700,-15.93000,17.27300
55.0511,784883,-0.53711,0.01782,0.90820,-4.39500,-16.41800,17.57800
55.0757,784893,-0.52197,0.02881,0.92163,-5.18800,-17.02900,17.51700
55.0757,784903,-0.52271,0.01074,0.90503,-4.70000,-18.06600,17.33400
55.0892,784913,-0.53369,0.03467,0.89575,-4.27200,-17.88300,17.57800
55.0985,784923,-0.52490,0.03760,0.88916,-3.90600,-16.78500,15.86900
55.0985,784933,-0.52319,0.02051,0.89331,-4.08900,-15.80800,16.66300
55.1144,784943,-0.52197,0.02197,0.91528,-3.90600,-15.99100,16.11300
55.1144,784953,-0.53320,0.02344,0.90674,-3.41800,-16.23500,16.41800
55.1463,784963,-0.52490,0.00513,0.92944,-3.60100,-17.27300,16.11300
55.1463,784973,-0.50342,0.02100,0.91577,-4.08900,-18.79900,17.51700
55.1620,784983,-0.50732,0.03174,0.92480,-4.15000,-18.37200,16.47900
55.1620,784993,-0.50806,0.02734,0.91821,-4.27200,-17.02900,16.72400
55.1778,785003,-0.50049,0.02612,0.90796,-4.70000,-17.02900,18.43300
55.1904,785013,-0.50366,0.03296,0.92358,-4.57800,-17.09000,17.57800
55.1970,785023,-0.51099,0.02734,0.91235,-4.39500,-16.17400,17.27300
55.2104,785033,-0.52417,0.02051,0.90039,-5.12700,-17.27300,17.76100
55.2117,785043,-0.50977,0.02783,0.89722,-4.27200,-16.47900,17.21200
55.2253,785053,-0.51489,0.02124,0.89648,-3.90600,-16.54100,17.45600
55.2478,785063,-0.52441,0.02539,0.89380,-3.78400,-16.90700,17.39500
55.2478,785073,-0.52832,0.02759,0.91235,-4.39500,-17.51700,17.63900
55.2572,785083,-0.53271,0.01953,0.93530,-3.84500,-16.90700,16.84600
55.2572,785093,-0.51562,0.03223,0.92334,-3.54000,-17.27300,16.47900
55.2732,785103,-0.50610,0.03247,0.91382,-3.23500,-16.29600,15.93000
55.2894,785113,-0.51221,0.03076,0.93433,-3.54000,-16.05200,15.93000
55.2970,785123,-0.51953,0.01758,0.92749,-4.39500,-15.99100,16.29600
55.3055,785133,-0.52417,0.02246,0.92578,-4.51700,-15.74700,16.72400
55.3212,785143,-0.50439,0.02368,0.89429,-4.70000,-16.54100,17.82200
55.3212,785153,-0.51416,0.02075,0.90649,-4.51700,-15.86900,16.84600
55.3401,785163,-0.51050,0.02637,0.89648,-3.96700,-15.01500,16.66300
55.3401,785173,-0.50879,0.02197,0.91260,-4.63900,-15.93000,17.15100
55.3545,785183,-0.50024,0.01709,0.90137,-3.66200,-15.86900,17.21200
55.3689,785193,-0.51025,-0.00488,0.92041,-3.84500,-15.44200,16.84600
55.3860,785203,-0.51978,0.01050,0.91895,-3.72300,-15.19800,17.39500
55.3860,785213,-0.50513,0.03247,0.92334,-3.90600,-15.07600,17.27300
55.4006,785223,-0.49829,0.03052,0.92114,-3.54000,-14.77100,16.54100
55.4203,785233,-0.49878,0.02246,0.92139,-4.08900,-14.77100,17.51700
55.4203,785243,-0.51685,0.02832,0.91821,-4.39500,-14.09900,17.63900
55.4203,785253,-0.52271,0.00415,0.92407,-4.70000,-14.34300,17.76100
55.4482,785263,-0.50269,0.02393,0.89868,-4.63900,-13.91600,17.02900
55.4482,785273,-0.51685,0.02734,0.91187,-4.33300,-14.77100,18.18800
55.4482,785283,-0.51733,0.02979,0.89233,-4.33300,-14.95400,18.37200
55.4641,785293,-0.51636,0.04077,0.89575,-4.45600,-12.93900,16.66300
55.4798,785303,-0.53857,0.01489,0.90308,-4.21100,-12.45100,15.68600
55.4798,785313,-0.50928,0.03296,0.89673,-3.90600,-13.85500,17.21200
55.4977,785323,-0.50098,0.02295,0.89844,-3.60100,-12.87800,16.17400
55.5586,785333,-0.51929,0.02759,0.91699,-4.39500,-13.12300,16.47900
55.5586,785343,-0.50659,0.02441,0.92310,-3.72300,-13.79400,16.66300
55.5586,785353,-0.50952,0.03027,0.92334,-4.02800,-13.48900,17.09000
55.5586,785363,-0.50830,0.04712,0.90576,-4.02800,-13.30600,17.57800
55.5675,785373,-0.50415,0.03931,0.92285,-3.78400,-12.63400,16.47900
55.5760,785383,-0.51367,0.02637,0.90869,-4.63900,-13.00000,17.70000
55.5981,785393,-0.51294,0.02148,0.92505,-4.15000,-12.45100,17.27300
55.5981,785403,-0.51978,0.02734,0.90405,-4.33300,-12.81700,17.15100
55.5981,785413,-0.52344,0.02930,0.91553,-4.15000,-13.00000,16.90700
55.5981,785423,-0.51880,0.03296,0.90576,-3.96700,-13.12300,17.51700
55.6218,785433,-0.52148,0.02710,0.90894,-4.39500,-12.20700,16.96800
55.6218,785443,-0.52393,0.02637,0.91870,-4.39500,-12.32900,16.66300
55.6218,785453,-0.52710,0.03076,0.89819,-4.57800,-12.75600,16.84600
55.6396,785463,-0.52661,0.02368,0.90894,-4.57800,-12.20700,16.29600
55.6613,785473,-0.50391,0.03125,0.90283,-3.90600,-11.23000,15.62500
55.6613,785483,-0.49927,0.03516,0.90820,-3.78400,-12.20700,16.96800
55.6720,785493,-0.50122,0.02124,0.89380,-4.51700,-13.30600,18.49400
55.6796,785503,-0.51074,0.02515,0.90454,-4.02800,-12.32900,16.78500
55.6842,785513,-0.52319,0.02954,0.91235,-4.21100,-12.20700,16.78500
55.6980,785523,-0.51294,0.01270,0.91284,-4.02800,-11.47500,16.72400
55.7078,785533,-0.51831,0.03247,0.91016,-4.15000,-11.59700,16.60200
55.7316,785543,-0.54150,0.02783,0.90796,-3.72300,-11.78000,17.45600
55.7316,785553,-0.53174,0.01978,0.90356,-3.84500,-11.23000,17.09000
55.7316,785563,-0.53247,0.02466,0.91089,-3.96700,-11.96300,16.96800
55.7476,785573,-0.53833,0.02222,0.91821,-3.41800,-11.65800,15.74700
55.7515,785583,-0.51831,0.01709,0.91064,-4.08900,-11.84100,15.93000
55.7645,785593,-0.51929,0.02271,0.89404,-3.96700,-11.71900,16.72400
55.7792,785603,-0.51904,0.01025,0.90356,-4.27200,-11.90200,16.66300
55.7792,785613,-0.51318,0.04346,0.90649,-4.02800,-11.59700,17.09000
55.7979,785623,-0.50977,0.03174,0.90991,-4.27200,-12.02400,17.27300
55.7979,785633,-0.51245,0.03564,0.90698,-3.35700,-10.98600,16.96800
55.8266,785643,-0.50830,0.03589,0.91406,-3.90600,-12.02400,16.60200
55.8266,785653,-0.50659,0.04590,0.92358,-4.45600,-12.26800,17.45600
55.8397,785663,-0.53564,0.01465,0.90649,-4.15000,-11.96300,17.76100
55.8501,785673,-0.52979,0.02490,0.91260,-4.15000,-11.90200,18.49400
55.8587,785683,-0.54956,0.02539,0.89990,-4.45600,-11.16900,17.21200
55.8697,785693,-0.53857,0.02246,0.90259,-3.72300,-12.63400,17.76100
55.8792,785703,-0.53687,0.02637,0.89648,-3.72300,-12.14600,16.29600
55.8903,785713,-0.53247,0.02661,0.89526,-3.78400,-12.08500,15.99100
55.9046,785723,-0.53223,0.02783,0.90039,-4.39500,-12.08500,16.78500
55.9126,785733,-0.53174,0.03174,0.90527,-4.39500,-12.63400,17.45600
55.9214,785743,-0.52368,0.02026,0.89600,-4.57800,-13.06200,17.21200
55.9214,785753,-0.52832,0.02246,0.90454,-4.57800,-13.48900,17.09000
55.9390,785763,-0.52930,0.02759,0.89551,-4.33300,-12.69500,16.23500
55.9390,785773,-0.51758,0.01611,0.89331,-4.82200,-13.30600,17.33400
56.0018,785820,-0.53955,0.01758,0.89087,-3.84500,-12.87800,16.84600
56.0018,785822,-0.53955,0.01758,0.89087,-3.84500,-12.87800,16.84600
56.0018,785823,-0.53589,0.01660,0.89966,-3.78400,-13.61100,17.39500
56.0018,785825,-0.53589,0.01660,0.89966,-3.78400,-13.61100,17.39500
56.0018,785826,-0.53589,0.01660,0.89966,-3.78400,-13.61100,17.39500
56.0018,785833,-0.55566,0.01831,0.91602,-3.60100,-13.00000,16.54100
56.0158,785843,-0.54736,0.01953,0.91895,-3.54000,-13.79400,16.23500
56.0318,785853,-0.55151,0.01855,0.92871,-3.96700,-13.67200,16.29600
56.0318,785863,-0.52759,0.03271,0.90332,-4.76100,-13.73300,16.60200
56.0477,785873,-0.54565,0.01929,0.89990,-4.39500,-13.42800,16.84600
56.0693,785883,-0.52563,0.03149,0.90039,-5.06600,-14.22100,17.21200
56.0693,785893,-0.53174,0.02002,0.89185,-4.33300,-13.55000,16.35700
56.0799,785903,-0.53003,0.03076,0.88916,-4.57800,-13.85500,16.90700
56.0799,785913,-0.51660,0.01978,0.89331,-4.02800,-13.00000,16.72400
56.0981,785923,-0.52856,0.02515,0.90552,-3.96700,-13.91600,17.27300
56.1114,785933,-0.52466,0.04004,0.88550,-3.29600,-14.70900,17.82200
56.1323,785943,-0.54346,0.01465,0.89600,-4.15000,-14.52600,17.70000
56.1323,785953,-0.53101,0.04175,0.91943,-3.47900,-14.34300,17.27300
56.1323,785963,-0.54858,0.03857,0.91187,-3.17400,-14.52600,17.45600
56.1435,785973,-0.55151,0.02173,0.91968,-4.15000,-14.40400,16.47900
56.1703,785983,-0.53784,0.02173,0.90039,-3.78400,-13.85500,16.23500
56.1709,785993,-0.54663,0.01807,0.89600,-4.51700,-14.89300,16.78500
56.1821,786003,-0.52686,0.02856,0.89844,-4.39500,-15.07600,17.15100
56.3388,786013,-0.53638,0.02686,0.90112,-4.39500,-15.01500,17.15100
56.3388,786023,-0.53320,0.02734,0.89526,-4.45600,-14.95400,16.96800
56.3388,786033,-0.51392,0.02368,0.90479,-3.96700,-14.22100,16.35700
56.3388,786043,-0.52759,0.03467,0.89868,-4.88300,-15.01500,17.15100
56.3388,786053,-0.52344,0.02246,0.89844,-4.33300,-15.01500,17.33400
56.3388,786063,-0.51807,0.02856,0.89062,-3.72300,-14.77100,17.09000
56.3388,786073,-0.53882,0.00635,0.89111,-4.21100,-14.83200,16.90700
56.3388,786083,-0.52588,0.02515,0.88086,-3.96700,-15.25900,16.90700
56.3388,786093,-0.54810,0.02051,0.89160,-3.78400,-14.70900,17.27300
56.3388,786103,-0.54224,0.01733,0.89404,-4.39500,-14.70900,16.35700
56.3388,786113,-0.54663,0.02515,0.91016,-4.27200,-14.58700,16.29600
56.3388,786123,-0.56348,0.01562,0.91406,-4.57800,-15.07600,16.60200
56.3388,786133,-0.52563,0.03564,0.88428,-4.15000,-15.01500,16.11300
56.3388,786143,-0.54590,0.02271,0.90186,-4.45600,-15.19800,17.09000
56.3388,786153,-0.53955,0.03076,0.89795,-4.27200,-14.89300,16.23500
56.3388,786163,-0.54980,0.01147,0.89771,-4.02800,-14.58700,15.93000
56.3485,786173,-0.52808,0.02734,0.88892,-4.21100,-16.35700,17.15100
56.3550,786183,-0.53369,0.02954,0.89160,-4.15000,-14.83200,16.72400
56.3642,786193,-0.53857,0.00684,0.91187,-4.27200,-15.13700,16.96800
56.3802,786203,-0.53345,0.01855,0.89673,-4.27200,-14.89300,16.54100
56.3896,786213,-0.52124,0.02466,0.90796,-3.90600,-16.35700,16.41800
56.3987,786223,-0.52954,0.02930,0.88892,-3.47900,-14.77100,16.23500
56.4115,786233,-0.52661,0.03174,0.89282,-3.96700,-15.74700,16.72400
56.4135,786243,-0.52441,0.01270,0.91040,-3.66200,-16.17400,17.51700
56.4437,786253,-0.52295,0.03662,0.90576,-3.84500,-15.86900,17.15100
56.4437,786263,-0.53833,0.02295,0.91406,-4.15000,-15.07600,17.39500
56.4437,786273,-0.54297,0.03589,0.91479,-3.96700,-15.32000,17.09000
56.4597,786283,-0.54248,0.02271,0.89868,-4.51700,-15.07600,17.45600
56.4622,786293,-0.54541,0.02100,0.91479,-4.27200,-15.25900,16.84600
56.4755,786303,-0.55078,0.02661,0.90356,-4.63900,-15.38100,17.76100
56.4913,786313,-0.54395,0.02051,0.88818,-4.57800,-16.29600,16.96800
56.5079,786323,-0.54175,0.02637,0.90088,-4.27200,-15.80800,17.21200
56.5079,786333,-0.52612,0.02759,0.89868,-3.90600,-15.68600,16.29600
56.5233,786343,-0.51367,0.02832,0.88135,-4.08900,-15.07600,16.84600
56.5233,786353,-0.52319,0.04150,0.88940,-3.60100,-15.74700,16.78500
56.5410,786363,-0.51465,0.02661,0.89673,-4.08900,-15.32000,16.72400
56.5410,786373,-0.53198,0.01904,0.91846,-3.60100,-14.64800,16.29600
56.5608,786383,-0.54248,0.02710,0.90259,-3.84500,-15.38100,17.39500
56.5709,786393,-0.52271,0.02002,0.89209,-4.39500,-15.99100,17.57800
56.5762,786403,-0.54663,0.02368,0.89282,-3.29600,-14.70900,16.35700
56.5868,786413,-0.54517,0.01294,0.91162,-4.27200,-15.56400,17.21200
56.6028,786423,-0.54150,0.01709,0.91602,-4.02800,-15.19800,16.54100
56.6028,786433,-0.53760,0.01270,0.89648,-4.33300,-14.64800,16.23500
56.6188,786443,-0.55054,0.02051,0.91064,-4.39500,-15.07600,17.45600
56.6188,786453,-0.53467,0.02466,0.89771,-3.96700,-14.83200,16.11300
56.6347,786463,-0.53955,0.01831,0.89453,-3.96700,-15.50300,17.33400
56.6575,786473,-0.52197,0.03345,0.90063,-4.15000,-15.80800,17.09000
56.6575,786483,-0.51294,0.02026,0.90234,-4.15000,-15.44200,17.45600
56.6725,786493,-0.51294,0.02197,0.90259,-3.72300,-14.70900,17.15100
56.6813,786503,-0.51831,0.00977,0.88770,-3.96700,-14.83200,17.15100
56.6894,786513,-0.54199,0.02905,0.87988,-3.96700,-14.58700,16.05200
56.6996,786523,-0.52759,0.01685,0.89478,-4.27200,-15.38100,16.96800
56.7042,786533,-0.54468,0.04102,0.89380,-3.47900,-15.01500,17.09000
56.7296,786543,-0.55127,0.02441,0.90308,-3.66200,-14.58700,16.60200
56.7296,786553,-0.54492,0.01758,0.91235,-3.96700,-14.83200,16.35700
56.7455,786563,-0.53955,0.02759,0.92139,-4.08900,-15.13700,17.09000
56.7616,786573,-0.53589,0.01758,0.92383,-4.21100,-15.50300,17.45600
56.7616,786583,-0.51270,0.02856,0.90039,-4.02800,-14.46500,16.17400
56.7616,786593,-0.52930,0.03369,0.89990,-4.15000,-14.70900,16.29600
56.7792,786603,-0.51440,0.03442,0.89673,-4.15000,-14.58700,16.54100
56.7792,786613,-0.53027,0.02295,0.89990,-4.27200,-14.77100,16.66300
56.8000,786623,-0.52930,0.02808,0.89575,-3.90600,-14.70900,16.96800
56.8091,786633,-0.53003,0.01953,0.90186,-4.27200,-15.19800,17.88300
56.8122,786643,-0.52490,0.02612,0.89917,-4.15000,-15.07600,17.27300
56.8250,786653,-0.53638,0.01953,0.91431,-3.96700,-13.97700,17.39500
56.8552,786663,-0.55151,0.01904,0.90942,-4.02800,-13.67200,16.41800
56.8552,786673,-0.52124,0.03320,0.90308,-4.39500,-15.32000,17.70000
56.8582,786683,-0.53784,0.02173,0.89648,-4.21100,-15.80800,17.94400
56.8611,786693,-0.54419,0.01758,0.89429,-4.21100,-15.86900,17.57800
56.8728,786703,-0.53687,0.01978,0.90454,-3.84500,-14.52600,17.33400
56.8885,786713,-0.54761,0.02124,0.90991,-3.90600,-14.34300,16.23500
56.8885,786723,-0.53027,0.02539,0.89209,-4.33300,-14.52600,16.96800
56.9042,786733,-0.52930,0.02612,0.91699,-4.39500,-14.89300,16.41800
56.9201,786743,-0.53442,0.03516,0.90674,-4.08900,-14.58700,16.47900
56.9295,786753,-0.53589,0.02686,0.88989,-3.96700,-15.07600,17.09000
56.9361,786763,-0.54321,0.02661,0.89038,-3.96700,-14.58700,17.15100
56.9519,786773,-0.53296,0.02661,0.91016,-4.57800,-14.70900,16.17400
57.0003,786783,-0.52808,0.02637,0.88843,-4.76100,-15.32000,17.70000
57.0003,786793,-0.53296,0.03149,0.88403,-3.72300,-14.52600,16.23500
57.0003,786803,-0.54321,0.01929,0.89062,-3.90600,-15.44200,17.15100
57.0003,786813,-0.53589,0.00952,0.91211,-4.02800,-15.38100,16.72400
57.0003,786823,-0.53442,0.01685,0.92041,-3.84500,-14.95400,17.39500
57.0024,786833,-0.52368,0.03638,0.90479,-4.57800,-15.07600,17.63900
57.0154,786843,-0.53589,0.02734,0.89746,-3.72300,-14.77100,16.17400
57.0321,786853,-0.53223,0.02881,0.90747,-4.27200,-15.19800,17.21200
57.0321,786863,-0.53833,0.01440,0.90137,-4.08900,-14.95400,17.02900
57.0472,786873,-0.53809,0.03076,0.89893,-4.02800,-14.58700,15.68600
57.0705,786883,-0.53491,0.01929,0.88452,-4.76100,-15.13700,16.54100
57.0705,786893,-0.53125,0.02930,0.88965,-4.08900,-15.44200,17.02900
57.0788,786903,-0.54980,0.02295,0.90698,-4.27200,-15.13700,16.72400
57.0800,786913,-0.53076,0.01685,0.90063,-4.15000,-15.07600,16.60200
57.0948,786923,-0.53174,0.01880,0.89209,-3.78400,-14.77100,16.60200
57.1268,786933,-0.53931,0.01831,0.89526,-3.90600,-15.38100,16.96800
57.1268,786943,-0.52393,0.01807,0.89038,-4.27200,-15.68600,17.76100
57.1268,786953,-0.53979,0.03784,0.89624,-3.90600,-15.80800,16.66300
57.1268,786963,-0.53418,0.02002,0.90405,-3.47900,-15.50300,17.02900
57.1587,786973,-0.54053,0.01636,0.90479,-4.21100,-15.25900,16.29600
57.1587,786983,-0.53174,0.00879,0.90186,-4.08900,-15.56400,17.15100
57.1587,786993,-0.54150,0.01831,0.90869,-3.66200,-16.05200,17.02900
57.1747,787003,-0.53564,0.02808,0.89844,-4.15000,-15.56400,17.15100
57.1906,787013,-0.52197,0.02979,0.89526,-3.84500,-15.86900,16.60200
57.1906,787023,-0.52808,0.02417,0.88696,-4.27200,-16.05200,15.80800
57.2066,787033,-0.52490,0.02100,0.89893,-4.94400,-16.11300,16.78500
57.2066,787043,-0.54395,0.01953,0.90894,-4.27200,-15.44200,16.60200
57.2381,787053,-0.52002,0.03564,0.89526,-3.84500,-15.19800,16.47900
57.2381,787063,-0.53857,0.03833,0.90991,-4.21100,-15.56400,17.02900
57.2542,787073,-0.53784,0.02759,0.92310,-3.90600,-15.93000,17.51700
57.2542,787083,-0.51416,0.04370,0.90356,-3.60100,-14.89300,16.29600
57.2703,787093,-0.53809,0.02539,0.89453,-3.90600,-15.99100,16.54100
57.2703,787103,-0.54712,0.02295,0.90625,-3.84500,-15.56400,16.84600
57.3042,787113,-0.54175,0.02808,0.89551,-4.33300,-16.66300,17.15100
57.3042,787123,-0.54053,0.01562,0.89014,-4.21100,-15.80800,16.84600
57.3042,787133,-0.52466,0.02954,0.88672,-4.33300,-16.54100,17.70000
57.3182,787143,-0.52734,0.02710,0.90112,-3.72300,-15.19800,16.72400
57.3182,787153,-0.54199,0.02832,0.90552,-3.90600,-15.19800,15.99100
57.3340,787163,-0.53247,0.02490,0.91309,-4.21100,-16.96800,17.70000
57.3561,787173,-0.52466,0.02612,0.90210,-4.27200,-14.95400,15.74700
57.3561,787183,-0.53540,0.02490,0.90405,-4.33300,-16.17400,16.47900
57.3659,787193,-0.52686,0.02905,0.92505,-4.15000,-15.86900,16.66300
57.3659,787203,-0.53027,0.02002,0.90576,-4.27200,-16.29600,17.02900
57.4005,787213,-0.51465,0.02100,0.90234,-4.08900,-15.99100,16.72400
57.4005,787223,-0.52539,0.03003,0.90552,-4.51700,-16.23500,16.72400
57.4005,787233,-0.53516,0.01807,0.89966,-4.08900,-14.52600,15.93000
57.4129,787243,-0.53003,0.01855,0.91138,-4.15000,-15.74700,17.39500
57.4298,787253,-0.54150,0.02466,0.89453,-3.78400,-15.80800,16.47900
57.4445,787263,-0.53174,0.02295,0.91016,-3.96700,-16.05200,17.21200
57.4526,787273,-0.53101,0.01636,0.89771,-4.02800,-15.86900,16.60200
57.4605,787283,-0.52686,0.02612,0.91504,-3.90600,-15.74700,16.41800
57.4605,787293,-0.54053,0.02075,0.90210,-4.21100,-16.29600,17.02900
57.4766,787303,-0.53271,0.02344,0.91992,-4.08900,-15.99100,16.84600
57.4926,787313,-0.53906,0.02832,0.91162,-3.96700,-15.50300,15.93000
57.5008,787323,-0.52808,0.02979,0.91284,-4.08900,-16.17400,16.96800
57.5116,787333,-0.51270,0.02637,0.89331,-3.90600,-14.83200,16.29600
57.5116,787343,-0.53784,0.00854,0.88965,-4.51700,-16.60200,17.09000
57.5242,787353,-0.52100,0.02930,0.89819,-3.90600,-16.35700,17.33400
57.5415,787363,-0.52856,0.02246,0.89893,-3.96700,-15.74700,16.96800
57.5463,787373,-0.53467,0.01685,0.89478,-4.33300,-16.11300,16.47900
57.5783,787383,-0.53003,0.03198,0.89648,-4.27200,-16.17400,17.70000
57.5783,787393,-0.52515,0.03906,0.90161,-4.63900,-16.05200,16.66300
57.5783,787403,-0.53271,0.03149,0.90527,-4.33300,-15.86900,17.45600
57.5871,787413,-0.52686,0.03296,0.89771,-3.60100,-15.25900,16.17400
57.6028,787423,-0.53003,0.02344,0.89746,-3.60100,-15.07600,15.93000
57.6028,787433,-0.54126,0.02222,0.90405,-3.84500,-15.56400,16.66300
57.6224,787443,-0.53467,0.02588,0.90283,-3.96700,-15.44200,16.29600
57.6224,787453,-0.53345,0.01587,0.91113,-4.02800,-15.13700,16.05200
57.6346,787463,-0.53613,0.02100,0.89502,-4.63900,-16.17400,17.39500
57.6346,787473,-0.51831,0.02075,0.90332,-4.33300,-15.25900,15.99100
57.6661,787483,-0.52295,0.02222,0.90063,-4.27200,-15.74700,17.27300
57.6661,787493,-0.51318,0.01660,0.90698,-4.51700,-16.05200,17.70000
57.6818,787503,-0.52417,0.02075,0.89233,-3.96700,-15.62500,17.39500
57.6818,787513,-0.52441,0.01660,0.91138,-3.84500,-15.50300,16.60200
57.6990,787523,-0.53589,0.04150,0.90552,-3.47900,-15.44200,17.27300
57.7015,787533,-0.52905,0.03027,0.90869,-3.78400,-16.17400,16.96800
57.7137,787543,-0.54248,0.01685,0.90430,-4.02800,-15.01500,16.72400
57.7298,787553,-0.53955,0.01416,0.91455,-3.60100,-15.07600,16.29600
57.7298,787563,-0.51978,0.01099,0.90039,-4.15000,-15.80800,16.96800
57.7459,787573,-0.52905,0.02905,0.91699,-4.27200,-15.50300,17.09000
57.7618,787583,-0.53809,0.02563,0.91284,-3.90600,-15.07600,16.72400
57.7779,787593,-0.52612,0.02710,0.90283,-3.78400,-15.07600,16.60200
57.7860,787603,-0.53345,0.02417,0.91650,-4.27200,-15.56400,16.41800
57.7860,787613,-0.53271,0.02759,0.89746,-4.57800,-15.86900,16.60200
57.8015,787623,-0.51562,0.01831,0.90576,-3.72300,-16.05200,18.00500
57.8015,787633,-0.53394,0.02832,0.90088,-4.08900,-15.25900,16.66300
57.8111,787643,-0.52319,0.01636,0.89355,-4.15000,-15.38100,16.96800
57.8256,787653,-0.52075,0.02832,0.89355,-3.60100,-14.95400,16.90700
57.8256,787663,-0.52563,0.00635,0.89966,-4.08900,-15.68600,17.09000
57.8414,787673,-0.52979,0.03345,0.89771,-3.72300,-15.25900,16.66300
57.8725,787683,-0.51611,0.05005,0.91089,-4.45600,-15.86900,17.39500
57.8725,787693,-0.53516,0.01416,0.91455,-3.90600,-15.13700,16.29600
57.8725,787703,-0.52295,0.01807,0.89502,-4.57800,-15.80800,16.66300
57.8883,787713,-0.52368,0.02832,0.91064,-3.96700,-16.05200,17.09000
57.8883,787723,-0.52173,0.03613,0.91406,-4.63900,-16.60200,17.51700
57.9057,787733,-0.52881,0.01367,0.89917,-4.08900,-15.56400,16.66300
57.9199,787743,-0.53296,0.03516,0.90332,-4.33300,-15.50300,17.21200
57.9238,787753,-0.52222,0.02148,0.90332,-4.76100,-16.60200,17.15100
57.9372,787763,-0.51758,0.01733,0.89990,-4.21100,-14.77100,15.99100
57.9372,787773,-0.51855,0.01880,0.89990,-3.90600,-15.19800,16.41800
57.9997,787821,-0.52368,0.02295,0.89771,-3.84500,-16.05200,17.51700
57.9997,787823,-0.53174,0.02197,0.90527,-3.60100,-15.32000,16.23500
57.9997,787824,-0.53174,0.02197,0.90527,-3.60100,-15.32000,16.23500
57.9997,787826,-0.53174,0.02197,0.90527,-3.60100,-15.32000,16.23500
58.0018,787827,-0.53174,0.02197,0.90527,-3.60100,-15.32000,16.23500
58.0018,787833,-0.52808,0.04028,0.91577,-3.90600,-15.13700,16.96800
58.0241,787843,-0.52686,0.02637,0.91528,-4.08900,-15.99100,16.90700
58.0241,787853,-0.52588,0.00562,0.88892,-4.88300,-16.29600,17.51700
58.0314,787863,-0.53662,0.01074,0.91748,-4.39500,-15.80800,17.27300
58.0474,787873,-0.52734,0.02881,0.91162,-4.02800,-16.05200,16.90700
58.0513,787883,-0.53247,0.02173,0.90747,-4.51700,-15.56400,17.15100
58.0802,787893,-0.53320,0.02441,0.91187,-4.08900,-14.83200,16.72400
58.0823,787903,-0.51099,0.02515,0.90356,-4.08900,-15.01500,16.54100
58.0903,787913,-0.51782,0.02783,0.90308,-3.54000,-15.80800,17.57800
58.1001,787923,-0.52930,0.01709,0.89966,-4.21100,-15.68600,17.15100
58.1107,787933,-0.53174,0.03442,0.90845,-3.84500,-15.25900,17.27300
58.1195,787943,-0.53101,0.01709,0.90332,-3.96700,-15.62500,17.09000
58.1286,787953,-0.53564,0.02661,0.90381,-4.21100,-15.68600,17.51700
58.1423,787963,-0.53296,0.02661,0.90869,-3.78400,-15.50300,16.90700
58.1423,787973,-0.53442,0.01929,0.91138,-4.45600,-15.25900,17.57800
58.1583,787983,-0.50537,0.04102,0.89380,-3.84500,-15.32000,17.21200
58.1747,787993,-0.52563,0.02173,0.90967,-3.60100,-15.01500,16.84600
58.1747,788003,-0.52368,0.02246,0.90137,-4.08900,-14.89300,17.82200
58.1899,788013,-0.52051,0.01562,0.90894,-3.90600,-15.07600,17.02900
58.2057,788023,-0.51953,0.02222,0.90332,-4.15000,-15.19800,17.21200
58.2097,788033,-0.52393,0.02002,0.90747,-4.51700,-15.19800,17.39500
58.2097,788043,-0.51660,0.01514,0.90698,-3.90600,-14.77100,16.54100
58.2240,788053,-0.50977,0.03638,0.91357,-4.82200,-14.58700,16.23500
58.2535,788063,-0.51929,0.03442,0.89062,-3.90600,-14.70900,17.33400
58.2535,788073,-0.51587,0.02344,0.90381,-4.02800,-14.40400,16.29600
58.2535,788083,-0.52222,0.02026,0.91357,-3.90600,-14.77100,16.66300
58.2696,788093,-0.52148,0.02832,0.91406,-4.21100,-14.34300,16.96800
58.2856,788103,-0.51807,0.03394,0.90820,-4.02800,-15.01500,17.15100
58.2926,788113,-0.53369,0.02759,0.89868,-4.08900,-15.50300,17.09000
58.3003,788123,-0.52344,0.01367,0.89844,-4.39500,-14.70900,16.66300
58.3168,788133,-0.53540,0.02295,0.91357,-3.35700,-14.28200,16.35700
58.3168,788143,-0.52344,0.02637,0.92236,-4.15000,-15.62500,17.39500
58.3168,788153,-0.52002,0.01709,0.90552,-4.63900,-14.64800,16.90700
58.3325,788163,-0.52881,0.02979,0.91528,-4.27200,-14.83200,17.33400
58.3483,788173,-0.52783,0.02246,0.90137,-3.78400,-14.28200,16.66300
58.3571,788183,-0.53027,0.03540,0.91821,-4.02800,-14.16000,16.11300
58.3697,788193,-0.52661,0.01904,0.90649,-4.63900,-15.44200,17.94400
58.3897,788203,-0.52271,0.03125,0.88525,-4.21100,-15.13700,17.09000
58.3897,788213,-0.52100,0.02026,0.91040,-4.33300,-15.19800,17.45600
58.4049,788223,-0.53760,0.01831,0.90210,-4.02800,-14.40400,16.29600
58.4115,788233,-0.52466,0.03491,0.90698,-3.84500,-14.34300,17.45600
58.4253,788243,-0.51782,0.01611,0.92017,-4.15000,-15.44200,17.51700
58.4297,788253,-0.52979,0.01978,0.90356,-3.84500,-14.28200,16.78500
58.4446,788263,-0.52100,0.03711,0.92358,-4.45600,-14.70900,17.57800
58.4475,788273,-0.52026,0.02637,0.90503,-4.27200,-15.13700,17.51700
58.4574,788283,-0.52661,0.01660,0.92114,-4.27200,-15.32000,17.09000
58.4734,788293,-0.52197,0.02002,0.91479,-4.27200,-15.68600,17.82200
58.5023,788303,-0.52393,0.04346,0.88745,-4.70000,-14.70900,17.45600
58.5023,788313,-0.53174,0.02466,0.91016,-4.02800,-14.46500,16.96800
58.5023,788323,-0.53174,0.01831,0.90332,-4.15000,-14.34300,16.23500
58.5111,788333,-0.53174,0.02930,0.90015,-3.60100,-13.67200,16.11300
58.5209,788343,-0.53369,0.01440,0.91504,-3.96700,-14.09900,15.62500
58.5312,788353,-0.51978,0.02710,0.91675,-3.66200,-15.32000,17.33400
58.5385,788363,-0.53271,0.01660,0.90015,-2.99100,-14.58700,16.35700
58.5453,788373,-0.53711,0.02539,0.91650,-4.08900,-15.19800,16.90700
58.5625,788383,-0.53296,0.02710,0.90991,-3.84500,-14.58700,16.29600
58.5684,788393,-0.53662,0.03296,0.90674,-4.21100,-14.70900,16.54100
58.5766,788403,-0.53101,0.02197,0.90503,-3.60100,-15.62500,16.78500
58.5844,788413,-0.52930,0.02856,0.89624,-4.21100,-15.86900,16.41800
58.6004,788423,-0.51416,0.02783,0.90674,-4.27200,-15.86900,17.45600
58.6105,788433,-0.53833,0.02686,0.89917,-3.96700,-15.38100,16.54100
58.6229,788443,-0.51904,0.01880,0.91187,-3.72300,-15.68600,16.35700
58.6229,788453,-0.52197,0.01099,0.89575,-3.78400,-14.95400,17.15100
58.6320,788463,-0.53345,0.02197,0.91406,-3.66200,-14.89300,16.60200
58.6477,788473,-0.51343,0.02368,0.90723,-3.96700,-14.77100,15.93000
58.6477,788483,-0.50952,0.02026,0.90039,-4.45600,-16.66300,17.02900
58.6636,788493,-0.51636,0.02563,0.90161,-4.08900,-14.77100,16.66300
58.6794,788503,-0.52026,0.02588,0.88770,-3.90600,-15.93000,17.39500
58.6951,788513,-0.53760,0.03809,0.91943,-4.27200,-15.62500,17.94400
58.7025,788523,-0.52344,0.02783,0.90137,-3.84500,-15.44200,16.41800
58.7112,788533,-0.53931,0.01514,0.90479,-3.41800,-15.25900,17.15100
58.7141,788543,-0.54663,0.02490,0.89722,-3.96700,-16.23500,17.45600
58.7339,788553,-0.52905,0.03076,0.91284,-3.60100,-15.38100,15.50300
58.7379,788563,-0.54395,0.02344,0.91699,-4.02800,-15.25900,15.68600
58.7469,788573,-0.53101,0.01733,0.90186,-3.66200,-15.07600,15.44200
58.7594,788583,-0.52734,0.04077,0.90381,-3.72300,-15.62500,15.50300
58.7712,788593,-0.53003,0.00562,0.90503,-3.47900,-15.74700,15.99100
58.7809,788603,-0.51611,0.02710,0.90674,-3.96700,-15.19800,15.99100
58.7904,788613,-0.50171,0.02881,0.89893,-3.72300,-15.99100,17.57800
58.7904,788623,-0.49292,0.00537,0.90747,-3.96700,-14.95400,16.72400
58.8095,788633,-0.52075,0.02832,0.92554,-3.35700,-14.40400,17.21200
58.8095,788643,-0.51514,0.02661,0.88892,-3.72300,-13.73300,16.47900
58.8218,788653,-0.50928,0.02466,0.90698,-4.15000,-13.61100,16.05200
58.8492,788663,-0.53198,0.03198,0.90869,-4.02800,-13.97700,17.70000
58.8543,788673,-0.51807,0.03223,0.89844,-3.60100,-13.06200,16.54100
58.8687,788683,-0.54175,0.03540,0.89429,-4.76100,-14.03800,17.51700
58.8687,788693,-0.54810,0.01196,0.93530,-4.08900,-14.28200,17.39500
58.8847,788703,-0.53857,0.02344,0.89990,-3.90600,-13.42800,16.23500
58.9028,788713,-0.53809,0.01904,0.91357,-4.45600,-14.40400,18.00500
58.9028,788723,-0.52759,0.00732,0.91040,-4.33300,-13.85500,16.96800
58.9028,788733,-0.52002,0.02905,0.90576,-4.39500,-13.06200,16.35700
58.9221,788743,-0.51904,0.00732,0.91016,-4.08900,-13.48900,17.02900
58.9327,788753,-0.51147,0.02344,0.90942,-3.96700,-13.18400,16.29600
58.9351,788763,-0.52515,0.01709,0.91455,-4.08900,-12.51200,16.35700
58.9483,788773,-0.52881,0.02417,0.91455,-4.15000,-12.26800,16.11300
58.9483,788783,-0.52588,0.01245,0.90454,-3.78400,-12.02400,17.21200
58.9640,788793,-0.50244,0.01978,0.89136,-4.02800,-11.78000,16.17400
58.9801,788803,-0.53174,0.02856,0.90967,-4.15000,-12.20700,17.45600
59.0027,788813,-0.51611,0.02808,0.90234,-3.72300,-11.96300,17.70000
59.0117,788823,-0.52808,0.04175,0.90332,-3.72300,-11.90200,18.00500
59.0117,788833,-0.52222,0.03564,0.91040,-3.84500,-12.14600,17.02900
59.0149,788843,-0.53223,0.02148,0.91016,-4.21100,-10.92500,16.23500
59.0276,788853,-0.53467,0.02075,0.91479,-4.15000,-11.04700,16.54100
59.0276,788863,-0.54419,0.02075,0.89380,-4.15000,-10.74200,15.99100
59.0435,788873,-0.52954,0.03540,0.89990,-3.96700,-11.71900,17.88300
59.0592,788883,-0.53516,0.02173,0.90942,-3.78400,-10.86400,16.35700
59.0748,788893,-0.53613,0.04639,0.90308,-4.21100,-10.86400,17.02900
59.0785,788903,-0.52246,0.02124,0.88721,-4.45600,-10.80300,16.96800
59.0810,788913,-0.53394,0.01123,0.88013,-3.96700,-11.59700,17.45600
59.1030,788923,-0.53638,0.03516,0.90234,-3.90600,-10.13200,16.17400
59.1070,788933,-0.52759,0.02686,0.89502,-3.35700,-10.25400,15.99100
59.1070,788943,-0.54004,0.02954,0.88745,-3.66200,-11.16900,16.11300
59.1297,788953,-0.53418,0.01489,0.89502,-3.78400,-11.71900,17.57800
59.1419,788963,-0.52783,0.02441,0.90674,-3.78400,-11.90200,17.15100
59.1419,788973,-0.55347,0.02466,0.90088,-4.33300,-11.10800,16.72400
59.1739,788983,-0.54395,0.01831,0.88574,-4.15000,-11.59700,17.33400
59.1739,788993,-0.53247,0.01221,0.89062,-4.57800,-10.98600,16.47900
59.1739,789003,-0.53687,0.02905,0.90356,-4.33300,-11.35300,17.27300
59.2174,789013,-0.52759,0.03320,0.87207,-4.27200,-10.92500,16.90700
59.2174,789023,-0.53735,0.02393,0.88428,-3.84500,-11.04700,16.23500
59.2174,789033,-0.54321,0.01782,0.90771,-4.27200,-10.98600,16.47900
59.2203,789043,-0.52222,0.01294,0.88745,-4.02800,-11.59700,17.33400
59.2332,789053,-0.53955,0.02368,0.89355,-3.84500,-10.37600,16.11300
59.2332,789063,-0.54370,0.01611,0.89404,-3.60100,-11.71900,16.90700
59.2491,789073,-0.54297,0.02808,0.89771,-4.21100,-11.35300,16.66300
59.2491,789083,-0.53882,0.02441,0.91333,-4.21100,-11.53600,16.84600
59.2650,789093,-0.55249,0.03394,0.89673,-4.02800,-13.18400,18.18800
59.2842,789103,-0.54468,0.03857,0.89600,-4.70000,-12.69500,17.15100
59.2842,789113,-0.54883,0.03003,0.89258,-3.90600,-11.78000,16.35700
59.3031,789123,-0.55298,0.01978,0.89429,-4.39500,-13.00000,16.60200
59.3031,789133,-0.55762,0.01831,0.88574,-4.45600,-13.30600,16.96800
59.3285,789143,-0.54639,0.03442,0.89160,-4.45600,-13.61100,16.60200
59.3285,789153,-0.54834,0.02100,0.89478,-3.72300,-12.51200,15.74700
59.3285,789163,-0.54224,0.02979,0.89966,-4.39500,-13.55000,16.54100
59.3761,789173,-0.54224,0.02319,0.90015,-3.96700,-13.48900,16.41800
59.3761,789183,-0.53613,0.02490,0.89429,-3.54000,-13.67200,17.45600
59.3761,789193,-0.52295,0.02393,0.90186,-4.33300,-14.77100,17.45600
59.3761,789203,-0.53076,0.03394,0.89453,-4.15000,-14.46500,17.02900
59.3903,789213,-0.55981,0.02930,0.89355,-3.72300,-15.25900,16.84600
59.4076,789223,-0.54565,0.01929,0.89087,-3.96700,-14.52600,17.45600
59.4076,789233,-0.54297,0.02466,0.89307,-4.33300,-14.83200,17.33400
59.4076,789243,-0.55737,0.02710,0.88525,-4.33300,-15.01500,17.15100
59.4234,789253,-0.54956,0.00977,0.89478,-4.02800,-15.25900,17.39500
59.4393,789263,-0.56543,0.01807,0.88818,-3.66200,-15.62500,16.90700
59.4502,789273,-0.54541,0.03882,0.89990,-3.72300,-15.86900,16.78500
59.4550,789283,-0.54419,0.03125,0.86670,-3.84500,-15.56400,16.05200
59.4708,789293,-0.55371,0.02319,0.88965,-4.15000,-17.33400,17.27300
59.4708,789303,-0.53760,0.02808,0.87646,-4.45600,-17.76100,18.06600
59.4869,789313,-0.52734,0.02832,0.88306,-3.41800,-17.82200,17.15100
59.4869,789323,-0.55054,0.01587,0.89941,-4.08900,-17.82200,16.72400
59.5119,789333,-0.54712,0.01782,0.88354,-4.02800,-17.09000,16.29600
59.5186,789343,-0.54346,0.02148,0.89771,-3.60100,-18.12700,17.39500
59.5186,789353,-0.53296,0.03174,0.88135,-4.08900,-18.18800,17.39500
59.5347,789363,-0.54321,0.02173,0.90259,-4.15000,-16.78500,16.72400
59.5505,789373,-0.53101,0.02319,0.88867,-3.66200,-18.00500,16.84600
59.5528,789383,-0.52295,0.01733,0.91064,-3.84500,-18.06600,17.21200
59.5772,789393,-0.54443,0.03174,0.88403,-3.78400,-18.43300,16.60200
59.5772,789403,-0.54810,0.02979,0.89014,-4.39500,-18.49400,16.60200
59.5827,789413,-0.55786,0.02686,0.88501,-4.27200,-18.06600,16.90700
59.6001,789423,-0.54858,0.02710,0.89868,-3.60100,-18.73800,17.45600
59.6205,789433,-0.53711,0.03906,0.88647,-4.57800,-18.98200,16.29600
59.6205,789443,-0.52734,0.04150,0.91382,-4.76100,-18.73800,16.54100
59.6205,789453,-0.53052,0.01367,0.89624,-4.33300,-18.73800,16.05200
59.6319,789463,-0.53125,0.02319,0.90112,-3.90600,-18.92100,16.72400
59.6464,789473,-0.52979,0.02515,0.88794,-3.72300,-18.86000,17.09000
59.6464,789483,-0.53662,0.02075,0.89209,-4.70000,-19.53100,17.33400
59.6784,789493,-0.53955,0.02344,0.89697,-4.45600,-19.10400,17.27300
59.6784,789503,-0.52954,0.03003,0.90015,-4.15000,-19.47000,17.45600
59.6784,789513,-0.54395,0.01245,0.89819,-3.72300,-18.61600,15.74700
59.6944,789523,-0.53809,0.02490,0.89062,-3.72300,-19.16500,16.23500
59.7105,789533,-0.54419,0.02393,0.91406,-4.02800,-19.10400,17.39500
59.7105,789543,-0.53687,0.03540,0.92407,-3.60100,-18.86000,16.47900
59.7266,789553,-0.52612,0.03369,0.89941,-4.21100,-18.61600,16.66300
59.7266,789563,-0.53076,0.01733,0.90625,-4.27200,-19.10400,16.47900
59.7588,789573,-0.52734,0.02783,0.90942,-3.66200,-19.89700,17.39500
59.7593,789583,-0.51636,0.02954,0.89209,-4.15000,-19.34800,17.27300
59.7622,789593,-0.52490,0.02417,0.90259,-4.33300,-19.04300,16.96800
59.7740,789603,-0.51782,0.02954,0.90649,-4.08900,-18.67700,16.54100
59.7894,789613,-0.52588,0.01660,0.91333,-3.78400,-17.82200,17.39500
59.7894,789623,-0.51685,0.02539,0.90820,-4.33300,-18.37200,16.60200
59.8055,789633,-0.52563,0.02759,0.91431,-4.33300,-17.88300,16.41800
59.8214,789643,-0.53003,0.01782,0.91455,-3.96700,-18.06600,17.57800
59.8214,789653,-0.51953,0.02661,0.90210,-3.90600,-17.51700,16.60200
59.8374,789663,-0.52148,0.02930,0.91650,-3.72300,-17.57800,17.45600
59.8374,789673,-0.52783,0.04175,0.90527,-3.60100,-17.27300,17.63900
59.8584,789683,-0.52222,0.02246,0.89868,-4.57800,-16.66300,16.47900
59.8692,789693,-0.53125,0.02563,0.91284,-4.02800,-16.84600,17.21200
59.8862,789703,-0.52856,0.02441,0.90479,-4.27200,-17.09000,17.15100
59.8862,789713,-0.52197,0.03564,0.90039,-4.08900,-16.90700,16.54100
59.9009,789723,-0.53979,0.02734,0.91089,-3.78400,-16.35700,17.09000
59.9327,789733,-0.51416,0.02808,0.91333,-4.45600,-16.29600,16.60200
59.9327,789743,-0.51465,0.03467,0.92310,-4.15000,-16.47900,17.27300
59.9327,789753,-0.52856,0.03149,0.91455,-4.15000,-15.93000,16.84600
59.9367,789763,-0.52124,0.02563,0.90918,-3.84500,-15.99100,16.96800
59.9529,789773,-0.52905,0.02979,0.90869,-3.90600,-14.64800,16.84600
59.9800,789783,-0.52783,0.02026,0.91016,-4.45600,-14.77100,15.93000
60.0041,789824,-0.52222,0.04346,0.91089,-4.02800,-14.09900,16.17400
60.0041,789825,-0.52222,0.04346,0.91089,-4.02800,-14.09900,16.17400
60.0041,789827,-0.52222,0.04346,0.91089,-4.15000,-14.46500,16.78500
60.0041,789828,-0.53247,0.02002,0.91162,-4.15000,-14.46500,16.78500
60.0041,789833,-0.52710,0.02441,0.91772,-4.82200,-15.01500,16.60200
60.0275,789843,-0.52515,0.01685,0.92261,-4.21100,-14.95400,16.78500
60.0306,789853,-0.52612,0.02832,0.89307,-4.27200,-14.09900,16.23500
60.0306,789863,-0.53076,0.00830,0.90381,-4.02800,-14.46500,17.02900
60.0593,789873,-0.51562,0.04688,0.90576,-3.96700,-14.09900,16.66300
60.0593,789883,-0.52710,0.02808,0.90820,-3.90600,-14.46500,17.21200
60.0593,789893,-0.52588,0.02881,0.89502,-3.78400,-13.36700,17.33400
60.0752,789903,-0.52246,0.03003,0.90674,-4.08900,-13.73300,16.54100
60.0752,789913,-0.52075,0.03247,0.89893,-3.60100,-13.67200,16.78500
60.0924,789923,-0.51343,0.02637,0.90845,-4.21100,-13.06200,17.27300
60.1229,789933,-0.51782,0.02539,0.90259,-3.47900,-13.36700,16.72400
60.1391,789943,-0.53906,0.01807,0.90552,-4.15000,-14.89300,18.49400
60.1391,789953,-0.53345,0.04297,0.90015,-4.51700,-13.00000,17.33400
60.1408,789963,-0.53687,0.03906,0.89746,-3.96700,-13.30600,17.09000
60.1521,789973,-0.52563,0.02051,0.91113,-4.02800,-13.55000,16.90700
60.1629,789983,-0.51465,0.01953,0.89600,-4.02800,-12.93900,16.66300
60.1698,789993,-0.51685,0.02246,0.90894,-3.84500,-12.69500,15.80800
60.1698,790003,-0.52441,0.02148,0.90698,-4.45600,-13.67200,17.82200
60.1855,790013,-0.52588,0.02295,0.89893,-3.96700,-12.14600,16.17400
60.1855,790023,-0.52393,0.02734,0.90698,-4.08900,-14.16000,17.45600
60.2042,790033,-0.52710,0.02100,0.89282,-4.33300,-13.30600,17.82200
60.2333,790043,-0.52393,0.02271,0.90356,-3.72300,-12.14600,17.09000
60.2333,790053,-0.54126,0.01294,0.91260,-3.84500,-13.12300,18.00500
60.2345,790063,-0.51758,0.01929,0.90674,-3.96700,-13.42800,17.82200
60.2491,790073,-0.52612,0.02368,0.88989,-4.15000,-12.75600,16.60200
60.2650,790083,-0.52222,0.03442,0.89062,-4.39500,-12.69500,16.11300
60.2650,790093,-0.54712,0.01855,0.90161,-4.27200,-13.36700,17.02900
60.2742,790103,-0.54004,0.03027,0.91016,-4.27200,-13.18400,17.02900
60.2840,790113,-0.54272,0.02588,0.90649,-3.96700,-13.00000,17.70000
60.2968,790123,-0.53125,0.02173,0.88745,-4.45600,-13.06200,16.90700
60.3190,790133,-0.52930,0.02368,0.90576,-4.27200,-13.42800,16.35700
60.3581,790143,-0.52686,0.02319,0.92065,-4.15000,-13.61100,16.60200
60.3581,790153,-0.53394,0.01636,0.89575,-4.08900,-13.48900,16.78500
60.3581,790163,-0.52271,0.01318,0.91553,-3.90600,-13.61100,16.54100
60.3581,790173,-0.52026,0.03931,0.90259,-4.15000,-13.61100,16.54100
60.3972,790183,-0.53540,0.02368,0.90308,-4.39500,-13.36700,16.72400
60.3972,790193,-0.52954,0.02588,0.89038,-3.90600,-13.73300,16.96800
60.3972,790203,-0.52930,0.02417,0.90381,-3.66200,-13.06200,17.02900
60.3972,790213,-0.54663,0.01733,0.91138,-3.78400,-13.30600,17.33400
60.3988,790223,-0.53955,0.03003,0.90796,-4.15000,-13.18400,16.11300
60.4073,790233,-0.52808,0.00854,0.89575,-4.33300,-13.48900,16.90700
60.4073,790243,-0.52271,0.04102,0.90967,-4.02800,-13.85500,16.47900
60.4223,790253,-0.53613,0.02783,0.90356,-3.78400,-13.67200,16.54100
60.4382,790263,-0.53809,0.02808,0.89282,-4.08900,-14.09900,15.74700
60.4382,790273,-0.52637,0.03247,0.89185,-3.84500,-14.77100,17.33400
60.4596,790283,-0.52246,0.02979,0.90698,-4.21100,-15.38100,17.21200
60.4719,790293,-0.52100,0.02344,0.90430,-4.33300,-14.83200,16.90700
60.4719,790303,-0.53979,0.01074,0.90771,-4.15000,-14.89300,17.63900
60.4870,790313,-0.54297,0.01855,0.90820,-3.84500,-13.85500,15.80800
60.4973,790323,-0.53174,0.03491,0.89648,-4.33300,-15.25900,17.76100
60.5048,790333,-0.53467,0.01904,0.90430,-3.90600,-16.11300,17.94400
60.5199,790343,-0.53271,0.02588,0.90796,-4.21100,-14.83200,16.11300
60.5435,790353,-0.53760,0.02051,0.91113,-4.02800,-15.80800,17.45600
60.5435,790363,-0.54395,0.02002,0.91187,-4.02800,-15.01500,17.33400
60.5498,790373,-0.54346,0.02051,0.90283,-4.39500,-16.17400,17.09000
60.5603,790383,-0.54541,0.01025,0.91357,-3.84500,-15.86900,17.09000
60.5647,790393,-0.54004,0.03833,0.91333,-4.27200,-14.89300,16.35700
60.5799,790403,-0.53809,0.00977,0.90332,-4.45600,-16.11300,17.39500
60.5799,790413,-0.53809,0.02783,0.89209,-4.21100,-15.93000,16.66300
60.6006,790423,-0.53442,0.02100,0.91333,-3.60100,-15.38100,16.47900
60.6099,790433,-0.52295,0.01489,0.88745,-3.90600,-15.44200,16.60200
60.6182,790443,-0.53809,0.01294,0.89648,-3.66200,-15.86900,16.60200
60.6438,790453,-0.54126,0.03857,0.87866,-3.96700,-16.23500,16.72400
60.6438,790463,-0.51807,0.02734,0.89331,-4.02800,-16.23500,15.86900
60.6515,790473,-0.54810,0.02246,0.90967,-3.78400,-15.62500,17.02900
60.6607,790483,-0.53540,0.03271,0.91113,-4.02800,-16.17400,17.27300
60.6807,790493,-0.53418,0.01978,0.90991,-4.51700,-16.66300,18.00500
60.6807,790503,-0.54175,0.02173,0.90796,-3.90600,-15.62500,15.80800
60.6892,790513,-0.55103,0.04297,0.92529,-3.60100,-16.29600,16.78500
60.7006,790523,-0.53735,0.02734,0.89648,-4.39500,-16.35700,17.15100
60.7102,790533,-0.52808,0.01465,0.91431,-3.96700,-16.72400,16.54100
60.7102,790543,-0.51636,0.04321,0.90308,-4.33300,-16.60200,16.54100
60.7377,790553,-0.53882,0.02075,0.90015,-4.08900,-16.11300,16.35700
60.7377,790563,-0.52905,0.01733,0.91431,-3.84500,-16.41800,16.66300
60.7535,790573,-0.53223,0.02686,0.89673,-4.15000,-16.23500,17.15100
60.7857,790583,-0.52417,0.02173,0.90186,-3.54000,-15.62500,16.23500
60.7857,790593,-0.53369,0.03149,0.90991,-4.02800,-16.41800,17.21200
60.7857,790603,-0.53174,0.03076,0.90405,-3.90600,-16.47900,17.57800
60.7857,790613,-0.55469,0.01318,0.92090,-4.08900,-16.41800,17.45600
60.8036,790623,-0.52271,0.03467,0.89526,-3.96700,-15.38100,15.99100
60.8075,790633,-0.53247,0.03540,0.89624,-4.08900,-16.17400,17.27300
60.8176,790643,-0.51733,0.02075,0.90137,-4.21100,-15.68600,17.02900
60.8176,790653,-0.52783,0.02686,0.91870,-3.84500,-15.99100,16.60200
60.8335,790663,-0.52515,0.02197,0.89502,-4.15000,-16.60200,17.88300
60.8491,790673,-0.53516,0.01880,0.89502,-4.27200,-15.74700,16.60200
60.8583,790683,-0.50854,0.00977,0.91138,-4.21100,-15.62500,16.60200
60.8648,790693,-0.52490,0.02856,0.91211,-3.78400,-16.05200,16.60200
60.8819,790703,-0.52686,0.02295,0.89404,-4.33300,-15.68600,17.09000
60.8921,790713,-0.52588,0.02368,0.90039,-3.84500,-14.64800,16.23500
60.8967,790723,-0.53027,0.01440,0.89355,-4.70000,-15.38100,16.84600
60.9053,790733,-0.52979,0.01416,0.90454,-3.96700,-15.01500,17.45600
60.9126,790743,-0.53320,0.02173,0.90723,-4.08900,-15.68600,17.51700
60.9287,790753,-0.51807,0.02710,0.91919,-3.90600,-15.01500,17.09000
60.9447,790763,-0.51465,0.01733,0.89233,-4.08900,-15.07600,17.21200
60.9447,790773,-0.52710,0.01709,0.90796,-4.21100,-14.09900,15.80800
60.9600,790783,-0.52515,0.03638,0.90869,-4.08900,-13.97700,16.72400
60.9640,790793,-0.52515,0.03931,0.91260,-3.78400,-14.22100,16.47900
60.9759,790803,-0.53198,0.03247,0.90918,-4.02800,-13.61100,16.84600
60.9869,790813,-0.52661,0.04102,0.89795,-4.27200,-14.09900,16.84600
60.9917,790823,-0.53564,0.01465,0.91602,-4.57800,-14.34300,17.21200
61.0075,790833,-0.53174,0.03516,0.90698,-3.90600,-13.73300,16.66300
61.0113,790843,-0.52344,0.02271,0.89429,-4.15000,-13.42800,16.17400
61.0246,790853,-0.52588,0.03442,0.90088,-4.39500,-13.73300,16.35700
61.0393,790863,-0.52124,0.03125,0.90405,-4.33300,-13.42800,16.84600
61.0393,790873,-0.52075,0.02466,0.90479,-4.76100,-13.12300,16.11300
61.0550,790883,-0.52173,0.01611,0.89697,-3.78400,-12.63400,15.93000
61.0550,790893,-0.52344,0.01855,0.89502,-4.02800,-12.75600,17.02900
61.0719,790903,-0.53442,0.03052,0.90771,-4.08900,-13.79400,16.72400
61.0875,790913,-0.54004,0.02100,0.91064,-3.84500,-13.36700,16.84600
61.1024,790923,-0.53979,0.01758,0.90137,-4.51700,-13.00000,16.72400
61.1185,790933,-0.54004,0.01392,0.90576,-4.57800,-13.97700,17.27300
61.1185,790943,-0.54834,-0.00122,0.92114,-3.96700,-13.48900,16.66300
61.1266,790953,-0.53101,0.02759,0.90161,-4.39500,-14.22100,18.18800
61.1501,790963,-0.51929,0.03320,0.90503,-3.66200,-12.93900,16.23500
61.1501,790973,-0.53564,0.02759,0.90649,-3.60100,-13.00000,16.84600
61.1501,790983,-0.52979,0.03174,0.90381,-4.39500,-14.52600,17.63900
61.1736,790993,-0.53564,0.02686,0.89990,-4.63900,-14.03800,17.33400
61.1776,791003,-0.52441,0.03003,0.89795,-3.84500,-13.48900,16.41800
61.1900,791013,-0.53687,0.02905,0.90454,-4.33300,-13.85500,17.15100
61.2002,791023,-0.53931,0.02710,0.91504,-3.96700,-14.03800,17.27300
61.2134,791033,-0.52881,0.01123,0.89990,-3.72300,-13.67200,17.09000
61.2134,791043,-0.52783,0.02515,0.89746,-4.33300,-13.91600,16.54100
61.2294,791053,-0.52734,0.02661,0.89453,-4.57800,-13.06200,17.33400
61.2294,791063,-0.54272,0.02637,0.90942,-3.90600,-13.79400,17.15100
61.2455,791073,-0.54565,0.01489,0.90234,-3.60100,-13.79400,16.66300
61.2615,791083,-0.52490,0.03076,0.91309,-4.27200,-14.03800,17.57800
61.2615,791093,-0.53638,0.03564,0.89331,-3.35700,-14.28200,15.56400
61.2773,791103,-0.52490,0.02783,0.90796,-3.78400,-12.93900,16.17400
61.2773,791113,-0.54224,0.02246,0.90576,-4.21100,-14.70900,16.66300
61.2952,791123,-0.54272,0.02197,0.90308,-4.45600,-15.38100,17.21200
61.3090,791133,-0.52979,0.02197,0.89673,-4.15000,-14.16000,16.72400
61.3191,791143,-0.52832,0.02222,0.89502,-3.90600,-15.38100,17.39500
61.3246,791153,-0.52710,0.03564,0.90210,-4.15000,-15.25900,16.66300
61.3410,791163,-0.53516,0.02197,0.88989,-4.08900,-14.46500,16.17400
61.3587,791173,-0.53540,0.02441,0.89331,-4.21100,-14.46500,15.56400
61.3587,791183,-0.52710,0.02222,0.89453,-4.15000,-15.44200,18.12700
61.3601,791193,-0.53564,0.01636,0.89648,-3.78400,-14.95400,16.72400
61.3722,791203,-0.53687,0.01831,0.89722,-3.11300,-15.01500,16.05200
61.3890,791213,-0.54443,0.02466,0.92505,-3.84500,-15.62500,17.63900
61.3890,791223,-0.53687,0.01831,0.90112,-4.27200,-15.38100,15.74700
61.4197,791233,-0.53735,0.03174,0.90869,-3.23500,-16.05200,16.60200
61.4197,791243,-0.52905,0.02588,0.93677,-3.41800,-15.80800,16.17400
61.4197,791253,-0.51685,0.04004,0.91504,-4.08900,-16.11300,16.47900
61.4428,791263,-0.53125,0.03711,0.91040,-4.33300,-16.11300,16.84600
61.4513,791273,-0.52441,0.03394,0.92188,-3.96700,-16.35700,17.15100
61.4513,791283,-0.51953,0.02588,0.88770,-4.27200,-16.41800,17.09000
61.4675,791293,-0.52344,0.02612,0.90576,-4.27200,-16.54100,15.99100
61.4675,791303,-0.52954,0.02588,0.89453,-4.51700,-16.05200,17.09000
61.4907,791313,-0.51587,0.01416,0.89868,-4.70000,-16.35700,17.09000
61.4988,791323,-0.52515,0.02832,0.89771,-4.15000,-16.54100,17.15100
61.5062,791333,-0.53174,0.01660,0.89551,-4.45600,-16.54100,17.70000
61.5149,791343,-0.53174,0.01367,0.90039,-3.29600,-15.99100,17.09000
61.5312,791353,-0.53735,0.02612,0.90234,-3.29600,-16.35700,16.90700
61.5675,791363,-0.53613,0.02832,0.89673,-3.72300,-17.27300,17.51700
61.5675,791373,-0.54932,0.02808,0.90161,-3.23500,-16.78500,16.60200
61.5675,791383,-0.53760,0.02271,0.91064,-3.84500,-16.23500,16.72400
61.6144,791393,-0.55200,0.02173,0.91284,-4.33300,-17.09000,16.90700
61.6144,791403,-0.53809,0.02783,0.89404,-4.27200,-16.35700,15.86900
61.6144,791413,-0.51685,0.02832,0.90283,-4.88300,-16.84600,16.54100
61.6144,791423,-0.52368,0.02026,0.91333,-4.21100,-17.63900,16.54100
61.6431,791433,-0.52222,0.01733,0.90430,-3.84500,-16.11300,15.74700
61.6431,791443,-0.51880,0.01245,0.89966,-4.45600,-16.66300,16.78500
61.6431,791453,-0.50781,0.02051,0.90723,-3.84500,-16.96800,15.93000
61.6431,791463,-0.51294,0.02490,0.90381,-4.15000,-16.41800,17.02900
61.6574,791473,-0.51807,0.02222,0.89062,-3.96700,-15.86900,17.39500
61.6679,791483,-0.52808,0.03247,0.90430,-4.08900,-15.74700,16.90700
61.6679,791493,-0.53271,0.02051,0.89526,-3.96700,-15.56400,16.90700
61.6743,791503,-0.51587,0.03345,0.90283,-4.02800,-15.62500,17.70000
61.6887,791513,-0.53784,0.02124,0.91016,-3.78400,-15.01500,16.78500
61.6887,791523,-0.53198,0.03149,0.91284,-3.54000,-16.11300,17.63900
61.7067,791533,-0.54028,0.02563,0.90112,-3.96700,-15.80800,16.54100
61.7067,791543,-0.53613,0.02783,0.89478,-4.51700,-16.41800,16.90700
61.7204,791553,-0.53174,0.01270,0.89697,-4.15000,-15.38100,15.80800
61.7678,791563,-0.52148,0.03711,0.88428,-4.45600,-16.17400,16.41800
61.8627,791573,-0.53491,0.02051,0.90723,-4.51700,-16.17400,17.21200
61.8627,791583,-0.52515,0.03149,0.90918,-4.15000,-15.56400,16.23500
61.8627,791593,-0.51929,0.02319,0.88696,-4.27200,-15.93000,17.21200
61.8627,791603,-0.53003,0.01099,0.90576,-4.08900,-15.68600,16.60200
61.8627,791613,-0.50781,0.04517,0.90161,-3.96700,-14.89300,15.44200
61.8627,791623,-0.52002,0.01807,0.90674,-4.21100,-15.62500,17.88300
61.8627,791633,-0.51733,0.02954,0.90625,-3.60100,-15.80800,17.63900
61.8627,791643,-0.51245,0.03296,0.91675,-4.70000,-15.19800,17.76100
61.8627,791653,-0.52100,0.02710,0.91235,-4.02800,-14.89300,16.96800
61.8627,791663,-0.52979,0.02710,0.92334,-4.15000,-15.62500,17.63900
61.8627,791673,-0.51611,0.01196,0.90186,-3.66200,-15.13700,17.57800
61.8627,791683,-0.51172,0.02637,0.90234,-3.96700,-14.70900,16.84600
61.8627,791693,-0.52808,0.03003,0.90259,-4.39500,-14.16000,16.96800
61.8802,791703,-0.55273,0.01978,0.91675,-4.70000,-14.77100,17.51700
61.8802,791713,-0.52930,0.03174,0.89990,-4.39500,-14.83200,17.70000
61.8946,791723,-0.52417,0.03491,0.91309,-4.39500,-13.79400,16.11300
61.9070,791733,-0.53320,0.02466,0.89575,-4.08900,-14.64800,17.27300
61.9366,791743,-0.52783,0.01465,0.89600,-3.96700,-14.46500,16.90700
61.9374,791753,-0.52979,0.02271,0.90039,-4.63900,-14.70900,16.84600
61.9403,791763,-0.52686,0.02295,0.90698,-3.72300,-14.16000,16.29600
61.9523,791773,-0.53564,0.01831,0.90015,-3.96700,-13.91600,16.35700
62.0526,791783,-0.51514,0.03052,0.89795,-3.29600,-14.46500,16.84600
62.0683,791824,-0.52246,0.02856,0.90210,-3.66200,-14.09900,16.41800
62.0683,791826,-0.52246,0.02856,0.90210,-3.90600,-13.79400,16.41800
62.0683,791827,-0.53247,0.02295,0.91309,-3.90600,-13.79400,16.41800
62.0683,791829,-0.53247,0.02295,0.91309,-3.90600,-13.79400,16.41800
62.0683,791833,-0.52954,0.03613,0.90942,-4.39500,-14.16000,16.96800
62.0683,791843,-0.52051,0.01465,0.92578,-4.21100,-14.03800,16.35700
62.0683,791853,-0.51587,0.03369,0.90039,-4.27200,-14.16000,15.86900
62.0683,791863,-0.52539,0.02661,0.90967,-4.33300,-13.79400,16.90700
62.0683,791873,-0.51538,0.03784,0.90283,-4.51700,-14.52600,17.70000
62.0683,791883,-0.52148,0.04321,0.89624,-4.21100,-14.40400,16.66300
62.0683,791893,-0.52002,0.02734,0.90381,-3.84500,-13.73300,16.29600
62.0683,791903,-0.52222,0.02368,0.90845,-3.90600,-13.85500,16.72400
62.1166,791913,-0.54858,0.00879,0.91992,-3.72300,-13.73300,16.90700
62.1166,791923,-0.54321,0.01758,0.91772,-4.08900,-14.40400,17.21200
62.1166,791933,-0.52759,0.02710,0.90039,-4.27200,-14.64800,17.27300
62.1166,791943,-0.54468,0.02417,0.92041,-3.84500,-13.85500,16.72400
62.1317,791953,-0.52368,0.02930,0.88843,-3.54000,-13.61100,16.05200
62.1338,791963,-0.52344,0.03467,0.89551,-4.27200,-14.64800,17.15100
62.1632,791973,-0.52441,0.03076,0.90723,-4.08900,-14.64800,16.78500
62.1632,791983,-0.52905,0.01733,0.89404,-3.72300,-13.67200,15.74700
62.1790,791993,-0.52368,0.02246,0.90747,-3.78400,-14.40400,17.63900
62.1790,792003,-0.52759,0.03003,0.91382,-3.96700,-14.70900,16.35700
62.1938,792013,-0.52515,0.00806,0.90894,-3.72300,-13.85500,15.99100
62.1986,792023,-0.51660,0.01294,0.90625,-3.54000,-13.73300,15.99100
62.2102,792033,-0.51831,0.02393,0.88208,-4.15000,-13.67200,16.60200
62.2102,792043,-0.52759,0.02075,0.90942,-4.15000,-14.64800,17.45600
62.2263,792053,-0.51953,0.01074,0.90649,-4.33300,-14.52600,17.57800
62.2352,792063,-0.52173,0.03174,0.89941,-4.45600,-14.28200,17.45600
62.2517,792073,-0.53247,0.04004,0.90894,-4.39500,-13.55000,17.02900
62.2577,792083,-0.52515,0.04395,0.90552,-3.66200,-13.85500,15.56400
62.2736,792093,-0.53906,0.01904,0.91846,-3.96700,-14.03800,17.15100
62.2736,792103,-0.53467,0.03149,0.90283,-4.33300,-14.16000,16.66300
62.2893,792113,-0.52808,0.03491,0.91235,-4.51700,-14.28200,15.44200
62.2893,792123,-0.52661,0.02954,0.90527,-4.63900,-14.70900,17.76100
62.3141,792133,-0.53125,0.02441,0.91284,-4.02800,-13.42800,16.17400
62.3169,792143,-0.53198,0.02954,0.89062,-3.96700,-14.58700,16.35700
62.3307,792153,-0.53296,0.02588,0.90210,-3.84500,-14.64800,17.57800
62.3435,792163,-0.52466,0.02124,0.89893,-3.78400,-14.03800,17.15100
62.3481,792173,-0.53687,0.03003,0.90332,-3.90600,-13.00000,15.62500
62.3598,792183,-0.53564,0.02271,0.89258,-3.96700,-14.28200,16.96800
62.3840,792193,-0.52759,0.02881,0.90845,-4.02800,-14.40400,17.09000
62.3840,792203,-0.54272,0.02588,0.91138,-3.96700,-15.07600,16.72400
62.4001,792213,-0.53784,0.03052,0.91479,-3.35700,-14.77100,15.86900
62.4019,792223,-0.52563,0.03467,0.91357,-3.84500,-14.77100,17.33400
62.4160,792233,-0.53687,0.01367,0.91870,-4.21100,-14.52600,16.60200
62.4160,792243,-0.53394,0.03711,0.90186,-4.33300,-14.46500,16.23500
62.4160,792253,-0.51416,0.01343,0.89771,-4.39500,-14.77100,15.99100
62.4327,792263,-0.52832,0.03174,0.89575,-4.88300,-14.83200,17.21200
62.4477,792273,-0.53369,0.02393,0.90796,-4.33300,-14.58700,16.60200
62.4477,792283,-0.52759,0.02930,0.89087,-4.15000,-14.89300,16.72400
62.4794,792293,-0.52930,0.01611,0.89062,-3.90600,-14.28200,16.54100
62.4794,792303,-0.53247,0.00903,0.88916,-4.21100,-15.38100,17.02900
62.4794,792313,-0.52686,0.02661,0.87891,-3.78400,-15.25900,17.51700
62.5012,792323,-0.52588,0.02905,0.88550,-3.84500,-15.13700,17.33400
62.5472,792333,-0.54028,0.02832,0.90479,-4.02800,-14.89300,17.09000
62.5472,792343,-0.54224,0.03003,0.89966,-3.84500,-15.07600,17.33400
62.5472,792353,-0.53320,0.03662,0.91284,-4.33300,-14.89300,17.15100
62.5472,792363,-0.55420,0.03052,0.91382,-3.78400,-14.34300,16.54100
62.5510,792373,-0.54321,0.01221,0.91455,-3.54000,-14.34300,16.78500
62.5593,792383,-0.54272,0.01904,0.91479,-4.21100,-15.19800,17.70000
62.5711,792393,-0.53027,0.02173,0.92578,-4.45600,-14.83200,17.02900
62.5890,792403,-0.52588,0.03638,0.90894,-4.63900,-14.89300,16.78500
62.5890,792413,-0.53296,0.02710,0.90649,-4.88300,-14.89300,16.41800
62.6002,792423,-0.52979,0.02197,0.89355,-4.08900,-15.25900,16.41800
62.6197,792433,-0.50830,0.04224,0.90576,-3.96700,-14.46500,16.29600
62.6197,792443,-0.53052,0.02539,0.90356,-4.57800,-14.40400,16.66300
62.6358,792453,-0.50879,0.02759,0.89258,-3.90600,-14.64800,17.21200
62.6388,792463,-0.53589,0.02930,0.89258,-4.02800,-14.46500,17.45600
62.6412,792473,-0.54468,0.02710,0.90430,-4.51700,-15.68600,18.00500
62.6523,792483,-0.53296,0.03052,0.89624,-3.96700,-14.64800,18.18800
62.6676,792493,-0.55688,0.02759,0.89502,-3.66200,-14.52600,16.96800
62.6883,792503,-0.55103,0.02759,0.91113,-4.27200,-14.58700,17.21200
62.6883,792513,-0.54224,0.02734,0.91235,-4.15000,-15.19800,17.45600
62.6993,792523,-0.52173,0.02295,0.90918,-3.96700,-15.19800,17.02900
62.7086,792533,-0.53833,0.02075,0.90503,-3.72300,-15.01500,16.60200
62.7153,792543,-0.52759,0.02881,0.90063,-4.08900,-14.52600,16.47900
62.7153,792553,-0.51953,0.03784,0.91260,-3.96700,-14.58700,15.99100
62.7325,792563,-0.52881,0.01196,0.89697,-4.63900,-15.99100,17.82200
62.7472,792573,-0.52539,0.02881,0.88867,-3.96700,-14.28200,15.80800
62.7563,792583,-0.53467,0.02905,0.89575,-4.33300,-15.01500,16.60200
62.7671,792593,-0.52637,0.00562,0.90356,-4.21100,-14.58700,15.74700
62.7809,792603,-0.51172,0.02246,0.90186,-4.15000,-15.50300,17.63900
62.7809,792613,-0.52905,0.03662,0.90063,-3.66200,-15.44200,17.57800
62.7942,792623,-0.53613,0.01099,0.89819,-3.54000,-14.77100,16.78500
62.8089,792633,-0.54175,0.02417,0.91064,-4.33300,-15.19800,17.70000
62.8126,792643,-0.51318,0.02856,0.90186,-4.39500,-15.86900,17.15100
62.8256,792653,-0.53882,0.02197,0.90771,-4.57800,-15.56400,17.21200
62.8256,792663,-0.54419,0.02515,0.91235,-4.27200,-15.99100,17.82200
62.8415,792673,-0.53101,0.03125,0.90503,-4.27200,-15.56400,17.21200
62.8600,792683,-0.51880,0.03296,0.89282,-3.96700,-15.13700,16.66300
62.8751,792693,-0.53979,0.03174,0.90063,-4.15000,-15.86900,17.21200
62.9020,792703,-0.51978,0.02637,0.88940,-3.78400,-15.86900,16.54100
62.9084,792713,-0.51465,0.02563,0.89990,-4.33300,-15.68600,17.02900
62.9096,792723,-0.52148,0.03882,0.89185,-4.08900,-15.80800,17.51700
62.9139,792733,-0.54248,0.03003,0.89014,-4.39500,-15.13700,16.66300
62.9257,792743,-0.52368,0.02637,0.89282,-3.84500,-15.62500,16.66300
62.9356,792753,-0.53223,0.02441,0.89331,-4.39500,-15.19800,17.33400
62.9356,792763,-0.53540,0.01465,0.89453,-3.66200,-16.11300,16.96800
62.9515,792773,-0.53516,0.04102,0.90430,-3.54000,-15.62500,17.15100
62.9515,792783,-0.53271,0.01953,0.91309,-3.23500,-15.80800,16.66300
62.9674,792793,-0.53271,0.02905,0.92017,-4.51700,-17.39500,17.45600
63.0001,792803,-0.53979,0.02661,0.91479,-4.08900,-15.01500,15.50300
63.0001,792813,-0.53564,0.02563,0.90796,-4.27200,-16.23500,16.96800
63.0001,792823,-0.51978,0.03296,0.90161,-3.90600,-15.62500,16.78500
63.0098,792833,-0.51245,0.03906,0.90308,-3.90600,-16.05200,15.86900
63.0153,792843,-0.53027,0.02271,0.91479,-3.78400,-16.17400,17.09000
63.0312,792853,-0.51685,0.01758,0.89453,-4.02800,-15.50300,16.72400
63.0325,792863,-0.52808,0.01929,0.89648,-4.76100,-16.84600,16.60200
63.0490,792873,-0.52734,0.02539,0.89526,-3.29600,-15.07600,16.11300
63.0490,792883,-0.53418,0.01904,0.91284,-3.90600,-16.47900,17.15100
63.0645,792893,-0.52905,0.01245,0.90771,-4.27200,-16.41800,17.63900
63.0788,792903,-0.52026,0.03418,0.90503,-3.78400,-15.99100,17.39500
63.0946,792913,-0.54248,0.02637,0.90454,-3.84500,-15.38100,16.90700
63.0946,792923,-0.52319,0.02148,0.91479,-3.84500,-15.62500,16.96800
63.1101,792933,-0.52368,0.00830,0.90161,-3.72300,-14.77100,16.29600
63.1126,792943,-0.54663,0.02490,0.91187,-4.21100,-15.25900,16.90700
63.1257,792953,-0.52393,0.02832,0.90356,-4.57800,-16.23500,17.76100
63.1257,792963,-0.54004,0.03613,0.90967,-3.84500,-14.95400,16.23500
63.1575,792973,-0.52271,0.02002,0.90820,-3.96700,-14.83200,16.41800
63.1575,792983,-0.51587,0.01758,0.88794,-4.27200,-14.52600,15.50300
63.1575,792993,-0.53223,0.02686,0.89331,-3.72300,-15.74700,17.02900
63.1736,793003,-0.52148,0.03418,0.90552,-3.90600,-15.32000,16.54100
63.1894,793013,-0.52026,0.03076,0.91357,-4.02800,-14.58700,16.84600
63.1930,793023,-0.51929,0.01685,0.89917,-3.54000,-14.70900,16.66300
63.2101,793033,-0.52271,0.01440,0.91455,-4.21100,-15.56400,16.66300
63.2371,793043,-0.51416,0.01855,0.91187,-4.15000,-15.62500,17.82200
63.2371,793053,-0.52026,0.02759,0.90820,-3.78400,-14.64800,16.66300
63.2539,793063,-0.53125,0.01074,0.92920,-3.72300,-14.28200,16.41800
63.2539,793073,-0.52759,0.02637,0.90991,-3.96700,-14.58700,16.41800
63.2702,793083,-0.52124,0.03149,0.89014,-3.66200,-14.40400,16.05200
63.2702,793093,-0.51978,0.02173,0.90210,-4.15000,-15.25900,16.96800
63.2702,793103,-0.52368,0.03027,0.90991,-4.70000,-16.11300,17.88300
63.3011,793113,-0.53003,0.01660,0.90918,-4.02800,-14.77100,16.78500
63.3011,793123,-0.53662,0.02075,0.90869,-3.96700,-16.11300,16.90700
63.3011,793133,-0.51904,0.02905,0.89404,-3.72300,-15.13700,16.54100
63.3191,793143,-0.51904,0.03052,0.88818,-4.57800,-15.25900,16.66300
63.3313,793153,-0.51318,0.03052,0.90576,-4.51700,-15.01500,16.96800
63.3414,793163,-0.51660,0.01392,0.89990,-4.08900,-15.44200,17.63900
63.3493,793173,-0.53076,0.01440,0.91528,-3.05200,-14.89300,16.84600
63.3643,793183,-0.53271,0.02393,0.91309,-3.05200,-15.32000,17.02900
63.3643,793193,-0.53223,0.02612,0.90942,-3.60100,-14.58700,16.17400
63.3803,793203,-0.54980,0.02051,0.93579,-3.78400,-15.19800,17.63900
63.3901,793213,-0.52466,0.02319,0.92188,-3.60100,-15.38100,17.27300
63.3961,793223,-0.53394,0.01685,0.92773,-4.08900,-15.01500,16.78500
63.4117,793233,-0.52979,0.01831,0.91992,-4.27200,-15.07600,16.47900
63.4147,793243,-0.52100,0.01880,0.93018,-4.08900,-15.32000,16.35700
63.4275,793253,-0.50464,0.02490,0.90674,-4.94400,-16.29600,17.82200
63.4432,793263,-0.51636,0.02417,0.90576,-4.08900,-15.38100,16.96800
63.4432,793273,-0.50757,0.02637,0.90405,-4.70000,-15.07600,16.84600
63.4590,793283,-0.51147,0.01611,0.90820,-3.66200,-13.97700,16.23500
63.4590,793293,-0.52271,0.01855,0.90186,-3.84500,-14.28200,16.66300
63.4822,793303,-0.52368,0.01758,0.90820,-4.02800,-14.22100,16.60200
63.5129,793313,-0.51587,0.03467,0.89575,-4.15000,-14.64800,17.82200
63.5129,793323,-0.51636,0.03149,0.90503,-4.15000,-14.83200,17.82200
63.5129,793333,-0.52686,0.01831,0.90137,-3.41800,-14.34300,16.66300
63.5129,793343,-0.52881,0.02808,0.91211,-4.15000,-14.34300,17.15100
63.5229,793353,-0.53198,0.03027,0.89038,-4.21100,-13.67200,16.54100
63.5450,793363,-0.52466,0.03027,0.89990,-4.76100,-15.01500,18.25000
63.5457,793373,-0.52563,0.02710,0.90063,-4.45600,-13.91600,16.66300
63.5544,793383,-0.54150,0.02246,0.90259,-4.33300,-14.58700,17.21200
63.5701,793393,-0.53369,0.03076,0.90576,-3.84500,-14.40400,16.35700
63.5786,793403,-0.51904,0.02588,0.89111,-3.72300,-13.61100,16.29600
63.5858,793413,-0.51172,0.01758,0.89746,-3.78400,-13.00000,14.95400
63.6103,793423,-0.53638,0.02783,0.89111,-4.33300,-14.83200,17.57800
63.6103,793433,-0.51392,0.02832,0.89258,-3.47900,-13.85500,15.68600
63.6206,793443,-0.50806,0.01978,0.91528,-3.78400,-13.00000,15.99100
63.6206,793453,-0.51294,0.01733,0.89331,-3.66200,-13.30600,16.78500
63.6499,793463,-0.50659,0.03345,0.91699,-3.96700,-12.81700,16.54100
63.6530,793473,-0.53174,0.02173,0.92065,-3.78400,-12.51200,16.54100
63.6815,793483,-0.52124,0.03638,0.90430,-3.72300,-12.69500,16.72400
63.6815,793493,-0.51587,0.02002,0.90356,-4.63900,-13.55000,18.06600
63.7291,793503,-0.54004,0.02466,0.92188,-3.90600,-12.45100,16.90700
63.7291,793513,-0.54468,0.02686,0.90723,-4.15000,-12.93900,17.27300
63.7291,793523,-0.53076,0.02124,0.90918,-4.33300,-13.42800,17.57800
63.7291,793533,-0.54297,0.01758,0.90527,-4.45600,-12.20700,16.29600
63.7291,793543,-0.54297,0.01880,0.89771,-4.39500,-12.63400,16.05200
63.7291,793553,-0.53735,0.02271,0.90381,-4.70000,-13.48900,17.33400
63.7453,793563,-0.53076,0.03052,0.88818,-3.54000,-11.47500,15.50300
63.7453,793573,-0.52173,0.02637,0.89844,-3.90600,-12.87800,16.96800
63.7610,793583,-0.51514,0.03247,0.88696,-3.29600,-11.71900,15.93000
63.7610,793593,-0.53174,0.03345,0.89355,-4.27200,-12.63400,16.47900
63.7771,793603,-0.52515,0.03149,0.89551,-3.84500,-11.53600,16.11300
63.7771,793613,-0.53467,0.01465,0.89893,-4.39500,-12.81700,17.51700
63.7932,793623,-0.52808,0.02734,0.92041,-3.90600,-12.14600,17.51700
63.8113,793633,-0.52808,0.02222,0.91235,-4.15000,-13.12300,17.88300
63.8113,793643,-0.53931,0.01904,0.92554,-4.45600,-12.57300,17.45600
63.8251,793653,-0.53418,0.02856,0.91602,-4.27200,-12.26800,16.90700
63.8408,793663,-0.52026,0.03027,0.91138,-3.54000,-10.74200,16.29600
63.8408,793673,-0.53564,0.02808,0.90698,-4.08900,-10.98600,16.41800
63.8605,793683,-0.51660,0.02393,0.91821,-4.08900,-10.86400,16.54100
63.8726,793693,-0.53076,0.01318,0.90332,-4.70000,-12.08500,18.18800
63.8726,793703,-0.54175,0.02319,0.90161,-4.21100,-10.92500,17.02900
63.8884,793713,-0.53052,0.02368,0.89404,-4.15000,-11.35300,17.21200
63.8919,793723,-0.52563,0.02173,0.88818,-4.21100,-11.10800,17.33400
63.9115,793733,-0.54932,0.01367,0.89868,-4.33300,-11.59700,17.33400
63.9201,793743,-0.54297,0.00879,0.88135,-4.08900,-11.10800,17.15100
63.9314,793753,-0.52417,0.02490,0.89990,-3.60100,-11.47500,16.96800
63.9392,793763,-0.54419,0.03125,0.89087,-3.35700,-11.04700,16.35700
63.9519,793773,-0.55127,0.01489,0.89062,-4.63900,-12.69500,18.06600
63.9679,793783,-0.54810,0.02588,0.88550,-3.29600,-10.19300,15.32000
63.9999,793825,-0.54932,0.03345,0.89746,-3.90600,-11.29200,15.93000
63.9999,793827,-0.54932,0.03345,0.89746,-3.90600,-11.29200,15.93000
64.0158,793828,-0.54932,0.03345,0.89746,-3.90600,-11.29200,15.93000
64.0158,793830,-0.54932,0.03345,0.89746,-3.90600,-11.29200,15.93000
64.0158,793833,-0.54443,0.01953,0.88867,-3.66200,-11.47500,16.41800
64.0158,793843,-0.54712,0.03589,0.90552,-3.96700,-10.92500,15.74700
64.0235,793853,-0.54077,0.02173,0.90747,-4.33300,-12.08500,16.72400
64.0315,793863,-0.54248,0.02832,0.88354,-4.02800,-10.55900,16.17400
64.0475,793873,-0.53833,0.02393,0.89062,-3.72300,-10.49800,15.86900
64.0792,793883,-0.54932,0.02710,0.88867,-4.08900,-11.90200,16.90700
64.0792,793893,-0.55396,0.01465,0.91284,-3.66200,-10.80300,16.29600
64.0792,793903,-0.54150,0.03394,0.88672,-4.51700,-11.35300,16.96800
64.0792,793913,-0.54858,0.02808,0.90820,-4.02800,-11.16900,16.72400
64.0954,793923,-0.54395,0.03223,0.88794,-4.57800,-10.86400,16.11300
64.1121,793933,-0.55151,0.02051,0.90088,-4.21100,-11.29200,16.78500
64.1121,793943,-0.55005,0.01782,0.89209,-4.21100,-11.71900,17.15100
64.1269,793953,-0.54663,0.03442,0.89697,-4.27200,-10.68100,16.90700
64.1269,793963,-0.55518,0.02051,0.88525,-3.96700,-9.88800,15.74700
64.1587,793973,-0.56006,0.02466,0.89111,-4.08900,-11.23000,16.90700
64.1587,793983,-0.54517,0.01685,0.88062,-4.27200,-11.10800,17.09000
64.1729,793993,-0.55298,0.02002,0.90039,-3.47900,-11.10800,16.11300
64.1770,794003,-0.56299,0.02100,0.90161,-3.78400,-11.29200,16.72400
64.1770,794013,-0.56470,0.02637,0.89014,-3.35700,-10.80300,15.44200
64.1919,794023,-0.55005,0.02515,0.90649,-4.15000,-12.26800,17.39500
64.2065,794033,-0.55518,0.03784,0.89941,-4.45600,-12.08500,17.02900
64.2225,794043,-0.54858,0.02563,0.89600,-3.66200,-11.16900,16.11300
64.2225,794053,-0.53979,0.01343,0.89282,-3.84500,-12.14600,16.84600
64.2382,794063,-0.53931,0.01807,0.89478,-3.72300,-11.04700,15.56400
64.2413,794073,-0.54541,0.01782,0.89258,-3.29600,-10.19300,15.44200
64.2540,794083,-0.55640,0.02173,0.88257,-4.27200,-11.04700,16.29600
64.2699,794093,-0.54663,0.03442,0.89575,-4.15000,-10.80300,16.96800
64.2853,794103,-0.54688,0.01636,0.89819,-4.02800,-11.04700,16.72400
64.2868,794113,-0.56934,0.02100,0.89722,-4.27200,-11.90200,16.78500
64.3012,794123,-0.56299,0.02783,0.87085,-4.70000,-11.04700,16.23500
64.3064,794133,-0.57080,0.03076,0.86743,-4.02800,-11.96300,17.33400
64.3196,794143,-0.56030,0.03857,0.86523,-4.21100,-11.84100,16.96800
64.3196,794153,-0.57056,0.01807,0.86719,-3.84500,-11.96300,16.66300
64.3368,794163,-0.57349,0.03540,0.86914,-3.90600,-11.84100,16.05200
64.3491,794173,-0.56885,0.01880,0.88037,-3.23500,-11.10800,14.52600
64.3650,794183,-0.57227,0.02637,0.87354,-3.96700,-11.90200,16.47900
64.3676,794193,-0.56445,0.02222,0.88721,-3.90600,-12.69500,16.23500
64.3946,794203,-0.54614,0.01880,0.88330,-4.15000,-13.24500,16.29600
64.3946,794213,-0.56079,0.03345,0.88794,-4.08900,-13.85500,16.35700
64.4003,794223,-0.55737,0.02783,0.89160,-4.45600,-14.16000,16.72400
64.4099,794233,-0.56714,0.01123,0.88696,-4.21100,-13.79400,17.21200
64.4286,794243,-0.54565,0.01904,0.89014,-4.08900,-13.61100,16.90700
64.4286,794253,-0.54321,0.03149,0.87354,-4.21100,-13.85500,16.23500
64.4286,794263,-0.53735,0.01514,0.87817,-4.08900,-14.16000,18.12700
64.4445,794273,-0.55249,0.01929,0.87793,-3.78400,-12.93900,16.41800
64.4606,794283,-0.55713,0.03638,0.88794,-4.02800,-13.97700,18.06600
64.4643,794293,-0.56812,0.02783,0.89014,-4.02800,-12.51200,16.05200
64.4763,794303,-0.56934,0.02197,0.89038,-3.96700,-13.67200,16.78500
64.4922,794313,-0.57104,0.01978,0.88501,-3.54000,-13.48900,17.09000
64.4922,794323,-0.58545,0.02979,0.89673,-3.54000,-14.34300,16.96800
64.5088,794333,-0.59717,0.01440,0.88501,-4.21100,-14.46500,16.11300
64.5320,794343,-0.56152,0.01880,0.89014,-4.15000,-14.22100,15.68600
64.5320,794353,-0.57544,0.02856,0.88696,-3.96700,-15.07600,16.96800
64.5558,794363,-0.58008,0.02148,0.86670,-3.66200,-15.86900,16.96800
64.5558,794373,-0.55884,0.01514,0.87354,-3.96700,-15.38100,16.11300
64.5558,794383,-0.55078,0.02100,0.89331,-4.15000,-14.28200,16.23500
64.5558,794393,-0.56689,0.03149,0.88867,-3.66200,-14.89300,16.78500
64.5790,794403,-0.55566,0.04102,0.86621,-3.78400,-14.89300,16.47900
64.5896,794413,-0.53491,0.01318,0.89819,-3.96700,-16.11300,17.02900
64.5980,794423,-0.52515,0.00537,0.89844,-3.84500,-16.78500,17.70000
64.7557,794433,-0.56860,0.03467,0.89819,-3.41800,-17.88300,17.70000
64.7557,794443,-0.58203,0.04639,0.86987,-3.54000,-16.47900,16.66300
64.7557,794453,-0.55859,0.01416,0.89038,-4.02800,-17.82200,17.09000
64.7557,794463,-0.55713,0.02881,0.89941,-3.96700,-17.76100,16.72400
64.7557,794473,-0.55322,0.04175,0.89404,-3.96700,-17.82200,16.96800
64.7557,794483,-0.54785,0.02222,0.88940,-4.57800,-18.79900,16.90700
64.7557,794493,-0.58130,0.01416,0.88818,-3.96700,-17.15100,16.17400
64.7557,794503,-0.56348,0.02881,0.87695,-4.21100,-17.70000,17.15100
64.7557,794513,-0.54785,0.01587,0.88232,-4.76100,-18.12700,16.29600
64.7557,794523,-0.52881,0.02124,0.87891,-5.00500,-19.10400,17.70000
64.7557,794533,-0.55957,0.02881,0.88013,-3.96700,-18.61600,17.45600
64.7825,794543,-0.55298,0.01709,0.89062,-4.39500,-18.98200,17.39500
64.7825,794553,-0.54712,0.01733,0.87720,-4.76100,-19.34800,18.25000
64.7825,794563,-0.55322,0.03735,0.87500,-3.66200,-20.26400,17.27300
64.7825,794573,-0.55469,0.01978,0.87207,-3.78400,-19.71400,17.45600
64.7825,794583,-0.55347,0.01001,0.90039,-3.35700,-19.83600,17.21200
64.7825,794593,-0.56152,0.03149,0.89478,-3.29600,-19.89700,16.96800
64.7843,794603,-0.56616,0.02319,0.89380,-3.47900,-19.83600,16.29600
64.7893,794613,-0.56030,0.01440,0.90771,-4.15000,-20.20300,16.60200
64.7984,794623,-0.57422,0.02271,0.91943,-3.72300,-19.40900,15.93000
64.8103,794633,-0.54736,0.03394,0.90039,-4.02800,-20.26400,16.35700
64.8175,794643,-0.53516,0.02710,0.90918,-4.21100,-20.69100,16.47900
64.8420,794653,-0.54102,0.02222,0.89551,-4.57800,-20.93500,16.66300
64.8420,794663,-0.54004,0.03223,0.88745,-4.33300,-20.02000,16.29600
64.8433,794673,-0.52539,0.02222,0.87793,-4.82200,-19.83600,16.47900
64.8579,794683,-0.51978,0.02612,0.86523,-4.33300,-19.04300,15.86900
64.8657,794693,-0.54370,0.02295,0.87646,-3.96700,-19.59200,16.29600
64.8757,794703,-0.53589,0.02759,0.88550,-4.08900,-20.44700,17.27300
64.8898,794713,-0.54443,0.02100,0.86475,-3.35700,-19.40900,16.60200
64.8898,794723,-0.54248,0.03613,0.87988,-4.08900,-20.56900,17.33400
64.9057,794733,-0.54346,0.03711,0.89429,-4.21100,-21.79000,19.16500
64.9315,794743,-0.56494,0.02051,0.90820,-3.72300,-20.32500,17.76100
64.9371,794753,-0.55103,0.02832,0.89966,-3.84500,-19.40900,16.72400
64.9531,794763,-0.56055,0.01807,0.91577,-4.45600,-20.02000,16.72400
64.9531,794773,-0.55786,0.03174,0.90625,-4.51700,-20.81300,17.21200
64.9531,794783,-0.55371,0.02930,0.90625,-4.08900,-20.81300,16.29600
64.9692,794793,-0.54419,0.02905,0.90894,-4.39500,-21.05700,17.02900
64.9692,794803,-0.54297,0.02539,0.90991,-3.96700,-21.24000,15.56400
64.9866,794813,-0.51807,0.01636,0.88843,-3.72300,-20.50800,15.25900
65.0012,794823,-0.52612,0.02271,0.89185,-4.21100,-20.14200,16.35700
65.0031,794833,-0.51465,0.01270,0.88623,-4.15000,-20.63000,16.90700
65.0171,794843,-0.51294,0.03882,0.89624,-3.41800,-21.05700,17.63900
65.0333,794853,-0.50586,0.02637,0.88696,-3.84500,-20.32500,16.84600
65.0333,794863,-0.53516,0.02124,0.91235,-3.05200,-19.10400,15.86900
65.0544,794873,-0.52124,0.00903,0.92017,-3.78400,-20.32500,17.63900
65.0544,794883,-0.53589,0.02905,0.91846,-3.96700,-20.20300,17.33400
65.0651,794893,-0.55566,0.01514,0.92017,-2.86900,-18.73800,16.17400
65.0651,794903,-0.53223,-0.00269,0.95361,-3.72300,-19.83600,17.70000
65.0822,794913,-0.54541,0.02612,0.96191,-3.23500,-19.34800,16.60200
65.0971,794923,-0.56982,0.07324,0.89941,-4.51700,-19.83600,16.84600
65.0971,794933,-0.48389,0.01123,0.92188,-4.82200,-19.47000,15.50300
65.1133,794943,-0.47070,-0.01392,0.93115,-4.82200,-19.59200,15.44200
65.1298,794953,-0.53931,0.05322,0.88721,-4.27200,-19.22600,15.68600
65.1663,794963,-0.53174,0.03882,0.89087,-4.70000,-18.55500,16.05200
65.2067,794973,-0.49976,0.01123,0.88354,-4.27200,-19.28700,16.23500
65.2067,794983,-0.48633,0.01807,0.88818,-3.54000,-18.92100,16.47900
65.2067,794993,-0.53540,0.05347,0.87427,-3.54000,-18.31100,16.35700
65.2067,795003,-0.51538,0.01611,0.90625,-3.90600,-18.49400,16.84600
65.2067,795013,-0.52417,0.02319,0.91333,-3.29600,-18.67700,17.27300
65.2067,795023,-0.53955,0.03662,0.92700,-3.60100,-17.57800,16.29600
65.2112,795033,-0.54004,0.02515,0.91577,-3.23500,-18.18800,16.72400
65.2228,795043,-0.52441,0.02832,0.91382,-3.60100,-18.49400,16.84600
65.2387,795053,-0.54053,0.04810,0.91895,-4.21100,-17.45600,16.54100
65.2427,795063,-0.53003,0.02148,0.92480,-4.21100,-18.67700,17.21200
65.2427,795073,-0.50781,0.02832,0.92676,-4.63900,-17.09000,16.05200
65.2547,795083,-0.51880,0.02539,0.91577,-4.33300,-17.21200,16.11300
65.2713,795093,-0.52271,0.01904,0.92090,-4.51700,-17.27300,15.86900
65.2713,795103,-0.49805,0.02686,0.89624,-4.82200,-16.60200,17.21200
65.2904,795113,-0.50342,0.02832,0.89111,-4.51700,-16.84600,17.15100
65.2904,795123,-0.52026,0.01172,0.91455,-4.08900,-16.72400,16.29600
65.3025,795133,-0.50146,0.00732,0.89160,-3.66200,-15.50300,16.35700
65.3206,795143,-0.50879,0.02637,0.90381,-4.33300,-15.44200,16.84600
65.4034,795153,-0.50635,0.02173,0.90771,-3.60100,-14.58700,16.35700
65.4034,795163,-0.52417,0.01270,0.91724,-3.66200,-15.38100,16.72400
65.4034,795173,-0.52905,0.02124,0.91870,-3.66200,-15.56400,18.12700
65.4034,795183,-0.51343,0.04053,0.90088,-3.66200,-15.01500,15.93000
65.4034,795193,-0.52319,0.02368,0.93091,-3.47900,-14.52600,16.11300
65.4034,795203,-0.51978,0.02832,0.91382,-4.02800,-14.77100,16.35700
65.4034,795213,-0.52222,0.02295,0.90283,-4.08900,-14.52600,17.21200
65.4034,795223,-0.52417,0.02319,0.91821,-4.45600,-14.40400,16.96800
65.4057,795233,-0.51929,0.03052,0.91016,-3.90600,-13.30600,15.38100
65.4145,795243,-0.49976,0.02368,0.91064,-4.27200,-14.09900,16.47900
65.4289,795253,-0.49902,0.02466,0.90698,-4.45600,-14.03800,16.60200
65.4445,795263,-0.49902,0.02612,0.91113,-3.60100,-12.63400,16.47900
65.4445,795273,-0.50879,0.03418,0.91284,-4.08900,-13.36700,16.78500
65.4445,795283,-0.50488,0.02808,0.89844,-3.72300,-13.55000,16.72400
65.4761,795293,-0.52319,0.02026,0.89697,-3.05200,-11.84100,16.23500
65.4918,795303,-0.50171,0.02002,0.90552,-2.93000,-11.96300,16.78500
65.4918,795313,-0.51050,0.03833,0.92139,-3.47900,-11.78000,16.41800
65.4986,795323,-0.52612,0.02808,0.91382,-3.23500,-12.45100,16.84600
65.5141,795333,-0.53223,0.03906,0.92236,-3.41800,-12.20700,16.23500
65.5141,795343,-0.52441,0.02100,0.92334,-4.15000,-12.08500,16.78500
65.5244,795353,-0.53955,0.01758,0.93530,-4.63900,-12.57300,16.90700
65.5392,795363,-0.52661,0.01880,0.93066,-4.33300,-11.04700,16.23500
65.5552,795373,-0.51538,0.02441,0.90356,-4.82200,-11.78000,16.47900
65.5552,795383,-0.51270,0.01074,0.90576,-3.84500,-11.71900,15.62500
65.5613,795393,-0.51245,0.02295,0.89868,-3.84500,-11.53600,15.93000
65.5867,795403,-0.50684,0.01221,0.91064,-4.33300,-11.23000,16.84600
65.5867,795413,-0.51099,0.02100,0.89941,-4.27200,-11.65800,15.99100
65.5981,795423,-0.51416,0.03540,0.89014,-3.96700,-11.90200,17.27300
65.6045,795433,-0.52344,0.02979,0.90356,-4.21100,-12.08500,16.78500
65.6183,795443,-0.54321,0.01147,0.91162,-3.90600,-12.26800,16.60200
65.6218,795453,-0.52881,0.02246,0.90796,-3.47900,-12.57300,16.96800
65.6370,795463,-0.53784,0.03394,0.91138,-4.02800,-12.39000,16.41800
65.6657,795473,-0.52905,0.02368,0.92261,-3.84500,-11.90200,16.05200
65.6657,795483,-0.53369,0.02832,0.92310,-3.90600,-12.81700,17.02900
65.6657,795493,-0.53174,0.03247,0.91406,-4.27200,-12.93900,17.15100
65.6814,795503,-0.50903,0.03271,0.88916,-4.63900,-12.51200,15.44200
65.7163,795513,-0.52612,0.02856,0.89624,-3.60100,-12.81700,16.23500
65.7163,795523,-0.52759,0.03906,0.91309,-4.45600,-13.42800,16.41800
65.7163,795533,-0.51904,0.02930,0.89697,-3.84500,-12.14600,15.38100
65.7764,795543,-0.52051,0.03345,0.90918,-4.08900,-13.12300,16.29600
65.7764,795553,-0.51636,0.04468,0.90234,-3.41800,-12.93900,16.29600
65.7764,795563,-0.53491,0.02759,0.90723,-4.02800,-13.12300,16.60200
65.7764,795573,-0.52295,0.03418,0.88818,-3.35700,-13.18400,17.27300
65.7764,795583,-0.54395,0.03076,0.88794,-3.41800,-13.79400,16.78500
65.7764,795593,-0.53540,0.02026,0.90845,-4.15000,-14.58700,16.96800
65.7764,795603,-0.54541,0.03418,0.91699,-3.90600,-13.79400,16.41800
65.8081,795613,-0.52295,0.02930,0.90283,-3.84500,-13.79400,16.11300
65.8378,795623,-0.54028,0.03247,0.90356,-4.21100,-14.09900,15.80800
65.8378,795633,-0.52832,-0.00415,0.91431,-4.27200,-14.89300,16.96800
65.8378,795643,-0.51807,0.01929,0.89355,-4.02800,-14.28200,15.38100
65.8378,795653,-0.52393,0.00586,0.92749,-3.90600,-14.28200,15.80800
65.8399,795663,-0.52905,0.02344,0.90723,-4.15000,-15.25900,16.17400
65.8614,795673,-0.52930,0.03247,0.91504,-4.21100,-15.13700,16.35700
65.8614,795683,-0.52832,0.01831,0.91113,-3.84500,-16.11300,17.39500
65.8685,795693,-0.52051,0.01416,0.90430,-3.72300,-15.13700,15.80800
65.8936,795703,-0.52051,0.01367,0.89893,-3.54000,-14.58700,16.54100
65.8936,795713,-0.53662,0.02222,0.89624,-3.90600,-15.99100,16.96800
65.8936,795723,-0.53125,0.03687,0.91235,-4.45600,-15.80800,17.02900
65.9149,795733,-0.53442,0.02930,0.91284,-4.08900,-16.66300,17.33400
65.9181,795743,-0.53369,0.01196,0.91577,-3.41800,-15.38100,15.80800
65.9861,795753,-0.52124,0.02148,0.92798,-4.02800,-17.09000,16.78500
65.9861,795763,-0.53564,0.01562,0.89941,-3.23500,-15.93000,16.11300
65.9868,795773,-0.51611,0.03540,0.92676,-3.54000,-15.99100,15.50300
65.9868,795783,-0.52051,0.03247,0.89307,-3.90600,-16.29600,15.07600
66.0022,795826,-0.52515,0.02441,0.89062,-4.15000,-17.94400,17.63900
66.0127,795828,-0.52515,0.02441,0.89062,-4.15000,-17.94400,17.63900
66.0127,795829,-0.52515,0.02441,0.89062,-4.15000,-17.94400,17.63900
66.0127,795831,-0.53418,0.02075,0.89160,-3.96700,-17.57800,17.21200
66.0127,795833,-0.53418,0.02075,0.89160,-3.96700,-17.57800,17.21200
66.0153,795843,-0.52588,0.03271,0.91406,-3.11300,-16.23500,15.62500
66.0284,795853,-0.53442,0.02100,0.90283,-3.35700,-16.17400,15.80800
66.0284,795863,-0.52295,0.03320,0.88867,-3.84500,-16.72400,15.99100
66.0499,795873,-0.54395,0.02319,0.90698,-3.84500,-17.82200,17.15100
66.0602,795883,-0.52954,0.01392,0.93018,-3.90600,-17.39500,16.78500
66.0602,795893,-0.53345,0.02075,0.91968,-4.21100,-17.82200,16.47900
66.0761,795903,-0.52173,0.01562,0.92920,-3.60100,-17.09000,16.05200
66.0761,795913,-0.49585,0.03076,0.89648,-4.15000,-17.39500,16.17400
66.1080,795923,-0.52515,0.01562,0.91187,-4.33300,-17.15100,15.93000
66.1080,795933,-0.52881,0.01123,0.89453,-4.27200,-16.78500,15.68600
66.1155,795943,-0.51929,0.01147,0.90942,-3.66200,-16.72400,16.78500
66.1407,795953,-0.52002,0.00122,0.91162,-3.96700,-17.02900,16.60200
66.1407,795963,-0.52686,0.02100,0.92139,-4.02800,-16.66300,16.60200
66.1407,795973,-0.51611,0.02539,0.91235,-3.60100,-17.15100,16.96800
66.1726,795983,-0.50977,0.01709,0.91602,-3.78400,-15.07600,15.62500
66.1726,795993,-0.51318,0.02319,0.88501,-3.90600,-15.99100,16.35700
66.1726,796003,-0.53027,0.02759,0.91357,-3.84500,-16.96800,16.47900
66.1869,796013,-0.53027,0.02368,0.91992,-4.27200,-17.70000,18.73800
66.2027,796023,-0.52417,0.02466,0.91870,-4.02800,-15.44200,15.74700
66.2027,796033,-0.52563,0.03467,0.92285,-3.60100,-15.25900,16.05200
66.2186,796043,-0.51831,0.03076,0.90894,-3.54000,-15.50300,16.23500
66.2339,796053,-0.52661,0.03760,0.91455,-4.88300,-15.32000,16.41800
66.2339,796063,-0.51099,0.02905,0.91626,-4.27200,-14.77100,16.78500
66.2497,796073,-0.52490,0.02734,0.92334,-3.78400,-13.36700,14.95400
66.2817,796083,-0.51367,0.02759,0.89771,-3.96700,-15.74700,16.90700
66.2817,796093,-0.51440,0.03711,0.91943,-3.72300,-14.03800,15.50300
66.2817,796103,-0.50269,0.03589,0.90552,-3.84500,-14.64800,15.86900
66.2864,796113,-0.52515,0.01733,0.92432,-3.96700,-13.48900,15.25900
66.3061,796123,-0.50220,0.03662,0.90918,-3.54000,-13.91600,17.02900
66.3084,796133,-0.50928,0.03223,0.90454,-4.02800,-13.42800,15.93000
66.3174,796143,-0.51074,0.02515,0.90576,-3.35700,-12.45100,14.77100
66.3294,796153,-0.51660,0.03833,0.91602,-4.27200,-13.97700,16.72400
66.3347,796163,-0.53369,0.01196,0.93188,-3.54000,-13.36700,16.35700
66.3466,796173,-0.51660,0.02979,0.92163,-4.08900,-13.00000,16.96800
66.3813,796183,-0.51904,0.02026,0.91089,-3.47900,-12.81700,16.35700
66.3813,796193,-0.52271,0.01807,0.91772,-4.02800,-12.14600,15.50300
66.3813,796203,-0.52539,0.02588,0.92065,-4.02800,-12.26800,16.35700
66.3965,796213,-0.52588,0.01929,0.90918,-3.84500,-12.26800,16.17400
66.3997,796223,-0.51367,0.02148,0.90039,-4.02800,-12.26800,16.11300
66.4082,796233,-0.50342,0.02222,0.91479,-3.66200,-12.08500,15.86900
66.4164,796243,-0.52368,0.03125,0.90894,-4.21100,-12.63400,16.54100
66.4275,796253,-0.51270,0.02588,0.90161,-4.15000,-12.51200,16.90700
66.4417,796263,-0.51489,0.01831,0.90186,-3.60100,-11.35300,16.23500
66.4417,796273,-0.51831,0.01904,0.90625,-3.90600,-11.65800,16.23500
66.4562,796283,-0.52246,0.02539,0.92090,-3.05200,-11.23000,16.17400
66.4723,796293,-0.52979,0.03516,0.91772,-4.51700,-11.78000,16.60200
66.4723,796303,-0.51880,0.03711,0.90137,-3.84500,-12.20700,17.02900
66.4901,796313,-0.53198,0.01953,0.91309,-3.54000,-11.90200,16.78500
66.5020,796323,-0.52612,0.02832,0.90576,-4.27200,-12.32900,17.27300
66.5058,796333,-0.51318,0.03027,0.90894,-4.39500,-11.71900,16.35700
66.5193,796343,-0.52930,0.03589,0.90625,-4.51700,-11.59700,16.78500
66.5351,796353,-0.51831,0.02417,0.91016,-4.21100,-11.84100,17.09000
66.5351,796363,-0.53052,0.02759,0.91187,-4.27200,-12.51200,17.15100
66.5471,796373,-0.51318,0.02197,0.91553,-3.90600,-10.31500,16.35700
66.5523,796383,-0.52954,0.02197,0.90234,-4.27200,-11.04700,15.56400
66.5829,796393,-0.52344,0.03247,0.89258,-3.66200,-10.80300,16.29600
66.5829,796403,-0.51440,0.02759,0.91577,-4.08900,-12.02400,16.35700
66.5829,796413,-0.52783,0.01025,0.90527,-4.08900,-11.59700,17.70000
66.6062,796423,-0.52246,0.02808,0.88501,-4.39500,-12.75600,17.70000
66.6189,796433,-0.53296,0.02124,0.91187,-3.90600,-11.16900,16.11300
66.6189,796443,-0.53394,0.01880,0.90869,-3.35700,-10.74200,15.93000
66.6310,796453,-0.53394,0.02344,0.90576,-4.08900,-12.20700,16.66300
66.6310,796463,-0.53076,0.01562,0.92334,-3.78400,-11.59700,16.66300
66.6456,796473,-0.51392,0.02612,0.89917,-4.08900,-11.35300,16.66300
66.6616,796483,-0.52954,0.03198,0.90479,-3.78400,-11.78000,16.84600
66.6776,796493,-0.52246,0.04150,0.90869,-3.35700,-10.19300,14.95400
66.6776,796503,-0.52881,0.02246,0.91040,-4.02800,-11.96300,16.47900
66.6936,796513,-0.53394,0.02075,0.90894,-3.90600,-11.59700,15.56400
66.6936,796523,-0.52856,0.01514,0.89771,-4.33300,-11.59700,15.25900
66.7093,796533,-0.52441,0.03784,0.89771,-4.21100,-11.16900,16.05200
66.7165,796543,-0.52368,0.02344,0.90723,-4.57800,-11.78000,16.90700
66.7250,796553,-0.51318,0.02393,0.90308,-4.21100,-11.53600,15.86900
66.7478,796563,-0.51709,0.02637,0.89404,-4.45600,-12.69500,16.72400
66.7495,796573,-0.53931,0.01636,0.89893,-4.15000,-12.02400,16.29600
66.7561,796583,-0.52612,0.02246,0.89917,-3.78400,-13.06200,16.96800
66.7702,796593,-0.53613,0.02881,0.89526,-3.96700,-12.63400,16.17400
66.7880,796603,-0.54688,0.02490,0.90820,-4.02800,-11.16900,15.38100
66.7896,796613,-0.53125,0.03491,0.89966,-4.15000,-12.63400,16.41800
66.7923,796623,-0.52295,0.02612,0.89697,-4.57800,-13.79400,17.27300
66.8027,796633,-0.53467,0.02051,0.90747,-3.54000,-12.63400,15.56400
66.8216,796643,-0.53613,0.02441,0.89917,-3.54000,-11.71900,15.19800
66.8216,796653,-0.53589,0.04346,0.89258,-3.54000,-12.26800,15.80800
66.8499,796663,-0.55200,0.01562,0.89673,-3.90600,-13.61100,17.15100
66.8529,796673,-0.52612,0.02344,0.89673,-3.60100,-11.90200,16.11300
66.8626,796683,-0.53027,0.02588,0.88599,-3.96700,-13.24500,16.47900
66.8805,796693,-0.53833,0.01880,0.90649,-3.72300,-12.14600,15.25900
66.9123,796703,-0.53418,0.02856,0.89600,-4.51700,-13.06200,16.41800
66.9123,796713,-0.53955,0.03003,0.88916,-4.27200,-13.18400,16.41800
66.9123,796723,-0.54419,0.02100,0.90283,-3.96700,-12.87800,16.54100
66.9123,796733,-0.54248,0.01855,0.88770,-3.90600,-12.32900,16.05200
66.9170,796743,-0.53369,0.01050,0.89380,-3.29600,-12.02400,15.93000
66.9281,796753,-0.53467,0.02759,0.90796,-3.29600,-12.20700,15.74700
66.9311,796763,-0.53467,0.03345,0.90283,-3.66200,-12.63400,16.35700
66.9440,796773,-0.54639,0.01538,0.89941,-3.90600,-13.18400,16.47900
66.9597,796783,-0.55200,0.01099,0.91040,-3.78400,-13.61100,16.05200
66.9597,796793,-0.56128,0.02319,0.90332,-4.21100,-13.30600,17.09000
66.9916,796803,-0.53760,0.01660,0.91064,-3.78400,-12.81700,15.74700
66.9916,796813,-0.52197,0.02197,0.90430,-4.21100,-12.32900,15.50300
66.9916,796823,-0.52441,0.02808,0.89575,-4.15000,-14.34300,17.21200
67.0171,796833,-0.54272,0.02734,0.89941,-4.15000,-12.87800,17.15100
67.0255,796843,-0.54004,0.02246,0.89404,-3.78400,-12.87800,15.86900
67.0265,796853,-0.52783,0.03076,0.88574,-3.72300,-13.30600,16.90700
67.0382,796863,-0.54639,0.01953,0.90137,-3.54000,-12.87800,15.93000
67.0854,796873,-0.54736,0.02393,0.90063,-3.17400,-13.06200,15.68600
67.0854,796883,-0.51416,0.03003,0.88770,-3.78400,-12.51200,15.99100
67.0854,796893,-0.55688,0.02002,0.91724,-3.54000,-12.75600,15.86900
67.0854,796903,-0.53516,0.03076,0.89160,-3.72300,-12.26800,15.44200
67.0854,796913,-0.54712,0.02612,0.91382,-3.78400,-13.79400,17.21200
67.0854,796923,-0.53589,0.04028,0.89673,-4.02800,-13.55000,16.78500
67.1016,796933,-0.53809,0.03174,0.89819,-3.78400,-12.93900,16.29600
67.1180,796943,-0.56348,0.02319,0.88428,-3.90600,-12.81700,15.80800
67.1223,796953,-0.53296,0.04077,0.89087,-3.54000,-13.18400,16.66300
67.1329,796963,-0.53613,0.01636,0.89136,-4.08900,-13.36700,16.54100
67.1533,796973,-0.54175,0.01245,0.89014,-4.21100,-13.55000,16.66300
67.1568,796983,-0.53467,0.02490,0.88599,-4.21100,-13.30600,16.78500
67.1650,796993,-0.52051,0.02539,0.89722,-3.47900,-11.96300,15.32000
67.1711,797003,-0.54248,0.02515,0.88965,-4.02800,-13.97700,17.09000
67.1962,797013,-0.53662,0.01343,0.88818,-3.90600,-13.48900,15.99100
67.1962,797023,-0.53687,0.03198,0.90820,-3.47900,-11.96300,15.68600
67.1962,797033,-0.53906,0.02466,0.89917,-3.78400,-13.42800,16.23500
67.2183,797043,-0.54346,0.02832,0.89453,-3.60100,-13.42800,16.60200
67.2292,797053,-0.54102,0.03540,0.89233,-3.96700,-13.42800,16.60200
67.2499,797063,-0.53882,0.02100,0.89575,-3.72300,-12.20700,15.19800
67.2499,797073,-0.55200,0.03296,0.89746,-4.15000,-13.12300,16.72400
67.2636,797083,-0.54980,0.01587,0.90698,-4.02800,-12.57300,16.05200
67.2636,797093,-0.55640,0.01685,0.89087,-4.08900,-12.63400,16.35700
67.2797,797103,-0.55249,0.01978,0.90454,-3.90600,-12.81700,16.11300
67.2942,797113,-0.53613,0.02295,0.89355,-3.72300,-11.04700,15.19800
67.2942,797123,-0.54712,0.02368,0.90967,-4.02800,-12.63400,16.47900
67.3071,797133,-0.54150,0.02637,0.90576,-4.21100,-11.90200,16.29600
67.3255,797143,-0.51733,0.01978,0.88965,-4.21100,-11.90200,17.02900
67.3255,797153,-0.53687,0.04053,0.89844,-3.78400,-12.20700,16.54100
67.3391,797163,-0.54541,0.03320,0.88916,-4.21100,-11.59700,16.35700
67.4039,797173,-0.54272,0.04004,0.89502,-4.33300,-11.16900,16.35700
67.4039,797183,-0.55664,0.02368,0.88623,-3.72300,-12.08500,17.51700
67.4261,797193,-0.54517,0.03809,0.88696,-4.33300,-10.92500,16.47900
67.4261,797203,-0.54907,0.02490,0.88794,-3.66200,-10.80300,16.47900
67.4261,797213,-0.54883,0.03467,0.89136,-3.96700,-10.74200,17.09000
67.4261,797223,-0.54761,0.03149,0.89233,-3.84500,-11.53600,17.57800
67.4501,797233,-0.55664,0.02539,0.89868,-3.78400,-9.21600,14.89300
67.4501,797243,-0.55493,0.03149,0.88599,-3.78400,-9.46000,16.54100
67.4501,797253,-0.54736,0.02124,0.88379,-3.72300,-9.03300,16.29600
67.4501,797263,-0.55273,0.03955,0.88013,-4.33300,-9.46000,15.80800
67.4501,797273,-0.54517,0.02539,0.87866,-3.23500,-7.44600,15.56400
67.4611,797283,-0.54150,0.02490,0.87695,-3.54000,-8.30100,15.56400
67.4642,797293,-0.54346,0.02393,0.87402,-3.96700,-7.62900,16.60200
67.4792,797303,-0.55835,0.01855,0.89209,-4.27200,-7.32400,16.90700
67.4953,797313,-0.55640,0.03198,0.88965,-3.54000,-7.14100,16.35700
67.4953,797323,-0.54761,0.02759,0.88965,-3.41800,-7.44600,16.11300
67.5111,797333,-0.55566,0.01685,0.87842,-3.60100,-6.53100,16.35700
67.5192,797343,-0.56494,0.01929,0.89038,-3.35700,-6.10400,16.72400
67.5280,797353,-0.57031,0.02783,0.87476,-4.21100,-6.53100,16.60200
67.5316,797363,-0.57227,0.02002,0.88403,-3.90600,-5.37100,16.11300
67.5498,797373,-0.55615,0.03027,0.87915,-4.15000,-5.31000,16.17400
67.5641,797383,-0.56372,0.02271,0.88062,-3.84500,-4.94400,15.32000
67.5641,797393,-0.54590,0.03809,0.87036,-4.45600,-4.76100,16.78500
67.5804,797403,-0.57275,0.03198,0.87451,-4.15000,-5.06600,16.96800
67.6059,797413,-0.56763,0.02271,0.87988,-4.08900,-4.57800,16.78500
67.6059,797423,-0.56445,0.03979,0.87109,-3.84500,-4.27200,16.23500
67.6059,797433,-0.56982,0.01880,0.87134,-4.08900,-3.90600,16.23500
67.6221,797443,-0.56348,0.01367,0.88501,-3.35700,-2.62500,16.05200
67.6231,797453,-0.56982,0.01538,0.88550,-3.47900,-2.68600,16.23500
67.6368,797463,-0.57300,0.02563,0.86890,-4.15000,-2.07500,16.11300
67.6368,797473,-0.57837,0.03369,0.87622,-3.96700,-2.74700,16.41800
67.6555,797483,-0.57544,0.03467,0.86816,-4.27200,-1.89200,16.72400
67.6703,797493,-0.56909,0.02100,0.86646,-3.72300,-0.97700,15.86900
67.6703,797503,-0.57910,0.03979,0.87500,-3.84500,-2.07500,15.93000
67.6875,797513,-0.58130,0.02393,0.86743,-3.78400,-2.25800,16.78500
67.7007,797523,-0.57886,0.02148,0.87305,-3.41800,-0.61000,15.93000
67.7007,797533,-0.58789,0.02979,0.86743,-4.21100,-0.36600,16.66300
67.7196,797543,-0.58105,0.02930,0.85181,-4.27200,-1.03800,17.09000
67.7634,797553,-0.58838,0.01562,0.85449,-3.96700,0.42700,14.89300
67.7634,797563,-0.60181,0.02026,0.84839,-3.78400,-0.06100,16.23500
67.7634,797573,-0.60767,0.01587,0.86279,-3.72300,1.28200,16.54100
67.7634,797583,-0.59375,0.02686,0.84912,-4.15000,0.36600,17.21200
67.7634,797593,-0.60742,0.02490,0.84326,-4.39500,0.97700,17.15100
67.7795,797603,-0.60059,0.01782,0.85229,-3.54000,2.25800,15.56400
67.7795,797613,-0.60474,0.03491,0.84009,-3.72300,2.31900,15.01500
67.7994,797623,-0.59253,0.01465,0.84766,-3.78400,2.19700,14.95400
67.8721,797633,-0.61694,0.01953,0.83228,-3.60100,2.01400,15.74700
67.8721,797643,-0.60645,0.02124,0.86255,-4.33300,2.01400,17.21200
67.8721,797653,-0.61670,0.03857,0.85229,-4.02800,2.80800,15.86900
67.8721,797663,-0.62354,0.00977,0.85327,-4.33300,1.83100,16.84600
67.8721,797673,-0.62183,0.02051,0.84839,-3.60100,3.11300,15.93000
67.8746,797683,-0.61401,0.02222,0.84326,-3.78400,2.99100,16.72400
67.8746,797693,-0.60693,0.01782,0.82788,-3.54000,3.72300,16.23500
67.8746,797703,-0.61646,0.02930,0.83472,-3.47900,4.08900,15.80800
67.9250,797713,-0.62451,0.02612,0.83643,-4.21100,3.60100,15.99100
67.9250,797723,-0.62769,0.01978,0.83154,-3.47900,5.43200,15.50300
67.9250,797733,-0.62671,0.04736,0.84326,-3.84500,5.61500,15.13700
67.9250,797743,-0.62329,0.02002,0.84839,-3.47900,5.06600,15.62500
67.9390,797753,-0.63232,0.04175,0.82935,-3.66200,5.92000,15.86900
67.9390,797763,-0.63574,0.02930,0.82739,-4.08900,5.24900,16.41800
67.9447,797773,-0.63818,0.03809,0.81860,-3.47900,5.92000,16.78500
67.9547,797783,-0.64575,0.03247,0.82690,-4.39500,5.43200,16.84600
68.0008,797828,-0.66235,0.01147,0.81519,-4.08900,6.40900,17.33400
68.0136,797829,-0.66235,0.01147,0.81519,-4.08900,6.40900,17.33400
68.0174,797830,-0.66260,0.02637,0.80420,-4.21100,6.95800,16.29600
68.0174,797832,-0.66260,0.02637,0.80420,-4.21100,6.95800,16.29600
68.0174,797833,-0.66260,0.02637,0.80420,-4.21100,6.95800,16.29600
68.0200,797843,-0.67090,0.01440,0.82056,-3.78400,7.08000,16.66300
68.0493,797853,-0.65698,0.02979,0.79712,-3.35700,8.48400,15.93000
68.0493,797863,-0.65674,0.03076,0.80347,-3.66200,7.81200,16.05200
68.0493,797873,-0.67114,0.02783,0.80249,-4.02800,9.27700,16.11300
68.0493,797883,-0.67310,0.03540,0.79565,-3.60100,10.01000,15.74700
68.0638,797893,-0.65234,0.02100,0.81152,-3.72300,8.97200,16.47900
68.0831,797903,-0.67944,0.01294,0.78784,-3.78400,9.27700,15.99100
68.0850,797913,-0.68286,0.03027,0.79565,-3.72300,10.49800,15.32000
68.0960,797923,-0.67700,0.04102,0.80640,-4.02800,10.25400,16.17400
68.1195,797933,-0.67847,0.00903,0.80737,-3.54000,10.19300,15.86900
68.1195,797943,-0.67456,0.01685,0.77734,-4.21100,9.88800,16.72400
68.1278,797953,-0.69360,0.02637,0.78906,-3.90600,11.41400,15.68600
68.1316,797963,-0.70264,0.01660,0.78125,-3.84500,10.74200,16.84600
68.1435,797973,-0.70044,0.03442,0.76172,-4.02800,11.29200,16.54100
68.1595,797983,-0.69189,0.02124,0.77075,-3.90600,11.16900,18.06600
68.1772,797993,-0.70435,0.02588,0.77954,-3.96700,12.75600,15.50300
68.1772,798003,-0.70532,0.01636,0.75732,-3.72300,13.00000,16.11300
68.1910,798013,-0.72095,0.01245,0.76562,-3.84500,12.69500,16.72400
68.1988,798023,-0.71265,0.02393,0.76514,-3.66200,13.06200,15.86900
68.2223,798033,-0.72827,0.02637,0.75439,-3.23500,13.79400,16.60200
68.2223,798043,-0.72949,0.02368,0.75171,-3.84500,12.45100,17.21200
68.2223,798053,-0.71631,0.02759,0.73999,-3.29600,14.16000,15.62500
68.2383,798063,-0.72949,0.02271,0.73486,-4.51700,12.69500,17.15100
68.2383,798073,-0.73804,0.01953,0.74780,-4.15000,14.03800,16.47900
68.2565,798083,-0.73877,0.02319,0.73291,-4.57800,13.36700,16.84600
68.2702,798093,-0.73096,0.02637,0.71704,-4.63900,14.03800,16.17400
68.2702,798103,-0.73999,0.02905,0.72412,-4.21100,13.85500,16.47900
68.2861,798113,-0.76196,0.01611,0.72168,-4.39500,15.50300,15.38100
68.2861,798123,-0.76147,0.01318,0.71265,-4.08900,15.13700,16.23500
68.3199,798133,-0.75439,0.01978,0.70630,-4.39500,14.95400,16.47900
68.3199,798143,-0.76221,0.02930,0.68701,-4.02800,15.13700,16.23500
68.3313,798153,-0.77856,0.03003,0.68677,-4.02800,14.95400,15.80800
68.3407,798163,-0.78394,0.01904,0.67163,-3.66200,15.50300,16.35700
68.3488,798173,-0.78491,0.00562,0.68579,-4.39500,14.03800,16.47900
68.3488,798183,-0.79175,0.02637,0.66187,-3.84500,14.70900,16.17400
68.3646,798193,-0.77954,0.02246,0.67017,-4.08900,15.68600,15.13700
68.3803,798203,-0.80298,0.02368,0.67407,-3.29600,14.95400,15.32000
68.3803,798213,-0.79639,0.01489,0.66748,-4.15000,13.42800,16.11300
68.4016,798223,-0.79590,0.02100,0.67749,-3.41800,13.36700,15.93000
68.4274,798233,-0.79395,0.02734,0.65479,-3.47900,13.12300,15.56400
68.4274,798243,-0.80200,0.02417,0.67212,-2.93000,14.34300,15.13700
68.4274,798253,-0.77881,0.03027,0.68115,-3.11300,13.12300,16.35700
68.4274,798263,-0.78540,0.03320,0.67700,-3.41800,12.81700,15.99100
68.4435,798273,-0.78540,0.01392,0.67383,-3.96700,12.87800,17.33400
68.4596,798283,-0.79541,0.02637,0.68359,-3.47900,14.16000,15.32000
68.4596,798293,-0.80688,0.02637,0.67871,-3.72300,12.93900,17.09000
68.4914,798303,-0.80273,0.02954,0.66626,-4.02800,12.63400,16.72400
68.4914,798313,-0.80200,0.02954,0.67529,-3.96700,12.57300,16.29600
68.4914,798323,-0.82593,0.03125,0.65576,-4.08900,12.87800,16.84600
68.5549,798333,-0.82910,0.03052,0.65869,-4.08900,13.24500,16.72400
68.5549,798343,-0.81714,0.02637,0.64307,-4.63900,12.14600,16.96800
68.5549,798353,-0.83179,0.01270,0.63867,-4.02800,12.57300,16.90700
68.5549,798363,-0.84619,0.01416,0.64209,-4.15000,12.63400,15.32000
68.5708,798373,-0.84302,0.02295,0.61548,-4.27200,12.51200,16.35700
68.5708,798383,-0.84497,0.02148,0.61401,-4.33300,10.80300,16.66300
68.5708,798393,-0.84106,0.01440,0.60352,-4.57800,11.16900,15.56400
68.5814,798403,-0.83716,0.02466,0.59644,-4.21100,10.37600,16.41800
68.5903,798413,-0.83936,0.01294,0.60645,-3.78400,10.13200,16.11300
68.5997,798423,-0.84302,0.01685,0.58813,-3.23500,8.60600,16.96800
68.6064,798433,-0.84863,0.00806,0.59619,-3.84500,9.15500,16.66300
68.6334,798443,-0.85156,0.01685,0.60400,-3.29600,8.24000,16.66300
68.6334,798453,-0.85229,0.01733,0.60669,-3.84500,7.62900,17.09000
68.6334,798463,-0.84717,0.02148,0.59888,-3.29600,7.50700,15.93000
68.6493,798473,-0.85962,0.02344,0.60474,-3.29600,7.01900,16.60200
68.6493,798483,-0.85156,0.01465,0.60767,-3.05200,7.87400,15.01500
68.6654,798493,-0.84424,0.02563,0.62109,-3.78400,6.83600,16.41800
68.6654,798503,-0.85449,0.02539,0.61597,-3.84500,6.22600,17.09000
68.6923,798513,-0.87256,0.01514,0.60693,-4.02800,6.77500,16.54100
68.7005,798523,-0.86426,0.02026,0.59253,-4.15000,5.85900,15.80800
68.7095,798533,-0.85645,0.02026,0.58594,-4.51700,6.04200,16.78500
68.7318,798543,-0.86987,0.02856,0.55713,-4.21100,5.73700,15.68600
68.7318,798553,-0.87793,0.02148,0.56885,-3.90600,5.00500,16.29600
68.7318,798563,-0.87744,0.02979,0.55615,-4.45600,4.51700,15.74700
68.7442,798573,-0.89087,0.02344,0.54321,-4.21100,4.08900,17.33400
68.7758,798583,-0.89087,0.02856,0.55200,-4.15000,3.90600,16.29600
68.7758,798593,-0.88208,0.02246,0.54224,-3.96700,3.90600,15.93000
68.7838,798603,-0.88428,0.02295,0.53687,-3.84500,3.35700,16.23500
68.7838,798613,-0.88672,0.01489,0.55664,-3.54000,1.77000,15.93000
68.7931,798623,-0.88647,0.03491,0.54224,-3.78400,1.89200,15.86900
68.8111,798633,-0.88794,0.02368,0.54712,-3.78400,0.61000,15.93000
68.8234,798643,-0.88037,0.02734,0.53418,-3.60100,0.91600,15.44200
68.8234,798653,-0.88159,0.03149,0.56128,-3.78400,0.42700,15.62500
68.8391,798663,-0.88989,0.01733,0.54077,-3.96700,0.00000,16.11300
68.8423,798673,-0.88037,0.02173,0.54980,-4.27200,-2.31900,16.35700
68.8708,798683,-0.87549,0.02637,0.54688,-3.66200,-1.95300,17.02900
68.8708,798693,-0.87915,0.02271,0.52197,-3.60100,-1.46500,16.60200
68.8708,798703,-0.87793,0.02954,0.53027,-3.90600,-0.85400,15.74700
68.8861,798713,-0.88232,0.02954,0.52515,-3.72300,-1.46500,15.93000
68.8861,798723,-0.88550,0.01562,0.54785,-3.90600,-2.62500,16.66300
68.9033,798733,-0.88379,0.02417,0.54199,-4.15000,-2.74700,16.72400
68.9200,798743,-0.90356,0.02100,0.51758,-3.29600,-3.11300,16.23500
68.9200,798753,-0.89893,0.01221,0.52271,-4.39500,-3.96700,17.09000
68.9370,798763,-0.90259,0.01709,0.52759,-3.47900,-3.84500,17.02900
68.9499,798773,-0.90137,0.02319,0.53198,-3.90600,-4.63900,17.02900
68.9517,798783,-0.89844,0.02051,0.51538,-4.51700,-6.04200,16.78500
68.9658,798793,-0.88599,0.01831,0.51416,-4.15000,-5.67600,16.60200
68.9658,798803,-0.90161,0.02515,0.50024,-4.08900,-5.24900,14.77100
68.9817,798813,-0.89404,0.01855,0.52295,-4.08900,-6.77500,16.60200
68.9989,798823,-0.89502,0.02661,0.50562,-3.60100,-7.99600,17.02900
68.9989,798833,-0.89478,0.02246,0.51196,-4.08900,-6.47000,16.54100
69.0211,798843,-0.88647,0.03027,0.49854,-3.84500,-7.26300,15.86900
69.0296,798853,-0.91504,0.02368,0.52734,-3.84500,-9.52100,17.39500
69.0296,798863,-0.89600,0.01807,0.52588,-3.60100,-8.97200,16.41800
69.0453,798873,-0.90747,0.03564,0.51782,-3.54000,-8.85000,15.50300
69.0611,798883,-0.90869,0.01904,0.50830,-3.35700,-9.39900,16.35700
69.0611,798893,-0.89868,0.03149,0.49780,-4.57800,-10.80300,17.39500
69.0767,798903,-0.89990,0.02417,0.51904,-3.90600,-10.62000,16.41800
69.0767,798913,-0.90454,0.02637,0.51318,-3.96700,-11.96300,17.39500
69.0926,798923,-0.90356,0.01660,0.52148,-3.96700,-11.16900,16.29600
69.1084,798933,-0.89868,0.01538,0.50269,-3.66200,-11.96300,16.72400
69.1201,798943,-0.90234,0.02441,0.50073,-4.57800,-13.06200,17.15100
69.1439,798953,-0.89868,0.03247,0.51099,-4.33300,-13.12300,16.47900
69.1439,798963,-0.90918,0.01489,0.50977,-4.21100,-13.42800,17.09000
69.1439,798973,-0.91357,0.01880,0.51904,-4.15000,-14.16000,17.33400
69.1562,798983,-0.90796,0.03467,0.50220,-3.90600,-13.36700,16.66300
69.1723,798993,-0.90137,0.02563,0.49316,-3.90600,-15.25900,17.45600
69.1723,799003,-0.91504,0.01270,0.50488,-3.60100,-14.64800,16.66300
69.1882,799013,-0.89893,0.03027,0.49878,-3.54000,-15.32000,16.78500
69.1882,799023,-0.90259,0.02344,0.51001,-4.08900,-15.74700,17.57800
69.2040,799033,-0.91016,0.02246,0.51611,-4.21100,-15.68600,16.05200
69.2203,799043,-0.90796,0.02734,0.51538,-3.66200,-17.63900,16.17400
69.2298,799053,-0.91748,0.02173,0.50439,-4.08900,-18.00500,17.02900
69.2504,799063,-0.90796,0.02271,0.51294,-3.11300,-18.31100,16.35700
69.2510,799073,-0.89502,0.01416,0.52124,-3.29600,-17.02900,15.19800
69.2650,799083,-0.88647,0.01782,0.51147,-3.96700,-18.43300,15.80800
69.2683,799093,-0.90747,0.03027,0.50952,-4.76100,-19.04300,15.86900
69.2683,799103,-0.90503,0.00928,0.52246,-4.15000,-19.77500,16.66300
69.2983,799113,-0.90503,0.03223,0.51221,-3.90600,-19.16500,15.74700
69.2983,799123,-0.90601,0.02710,0.53198,-4.02800,-20.38600,16.17400
69.3044,799133,-0.89355,0.02002,0.50879,-4.02800,-20.14200,15.74700
69.3209,799143,-0.90161,0.02344,0.52832,-3.78400,-21.60600,17.27300
69.3467,799153,-0.89966,0.01782,0.52100,-4.02800,-22.46100,16.72400
69.3467,799163,-0.90503,0.02295,0.51221,-3.96700,-21.97300,16.66300
69.3492,799173,-0.89746,0.01978,0.51562,-4.15000,-22.76600,16.78500
69.3631,799183,-0.89990,0.01636,0.53027,-4.08900,-23.31500,16.84600
69.3631,799193,-0.89307,0.02710,0.51050,-4.27200,-23.62100,17.27300
69.3776,799203,-0.90552,0.02344,0.53271,-4.33300,-23.92600,15.38100
69.3916,799213,-0.89917,0.02417,0.51978,-4.33300,-24.41400,15.93000
69.3937,799223,-0.90820,0.01660,0.53687,-3.72300,-23.92600,15.25900
69.4097,799233,-0.89038,0.01562,0.52832,-3.41800,-25.57400,16.60200
69.4417,799243,-0.89478,0.01172,0.52783,-3.96700,-26.00100,16.29600
69.4417,799253,-0.89209,0.00415,0.54321,-3.84500,-26.18400,16.54100
69.4417,799263,-0.88770,0.00830,0.53076,-3.96700,-26.67200,16.41800
69.4417,799273,-0.87939,0.03784,0.53027,-3.66200,-27.34400,16.72400
69.4574,799283,-0.88403,0.02051,0.54346,-4.08900,-27.10000,16.35700
69.4731,799293,-0.89185,0.02246,0.54639,-4.08900,-27.46600,16.96800
69.4731,799303,-0.89526,0.01367,0.55249,-3.41800,-28.62500,16.66300
69.4888,799313,-0.89233,0.01367,0.54639,-4.21100,-29.05300,17.39500
69.4888,799323,-0.88672,0.03174,0.55762,-4.15000,-29.05300,16.17400
69.5143,799333,-0.89966,0.03442,0.55591,-3.78400,-28.99200,15.99100
69.5206,799343,-0.87378,0.02124,0.55127,-3.66200,-30.21200,17.21200
69.5523,799353,-0.89233,0.02271,0.56836,-4.33300,-29.23600,16.41800
69.5523,799363,-0.87402,0.00977,0.55054,-3.72300,-29.96800,16.29600
69.5523,799373,-0.87305,0.02490,0.53833,-3.90600,-31.18900,15.86900
69.5523,799383,-0.88062,0.03198,0.56567,-3.72300,-31.12800,15.62500
69.5681,799393,-0.87329,0.02856,0.55884,-3.90600,-31.37200,15.62500
69.5838,799403,-0.87061,0.02148,0.57397,-4.08900,-33.63000,16.96800
69.5838,799413,-0.86792,0.02075,0.58105,-4.02800,-33.32500,16.29600
69.6025,799423,-0.86938,0.03735,0.55225,-4.33300,-33.56900,16.60200
69.6147,799433,-0.86426,0.02490,0.56494,-3.84500,-33.63000,16.84600
69.6167,799443,-0.85815,0.03687,0.58398,-3.47900,-34.97300,17.51700
69.6308,799453,-0.85864,0.01978,0.57471,-3.96700,-34.66800,16.60200
69.6328,799463,-0.86133,0.02222,0.59058,-3.66200,-33.87500,15.56400
69.6630,799473,-0.85229,0.01562,0.58081,-3.35700,-35.88900,16.60200
69.6630,799483,-0.87378,0.01831,0.59277,-4.21100,-36.25500,16.60200
69.6717,799493,-0.84741,0.01855,0.58789,-3.47900,-35.27800,15.44200
69.6803,799503,-0.85791,0.04077,0.58179,-3.78400,-37.10900,16.84600
69.6913,799513,-0.85718,0.02856,0.59595,-3.66200,-36.86500,15.99100
69.6941,799523,-0.86597,0.01685,0.60059,-3.96700,-37.59800,17.51700
69.7130,799533,-0.84668,0.03271,0.61084,-4.27200,-38.75700,16.90700
69.7235,799543,-0.84351,0.01123,0.60254,-3.29600,-38.63500,16.23500
69.7393,799553,-0.84204,0.01514,0.60547,-3.96700,-38.94000,17.15100
69.7393,799563,-0.84082,0.02051,0.60669,-4.63900,-39.61200,17.70000
69.7552,799573,-0.84839,0.03467,0.63086,-4.27200,-39.79500,16.47900
69.7552,799583,-0.83032,0.02441,0.61255,-4.02800,-40.22200,16.11300
69.7623,799593,-0.83398,0.01685,0.62939,-4.27200,-41.32100,17.45600
69.8028,799603,-0.83008,0.01709,0.63281,-3.90600,-41.44300,17.33400
69.8028,799613,-0.82324,0.02295,0.63159,-3.90600,-41.80900,16.96800
69.8028,799623,-0.83716,0.01685,0.62891,-4.33300,-42.35800,16.96800
69.8129,799633,-0.83228,0.02515,0.64258,-4.02800,-42.60300,17.02900
69.8189,799643,-0.82227,0.02271,0.62915,-4.02800,-42.96900,16.41800
69.8280,799653,-0.80566,0.02856,0.64673,-3.96700,-43.88400,16.72400
69.8347,799663,-0.82642,0.02905,0.63647,-4.08900,-43.94500,16.11300
69.8508,799673,-0.81812,0.02612,0.65356,-3.60100,-44.12800,16.60200
69.8635,799683,-0.80054,0.03125,0.65308,-4.27200,-45.22700,17.51700
69.8665,799693,-0.80176,0.02246,0.64844,-4.33300,-46.02100,17.88300
69.8825,799703,-0.80054,0.02979,0.66089,-3.96700,-46.50900,16.47900
69.8839,799713,-0.80469,0.02515,0.66455,-3.60100,-45.95900,16.96800
69.8987,799723,-0.80420,0.02710,0.66821,-4.39500,-45.95900,16.78500
69.8987,799733,-0.81055,0.02515,0.68140,-4.33300,-48.58400,17.82200
69.9221,799743,-0.79321,0.03149,0.68628,-4.15000,-47.97400,17.21200
69.9307,799753,-0.79883,0.02197,0.67432,-4.51700,-48.27900,16.90700
69.9307,799763,-0.77930,0.02271,0.69922,-3.72300,-49.01100,16.72400
69.9465,799773,-0.79614,0.02222,0.69653,-4.08900,-48.27900,17.02900
69.9622,799783,-0.77637,0.03198,0.69141,-3.78400,-48.15700,15.13700
70.0103,799828,-0.75635,0.02344,0.70264,-3.90600,-51.81900,15.93000
70.0103,799830,-0.75635,0.02344,0.70264,-3.90600,-51.81900,15.93000
70.0103,799831,-0.75635,0.02344,0.70264,-3.90600,-51.81900,15.93000
70.0103,799833,-0.75635,0.02344,0.70264,-3.90600,-51.81900,15.93000
70.0103,799834,-0.75635,0.02344,0.70264,-3.90600,-51.81900,15.93000
70.0103,799843,-0.74561,0.01685,0.73218,-3.78400,-52.18500,16.84600
70.0321,799853,-0.76831,0.01025,0.72388,-3.96700,-53.34500,16.90700
70.0321,799863,-0.75513,0.02563,0.74341,-3.90600,-53.16200,17.21200
70.0582,799873,-0.73535,0.03320,0.73853,-4.27200,-53.10100,16.29600
70.0582,799883,-0.74585,0.01855,0.74976,-3.78400,-53.52800,16.35700
70.0582,799893,-0.72729,0.02588,0.74854,-3.96700,-54.38200,16.78500
70.0743,799903,-0.73462,0.03125,0.74170,-4.08900,-54.07700,15.93000
70.0901,799913,-0.72241,0.02124,0.73413,-4.02800,-55.29800,16.72400
70.0901,799923,-0.72217,0.02686,0.75439,-3.41800,-54.87100,17.15100
70.1058,799933,-0.71753,0.02686,0.75879,-4.21100,-56.64100,18.25000
70.1226,799943,-0.69995,0.02393,0.76831,-3.84500,-55.96900,16.35700
70.1374,799953,-0.70703,0.01782,0.79150,-3.90600,-58.59400,18.25000
70.1374,799963,-0.68286,0.02686,0.77759,-3.96700,-57.92200,17.02900
70.1532,799973,-0.68286,0.01587,0.79102,-3.23500,-58.16700,15.74700
70.1777,799983,-0.67529,0.02637,0.79565,-3.47900,-59.63100,16.35700
70.1777,799993,-0.67993,0.01782,0.82275,-2.93000,-60.24200,16.66300
70.1777,800003,-0.66406,0.02734,0.83691,-3.60100,-61.15700,16.11300
70.1871,800013,-0.63208,0.03394,0.83740,-3.41800,-60.85200,15.44200
70.1871,800023,-0.59521,0.04126,0.87695,-3.05200,-60.48600,15.07600
70.2019,800033,-0.58423,0.03687,0.86157,-4.63900,-59.63100,17.76100
70.2167,800043,-0.60278,0.01953,0.86255,-4.76100,-59.87500,17.33400
70.2231,800053,-0.60693,0.02832,0.83228,-5.43200,-58.28900,18.55500
70.2339,800063,-0.60327,0.01758,0.84570,-3.72300,-51.45300,16.47900
70.2643,800073,-0.53833,0.03564,0.92285,-3.96700,-53.40600,16.66300
70.2643,800083,-0.58716,0.00317,0.86646,-4.70000,-58.22800,17.45600
70.2643,800093,-0.63867,0.02148,0.84521,-3.96700,-56.94600,17.21200
70.2815,800103,-0.59204,0.04932,0.83960,-4.15000,-55.78600,17.27300
70.2815,800113,-0.60327,0.02026,0.84766,-4.27200,-56.27400,17.21200
70.2958,800123,-0.61548,0.01587,0.84692,-3.78400,-56.09100,17.33400
70.3114,800133,-0.60791,0.02710,0.85352,-4.82200,-56.33500,17.21200
70.3211,800143,-0.61377,0.01514,0.85059,-5.06600,-58.04400,17.88300
70.3742,800153,-0.61401,0.03174,0.85767,-5.00500,-56.51900,18.00500
70.3742,800163,-0.59741,0.03687,0.84741,-4.45600,-56.88500,17.15100
70.3742,800173,-0.58350,0.02124,0.85205,-4.45600,-57.98300,16.23500
70.3742,800183,-0.56079,0.00903,0.86572,-4.21100,-56.58000,16.54100
70.4061,800193,-0.55688,0.02051,0.85278,-3.78400,-57.43400,17.82200
70.4061,800203,-0.52686,0.03613,0.85767,-3.96700,-57.80000,17.33400
70.4061,800213,-0.53516,0.02808,0.89185,-3.35700,-55.29800,16.47900
70.4061,800223,-0.54004,0.02295,0.88525,-3.41800,-55.11500,16.96800
70.4061,800233,-0.51245,0.01270,0.91919,-2.50200,-53.77200,15.44200
70.4184,800243,-0.50513,0.01831,0.92969,-3.72300,-54.44300,16.72400
70.4238,800253,-0.48633,0.02515,0.92969,-3.84500,-52.97900,15.86900
70.4373,800263,-0.47998,0.04248,0.94287,-4.27200,-53.83300,16.60200
70.4373,800273,-0.47607,0.03613,0.93945,-4.08900,-52.73400,17.76100
70.4668,800283,-0.48779,0.03442,0.92969,-4.70000,-51.27000,18.06600
70.4697,800293,-0.48560,0.02954,0.93384,-4.63900,-50.17100,16.66300
70.4850,800303,-0.50122,0.01733,0.93896,-4.21100,-49.86600,16.84600
70.4850,800313,-0.48779,0.02759,0.92773,-4.21100,-49.37700,16.96800
70.4850,800323,-0.49414,0.02612,0.91846,-4.88300,-50.35400,17.57800
70.5021,800333,-0.49341,0.02222,0.91772,-4.27200,-50.41500,17.21200
70.5197,800343,-0.47192,0.02051,0.92871,-4.08900,-49.13300,16.72400
70.5363,800353,-0.48535,0.03320,0.92505,-4.33300,-49.31600,17.09000
70.5369,800363,-0.47705,0.02832,0.92480,-4.45600,-49.98800,17.88300
70.5493,800373,-0.47705,0.01709,0.92651,-3.84500,-48.95000,17.27300
70.5791,800383,-0.45312,0.02905,0.92896,-4.02800,-48.03500,16.35700
70.5791,800393,-0.45581,0.03296,0.94043,-3.05200,-47.42400,15.25900
70.5818,800403,-0.45264,0.01855,0.96875,-3.72300,-48.40100,16.60200
70.5904,800413,-0.44775,0.02490,0.96558,-3.78400,-47.36300,17.09000
70.6081,800423,-0.42627,0.02637,0.96045,-3.47900,-47.42400,16.66300
70.6081,800433,-0.40430,0.02930,0.96704,-3.47900,-46.57000,16.11300
70.6081,800443,-0.39209,0.01733,0.97095,-3.35700,-45.53200,16.05200
70.6244,800453,-0.40356,0.01855,0.96924,-4.08900,-45.04400,15.38100
70.6378,800463,-0.38525,0.02563,0.96997,-3.78400,-44.86100,16.35700
70.6415,800473,-0.39575,0.02417,0.96655,-3.84500,-44.12800,16.84600
70.6568,800483,-0.37793,0.01123,0.97461,-4.57800,-43.51800,17.02900
70.6695,800493,-0.37817,0.03394,0.96899,-3.96700,-43.21300,17.02900
70.6906,800503,-0.38354,0.01880,0.98242,-4.39500,-42.90800,17.33400
70.6906,800513,-0.38452,0.02197,0.97778,-4.33300,-42.11400,17.27300
70.7012,800523,-0.37720,0.02856,0.96997,-4.15000,-42.05300,18.18800
70.7012,800533,-0.39575,0.03442,0.97656,-3.90600,-41.26000,17.27300
70.7205,800543,-0.38574,0.01440,0.97070,-3.90600,-40.28300,16.78500
70.7247,800553,-0.38940,0.01611,0.97607,-4.51700,-40.77100,16.90700
70.7329,800563,-0.36621,0.04443,0.97217,-3.60100,-38.75700,15.74700
70.7490,800573,-0.38672,0.02344,0.98389,-4.15000,-39.61200,16.66300
70.7516,800583,-0.38159,0.01978,0.98169,-4.51700,-39.79500,17.02900
70.7704,800593,-0.35205,0.02954,0.97925,-3.29600,-39.67300,15.80800
70.7810,800603,-0.35327,0.02856,0.98999,-3.72300,-39.42900,16.47900
70.7859,800613,-0.32910,0.03223,0.97339,-4.08900,-38.81800,16.47900
70.8030,800623,-0.32910,0.02905,0.97461,-3.41800,-38.33000,15.80800
70.8123,800633,-0.32056,0.03027,0.97412,-3.17400,-37.23100,15.50300
70.8252,800643,-0.31348,0.01978,0.98999,-3.78400,-36.56000,16.23500
70.8279,800653,-0.32520,0.01611,1.00415,-3.78400,-36.49900,16.17400
70.8363,800663,-0.31592,0.01758,1.00903,-3.96700,-35.27800,16.35700
70.8439,800673,-0.32690,0.03174,1.01489,-3.47900,-34.42400,15.56400
70.8598,800683,-0.29883,0.01758,0.99341,-4.27200,-34.18000,16.17400
70.8791,800693,-0.30444,0.03638,1.00513,-4.08900,-33.26400,16.54100
70.8797,800703,-0.31104,0.02856,1.00073,-4.51700,-33.93600,17.33400
70.8914,800713,-0.31982,0.01831,1.02051,-3.84500,-32.41000,16.05200
70.8944,800723,-0.32202,0.02295,0.99072,-4.27200,-31.86000,15.93000
70.9068,800733,-0.30981,0.02954,0.99976,-4.82200,-31.67700,15.50300
70.9068,800743,-0.31982,0.02515,0.99463,-4.02800,-31.67700,16.78500
70.9253,800753,-0.30859,0.01636,0.99731,-3.47900,-31.31100,16.47900
70.9387,800763,-0.30811,0.02515,0.98145,-3.35700,-31.00600,16.11300
70.9387,800773,-0.30859,0.02588,0.98755,-4.02800,-31.73800,17.70000
70.9544,800783,-0.30078,0.02344,0.99780,-3.29600,-29.60200,16.35700
70.9702,800793,-0.28760,0.02783,1.00000,-3.96700,-30.09000,16.66300
70.9702,800803,-0.28638,0.02319,1.00244,-3.60100,-29.78500,15.50300
70.9863,800813,-0.28076,0.03955,0.98755,-3.72300,-29.35800,16.78500
70.9863,800823,-0.27319,0.03198,1.00195,-3.54000,-29.05300,16.35700
71.0255,800833,-0.26880,0.02710,1.01538,-3.96700,-28.62500,16.23500
71.0255,800843,-0.28101,0.03198,1.01660,-3.72300,-28.38100,16.29600
71.0255,800853,-0.26904,0.02295,1.02832,-3.84500,-27.52700,16.78500
71.0403,800863,-0.26660,0.03418,1.01221,-4.02800,-27.10000,16.17400
71.0494,800873,-0.25757,0.03760,1.02197,-3.78400,-25.57400,16.17400
71.0494,800883,-0.26660,0.02783,0.99854,-4.27200,-24.65800,16.60200
71.0663,800893,-0.26953,0.01636,1.00977,-3.90600,-25.08500,16.17400
71.0812,800903,-0.27002,0.03394,1.02686,-4.33300,-25.63500,16.96800
71.0972,800913,-0.26367,0.02979,1.00952,-3.90600,-24.47500,16.35700
71.0984,800923,-0.27100,0.02344,1.02344,-4.27200,-23.68200,16.17400
71.1082,800933,-0.26343,0.02856,1.01123,-3.66200,-22.27800,15.62500
71.1146,800943,-0.26831,0.01855,1.00122,-4.02800,-22.40000,16.60200
71.1289,800953,-0.25366,0.02661,1.02295,-3.78400,-22.76600,17.45600
71.1449,800963,-0.26929,0.03467,1.01147,-3.60100,-22.15600,16.84600
71.1449,800973,-0.27051,0.03540,1.01953,-3.72300,-20.93500,15.68600
71.1606,800983,-0.27344,0.03442,1.00830,-4.15000,-21.79000,17.27300
71.1641,800993,-0.26514,0.02808,1.01733,-3.60100,-20.87400,17.15100
71.1915,801003,-0.25757,0.02319,1.02930,-3.47900,-19.83600,15.50300
71.1915,801013,-0.26196,0.00708,1.02246,-4.21100,-20.87400,16.17400
71.1915,801023,-0.26392,0.03223,1.01172,-3.90600,-20.26400,16.41800
71.2073,801033,-0.23950,0.02563,1.02417,-3.84500,-19.83600,16.41800
71.2232,801043,-0.24536,0.02588,1.01392,-3.60100,-17.76100,15.62500
71.2257,801053,-0.24463,0.03467,1.02222,-3.90600,-18.86000,16.23500
71.2389,801063,-0.24219,0.02319,1.01758,-3.54000,-17.63900,15.62500
71.2389,801073,-0.24854,0.01538,1.00903,-3.72300,-17.63900,16.60200
71.2548,801083,-0.22632,0.03345,1.02856,-3.66200,-16.29600,16.35700
71.2548,801093,-0.23633,0.02173,1.02808,-4.27200,-15.68600,16.29600
71.2867,801103,-0.26245,0.02661,1.03003,-4.15000,-14.83200,16.29600
71.2867,801113,-0.26172,0.01904,1.01392,-4.02800,-15.32000,17.02900
71.2867,801123,-0.26611,0.02539,1.01343,-3.78400,-15.25900,17.94400
71.3028,801133,-0.25049,0.01782,1.00488,-3.72300,-14.22100,15.68600
71.3259,801143,-0.25098,0.02148,1.01367,-3.78400,-15.01500,16.84600
71.3259,801153,-0.26196,0.02856,1.01416,-3.72300,-13.91600,15.50300
71.3343,801163,-0.25366,0.03320,1.00610,-3.78400,-12.26800,15.19800
71.3533,801173,-0.23828,0.01489,1.01172,-3.84500,-12.63400,15.32000
71.3533,801183,-0.25317,0.02588,1.01611,-4.08900,-11.47500,16.17400
71.3660,801193,-0.24390,0.02808,1.01733,-3.90600,-12.14600,15.99100
71.3999,801203,-0.24731,0.02661,1.01538,-4.08900,-12.20700,17.15100
71.3999,801213,-0.25415,0.00708,1.01978,-3.47900,-11.04700,15.74700
71.3999,801223,-0.25146,0.02539,1.01733,-3.90600,-12.14600,16.90700
71.4117,801233,-0.23779,0.02783,1.02954,-3.47900,-10.98600,16.78500
71.4289,801243,-0.23169,0.02856,1.01929,-4.33300,-11.16900,16.35700
71.4289,801253,-0.24463,0.01929,1.02881,-3.84500,-10.01000,16.72400
71.4311,801263,-0.24219,0.03125,1.02002,-3.72300,-10.31500,16.96800
71.4464,801273,-0.25806,0.03320,1.01733,-4.15000,-9.76600,15.86900
71.4611,801283,-0.25293,0.02930,1.01611,-3.84500,-8.85000,15.38100
71.4734,801293,-0.27197,0.02539,1.00537,-3.54000,-8.30100,15.62500
71.4846,801303,-0.26172,0.02368,1.01831,-4.45600,-8.24000,16.29600
71.5040,801313,-0.26416,0.00830,1.01953,-4.15000,-7.01900,15.44200
71.5040,801323,-0.26978,0.01221,1.01147,-4.02800,-8.36200,16.23500
71.5133,801333,-0.25854,0.02026,1.00586,-4.27200,-8.30100,17.02900
71.5259,801343,-0.27222,0.02856,1.00122,-4.02800,-8.54500,16.66300
71.5259,801353,-0.26489,0.03613,1.00342,-3.72300,-7.20200,16.17400
71.5405,801363,-0.26538,0.00537,1.02441,-3.60100,-6.83600,16.17400
71.5499,801373,-0.26587,0.03589,1.01270,-4.02800,-7.93500,16.84600
71.5550,801383,-0.26904,0.03247,1.00830,-3.96700,-7.26300,16.17400
71.5718,801393,-0.28076,0.02856,1.00024,-4.45600,-8.05700,16.72400
71.5718,801403,-0.26538,0.03296,1.00024,-3.96700,-6.59200,15.68600
71.6032,801413,-0.27417,0.01807,1.02222,-4.51700,-6.22600,16.29600
71.6038,801423,-0.26904,0.02588,1.02295,-4.02800,-6.28700,15.99100
71.6185,801433,-0.26514,0.02637,1.00244,-3.96700,-5.67600,15.38100
71.6205,801443,-0.26978,0.02002,1.01538,-4.02800,-5.98100,16.29600
71.6344,801453,-0.27075,0.02979,1.02002,-4.08900,-5.85900,15.93000
71.6358,801463,-0.25830,0.03198,1.00586,-4.02800,-5.98100,17.09000
71.6502,801473,-0.26855,0.03906,1.00391,-3.66200,-5.24900,15.62500
71.6502,801483,-0.27563,0.01538,1.00830,-4.39500,-5.79800,16.05200
71.6660,801493,-0.28760,0.02856,1.00098,-3.96700,-5.12700,15.44200
71.6660,801503,-0.27344,0.03906,1.00952,-3.54000,-5.31000,16.35700
71.6979,801513,-0.30469,0.03076,1.00708,-3.66200,-4.76100,15.99100
71.6979,801523,-0.28931,0.02832,1.02148,-3.84500,-4.88300,16.29600
71.7061,801533,-0.29248,0.02197,1.00854,-3.54000,-5.00500,15.93000
71.7135,801543,-0.29346,0.02515,1.01538,-3.78400,-5.18800,16.41800
71.7296,801553,-0.29370,0.02319,1.01050,-4.21100,-5.00500,16.60200
71.7296,801563,-0.29932,0.03906,1.00269,-4.33300,-3.96700,16.11300
71.7508,801573,-0.30249,0.02539,1.00928,-4.15000,-4.70000,16.17400
71.7617,801583,-0.33496,0.02100,1.00391,-3.96700,-5.31000,15.80800
71.7639,801593,-0.30908,0.02905,1.01001,-4.21100,-4.88300,17.02900
71.7822,801603,-0.30176,0.01123,1.00537,-3.72300,-4.57800,16.54100
71.7959,801613,-0.29297,0.03271,1.00635,-3.47900,-4.02800,14.64800
71.7959,801623,-0.29639,0.02441,1.00122,-4.02800,-4.88300,16.35700
71.8249,801633,-0.29126,0.01758,0.99780,-4.08900,-5.92000,17.09000
71.8249,801643,-0.29980,0.02979,0.99487,-4.21100,-5.31000,16.72400
71.8264,801653,-0.31177,0.03174,1.00903,-3.90600,-4.15000,16.47900
71.8406,801663,-0.31592,0.01196,1.00098,-4.08900,-3.60100,15.50300
71.8527,801673,-0.32080,0.02026,0.99170,-4.21100,-4.63900,16.66300
71.9305,801683,-0.32129,0.02393,1.01221,-3.54000,-4.63900,16.23500
71.9305,801693,-0.31201,0.02808,1.00415,-4.02800,-4.33300,16.84600
71.9305,801703,-0.32593,0.01831,0.98926,-3.96700,-4.08900,15.93000
71.9305,801713,-0.31665,0.02246,1.00610,-4.63900,-4.08900,16.29600
71.9305,801723,-0.32812,0.02832,0.99390,-4.02800,-3.60100,16.23500
71.9305,801733,-0.31958,0.01855,0.99414,-4.45600,-3.72300,16.54100
71.9305,801743,-0.31812,0.02466,0.98291,-3.78400,-3.96700,15.93000
71.9305,801753,-0.33154,0.02979,0.98535,-3.60100,-2.99100,15.32000
71.9457,801763,-0.33301,0.02539,0.99365,-3.72300,-3.35700,16.47900
71.9468,801773,-0.33179,0.01465,1.00366,-4.15000,-3.54000,17.76100
71.9610,801783,-0.32446,0.02441,0.99512,-3.78400,-3.66200,15.86900
71.9970,801830,-0.33862,0.02368,0.99634,-4.02800,-4.15000,17.82200
72.0146,801831,-0.33862,0.02368,0.99634,-4.02800,-4.15000,17.82200
72.0146,801832,-0.33862,0.02368,0.99634,-4.02800,-4.15000,17.82200
72.0146,801834,-0.34473,0.02490,0.98975,-3.84500,-1.95300,15.68600
72.0146,801835,-0.34473,0.02490,0.98975,-3.84500,-1.95300,15.68600
72.0146,801843,-0.33740,0.01611,1.00903,-4.15000,-3.17400,17.02900
72.0296,801853,-0.34302,0.02124,0.99756,-3.47900,-1.40400,14.40400
72.0484,801863,-0.34229,0.02222,0.98877,-3.54000,-2.38000,15.86900
72.0484,801873,-0.33667,0.01538,0.98608,-4.02800,-1.70900,16.60200
72.0627,801883,-0.34229,0.02515,0.98218,-4.08900,-2.74700,16.90700
72.0666,801893,-0.34888,0.01245,0.98315,-3.78400,-2.13600,16.23500
72.0765,801903,-0.35791,0.01880,0.99805,-3.54000,-1.28200,15.99100
72.0765,801913,-0.36230,0.01685,0.98267,-3.72300,-1.89200,16.54100
72.1079,801923,-0.35791,0.03052,0.99390,-3.72300,-1.03800,16.05200
72.1079,801933,-0.34717,0.03198,0.98438,-3.72300,-0.97700,16.05200
72.1079,801943,-0.36865,0.02832,0.98730,-4.57800,-1.28200,16.72400
72.1266,801953,-0.35742,0.03174,0.97388,-3.96700,-0.73200,15.50300
72.1394,801963,-0.37183,0.01782,0.98267,-3.84500,-0.30500,15.07600
72.1394,801973,-0.36499,0.03125,0.96802,-3.35700,0.18300,14.64800
72.1711,801983,-0.37085,0.02515,0.96411,-3.96700,-0.24400,17.02900
72.1711,801993,-0.38086,0.03125,0.99243,-3.66200,-0.42700,16.23500
72.1711,802003,-0.37769,0.01440,0.98438,-3.54000,0.12200,15.74700
72.2027,802013,-0.37598,0.03198,0.98193,-3.90600,0.73200,16.47900
72.2108,802023,-0.37231,0.03125,0.97925,-3.84500,1.40400,15.32000
72.2108,802033,-0.38110,0.03125,0.97119,-3.60100,1.70900,16.05200
72.2185,802043,-0.38208,0.02661,0.97974,-3.72300,1.46500,15.99100
72.2332,802053,-0.38428,0.02979,0.96899,-3.54000,1.77000,15.86900
72.2478,802063,-0.38208,0.02197,0.97949,-3.78400,1.64800,16.60200
72.2501,802073,-0.39404,0.02539,0.97583,-3.78400,2.62500,15.62500
72.2501,802083,-0.38159,0.02271,0.96753,-4.39500,2.93000,15.74700
72.2646,802093,-0.38916,0.00977,0.97925,-3.84500,2.68600,16.96800
72.2806,802103,-0.40698,0.01367,0.97607,-3.84500,4.08900,16.05200
72.2818,802113,-0.40723,0.02100,0.95215,-4.02800,3.90600,15.93000
72.2965,802123,-0.40552,0.02637,0.96680,-3.60100,3.35700,15.93000
72.3123,802133,-0.41260,0.01880,0.96826,-3.78400,4.70000,15.74700
72.3123,802143,-0.41211,0.03052,0.97900,-4.15000,4.63900,16.29600
72.3298,802153,-0.42139,0.02515,0.96899,-4.02800,5.12700,15.62500
72.3298,802163,-0.42017,0.03516,0.95801,-3.72300,5.31000,15.38100
72.3441,802173,-0.40796,0.01978,0.95752,-3.84500,5.61500,15.80800
72.3598,802183,-0.39136,0.03125,0.95337,-3.29600,6.40900,15.74700
72.3755,802193,-0.41943,0.01465,0.95410,-3.84500,5.92000,15.93000
72.3755,802203,-0.43091,0.02905,0.96436,-3.78400,6.47000,16.29600
72.3926,802213,-0.42603,0.03906,0.95093,-3.84500,6.71400,15.68600
72.3945,802223,-0.43555,0.01465,0.97046,-4.21100,7.32400,16.35700
72.4244,802233,-0.41748,0.00781,0.94287,-3.66200,6.53100,16.54100
72.4244,802243,-0.43066,0.01880,0.94751,-3.60100,8.30100,15.80800
72.4265,802253,-0.43359,0.02637,0.95483,-3.47900,8.97200,15.44200
72.4393,802263,-0.44385,0.02637,0.95142,-3.72300,8.72800,16.41800
72.4550,802273,-0.44409,0.02954,0.94751,-3.35700,9.33800,15.62500
72.4632,802283,-0.43188,0.03491,0.94873,-3.72300,9.52100,15.01500
72.4690,802293,-0.44067,0.02197,0.94727,-3.96700,10.01000,15.56400
72.4841,802303,-0.45337,0.01685,0.94995,-3.47900,10.55900,15.68600
