frame,time_s,nose_x,nose_y,nose_conf,left_eye_x,left_eye_y,left_eye_conf,right_eye_x,right_eye_y,right_eye_conf,left_ear_x,left_ear_y,left_ear_conf,right_ear_x,right_ear_y,right_ear_conf,left_shoulder_x,left_shoulder_y,left_shoulder_conf,right_shoulder_x,right_shoulder_y,right_shoulder_conf,left_elbow_x,left_elbow_y,left_elbow_conf,right_elbow_x,right_elbow_y,right_elbow_conf,left_wrist_x,left_wrist_y,left_wrist_conf,right_wrist_x,right_wrist_y,right_wrist_conf,left_hip_x,left_hip_y,left_hip_conf,right_hip_x,right_hip_y,right_hip_conf,left_knee_x,left_knee_y,left_knee_conf,right_knee_x,right_knee_y,right_knee_conf,left_ankle_x,left_ankle_y,left_ankle_conf,right_ankle_x,right_ankle_y,right_ankle_conf
0,0.0,0.5198946595191956,0.2599692940711975,0.9959713816642761,0.5424054265022278,0.2502087950706482,0.9931291937828064,0.5014886856079102,0.24880662560462952,0.9917902946472168,0.5704479217529297,0.2592642307281494,0.9346961379051208,0.4735497236251831,0.256539523601532,0.9051799178123474,0.6146826148033142,0.30692237615585327,0.9986512064933777,0.4360654950141907,0.3074615001678467,0.9975003600120544,0.6909165978431702,0.36086195707321167,0.9945817589759827,0.3538626730442047,0.347147136926651,0.9937211275100708,0.7666258215904236,0.31319037079811096,0.987678587436676,0.2705022692680359,0.3161953091621399,0.9909709692001343,0.5745528936386108,0.46697646379470825,0.9984935522079468,0.4580373466014862,0.4664691090583801,0.9978355765342712,0.608477771282196,0.5901155471801758,0.9970145225524902,0.42921364307403564,0.589305579662323,0.9959927201271057,0.6250786781311035,0.7002586722373962,0.9909026026725769,0.4217529296875,0.699529230594635,0.9895827770233154
1,0.0335,0.5199985504150391,0.26000896096229553,0.9960149526596069,0.5422763228416443,0.2503066062927246,0.9932670593261719,0.50173020362854,0.2489589899778366,0.9919243454933167,0.5704713463783264,0.2591466009616852,0.9356344938278198,0.474017471075058,0.2565498948097229,0.9035395979881287,0.6155981421470642,0.30708009004592896,0.9986315369606018,0.43705248832702637,0.30735549330711365,0.9974257349967957,0.693638026714325,0.3607540428638458,0.9946050047874451,0.3548048734664917,0.34810870885849,0.9936275482177734,0.7683486938476562,0.31283700466156006,0.9882802963256836,0.2727193236351013,0.3175765573978424,0.9915796518325806,0.5762929320335388,0.46662935614585876,0.9985077977180481,0.45956942439079285,0.4658992290496826,0.9978477954864502,0.6098146438598633,0.5903692245483398,0.9969814419746399,0.43021446466445923,0.5893150568008423,0.9959009289741516,0.6250128149986267,0.7004947066307068,0.9908168315887451,0.42184460163116455,0.6992139220237732,0.9893466830253601
2,0.067,0.5201912522315979,0.2601221203804016,0.9959283471107483,0.5424664616584778,0.2504039406776428,0.9932805895805359,0.5019152164459229,0.2491348683834076,0.9916414022445679,0.5708617568016052,0.2591252624988556,0.9372193217277527,0.474406361579895,0.25668564438819885,0.8982598781585693,0.6161064505577087,0.30723679065704346,0.9986107349395752,0.4372406005859375,0.30747511982917786,0.9974282383918762,0.6945242285728455,0.36080583930015564,0.9946379065513611,0.35456520318984985,0.3484206199645996,0.9938402771949768,0.769350528717041,0.31246036291122437,0.988338828086853,0.2726863920688629,0.31723523139953613,0.9918755292892456,0.5772786736488342,0.4670778214931488,0.9985142350196838,0.45985081791877747,0.46627432107925415,0.9978728294372559,0.610336184501648,0.5912818312644958,0.9969252943992615,0.4305112063884735,0.58961021900177,0.9958716034889221,0.6251211166381836,0.7006074786186218,0.9909213185310364,0.42175033688545227,0.6990328431129456,0.9896008372306824
3,0.1005,0.5202405452728271,0.2602197527885437,0.9960789084434509,0.5425875186920166,0.2505057156085968,0.9935241937637329,0.5020173192024231,0.24918344616889954,0.9918072819709778,0.5710878968238831,0.25912147760391235,0.9372660517692566,0.4745551645755768,0.2565789520740509,0.8961967825889587,0.6165560483932495,0.30721935629844666,0.9986120462417603,0.4371810853481293,0.30800560116767883,0.9974274039268494,0.6944027543067932,0.36068469285964966,0.9946402907371521,0.35471606254577637,0.34839528799057007,0.993860125541687,0.7694432735443115,0.3128547966480255,0.9885352253913879,0.2731473743915558,0.31755679845809937,0.9919610619544983,0.5779603719711304,0.4665799140930176,0.99850994348526,0.4604933559894562,0.4659276008605957,0.9978687763214111,0.6112741827964783,0.5912292003631592,0.9969344139099121,0.43007320165634155,0.5893956422805786,0.9958974123001099,0.6249319911003113,0.7004953622817993,0.9907954335212708,0.4215914011001587,0.6991134285926819,0.9895433187484741
4,0.134,0.5205246210098267,0.26026391983032227,0.9961720108985901,0.5429003834724426,0.25057706236839294,0.9936614036560059,0.502270519733429,0.24916787445545197,0.9921187162399292,0.5712146759033203,0.2593333423137665,0.9366368055343628,0.47454553842544556,0.25663071870803833,0.9013710618019104,0.6168968677520752,0.3073807656764984,0.9986200332641602,0.43682539463043213,0.3087075352668762,0.997438907623291,0.694278359413147,0.3608340919017792,0.9946267008781433,0.3542822003364563,0.3483944535255432,0.9938911199569702,0.7687379717826843,0.3131835460662842,0.9882616400718689,0.27328944206237793,0.31784144043922424,0.9921303391456604,0.5782145857810974,0.4670230448246002,0.9985148310661316,0.46086645126342773,0.4665745794773102,0.9978838562965393,0.6114289164543152,0.5912320017814636,0.9969559907913208,0.4304426312446594,0.5896576642990112,0.995914876461029,0.6249239444732666,0.7004290223121643,0.9908429384231567,0.42170682549476624,0.6988726258277893,0.9896196722984314
5,0.1675,0.5205717086791992,0.2604949176311493,0.9961519837379456,0.5428573489189148,0.2507338523864746,0.9937614798545837,0.502146303653717,0.24944540858268738,0.9922288060188293,0.5713953375816345,0.2592180669307709,0.9388739466667175,0.47440746426582336,0.2568032443523407,0.9047676920890808,0.6166009902954102,0.3073001205921173,0.9986178874969482,0.4371107220649719,0.30900105834007263,0.9974494576454163,0.6945183873176575,0.3605101704597473,0.9945377707481384,0.35457661747932434,0.34861284494400024,0.9937673807144165,0.7687004804611206,0.3136879801750183,0.9885164499282837,0.27340278029441833,0.31774455308914185,0.9917610883712769,0.5781943202018738,0.46716180443763733,0.9984733462333679,0.4610234200954437,0.46672481298446655,0.9978201389312744,0.6121870279312134,0.5917512774467468,0.9968491196632385,0.43044018745422363,0.5891825556755066,0.995871365070343,0.624988317489624,0.700262188911438,0.9905091524124146,0.42160162329673767,0.6989612579345703,0.9895650148391724
6,0.201,0.5206807255744934,0.26060372591018677,0.996068000793457,0.5427834391593933,0.2507573664188385,0.9935621023178101,0.5022507309913635,0.2495536506175995,0.9922130703926086,0.5712461471557617,0.25910359621047974,0.937262773513794,0.47457918524742126,0.25688886642456055,0.9069582223892212,0.6166257858276367,0.30729395151138306,0.9986028075218201,0.4371231198310852,0.3091205358505249,0.997471809387207,0.6948131322860718,0.3601631224155426,0.9944292306900024,0.3546552062034607,0.3488638401031494,0.9937917590141296,0.7689937949180603,0.31391701102256775,0.9881747961044312,0.27289608120918274,0.31775563955307007,0.9913014769554138,0.5783213376998901,0.46716079115867615,0.9984492063522339,0.4612400531768799,0.4666983187198639,0.9977861642837524,0.6124711632728577,0.5921838879585266,0.9967911839485168,0.4304870665073395,0.5890932679176331,0.9958011507987976,0.6251879334449768,0.7002283334732056,0.9902974963188171,0.42141884565353394,0.6990091800689697,0.9893364906311035
7,0.2345,0.5207007527351379,0.2609623074531555,0.9960886240005493,0.5428025722503662,0.2509584426879883,0.9935747981071472,0.5021835565567017,0.24986371397972107,0.9921212196350098,0.5715181827545166,0.25895828008651733,0.9376514554023743,0.47468578815460205,0.2569725811481476,0.9027618765830994,0.616974413394928,0.30752629041671753,0.9986047148704529,0.4373132586479187,0.30920881032943726,0.9974678754806519,0.6954763531684875,0.3605918884277344,0.9945189356803894,0.3550456464290619,0.34899964928627014,0.993763267993927,0.7690974473953247,0.31383270025253296,0.9883974194526672,0.2732708752155304,0.31799834966659546,0.9915623068809509,0.5787106156349182,0.46733206510543823,0.9984530210494995,0.46165814995765686,0.46682271361351013,0.9977933168411255,0.6130837202072144,0.5922768712043762,0.9968101382255554,0.43075981736183167,0.5891542434692383,0.9958017468452454,0.6254099011421204,0.7007451057434082,0.9904166460037231,0.4213622510433197,0.6991114616394043,0.9894524812698364
8,0.268,0.5208603739738464,0.26120704412460327,0.9961418509483337,0.5428594946861267,0.25110164284706116,0.9935703277587891,0.5021737217903137,0.25014734268188477,0.9922261238098145,0.5716361999511719,0.25893622636795044,0.936768651008606,0.4747566282749176,0.2572752833366394,0.9024959802627563,0.6174365282058716,0.30774980783462524,0.9986121654510498,0.4374430477619171,0.30929189920425415,0.9974722266197205,0.6960023045539856,0.3608322739601135,0.9947293400764465,0.3544679284095764,0.3491630554199219,0.9938473105430603,0.7700247764587402,0.3132670223712921,0.9883660078048706,0.27321818470954895,0.31818845868110657,0.9916532635688782,0.5788405537605286,0.467277467250824,0.9984410405158997,0.4619978070259094,0.4667932391166687,0.997787356376648,0.6128952503204346,0.5919681787490845,0.9968580007553101,0.4311409890651703,0.589192271232605,0.9958850741386414,0.6254450082778931,0.7011185884475708,0.9904698133468628,0.42124316096305847,0.6992703676223755,0.9895480871200562
9,0.3015,0.5209083557128906,0.26096922159194946,0.9961159229278564,0.5425074100494385,0.25088733434677124,0.9933660626411438,0.5022419095039368,0.24998168647289276,0.992276132106781,0.5710917711257935,0.25852644443511963,0.9322985410690308,0.4746774435043335,0.25702112913131714,0.9036500453948975,0.6172722578048706,0.3077450394630432,0.9985972046852112,0.4373839497566223,0.3095373213291168,0.9974594712257385,0.6957009434700012,0.3607521653175354,0.994819700717926,0.3545803129673004,0.3491714298725128,0.9940484762191772,0.7700024247169495,0.31365370750427246,0.9890157580375671,0.27206358313560486,0.31761759519577026,0.9917928576469421,0.5790120363235474,0.4677000045776367,0.9984082579612732,0.4619617760181427,0.4672095775604248,0.9977370500564575,0.6134945154190063,0.5919790267944336,0.9967188239097595,0.4306865334510803,0.5887031555175781,0.9957190155982971,0.625426173210144,0.7012230157852173,0.9902724623680115,0.4208577871322632,0.6990757584571838,0.989458441734314
10,0.335,0.5209831595420837,0.26090383529663086,0.9961186647415161,0.5427118539810181,0.2508069574832916,0.9934139847755432,0.5023201704025269,0.2498244047164917,0.9923228025436401,0.5711625218391418,0.25855377316474915,0.932898223400116,0.4746948182582855,0.25687354803085327,0.9046581983566284,0.6169771552085876,0.30761879682540894,0.9986011385917664,0.4373232126235962,0.30950865149497986,0.9974725842475891,0.6957644820213318,0.3607763350009918,0.9948685169219971,0.3544095456600189,0.34921637177467346,0.9941609501838684,0.7696962356567383,0.3136996626853943,0.9893712997436523,0.2719184458255768,0.3174188733100891,0.9919670224189758,0.5790875554084778,0.46776333451271057,0.9983956217765808,0.46186599135398865,0.46733585000038147,0.9977057576179504,0.6137550473213196,0.5919746160507202,0.9966816306114197,0.4303380250930786,0.588875412940979,0.9956395626068115,0.6253581643104553,0.7011510133743286,0.9902474284172058,0.42077988386154175,0.6990264654159546,0.9893445372581482
11,0.3685,0.5208609104156494,0.26078954339027405,0.9961405396461487,0.5425592660903931,0.2506905198097229,0.9934792518615723,0.5021945238113403,0.24970540404319763,0.9924145340919495,0.5709784030914307,0.25852900743484497,0.9332757592201233,0.4744587242603302,0.2568517327308655,0.9064624309539795,0.6168702840805054,0.3074650168418884,0.998596727848053,0.43712717294692993,0.3095429837703705,0.9974581599235535,0.6956266760826111,0.3607216477394104,0.9948075413703918,0.3545635938644409,0.3494579792022705,0.9941230416297913,0.7693765163421631,0.3138572573661804,0.9892706871032715,0.2720947563648224,0.3175719380378723,0.9919077157974243,0.5791943669319153,0.46781453490257263,0.9983951449394226,0.4618041515350342,0.4674343168735504,0.997702419757843,0.6142991185188293,0.5921772718429565,0.996722400188446,0.4303015470504761,0.5890924334526062,0.99570232629776,0.6251599788665771,0.70099276304245,0.990088164806366,0.4205610156059265,0.6992213129997253,0.9891708493232727
12,0.402,0.5207479000091553,0.2606752812862396,0.9961656332015991,0.5425378084182739,0.2505318522453308,0.9934130311012268,0.501946747303009,0.2495870590209961,0.99237459897995,0.5710846781730652,0.258419930934906,0.9316182136535645,0.47414660453796387,0.2568308711051941,0.9048621654510498,0.6170669794082642,0.3074261546134949,0.9986048340797424,0.4372757077217102,0.30954355001449585,0.9974843263626099,0.695178747177124,0.3607025742530823,0.9947848916053772,0.3542090654373169,0.3495217263698578,0.994195818901062,0.7692878842353821,0.3140755295753479,0.9891083240509033,0.2717534303665161,0.31755900382995605,0.99178546667099,0.5794281363487244,0.4673357605934143,0.9983974099159241,0.4622168242931366,0.4669295847415924,0.9977003931999207,0.6139100193977356,0.5918530225753784,0.9967635869979858,0.4306003153324127,0.5888044238090515,0.9957245588302612,0.6252838969230652,0.7007940411567688,0.9903084635734558,0.42039597034454346,0.6993921399116516,0.9892652034759521
13,0.4356,0.5204728841781616,0.26032453775405884,0.9960928559303284,0.5423669219017029,0.2501981854438782,0.9932073950767517,0.5015848278999329,0.24913915991783142,0.9924597144126892,0.5705577731132507,0.25846177339553833,0.9312630295753479,0.47349199652671814,0.2566445469856262,0.9124176502227783,0.6171055436134338,0.30749693512916565,0.9986085295677185,0.4365006685256958,0.3098064363002777,0.9974598288536072,0.6952609419822693,0.36058294773101807,0.9947659969329834,0.354051798582077,0.3496668338775635,0.9940000772476196,0.7692038416862488,0.31391867995262146,0.989175021648407,0.27150285243988037,0.31775301694869995,0.9919379353523254,0.5794651508331299,0.4674709439277649,0.9983888864517212,0.461908757686615,0.4671005606651306,0.9977052807807922,0.6142038106918335,0.5919520258903503,0.9967362284660339,0.4302959740161896,0.5891400575637817,0.995762288570404,0.6254386305809021,0.7011221647262573,0.9900721311569214,0.4203227460384369,0.6994473338127136,0.9892498254776001
14,0.4691,0.5202867388725281,0.26002877950668335,0.9960057139396667,0.5422607064247131,0.24994125962257385,0.993054211139679,0.5013871192932129,0.24884715676307678,0.9924331903457642,0.5702546834945679,0.2585662305355072,0.9321118593215942,0.4733385443687439,0.2566702961921692,0.9168249368667603,0.6168630719184875,0.3074752390384674,0.9986202716827393,0.43577665090560913,0.3100913166999817,0.9974689483642578,0.6957228779792786,0.3603353500366211,0.9947507977485657,0.3533816337585449,0.3497118055820465,0.9940577745437622,0.7695057392120361,0.31360962986946106,0.9891005158424377,0.2710466682910919,0.317763090133667,0.9921563863754272,0.5794912576675415,0.46706900000572205,0.9983914494514465,0.46200188994407654,0.46684885025024414,0.9977071285247803,0.6144090890884399,0.5918192863464355,0.9967225193977356,0.43073973059654236,0.5891095399856567,0.9957603812217712,0.6255171895027161,0.7011730074882507,0.9898793697357178,0.4202609658241272,0.6993933916091919,0.9891006350517273
15,0.5026,0.5200415849685669,0.2596977651119232,0.9958413243293762,0.5419687032699585,0.24968047440052032,0.992624819278717,0.501074492931366,0.24861371517181396,0.9919878244400024,0.5699588060379028,0.2582857012748718,0.9291972517967224,0.4729189872741699,0.25646910071372986,0.9144931435585022,0.6165076494216919,0.30734363198280334,0.9986479878425598,0.43583568930625916,0.31008782982826233,0.9975298047065735,0.6958146691322327,0.3602658212184906,0.9948121309280396,0.35260745882987976,0.34990042448043823,0.9942465424537659,0.7696168422698975,0.3134205937385559,0.9890291690826416,0.270039826631546,0.3174420893192291,0.9921208620071411,0.5797123312950134,0.4666346609592438,0.9984052777290344,0.46240243315696716,0.46646347641944885,0.9977425336837769,0.6145391464233398,0.5916805863380432,0.9967278242111206,0.4309486448764801,0.5890284776687622,0.995820164680481,0.6255435347557068,0.7010723948478699,0.989969789981842,0.42032191157341003,0.699230968952179,0.989337682723999
16,0.5361,0.5198286771774292,0.259183794260025,0.9958490133285522,0.5419636368751526,0.24924007058143616,0.9926716089248657,0.5008529424667358,0.2481106072664261,0.9919852018356323,0.5698055624961853,0.2583576440811157,0.929755687713623,0.4726085364818573,0.25638747215270996,0.9149308800697327,0.6160294413566589,0.30720576643943787,0.9986507296562195,0.4357649087905884,0.3101828396320343,0.997562050819397,0.6955031752586365,0.3600044846534729,0.9948719143867493,0.3522532880306244,0.34961915016174316,0.9943019151687622,0.7696420550346375,0.3129332363605499,0.9890312552452087,0.26961132884025574,0.31718605756759644,0.9921433925628662,0.5799493789672852,0.46686673164367676,0.9984083771705627,0.46245795488357544,0.4667952060699463,0.9977658987045288,0.6141422390937805,0.5917542576789856,0.9967204928398132,0.4311346411705017,0.5892626047134399,0.9958333969116211,0.6255871057510376,0.701106071472168,0.9899864792823792,0.42030197381973267,0.6991094946861267,0.9894368648529053
17,0.5696,0.5192210674285889,0.2589028775691986,0.9958611130714417,0.5412982106208801,0.24908585846424103,0.9926362037658691,0.5005292296409607,0.24788105487823486,0.991680920124054,0.5693076848983765,0.2580873370170593,0.9291257262229919,0.4724782407283783,0.2559449076652527,0.9070736169815063,0.6155473589897156,0.30718597769737244,0.9986597299575806,0.43595394492149353,0.3101295828819275,0.9975835084915161,0.6960521936416626,0.3600046932697296,0.9949615001678467,0.35237711668014526,0.34969303011894226,0.9942774176597595,0.7693837285041809,0.31285300850868225,0.9890572428703308,0.2693730592727661,0.317385733127594,0.9922192096710205,0.5796211957931519,0.46699580550193787,0.9983838796615601,0.4623467028141022,0.466857373714447,0.9977572560310364,0.6142326593399048,0.5918020009994507,0.9966415166854858,0.43125542998313904,0.5891562700271606,0.9958170056343079,0.625638484954834,0.7014058232307434,0.9898678064346313,0.42032352089881897,0.699217677116394,0.9896000623703003
18,0.6031,0.5188310146331787,0.25874027609825134,0.9958637952804565,0.5409438014030457,0.24899223446846008,0.9927372336387634,0.5002160668373108,0.24776235222816467,0.9918870329856873,0.568946897983551,0.2582985758781433,0.9316971302032471,0.47214096784591675,0.2560778260231018,0.9125354290008545,0.6147834062576294,0.30706268548965454,0.9986631870269775,0.4355345070362091,0.3101027309894562,0.9975669384002686,0.69563227891922,0.3599974513053894,0.9949306845664978,0.35247430205345154,0.3497961461544037,0.99418044090271,0.7691036462783813,0.3127058446407318,0.9889929890632629,0.26987630128860474,0.31775641441345215,0.9923921823501587,0.5792683362960815,0.4670819342136383,0.998363196849823,0.46223387122154236,0.46692973375320435,0.9977359771728516,0.6145074367523193,0.5924052000045776,0.9966202974319458,0.4314693808555603,0.589248776435852,0.9958691000938416,0.6257442831993103,0.7020066976547241,0.9895909428596497,0.4203440248966217,0.6993690729141235,0.9895966649055481
19,0.6366,0.5184071063995361,0.25872138142585754,0.9958706498146057,0.5404272079467773,0.24887268245220184,0.992716908454895,0.49964281916618347,0.24776415526866913,0.9922471046447754,0.5683770775794983,0.2583208382129669,0.9314147233963013,0.4714001417160034,0.25638169050216675,0.9199246764183044,0.6140095591545105,0.3068616986274719,0.9986536502838135,0.4352976381778717,0.31013184785842896,0.9975632429122925,0.6957407593727112,0.3597088158130646,0.9948312640190125,0.3525807559490204,0.34965792298316956,0.9941568374633789,0.7691125869750977,0.3123452365398407,0.9887205958366394,0.2694048285484314,0.3177908658981323,0.9922659993171692,0.5787011981010437,0.4667228162288666,0.9983555674552917,0.46214866638183594,0.46666350960731506,0.997719943523407,0.6147456765174866,0.5921944975852966,0.9966534972190857,0.43146568536758423,0.5891846418380737,0.9958821535110474,0.6257504224777222,0.7018831968307495,0.9896206855773926,0.42016032338142395,0.6992753744125366,0.989498496055603
20,0.6701,0.5181335210800171,0.25860595703125,0.9958397150039673,0.5401191115379333,0.24868027865886688,0.9925292134284973,0.49927663803100586,0.24759414792060852,0.9923526644706726,0.5678227543830872,0.25820761919021606,0.9285852313041687,0.4708992540836334,0.25633811950683594,0.9235503673553467,0.6139323115348816,0.3068634271621704,0.9986475110054016,0.4342702329158783,0.3103795349597931,0.9975370168685913,0.6948166489601135,0.3598092198371887,0.9947734475135803,0.3516171872615814,0.3497815728187561,0.9941815733909607,0.7681917548179626,0.3125043511390686,0.988556981086731,0.2692667841911316,0.31815236806869507,0.9924193024635315,0.5786543488502502,0.46676310896873474,0.9984024167060852,0.4618750214576721,0.4669388234615326,0.9977746605873108,0.6140608191490173,0.5919142961502075,0.9967750906944275,0.4314737915992737,0.589652419090271,0.9959640502929688,0.6257256865501404,0.7017189860343933,0.989829957485199,0.42030757665634155,0.6991769075393677,0.9894947409629822
21,0.7036,0.5176950097084045,0.2586117684841156,0.9957791566848755,0.5396797060966492,0.24857887625694275,0.9921923279762268,0.49867361783981323,0.2475878894329071,0.9921472668647766,0.5674387216567993,0.2580028176307678,0.9263175129890442,0.47032055258750916,0.2563462257385254,0.9226065278053284,0.6133629679679871,0.3069780766963959,0.9986639022827148,0.4339761435985565,0.31042245030403137,0.9975912570953369,0.6947970986366272,0.35980257391929626,0.9946911931037903,0.3503390848636627,0.34976625442504883,0.9943530559539795,0.7682102918624878,0.31223028898239136,0.9883888959884644,0.26882681250572205,0.31810086965560913,0.9926277995109558,0.5779621005058289,0.4668751358985901,0.9983744621276855,0.4616433084011078,0.4671252369880676,0.997748076915741,0.614115297794342,0.59132981300354,0.9967545866966248,0.4312818646430969,0.5896230936050415,0.9959562420845032,0.6257814764976501,0.7018136978149414,0.9898589253425598,0.42022883892059326,0.6994155049324036,0.9894738793373108
22,0.7371,0.5174450278282166,0.2586073875427246,0.9958119988441467,0.539482057094574,0.2485664337873459,0.9920632243156433,0.4985622763633728,0.24751511216163635,0.9920400381088257,0.5672135949134827,0.2580195665359497,0.9242606163024902,0.4703982174396515,0.25620537996292114,0.9194255471229553,0.6132470965385437,0.3071999251842499,0.9986727237701416,0.4336211383342743,0.310448557138443,0.9976297616958618,0.6943939328193665,0.35964787006378174,0.9946881532669067,0.34926867485046387,0.3497503399848938,0.9944455027580261,0.7679780721664429,0.3119337558746338,0.9881572127342224,0.26813241839408875,0.31794875860214233,0.9926609992980957,0.5779893398284912,0.46660709381103516,0.9983426332473755,0.46177810430526733,0.46682262420654297,0.997717022895813,0.6139827966690063,0.5909123420715332,0.9966899156570435,0.431302011013031,0.5892179012298584,0.9959269165992737,0.6256980895996094,0.7017408609390259,0.9897904992103577,0.42015910148620605,0.699495255947113,0.9895087480545044
23,0.7706,0.5170857906341553,0.25863081216812134,0.995681643486023,0.5388892889022827,0.24832303822040558,0.9915024042129517,0.4980182945728302,0.24739296734333038,0.9920576214790344,0.5664798021316528,0.25753849744796753,0.9180588722229004,0.4696938395500183,0.2560424208641052,0.9227752089500427,0.6134494543075562,0.30719107389450073,0.9986360669136047,0.4329196512699127,0.3106326162815094,0.997600257396698,0.6931134462356567,0.35976293683052063,0.9946568012237549,0.34857138991355896,0.34969696402549744,0.9945525527000427,0.7674552202224731,0.31216511130332947,0.988254189491272,0.2672477066516876,0.3178938627243042,0.9925733804702759,0.5775944590568542,0.46708494424819946,0.9983078241348267,0.4609350562095642,0.4672473073005676,0.9976727366447449,0.6139082312583923,0.5913881063461304,0.996683657169342,0.4305785000324249,0.5893269777297974,0.9959267973899841,0.6257715821266174,0.7020024061203003,0.9897404909133911,0.4200156331062317,0.6995815634727478,0.9894780516624451
24,0.8041,0.5166928172111511,0.2583238482475281,0.9955946803092957,0.5382760167121887,0.24798054993152618,0.9914062023162842,0.49760305881500244,0.2472367286682129,0.9919264316558838,0.5659310817718506,0.2572808563709259,0.919495701789856,0.4694201648235321,0.2561914324760437,0.9228502511978149,0.6130289435386658,0.3070380687713623,0.9986316561698914,0.4322412610054016,0.3105762302875519,0.9975973963737488,0.6932346820831299,0.35966968536376953,0.9946199655532837,0.3480483591556549,0.3496675193309784,0.9945821166038513,0.76762455701828,0.3118871748447418,0.987793505191803,0.2672366201877594,0.3181954324245453,0.992472767829895,0.5770246982574463,0.4665737748146057,0.9982941746711731,0.46067115664482117,0.4667724668979645,0.9976553916931152,0.6134409308433533,0.5911965370178223,0.9966999888420105,0.4307291805744171,0.5887751579284668,0.995970606803894,0.6255907416343689,0.7020033001899719,0.9898029565811157,0.4197934865951538,0.6995224356651306,0.9895976185798645
25,0.8376,0.5161803960800171,0.25812357664108276,0.9955651164054871,0.5377609133720398,0.2478007823228836,0.9911754131317139,0.49722909927368164,0.2470134198665619,0.991442859172821,0.565458357334137,0.2569354176521301,0.9178603887557983,0.4692952334880829,0.2557468116283417,0.9149566292762756,0.6126315593719482,0.30708131194114685,0.998640239238739,0.4317132830619812,0.3106098771095276,0.997614860534668,0.6930341720581055,0.35977646708488464,0.9946317672729492,0.34738531708717346,0.3499293923377991,0.9945434331893921,0.7676425576210022,0.31158846616744995,0.987815797328949,0.2667115032672882,0.3181259036064148,0.9925530552864075,0.5761077404022217,0.46643367409706116,0.9982776641845703,0.4597153663635254,0.4666615426540375,0.9976537823677063,0.6137757897377014,0.5914319753646851,0.9966219663619995,0.4301685392856598,0.5890676975250244,0.9959458708763123,0.6255558133125305,0.7021328210830688,0.9895869493484497,0.41987738013267517,0.699562668800354,0.9896054267883301
26,0.8711,0.51580810546875,0.2580801844596863,0.9954701662063599,0.5373687148094177,0.24782785773277283,0.9911928772926331,0.49691301584243774,0.24697108566761017,0.991455078125,0.5649527907371521,0.2570423483848572,0.9212214946746826,0.4691447913646698,0.25573208928108215,0.9175857305526733,0.6128893494606018,0.3074767589569092,0.9986213445663452,0.4315257668495178,0.3110526204109192,0.9975839853286743,0.6926378607749939,0.3600161373615265,0.9945127964019775,0.34694400429725647,0.3501044809818268,0.9944936633110046,0.7669306397438049,0.3119344115257263,0.9873912930488586,0.2664172053337097,0.3182015120983124,0.9924495220184326,0.5760422945022583,0.46679186820983887,0.998248815536499,0.45942169427871704,0.4670335650444031,0.9976176619529724,0.613892138004303,0.5914520025253296,0.9965797066688538,0.4299185872077942,0.5893946886062622,0.99588543176651,0.6255950331687927,0.7022253274917603,0.9890853762626648,0.41969913244247437,0.6996300220489502,0.9890655279159546
27,0.9046,0.5155442953109741,0.257976770401001,0.9954646229743958,0.5370699763298035,0.24780018627643585,0.9910210967063904,0.49668049812316895,0.2469363659620285,0.9912846088409424,0.564577043056488,0.25697773694992065,0.918746829032898,0.46889978647232056,0.2556625008583069,0.9152705073356628,0.6123733520507812,0.3074287474155426,0.9986155033111572,0.4312970042228699,0.31129854917526245,0.9976061582565308,0.691709041595459,0.3603692352771759,0.9944948554039001,0.346664696931839,0.35018688440322876,0.994575023651123,0.7661826014518738,0.31235042214393616,0.9871507883071899,0.2657419443130493,0.3181276321411133,0.992493748664856,0.5758422613143921,0.4663621485233307,0.9982115030288696,0.4593244194984436,0.4667145609855652,0.9976019263267517,0.6138578653335571,0.5913161039352417,0.9965746402740479,0.4297020435333252,0.5891445279121399,0.9959754347801208,0.6254978179931641,0.7023687362670898,0.9889091849327087,0.4197084307670593,0.6996487379074097,0.9892026782035828
28,0.9381,0.5151912569999695,0.2579876482486725,0.9954681396484375,0.5367261171340942,0.24777638912200928,0.9907670021057129,0.4962390065193176,0.24701368808746338,0.9911060929298401,0.5643487572669983,0.25682467222213745,0.9162018895149231,0.4686313271522522,0.25573068857192993,0.9117780327796936,0.6124700903892517,0.3075945973396301,0.9986074566841125,0.43117576837539673,0.31162795424461365,0.9976077079772949,0.692236065864563,0.3604150712490082,0.9945620894432068,0.3471282124519348,0.3507305383682251,0.9945110082626343,0.7659167051315308,0.312430202960968,0.9874317646026611,0.2666255533695221,0.31887635588645935,0.9926814436912537,0.5764184594154358,0.46688342094421387,0.9981871247291565,0.4593859314918518,0.46723562479019165,0.9975812435150146,0.6140002012252808,0.5913251638412476,0.99652099609375,0.4294150769710541,0.5890015363693237,0.9959523677825928,0.6256877779960632,0.7025266885757446,0.9887847900390625,0.41971510648727417,0.6996316909790039,0.9892351031303406
29,0.9716,0.5151110887527466,0.25830078125,0.9954972267150879,0.5368496179580688,0.24787862598896027,0.9908599257469177,0.49622756242752075,0.24706701934337616,0.991145670413971,0.5643947720527649,0.2567490041255951,0.9181845784187317,0.4692617654800415,0.25551700592041016,0.9084894061088562,0.611767053604126,0.3077927827835083,0.9986407160758972,0.4313771426677704,0.3115728795528412,0.9977098703384399,0.6923419237136841,0.36057978868484497,0.9948935508728027,0.34603020548820496,0.3507997989654541,0.994686484336853,0.7653601169586182,0.31286492943763733,0.9879543781280518,0.2656574547290802,0.3185172379016876,0.9927733540534973,0.5766294002532959,0.46353548765182495,0.9981631636619568,0.46025559306144714,0.46391549706459045,0.9975271821022034,0.6132151484489441,0.589397668838501,0.996572732925415,0.4294496178627014,0.587047815322876,0.9959840774536133,0.6257181167602539,0.7029150724411011,0.9891169667243958,0.4199429452419281,0.7000700235366821,0.9894676804542542
30,1.0051,0.5149009823799133,0.25858035683631897,0.9955647587776184,0.5364729762077332,0.24818746745586395,0.9906840324401855,0.4960228502750397,0.24734342098236084,0.9912523627281189,0.5639541745185852,0.2568143904209137,0.9127644300460815,0.46902525424957275,0.25556138157844543,0.906155526638031,0.6125568747520447,0.308479905128479,0.998591959476471,0.4318465292453766,0.3121156692504883,0.9977052807807922,0.6932045221328735,0.36120134592056274,0.9949179887771606,0.34668388962745667,0.3515307903289795,0.9947057366371155,0.7656117081642151,0.3128240704536438,0.9883254766464233,0.2654651403427124,0.3189302980899811,0.9928826093673706,0.5771653652191162,0.4645978510379791,0.9980630278587341,0.4598299562931061,0.4646684527397156,0.9974766373634338,0.6139719486236572,0.5898178815841675,0.996320366859436,0.42795565724372864,0.5869987607002258,0.9959112405776978,0.6259042620658875,0.7029166221618652,0.9884435534477234,0.419424831867218,0.7000506520271301,0.9893798232078552
31,1.0386,0.5143945813179016,0.2589208483695984,0.9956466555595398,0.5357866883277893,0.24865755438804626,0.9912960529327393,0.4955531656742096,0.24794431030750275,0.9910483956336975,0.5636629462242126,0.2571273744106293,0.9196560978889465,0.4688626229763031,0.2561769485473633,0.8967632055282593,0.6126423478126526,0.30896836519241333,0.9986069798469543,0.4316977560520172,0.3124716877937317,0.9977428913116455,0.694123387336731,0.3616003394126892,0.9948965907096863,0.3447800874710083,0.35171666741371155,0.9949565529823303,0.7651646733283997,0.312605082988739,0.9883424639701843,0.26455458998680115,0.31888657808303833,0.9930186867713928,0.5773299932479858,0.4654415547847748,0.9980460405349731,0.45962363481521606,0.46544915437698364,0.9974472522735596,0.6144375205039978,0.5900307297706604,0.9961703419685364,0.4264906048774719,0.5869261026382446,0.9957326054573059,0.6258816123008728,0.7025794982910156,0.988379716873169,0.4194084107875824,0.6999942660331726,0.9892377853393555
32,1.0721,0.5141576528549194,0.25963228940963745,0.995826005935669,0.5353357195854187,0.2494812309741974,0.9921683669090271,0.49495425820350647,0.24906019866466522,0.9921119213104248,0.5633843541145325,0.2580808997154236,0.9300875067710876,0.4681711792945862,0.25780293345451355,0.9147930145263672,0.6116467714309692,0.30910104513168335,0.9986501336097717,0.431921124458313,0.31291720271110535,0.9977669715881348,0.6948187947273254,0.36171382665634155,0.994869589805603,0.3444456458091736,0.352071076631546,0.9947158694267273,0.7654024958610535,0.3128201365470886,0.9889821410179138,0.26340430974960327,0.31921565532684326,0.9927430152893066,0.577500581741333,0.4654623866081238,0.9980601668357849,0.4600330889225006,0.4656035006046295,0.9973721504211426,0.6150429248809814,0.5898397564888,0.9961462020874023,0.42530518770217896,0.5863991975784302,0.995537281036377,0.6258299350738525,0.702231228351593,0.9883061051368713,0.4193325340747833,0.6999178528785706,0.9887282848358154
33,1.1056,0.5134015679359436,0.26065540313720703,0.9958540201187134,0.5345273017883301,0.25092238187789917,0.9927031993865967,0.4943615794181824,0.25046929717063904,0.9917096495628357,0.5629780888557434,0.2594149112701416,0.9390525221824646,0.46812790632247925,0.2590787410736084,0.9067923426628113,0.6118829250335693,0.3105083107948303,0.9987123012542725,0.4317224323749542,0.31400856375694275,0.9978150129318237,0.6944315433502197,0.3629938066005707,0.9948635697364807,0.3427585959434509,0.35345739126205444,0.9947443008422852,0.7656400799751282,0.3141140341758728,0.9885185360908508,0.2627599239349365,0.3194579482078552,0.9927541613578796,0.5782457590103149,0.46657466888427734,0.9980829954147339,0.4603986144065857,0.46671080589294434,0.9974029660224915,0.6167526245117188,0.5907976031303406,0.9961124062538147,0.42367154359817505,0.5874641537666321,0.9955299496650696,0.6260907649993896,0.70256507396698,0.9880756139755249,0.4196303188800812,0.6999188661575317,0.9886484742164612
34,1.1391,0.5127139687538147,0.26183152198791504,0.9963403940200806,0.5342282056808472,0.25206437706947327,0.9935222268104553,0.4931822121143341,0.2519454061985016,0.992853581905365,0.5634801983833313,0.2607991099357605,0.9319620132446289,0.466855525970459,0.2609694004058838,0.9040732383728027,0.6122843623161316,0.31275683641433716,0.9985686540603638,0.4308050870895386,0.3162747919559479,0.9971215128898621,0.6955214738845825,0.3635510504245758,0.9948491454124451,0.34500807523727417,0.35645049810409546,0.9948430061340332,0.7662773132324219,0.31522706151008606,0.989335834980011,0.2620414197444916,0.32073235511779785,0.992348313331604,0.577552855014801,0.467386394739151,0.9984283447265625,0.45950210094451904,0.46744975447654724,0.9978109002113342,0.6184777021408081,0.591574490070343,0.9959867596626282,0.4216894507408142,0.5892702341079712,0.9953820109367371,0.6275619268417358,0.7026306390762329,0.9907494187355042,0.4204319715499878,0.699385404586792,0.9913637638092041
35,1.1726,0.511829137802124,0.26311859488487244,0.9964679479598999,0.5335426926612854,0.25347477197647095,0.9936650991439819,0.4924239218235016,0.25334006547927856,0.9918410778045654,0.5635281205177307,0.2621029317378998,0.9288247227668762,0.4661162495613098,0.2621757388114929,0.8680406212806702,0.6111419796943665,0.3151664137840271,0.9986024498939514,0.4299105405807495,0.31827741861343384,0.9972418546676636,0.6971055865287781,0.36593419313430786,0.9952367544174194,0.34605345129966736,0.35916730761528015,0.9953126907348633,0.766553521156311,0.3164975941181183,0.9887298941612244,0.2611839175224304,0.3224560618400574,0.9921109676361084,0.5775236487388611,0.4681108891963959,0.9984361529350281,0.4596780240535736,0.4679025113582611,0.9978364109992981,0.6196067333221436,0.5919528007507324,0.9960850477218628,0.4193832278251648,0.5881693959236145,0.9955352544784546,0.6277509331703186,0.7022278904914856,0.9907774925231934,0.41997867822647095,0.699045717716217,0.9915995597839355
36,1.2061,0.512352705001831,0.26461052894592285,0.996364176273346,0.5335134863853455,0.2552066743373871,0.9937066435813904,0.4933016002178192,0.25505518913269043,0.9916682243347168,0.5631095170974731,0.264188289642334,0.9300609230995178,0.4668205976486206,0.26422175765037537,0.8676185607910156,0.6106092929840088,0.3174261450767517,0.998629093170166,0.4295364320278168,0.3195623755455017,0.9972490668296814,0.6980674862861633,0.36767053604125977,0.9954642653465271,0.3447301685810089,0.3614231050014496,0.9953497648239136,0.7673521041870117,0.317891925573349,0.9891934990882874,0.2596580386161804,0.3245242238044739,0.9910145401954651,0.5764599442481995,0.46881183981895447,0.998480498790741,0.45815277099609375,0.4682849049568176,0.997836172580719,0.6201798319816589,0.591483473777771,0.9962557554244995,0.4171369671821594,0.5876346826553345,0.9955350160598755,0.6278473734855652,0.7021147608757019,0.9914201498031616,0.41984787583351135,0.6989427208900452,0.9918042421340942
37,1.2396,0.5120090842247009,0.26697665452957153,0.9962705373764038,0.5329344868659973,0.25760945677757263,0.9942371845245361,0.49337446689605713,0.2575148642063141,0.9914686679840088,0.5633412003517151,0.26675328612327576,0.9423295259475708,0.4678228199481964,0.2669651508331299,0.8573017716407776,0.612122654914856,0.31925898790359497,0.998612642288208,0.4312598705291748,0.32167190313339233,0.9971809387207031,0.6974272727966309,0.37009111046791077,0.9952274560928345,0.3437555432319641,0.364912748336792,0.994892954826355,0.76694655418396,0.32139644026756287,0.988531231880188,0.261349618434906,0.32751381397247314,0.9907143115997314,0.5776767134666443,0.4715843200683594,0.9985218644142151,0.45770376920700073,0.47123050689697266,0.9979016780853271,0.6221067905426025,0.592555046081543,0.9961936473846436,0.41503584384918213,0.5892390012741089,0.995496392250061,0.6278216242790222,0.7022340297698975,0.9912620782852173,0.4199539124965668,0.6989526748657227,0.9917078614234924
38,1.2732,0.5120069980621338,0.26956915855407715,0.996006429195404,0.5332418084144592,0.260225772857666,0.9939029216766357,0.4932052493095398,0.2600765824317932,0.9911924004554749,0.5641192197799683,0.26978975534439087,0.9428640007972717,0.4675197899341583,0.269928514957428,0.8636848330497742,0.6128768920898438,0.3215751051902771,0.9985970854759216,0.43129798769950867,0.3242381513118744,0.9972378015518188,0.6985463500022888,0.3720466196537018,0.995206892490387,0.3443518877029419,0.3667939603328705,0.9952136278152466,0.7656410932540894,0.3246942162513733,0.9873278737068176,0.26071926951408386,0.3293919563293457,0.9900645613670349,0.5764079689979553,0.4723843038082123,0.9985072016716003,0.45653992891311646,0.4719668924808502,0.9978607296943665,0.6232953667640686,0.5936347246170044,0.9962582588195801,0.41040030121803284,0.5897482633590698,0.995481014251709,0.6275466680526733,0.702765166759491,0.9911015033721924,0.42023003101348877,0.6994381546974182,0.9913492202758789
39,1.3067,0.5117781162261963,0.2728063762187958,0.99604731798172,0.5333329439163208,0.2633729577064514,0.9941950440406799,0.49302181601524353,0.26325076818466187,0.991476833820343,0.5645431876182556,0.2728996276855469,0.9508624076843262,0.4678836464881897,0.2730885446071625,0.868713915348053,0.6130170822143555,0.32391393184661865,0.998630166053772,0.43133917450904846,0.3271520733833313,0.9971752166748047,0.7012941241264343,0.3741910457611084,0.9952107071876526,0.3412573039531708,0.36924222111701965,0.9943970441818237,0.7650057673454285,0.32741981744766235,0.9884209632873535,0.2592100203037262,0.33048346638679504,0.9900287985801697,0.5771552324295044,0.4750218987464905,0.9985364675521851,0.45660892128944397,0.47491565346717834,0.9978023171424866,0.6248425245285034,0.5939086675643921,0.9964197874069214,0.4077780842781067,0.5903506875038147,0.9955012202262878,0.6276546120643616,0.7030361890792847,0.991270899772644,0.420641154050827,0.699689507484436,0.9913113117218018
40,1.3402,0.5115216970443726,0.27540385723114014,0.9963057041168213,0.5331054329872131,0.26606646180152893,0.9939736723899841,0.4922393262386322,0.26599687337875366,0.99234938621521,0.5634658336639404,0.2754760682582855,0.940493106842041,0.46633782982826233,0.2757698595523834,0.8889463543891907,0.6101028919219971,0.3268895149230957,0.9986547231674194,0.4296374022960663,0.3303418755531311,0.9973457455635071,0.6992726922035217,0.37734556198120117,0.9954174757003784,0.34320691227912903,0.37326765060424805,0.994925856590271,0.7650036215782166,0.3313349485397339,0.988785982131958,0.2604999840259552,0.33516955375671387,0.989201545715332,0.576371431350708,0.477139949798584,0.9984720349311829,0.4566963315010071,0.47726622223854065,0.9976099729537964,0.6270672678947449,0.5943576097488403,0.9965533018112183,0.4054196774959564,0.5917527675628662,0.9952043294906616,0.6276950836181641,0.7024596929550171,0.9917750358581543,0.4207279086112976,0.7001854777336121,0.9906264543533325
41,1.3737,0.5114025473594666,0.2788160741329193,0.9963830709457397,0.5322563648223877,0.2695963978767395,0.9944798946380615,0.4932905435562134,0.2693379819393158,0.9919795989990234,0.5632054209709167,0.2782668471336365,0.944477379322052,0.46851569414138794,0.27811571955680847,0.8602158427238464,0.610288679599762,0.3310592770576477,0.9987078905105591,0.4307015836238861,0.33301979303359985,0.9974499344825745,0.6983442306518555,0.38103213906288147,0.9958235025405884,0.34191223978996277,0.3754972517490387,0.9951914548873901,0.7645854353904724,0.3337697386741638,0.9887357354164124,0.26069238781929016,0.33938562870025635,0.9889937043190002,0.5774896144866943,0.4793822169303894,0.9984875917434692,0.45809367299079895,0.4787124693393707,0.9976671934127808,0.6299774050712585,0.5962260365486145,0.9963877201080322,0.40194109082221985,0.5908452868461609,0.9950763583183289,0.6271194219589233,0.7024239301681519,0.9918904304504395,0.42115920782089233,0.699883759021759,0.9910874962806702
42,1.4072,0.511465847492218,0.2827773094177246,0.9961516261100769,0.5327814221382141,0.2732921838760376,0.9934275150299072,0.49290889501571655,0.27287134528160095,0.9910111427307129,0.5635547041893005,0.2816874384880066,0.9335492253303528,0.4677784740924835,0.2812666893005371,0.8525141477584839,0.6116741895675659,0.3337002992630005,0.9987162351608276,0.43139025568962097,0.3366701006889343,0.9976432919502258,0.6956421136856079,0.38355520367622375,0.9957367181777954,0.3436252176761627,0.3776927590370178,0.9959840774536133,0.7638481259346008,0.3377658426761627,0.9882286787033081,0.26096490025520325,0.34399300813674927,0.9899299740791321,0.5798286199569702,0.48180222511291504,0.9983375072479248,0.4601050019264221,0.4810754656791687,0.9975277781486511,0.6320133805274963,0.5961043238639832,0.9963011741638184,0.39861515164375305,0.5898489952087402,0.9950798749923706,0.6269695162773132,0.7019174098968506,0.9920491576194763,0.4208933115005493,0.6998072862625122,0.9914129972457886
43,1.4407,0.511559784412384,0.28644323348999023,0.9958679676055908,0.5325868129730225,0.2772800326347351,0.9931163191795349,0.4923022389411926,0.276944637298584,0.9913172721862793,0.5622677206993103,0.2861139178276062,0.934101939201355,0.4660731852054596,0.28603631258010864,0.8873870968818665,0.6100189685821533,0.3375117778778076,0.998681366443634,0.42836079001426697,0.34203147888183594,0.9975714087486267,0.6960182785987854,0.3877163827419281,0.9955930113792419,0.34295251965522766,0.3818482756614685,0.9960798621177673,0.7633110880851746,0.34287476539611816,0.988463819026947,0.26066386699676514,0.34673500061035156,0.9901874661445618,0.5796056985855103,0.48463305830955505,0.9983447790145874,0.45995208621025085,0.48454350233078003,0.9974647760391235,0.6333728432655334,0.5970765352249146,0.9966604709625244,0.39473265409469604,0.5904985666275024,0.9953385591506958,0.6266679167747498,0.702214777469635,0.992148220539093,0.4214829206466675,0.6996312141418457,0.991204559803009
44,1.4742,0.5118172764778137,0.28975343704223633,0.9957551956176758,0.5327045917510986,0.2804172933101654,0.9928762912750244,0.4928925335407257,0.2802533209323883,0.9904816746711731,0.5630733370780945,0.2892801761627197,0.9357525706291199,0.467282235622406,0.2894591689109802,0.8653919696807861,0.6121765971183777,0.34235116839408875,0.9985894560813904,0.4280821979045868,0.345035195350647,0.9973861575126648,0.6991543173789978,0.39190614223480225,0.9956075549125671,0.34438928961753845,0.3874374032020569,0.9956274032592773,0.7636080384254456,0.34562498331069946,0.9885559678077698,0.26408082246780396,0.35224226117134094,0.989599347114563,0.5812846422195435,0.48757123947143555,0.9982140064239502,0.46084943413734436,0.48664650321006775,0.99726402759552,0.6346489191055298,0.5977288484573364,0.9966875910758972,0.39429646730422974,0.5902635455131531,0.9954179525375366,0.6270429491996765,0.7023321390151978,0.9917787909507751,0.42177343368530273,0.6998681426048279,0.9908114671707153
45,1.5077,0.511712908744812,0.2941605746746063,0.995695948600769,0.5332034826278687,0.2848748564720154,0.993069052696228,0.49278631806373596,0.28435811400413513,0.9907442927360535,0.5636438727378845,0.2943592369556427,0.9379183053970337,0.4669352173805237,0.2938052713871002,0.8743630647659302,0.6125054359436035,0.3459962010383606,0.9986166954040527,0.4288943409919739,0.3492248058319092,0.9975041747093201,0.6998084187507629,0.39564767479896545,0.9955956339836121,0.34131088852882385,0.3904871344566345,0.9961063265800476,0.7616509199142456,0.351087749004364,0.9880334138870239,0.2629573941230774,0.3550496995449066,0.9900952577590942,0.5820938348770142,0.489755243062973,0.9982495903968811,0.461823433637619,0.48913782835006714,0.9973700046539307,0.6361912488937378,0.599094033241272,0.9965710639953613,0.3937729001045227,0.5923237204551697,0.9955266118049622,0.6272013783454895,0.7020331621170044,0.9913105964660645,0.4215073883533478,0.7000579833984375,0.9907097816467285
46,1.5412,0.5111849308013916,0.2981976866722107,0.9957062602043152,0.532606303691864,0.2889089584350586,0.9933990240097046,0.49153587222099304,0.28889355063438416,0.9913045167922974,0.5634660720825195,0.2984507977962494,0.9495381116867065,0.46614348888397217,0.29904705286026,0.8935507535934448,0.6118710041046143,0.35000893473625183,0.9986365437507629,0.43019527196884155,0.35378748178482056,0.9974715709686279,0.7008552551269531,0.39964309334754944,0.9953349232673645,0.34058257937431335,0.3931942284107208,0.9957420229911804,0.7627119421958923,0.35563358664512634,0.9885079264640808,0.2622801959514618,0.358491986989975,0.9914931654930115,0.583497941493988,0.49328985810279846,0.9982069730758667,0.4640725553035736,0.4928956627845764,0.9972770810127258,0.6376330256462097,0.6008501052856445,0.9967353940010071,0.392887145280838,0.5936484336853027,0.9957181811332703,0.6273234486579895,0.7021762132644653,0.9910481572151184,0.42249631881713867,0.700127899646759,0.9903891682624817
47,1.5747,0.5123485326766968,0.302265465259552,0.9958221912384033,0.5334240198135376,0.29309922456741333,0.9930815100669861,0.4928414225578308,0.2927873134613037,0.9912842512130737,0.563096284866333,0.3023642599582672,0.9435988664627075,0.4668114483356476,0.30227071046829224,0.8971850275993347,0.612172544002533,0.3555988669395447,0.9986274242401123,0.4280344545841217,0.3578717112541199,0.9973244667053223,0.6968237161636353,0.4046665132045746,0.9948935508728027,0.34336742758750916,0.39783430099487305,0.9954333901405334,0.7587745785713196,0.3612056374549866,0.9886969327926636,0.2635187804698944,0.3647706210613251,0.9918943047523499,0.5833150148391724,0.4964134097099304,0.9981369972229004,0.4645257592201233,0.49544721841812134,0.9971321821212769,0.6384330987930298,0.601617693901062,0.9966821074485779,0.3928745687007904,0.5938258171081543,0.9956839084625244,0.6273743510246277,0.7021266222000122,0.9909804463386536,0.4227771759033203,0.7005219459533691,0.9903846979141235
48,1.6082,0.5115995407104492,0.307192862033844,0.9959810972213745,0.533476710319519,0.2981133460998535,0.9937964677810669,0.49248746037483215,0.29721254110336304,0.9908919930458069,0.5629456639289856,0.3078044652938843,0.9506831169128418,0.4662209749221802,0.3064330816268921,0.8842976093292236,0.6119943261146545,0.35952121019363403,0.9986490607261658,0.42815059423446655,0.3627763092517853,0.9973434805870056,0.6968144774436951,0.4082101881504059,0.994666337966919,0.3414901793003082,0.4011918604373932,0.9954602122306824,0.7599826455116272,0.36466842889785767,0.9882185459136963,0.26178818941116333,0.368053674697876,0.9923034906387329,0.5824956893920898,0.49934569001197815,0.9980295300483704,0.46418169140815735,0.498488187789917,0.9970539808273315,0.6402739882469177,0.6035723686218262,0.9966530203819275,0.3912433087825775,0.5959039926528931,0.9957932233810425,0.6271041631698608,0.7019258141517639,0.9906647205352783,0.42273518443107605,0.7002787590026855,0.9904838800430298
49,1.6417,0.5114027857780457,0.31129199266433716,0.9958192110061646,0.5326128005981445,0.302345335483551,0.9935787916183472,0.49178779125213623,0.3019947111606598,0.9919899106025696,0.5624374151229858,0.31245967745780945,0.9528456330299377,0.4652611315250397,0.31235644221305847,0.9180206060409546,0.6111774444580078,0.3640715479850769,0.9986359477043152,0.4270106852054596,0.36793115735054016,0.9972550272941589,0.7000300288200378,0.4112256169319153,0.9944075345993042,0.3404906690120697,0.405040979385376,0.9947680234909058,0.7592394351959229,0.3677244186401367,0.988141655921936,0.2614719271659851,0.3712683320045471,0.9913853406906128,0.5833180546760559,0.5022684335708618,0.9978799819946289,0.46584227681159973,0.5015742182731628,0.9966903924942017,0.6415445804595947,0.6046355962753296,0.9965612292289734,0.39063704013824463,0.5959657430648804,0.995461642742157,0.6270987391471863,0.7021610140800476,0.9899927973747253,0.4228110909461975,0.7004806995391846,0.989319920539856
50,1.6752,0.9416393041610718,0.45279717445373535,0.9391559958457947,0.9495965838432312,0.44853776693344116,0.9618790745735168,0.942186713218689,0.44790855050086975,0.2720904052257538,0.976927638053894,0.4503754675388336,0.9354833960533142,0.9508597254753113,0.4487030506134033,0.002090977970510721,0.9969596862792969,0.475178062915802,0.9280586242675781,0.9565787315368652,0.4708397388458252,0.7049412727355957,0.948307991027832,0.50660640001297,0.9208390712738037,0.9335783123970032,0.5002480149269104,0.22422008216381073,0.9043944478034973,0.5095701813697815,0.6997841596603394,0.9254068732261658,0.5120745301246643,0.09519091993570328,0.9848670363426208,0.5363110303878784,0.5573120713233948,0.9548333287239075,0.5317074656486511,0.3896867036819458,0.9221320152282715,0.548994243144989,0.0609254352748394,0.9053263068199158,0.5448010563850403,0.0232270285487175,0.9313228130340576,0.5766424536705017,0.011801286600530148,0.9248289465904236,0.5759174823760986,0.00586165813729167
51,1.7087,0.5110544562339783,0.321230411529541,0.9958468079566956,0.5327314734458923,0.3122512698173523,0.9941778182983398,0.49141713976860046,0.3119163513183594,0.9915032386779785,0.5639001131057739,0.3218524754047394,0.9536938071250916,0.4659833610057831,0.3216676712036133,0.8860507011413574,0.6131971478462219,0.37326908111572266,0.9982958436012268,0.4276079535484314,0.3764663338661194,0.9966583251953125,0.6997911334037781,0.4202846586704254,0.9941503405570984,0.33867254853248596,0.41584640741348267,0.9942030310630798,0.7610146403312683,0.375607430934906,0.9872050285339355,0.26099693775177,0.3819577097892761,0.9875362515449524,0.5828242301940918,0.5079495310783386,0.997829020023346,0.46448034048080444,0.5071213841438293,0.9969156980514526,0.6430912613868713,0.6054092049598694,0.9955999851226807,0.3880094885826111,0.5986722707748413,0.9949616193771362,0.6275542974472046,0.7035201787948608,0.9899953603744507,0.4232422709465027,0.7005457878112793,0.9909364581108093
52,1.7422,0.5103800296783447,0.32563725113868713,0.9959362745285034,0.5324222445487976,0.3167263865470886,0.9941715598106384,0.4903523027896881,0.3163207173347473,0.9920690059661865,0.5631083846092224,0.32634255290031433,0.9527624845504761,0.464462012052536,0.32602986693382263,0.9036206007003784,0.6119865775108337,0.3767666220664978,0.9983696341514587,0.42581605911254883,0.38088488578796387,0.996825098991394,0.6980771422386169,0.42541295289993286,0.9943088889122009,0.3391813039779663,0.42071446776390076,0.9942896366119385,0.7582239508628845,0.3816409111022949,0.9869092106819153,0.26073071360588074,0.3865000605583191,0.9861634373664856,0.5817536115646362,0.5115236639976501,0.9977978467941284,0.46377766132354736,0.5110329389572144,0.996781587600708,0.6433106064796448,0.6058317422866821,0.9957472681999207,0.3862631022930145,0.5994828939437866,0.9949766993522644,0.626886248588562,0.7030645608901978,0.9901974201202393,0.4228903353214264,0.7000967860221863,0.9908539056777954
53,1.7757,0.5098229646682739,0.3306120038032532,0.9954133629798889,0.5309836268424988,0.3213749825954437,0.9927409291267395,0.49081191420555115,0.32109755277633667,0.9901444911956787,0.5617796778678894,0.3304855227470398,0.9400557279586792,0.4657779633998871,0.33042454719543457,0.8715346455574036,0.6113450527191162,0.381051242351532,0.9983909130096436,0.4256024956703186,0.3849656879901886,0.9968773126602173,0.6980502605438232,0.42913395166397095,0.994845986366272,0.340501993894577,0.426096111536026,0.9954084753990173,0.757706880569458,0.38668474555015564,0.986510694026947,0.2615318298339844,0.3927391767501831,0.9872157573699951,0.5804750323295593,0.515766441822052,0.9978293776512146,0.4628716707229614,0.5151590704917908,0.9968151450157166,0.6442680358886719,0.6074215173721313,0.9956797361373901,0.38364648818969727,0.6006109714508057,0.9948975443840027,0.6263985633850098,0.7030559182167053,0.9900423288345337,0.42198511958122253,0.7002652883529663,0.9906554818153381
54,1.8092,0.5101218223571777,0.33490297198295593,0.9950887560844421,0.5315660834312439,0.3257482647895813,0.9924100637435913,0.4911150336265564,0.32532450556755066,0.9894111752510071,0.5626756548881531,0.33454257249832153,0.9413357377052307,0.4661155641078949,0.3342123329639435,0.8692793250083923,0.6123650670051575,0.3850118815898895,0.9983417987823486,0.425857812166214,0.3894798159599304,0.9969550371170044,0.6971772909164429,0.43325677514076233,0.9947713017463684,0.3394295573234558,0.42957597970962524,0.9957168698310852,0.7577968239784241,0.39007407426834106,0.9860063791275024,0.26055747270584106,0.395469069480896,0.9871396422386169,0.579814076423645,0.5176869630813599,0.997724711894989,0.46208062767982483,0.5173028707504272,0.9967128038406372,0.6435189843177795,0.608197808265686,0.9957910776138306,0.3822471499443054,0.6021665334701538,0.9949960708618164,0.6261385679244995,0.7032527923583984,0.9900743365287781,0.421612411737442,0.6999397873878479,0.9905563592910767
55,1.8427,0.5098932385444641,0.33948713541030884,0.9953344464302063,0.5310912132263184,0.33022287487983704,0.9927186965942383,0.49004772305488586,0.3301001489162445,0.9898836016654968,0.561903178691864,0.3379739224910736,0.9404782652854919,0.464587539434433,0.33845415711402893,0.8736768364906311,0.6109541654586792,0.38882866501808167,0.9984328150749207,0.42597752809524536,0.39415088295936584,0.9970663189888,0.6958863735198975,0.4379607141017914,0.9950217008590698,0.3411538004875183,0.4344034194946289,0.9956870675086975,0.7564532160758972,0.39330989122390747,0.9855459332466125,0.26207903027534485,0.4003174304962158,0.9875133633613586,0.5793255567550659,0.5199661254882812,0.9977471232414246,0.46244412660598755,0.5198673009872437,0.9967007040977478,0.6424703598022461,0.6086591482162476,0.9958280920982361,0.3814599812030792,0.6024982333183289,0.9949190020561218,0.6258707046508789,0.7027758359909058,0.9902845025062561,0.42200803756713867,0.699632465839386,0.9905790686607361
56,1.8762,0.509037971496582,0.34406572580337524,0.995112955570221,0.5300191044807434,0.33475548028945923,0.9930651187896729,0.4899497926235199,0.3346858620643616,0.9895656108856201,0.5615401268005371,0.342905730009079,0.9499427080154419,0.465568870306015,0.343466579914093,0.8668133020401001,0.6115303039550781,0.3929908573627472,0.9983090162277222,0.4255121052265167,0.3982377052307129,0.9968409538269043,0.6957785487174988,0.4416946768760681,0.9947473406791687,0.33851364254951477,0.4384083151817322,0.9955117106437683,0.7565023899078369,0.3969841003417969,0.9849693775177002,0.26206475496292114,0.40511471033096313,0.988772451877594,0.5797698497772217,0.5225534439086914,0.9976276755332947,0.462007611989975,0.5229414105415344,0.9965986609458923,0.6422831416130066,0.6092303991317749,0.9957278966903687,0.38057368993759155,0.6053053140640259,0.994897186756134,0.6260973811149597,0.7029385566711426,0.9891055226325989,0.42243504524230957,0.6996888518333435,0.9894334673881531
57,1.9097,0.5095491409301758,0.3484952449798584,0.9951576590538025,0.531082272529602,0.3394702076911926,0.9935082197189331,0.49047228693962097,0.3391541838645935,0.9910054206848145,0.5630748271942139,0.3482013940811157,0.9552268385887146,0.4656502902507782,0.3481668531894684,0.898098886013031,0.6130136251449585,0.39702361822128296,0.9982002973556519,0.42574989795684814,0.4019196629524231,0.9966439008712769,0.6975834369659424,0.4448445737361908,0.994416356086731,0.33943405747413635,0.441908061504364,0.9952594637870789,0.7559431195259094,0.40343794226646423,0.9837358593940735,0.2637704312801361,0.40891075134277344,0.9893524050712585,0.5814462304115295,0.5259213447570801,0.9974827170372009,0.46246978640556335,0.5262662768363953,0.9963535070419312,0.642995297908783,0.6102861762046814,0.9957481026649475,0.3796065151691437,0.6068499088287354,0.9948276877403259,0.6258180141448975,0.7034763097763062,0.9883142709732056,0.42348065972328186,0.6992578506469727,0.9883894920349121
58,1.9432,0.5092087388038635,0.3522571623325348,0.9952800273895264,0.5303111672401428,0.3431258201599121,0.993202805519104,0.4897448718547821,0.3433975577354431,0.9905229210853577,0.5620801448822021,0.3513893783092499,0.9536291360855103,0.46622902154922485,0.3525905907154083,0.8835931420326233,0.6123249530792236,0.40156322717666626,0.9980751276016235,0.4255409240722656,0.4054270386695862,0.9966732263565063,0.6979074478149414,0.4481737017631531,0.9938981533050537,0.3398798704147339,0.4458394944667816,0.9953853487968445,0.7540311813354492,0.408161461353302,0.9846855401992798,0.26238855719566345,0.41144436597824097,0.9893203973770142,0.5818498730659485,0.5265908241271973,0.9973948001861572,0.4651040732860565,0.526499330997467,0.9961937665939331,0.6421206593513489,0.6109195947647095,0.9960116147994995,0.3797847032546997,0.6057918071746826,0.9950567483901978,0.625599205493927,0.7045636177062988,0.9886715412139893,0.4227776527404785,0.6993393898010254,0.98847895860672
59,1.9767,0.5089433193206787,0.3563133180141449,0.9952694773674011,0.530541181564331,0.34724515676498413,0.9932966828346252,0.48961812257766724,0.3472052216529846,0.9904423356056213,0.5620439648628235,0.35597914457321167,0.9563350081443787,0.4659225046634674,0.3564242422580719,0.8846254944801331,0.6121271848678589,0.40614843368530273,0.9981487989425659,0.42660313844680786,0.4087434411048889,0.9966057538986206,0.699105978012085,0.4521016478538513,0.9940628409385681,0.34059593081474304,0.4492432475090027,0.9953560829162598,0.7557747960090637,0.41091957688331604,0.985002338886261,0.26290518045425415,0.4159964919090271,0.9903809428215027,0.5804993510246277,0.5300405025482178,0.9973719120025635,0.46526405215263367,0.5293163061141968,0.9962112903594971,0.6411102414131165,0.6115314960479736,0.9959458708763123,0.3795354962348938,0.6063730120658875,0.9952287673950195,0.625487744808197,0.704574465751648,0.9881224036216736,0.42257973551750183,0.6994502544403076,0.9884682297706604
60,2.0102,0.5090975165367126,0.3608538508415222,0.9955214262008667,0.5303554534912109,0.352031946182251,0.9939584732055664,0.4895980954170227,0.3519408106803894,0.991899847984314,0.5609584450721741,0.36094406247138977,0.9593847393989563,0.46525681018829346,0.3614243268966675,0.9119675159454346,0.611027717590332,0.4089980125427246,0.9982427358627319,0.4269985556602478,0.41300052404403687,0.9966180920600891,0.6979781985282898,0.455191045999527,0.9939383268356323,0.33871081471443176,0.4526304304599762,0.9951795339584351,0.7563204169273376,0.414031982421875,0.9854407906532288,0.2597588002681732,0.41810116171836853,0.9900622367858887,0.5808908939361572,0.5315862894058228,0.9975390434265137,0.46621280908584595,0.5313794016838074,0.9962884187698364,0.6405899524688721,0.6124605536460876,0.9962601661682129,0.37959539890289307,0.6073037385940552,0.9953303337097168,0.6253358125686646,0.7045944333076477,0.9889350533485413,0.4229600727558136,0.6995418071746826,0.9887157082557678
61,2.0437,0.5088063478469849,0.36517128348350525,0.9955527186393738,0.5296809077262878,0.3558898866176605,0.9938445091247559,0.4895389974117279,0.35621318221092224,0.9903732538223267,0.5615493059158325,0.36381879448890686,0.9588063359260559,0.4662104845046997,0.365204781293869,0.8706299066543579,0.6129916906356812,0.4130170941352844,0.9981718063354492,0.42624431848526,0.416959285736084,0.9965401887893677,0.6966559290885925,0.460138738155365,0.9937500357627869,0.33972036838531494,0.456393301486969,0.9948434829711914,0.7557931542396545,0.41771048307418823,0.985471785068512,0.26118341088294983,0.42258477210998535,0.9899570345878601,0.5798434615135193,0.533291757106781,0.9975780844688416,0.4653763771057129,0.5333178043365479,0.9963386058807373,0.6396033763885498,0.6123191118240356,0.9965066313743591,0.379407674074173,0.6080093383789062,0.9953547716140747,0.6249971389770508,0.7041398882865906,0.9901930093765259,0.42280033230781555,0.6990929841995239,0.9893184304237366
62,2.0772,0.5092581510543823,0.369498074054718,0.9956385493278503,0.5306413173675537,0.36026257276535034,0.9937479496002197,0.4894377887248993,0.3605148196220398,0.9915109276771545,0.5622028112411499,0.36864733695983887,0.9556259512901306,0.4652521312236786,0.36987048387527466,0.8990851044654846,0.6117594838142395,0.41556596755981445,0.9981555342674255,0.4265001118183136,0.42001810669898987,0.9964511394500732,0.6963545083999634,0.46317625045776367,0.9935311675071716,0.33937105536460876,0.46123045682907104,0.994134247303009,0.7524049282073975,0.42314958572387695,0.9850651621818542,0.265765905380249,0.4291849732398987,0.9897290468215942,0.5794411301612854,0.5369592905044556,0.9975760579109192,0.46480339765548706,0.5372933149337769,0.9963064193725586,0.6395488381385803,0.6130723357200623,0.9964800477027893,0.3788856565952301,0.6095473170280457,0.995374858379364,0.6250075697898865,0.704757571220398,0.9896697402000427,0.42227792739868164,0.699506402015686,0.9888309836387634
63,2.1108,0.5092439651489258,0.37374264001846313,0.9956146478652954,0.5307924747467041,0.36478352546691895,0.9940525889396667,0.48935645818710327,0.36494094133377075,0.9917498230934143,0.5626907348632812,0.37334781885147095,0.9597211480140686,0.4655192494392395,0.37438690662384033,0.9030861258506775,0.6124006509780884,0.41947484016418457,0.998073935508728,0.42658814787864685,0.4239010214805603,0.9964300990104675,0.695257306098938,0.46688032150268555,0.9934430122375488,0.3367083966732025,0.4647882878780365,0.9940729737281799,0.7513259053230286,0.42887648940086365,0.9863827228546143,0.2612331509590149,0.42930689454078674,0.9881072640419006,0.579649031162262,0.5413427352905273,0.997314989566803,0.46441471576690674,0.5417190790176392,0.9958558678627014,0.6401084065437317,0.6132158637046814,0.9962170720100403,0.3789781928062439,0.6097954511642456,0.9950064420700073,0.6249415278434753,0.7049582600593567,0.9890958666801453,0.4227758049964905,0.6991510391235352,0.9882500171661377
64,2.1443,0.5088176727294922,0.3777267336845398,0.995600700378418,0.5304300785064697,0.36857011914253235,0.9944249391555786,0.48925408720970154,0.3689258098602295,0.9908244609832764,0.563607931137085,0.3768821358680725,0.9636503458023071,0.4661531150341034,0.37824246287345886,0.8720651865005493,0.6127556562423706,0.4237920343875885,0.9979864358901978,0.42607828974723816,0.42738285660743713,0.9964144229888916,0.6955612897872925,0.4714325964450836,0.9934420585632324,0.33677181601524353,0.46858644485473633,0.9936121106147766,0.7522743344306946,0.4322294294834137,0.985748827457428,0.260123074054718,0.43287140130996704,0.9857417345046997,0.5810493230819702,0.545662522315979,0.9972319006919861,0.4644468128681183,0.5459073185920715,0.9957148432731628,0.6402814984321594,0.6141633987426758,0.996152937412262,0.3793644309043884,0.610472559928894,0.9946919083595276,0.6255580186843872,0.7052227854728699,0.9890108704566956,0.4227490723133087,0.6994603872299194,0.9876290559768677
65,2.1778,0.5097723603248596,0.38200387358665466,0.9951363205909729,0.5311392545700073,0.3726598918437958,0.9937120676040649,0.49010661244392395,0.37286800146102905,0.9913296699523926,0.563077986240387,0.3809709846973419,0.9605541825294495,0.46586015820503235,0.3820098042488098,0.9096787571907043,0.6114269495010376,0.4272133409976959,0.9980983138084412,0.42506280541419983,0.4303627610206604,0.9963995218276978,0.695986270904541,0.47435951232910156,0.9936007857322693,0.33907726407051086,0.4728565216064453,0.9935520887374878,0.7532925009727478,0.4355636537075043,0.984501302242279,0.2642971873283386,0.43893322348594666,0.9852166175842285,0.5800837874412537,0.5470868349075317,0.9972168207168579,0.46356549859046936,0.5472623109817505,0.9956465363502502,0.6417423486709595,0.6139687299728394,0.9962345957756042,0.37945204973220825,0.6111323237419128,0.9948921203613281,0.6258115768432617,0.7043858766555786,0.9890933036804199,0.42288753390312195,0.6994673609733582,0.9876367449760437
66,2.2113,0.5090631246566772,0.3864230215549469,0.9949618577957153,0.5302868485450745,0.3773042559623718,0.9935979843139648,0.4892069101333618,0.3774385452270508,0.9914419054985046,0.5615675449371338,0.3855995833873749,0.9604601263999939,0.46463316679000854,0.386574387550354,0.9164011478424072,0.6108412146568298,0.4313187003135681,0.9980813264846802,0.42590031027793884,0.4344618320465088,0.996355414390564,0.6971006393432617,0.4776694178581238,0.9936583638191223,0.33719345927238464,0.4758535325527191,0.9939477443695068,0.754477858543396,0.43765974044799805,0.985617458820343,0.26225608587265015,0.44178009033203125,0.985800564289093,0.5798138380050659,0.5502332448959351,0.9971963167190552,0.46329930424690247,0.5501758456230164,0.9955108165740967,0.6421910524368286,0.6146007776260376,0.9962401390075684,0.3788347840309143,0.6116472482681274,0.9945715069770813,0.6259123682975769,0.7043076753616333,0.9891646504402161,0.4227985441684723,0.6996495127677917,0.9867695569992065
67,2.2448,0.5089502930641174,0.3899926543235779,0.9953272342681885,0.5297310948371887,0.38039177656173706,0.9935958981513977,0.4890448749065399,0.3808639943599701,0.9911624193191528,0.5614334940910339,0.3881121277809143,0.9550096392631531,0.4649093747138977,0.3898698687553406,0.8953132629394531,0.6119952201843262,0.43482980132102966,0.9980229139328003,0.42532241344451904,0.4384016990661621,0.9963647723197937,0.6954465508460999,0.4799862802028656,0.9936096668243408,0.33671829104423523,0.4783930778503418,0.9942145943641663,0.7551243305206299,0.44116419553756714,0.9850615859031677,0.26059046387672424,0.44420909881591797,0.9849986433982849,0.5790800452232361,0.5532628893852234,0.9970417618751526,0.4621647596359253,0.5532895922660828,0.9953256845474243,0.6430816650390625,0.6148204207420349,0.9961838126182556,0.3792731463909149,0.6115666031837463,0.994481086730957,0.6255371570587158,0.7037367224693298,0.9891769289970398,0.4231279194355011,0.6995490789413452,0.9867662191390991
68,2.2783,0.5093462467193604,0.3940442204475403,0.9951842427253723,0.5301764011383057,0.3843623399734497,0.993251621723175,0.48934563994407654,0.38489359617233276,0.9909667372703552,0.5620114803314209,0.39206695556640625,0.9545606374740601,0.4651855528354645,0.3939834535121918,0.9001008868217468,0.6119821667671204,0.4380795359611511,0.9980887770652771,0.42563170194625854,0.4423695504665375,0.9965155124664307,0.6961730718612671,0.48263081908226013,0.9936498999595642,0.3377479612827301,0.48184657096862793,0.9944754242897034,0.7550498843193054,0.4438420236110687,0.9825965166091919,0.2635553479194641,0.44848984479904175,0.9858960509300232,0.5789376497268677,0.5549983382225037,0.9969327449798584,0.4626370370388031,0.5551633834838867,0.9952179789543152,0.6434812545776367,0.6157987117767334,0.9962743520736694,0.37902674078941345,0.6116692423820496,0.9946653842926025,0.6250879764556885,0.7035549283027649,0.9888838529586792,0.4235829710960388,0.6995639801025391,0.9865520596504211
69,2.3118,0.5095269680023193,0.3979271650314331,0.9955679774284363,0.5303094387054443,0.3887540102005005,0.9943181872367859,0.4900415241718292,0.38895636796951294,0.9918924570083618,0.5627036690711975,0.3966033160686493,0.9593336582183838,0.465607225894928,0.39767178893089294,0.9027680158615112,0.610977828502655,0.44280076026916504,0.9980037808418274,0.4250292181968689,0.44452252984046936,0.9962635636329651,0.6946991086006165,0.48559680581092834,0.993378221988678,0.3378993272781372,0.4859848618507385,0.9944382905960083,0.7536680698394775,0.447824090719223,0.9815593957901001,0.26580482721328735,0.45271411538124084,0.9871678948402405,0.5777464509010315,0.5584266781806946,0.9967969059944153,0.4611060321331024,0.5581844449043274,0.994905948638916,0.6431530714035034,0.6155038475990295,0.9962337613105774,0.37969958782196045,0.6125047206878662,0.9944466352462769,0.6252284646034241,0.703353226184845,0.9888709187507629,0.424367219209671,0.6990670561790466,0.9858132004737854
70,2.3453,0.5091341733932495,0.4012233316898346,0.9953773021697998,0.5305156707763672,0.3922259509563446,0.9937545657157898,0.48917287588119507,0.3924681842327118,0.9913141131401062,0.5625357031822205,0.39987269043922424,0.9569414258003235,0.46477439999580383,0.4010642170906067,0.9034774899482727,0.6111524105072021,0.44485098123550415,0.9979660511016846,0.424183189868927,0.448075532913208,0.9963280558586121,0.6949881911277771,0.48986759781837463,0.9937194585800171,0.33551958203315735,0.4887548089027405,0.9943438768386841,0.7553818821907043,0.4490649104118347,0.9834234714508057,0.26313507556915283,0.4535379409790039,0.9862638711929321,0.5771150588989258,0.5614372491836548,0.9965961575508118,0.4603957235813141,0.5616745948791504,0.9946211576461792,0.6417019963264465,0.6162327527999878,0.9962000250816345,0.37938711047172546,0.6132386326789856,0.9942939877510071,0.6247855424880981,0.7033067345619202,0.9879401922225952,0.42426249384880066,0.6986726522445679,0.9846001267433167
71,2.3788,0.5077746510505676,0.40468844771385193,0.9952400922775269,0.5293996334075928,0.39555826783180237,0.9942783117294312,0.48893487453460693,0.39542073011398315,0.9903016090393066,0.5617754459381104,0.40359774231910706,0.9661405682563782,0.46546614170074463,0.403866708278656,0.8803409934043884,0.6086435317993164,0.44724541902542114,0.9979494214057922,0.42523443698883057,0.4502829611301422,0.9960821270942688,0.6959344744682312,0.4924010634422302,0.9935739636421204,0.3346376121044159,0.4908672869205475,0.9935897588729858,0.756832480430603,0.45266085863113403,0.9859899282455444,0.26157596707344055,0.4560072422027588,0.9870737791061401,0.5769599676132202,0.5624498128890991,0.996684730052948,0.46197205781936646,0.5627256631851196,0.9946328401565552,0.6427648067474365,0.6169803142547607,0.9964483976364136,0.3799140155315399,0.613838255405426,0.9944646954536438,0.624399721622467,0.7036154270172119,0.988969087600708,0.42559853196144104,0.6987777948379517,0.9856500029563904
72,2.4123,0.5082381963729858,0.40801388025283813,0.9949980974197388,0.5302990674972534,0.3990401029586792,0.9942777752876282,0.48911866545677185,0.39898401498794556,0.9909771680831909,0.5634886622428894,0.4079934060573578,0.9644923806190491,0.4656767249107361,0.4083215296268463,0.8839572072029114,0.6078252792358398,0.4512660503387451,0.9974768757820129,0.42615237832069397,0.4550676941871643,0.9954208731651306,0.6951494216918945,0.4951567053794861,0.9935420751571655,0.3337423503398895,0.4933207035064697,0.9934148788452148,0.7557543516159058,0.45608144998550415,0.9861961603164673,0.2594422698020935,0.4594448208808899,0.9861008524894714,0.5757138729095459,0.5652965307235718,0.9973238706588745,0.4621313214302063,0.5657231211662292,0.9955683350563049,0.645142674446106,0.6179140210151672,0.9963601231575012,0.37678027153015137,0.6152764558792114,0.9941869974136353,0.6238777041435242,0.7038236260414124,0.9913353323936462,0.42558056116104126,0.6992746591567993,0.9887485504150391
73,2.4458,0.5071946978569031,0.41138285398483276,0.995200514793396,0.5294013023376465,0.4025239050388336,0.9944657683372498,0.48814961314201355,0.40235716104507446,0.9908437728881836,0.5631163716316223,0.41093674302101135,0.9652354121208191,0.4647238850593567,0.4109891951084137,0.8736026883125305,0.6082846522331238,0.4554826617240906,0.9975437521934509,0.4265683889389038,0.4580293595790863,0.995288610458374,0.6965326070785522,0.4980532228946686,0.9932888150215149,0.3354809284210205,0.4963085651397705,0.9932436347007751,0.7547918558120728,0.4587247371673584,0.9855521321296692,0.26186108589172363,0.46469298005104065,0.9877612590789795,0.5765495896339417,0.5685867667198181,0.9973648190498352,0.4633540213108063,0.5684545040130615,0.9956468939781189,0.6460816860198975,0.6186832189559937,0.9965662956237793,0.3756193518638611,0.6162824630737305,0.9945834279060364,0.6237013339996338,0.7033202052116394,0.9915432929992676,0.4251684844493866,0.6992059946060181,0.9890199303627014
74,2.4793,0.507311999797821,0.41425853967666626,0.9952406883239746,0.5291432738304138,0.40522417426109314,0.9942528605461121,0.48848825693130493,0.4052465856075287,0.9905243515968323,0.5619518160820007,0.41348180174827576,0.9604501128196716,0.4651423990726471,0.41400378942489624,0.863122820854187,0.608093798160553,0.45678478479385376,0.9974761605262756,0.42566588521003723,0.4615073800086975,0.9954467415809631,0.6966122388839722,0.5021734833717346,0.9935035109519958,0.33326613903045654,0.4987243711948395,0.9939855933189392,0.7542485594749451,0.4618595540523529,0.986077070236206,0.2600351870059967,0.4662555754184723,0.9887181520462036,0.5781800746917725,0.5693996548652649,0.9974352717399597,0.46513086557388306,0.5699155330657959,0.9958181977272034,0.6457350254058838,0.6198089718818665,0.996729850769043,0.37587347626686096,0.6160591840744019,0.9947301149368286,0.6232761740684509,0.703342080116272,0.991787850856781,0.4249862730503082,0.6994295120239258,0.989250659942627
75,2.5128,0.5056651830673218,0.41695737838745117,0.9952542781829834,0.5280177593231201,0.40780574083328247,0.9941080808639526,0.4874876141548157,0.4075208604335785,0.9892131686210632,0.5616326928138733,0.4161328673362732,0.9598325490951538,0.46476417779922485,0.41583433747291565,0.8224380016326904,0.6091792583465576,0.46035900712013245,0.9973623156547546,0.42471957206726074,0.46335166692733765,0.995430588722229,0.6967124938964844,0.5044856071472168,0.9928244352340698,0.33386802673339844,0.5003806352615356,0.9940202236175537,0.7549046874046326,0.46550440788269043,0.984331488609314,0.2592964172363281,0.4683242738246918,0.9885242581367493,0.577659547328949,0.5722948908805847,0.997383177280426,0.4649469554424286,0.5721399784088135,0.9958392381668091,0.6434392929077148,0.6210944056510925,0.996936559677124,0.3770110309123993,0.6171582937240601,0.9950544834136963,0.6230236291885376,0.7029924392700195,0.9921871423721313,0.4260067045688629,0.6997982263565063,0.9895654916763306
76,2.5463,0.506744384765625,0.41940268874168396,0.9954209923744202,0.529298722743988,0.4103204607963562,0.9940587282180786,0.48786497116088867,0.40996718406677246,0.9904189705848694,0.5616996884346008,0.4182094931602478,0.9558106064796448,0.4643937051296234,0.4178836941719055,0.8560906648635864,0.6091234087944031,0.46046561002731323,0.9972947239875793,0.4249051511287689,0.4649530351161957,0.9953600764274597,0.695154070854187,0.5067564845085144,0.9927841424942017,0.33367565274238586,0.5024541020393372,0.9933987855911255,0.7538260817527771,0.4668291509151459,0.985711395740509,0.2591743767261505,0.46994131803512573,0.9877526760101318,0.5771210789680481,0.5726028680801392,0.9973567724227905,0.46456947922706604,0.5728552341461182,0.9957966804504395,0.6423339247703552,0.6213420629501343,0.9968786239624023,0.3781595826148987,0.6175944209098816,0.9950059056282043,0.6231117248535156,0.7032607793807983,0.9918410778045654,0.4259132444858551,0.7000279426574707,0.989290177822113
77,2.5798,0.5064123868942261,0.42116326093673706,0.9956056475639343,0.5283970832824707,0.41238316893577576,0.994155764579773,0.4871961772441864,0.4123717248439789,0.9907292723655701,0.5613847374916077,0.4201268255710602,0.9543463587760925,0.4634261131286621,0.4205416738986969,0.861523449420929,0.6079087257385254,0.4633600115776062,0.9974244832992554,0.42341530323028564,0.4670937657356262,0.9954798221588135,0.6949903964996338,0.5077837109565735,0.9930464625358582,0.33314183354377747,0.5045727491378784,0.9932002425193787,0.7533801794052124,0.46859318017959595,0.9857307076454163,0.2601625919342041,0.4723444879055023,0.9875102043151855,0.5769831538200378,0.5744733214378357,0.9973125457763672,0.46444252133369446,0.5747053623199463,0.9956709146499634,0.6423009037971497,0.62137770652771,0.9967548251152039,0.3791622519493103,0.6170564293861389,0.9948784112930298,0.6230316162109375,0.7030373811721802,0.9917028546333313,0.4260561764240265,0.6999815702438354,0.9892818927764893
78,2.6133,0.505973756313324,0.42322856187820435,0.995712161064148,0.5284866094589233,0.41433873772621155,0.9947265982627869,0.4864160716533661,0.4142884314060211,0.9918321371078491,0.5618805289268494,0.4223024249076843,0.9591203927993774,0.4622859060764313,0.422588974237442,0.8839867115020752,0.6070592999458313,0.4643113613128662,0.9973742961883545,0.4234435260295868,0.46810856461524963,0.9953392744064331,0.6931756734848022,0.5084693431854248,0.9929198622703552,0.33250731229782104,0.5059170126914978,0.992908239364624,0.7529023885726929,0.4702337682247162,0.9854682087898254,0.2624789774417877,0.4748971462249756,0.9875898361206055,0.5772621631622314,0.5759747624397278,0.9973505735397339,0.46443498134613037,0.5763493776321411,0.9956833124160767,0.6434295773506165,0.621242880821228,0.9967843294143677,0.37977251410484314,0.6170873045921326,0.9948704242706299,0.6224324107170105,0.7029266953468323,0.9917056560516357,0.4260269105434418,0.6999231576919556,0.9890738129615784
79,2.6468,0.5054934024810791,0.42420467734336853,0.9956859350204468,0.5279697775840759,0.41520652174949646,0.9944626688957214,0.4860284924507141,0.41512051224708557,0.9918825030326843,0.5613400340080261,0.4230256974697113,0.956950306892395,0.4619003236293793,0.423220157623291,0.8872474431991577,0.6080590486526489,0.4655064046382904,0.9973477125167847,0.42287787795066833,0.4688994884490967,0.9952753782272339,0.6938983201980591,0.5095307230949402,0.9930082559585571,0.33312326669692993,0.5074277520179749,0.9925488233566284,0.7529071569442749,0.4707624316215515,0.9856980443000793,0.2639855742454529,0.47617214918136597,0.9877046346664429,0.5780974626541138,0.5760561227798462,0.9972265362739563,0.46497735381126404,0.5762488842010498,0.9955898523330688,0.6435356140136719,0.6204661726951599,0.9967902302742004,0.3810979723930359,0.6165763139724731,0.9951221346855164,0.6225594878196716,0.7028731107711792,0.9915826916694641,0.4259040355682373,0.7002156376838684,0.9893919229507446
80,2.6803,0.5053951740264893,0.42490702867507935,0.9955754280090332,0.5281076431274414,0.41586488485336304,0.9944955706596375,0.48582035303115845,0.4157753884792328,0.9918370842933655,0.5613547563552856,0.4237871766090393,0.9599188566207886,0.46186167001724243,0.42391958832740784,0.891459584236145,0.6078293919563293,0.4660367965698242,0.9972941279411316,0.4223589599132538,0.46912020444869995,0.995107889175415,0.6944881081581116,0.5093050003051758,0.9927211403846741,0.3330152630805969,0.5074830651283264,0.9920774102210999,0.7533511519432068,0.47105273604393005,0.9858245849609375,0.2641141712665558,0.4764311909675598,0.9876807928085327,0.5775237679481506,0.5761247873306274,0.9971936345100403,0.4639971852302551,0.5762940049171448,0.9955043196678162,0.6442130208015442,0.6197126507759094,0.99671471118927,0.3825800120830536,0.6162471175193787,0.9950149655342102,0.6228268146514893,0.7029019594192505,0.9911550283432007,0.42497938871383667,0.7001171112060547,0.9888293147087097
81,2.7138,0.5052128434181213,0.42495545744895935,0.9955061674118042,0.527958869934082,0.41597285866737366,0.9942441582679749,0.48572659492492676,0.4158119261264801,0.9916914701461792,0.5611804723739624,0.42385682463645935,0.9577298164367676,0.4617217183113098,0.4238449037075043,0.891836404800415,0.6081311702728271,0.46573933959007263,0.9972999691963196,0.42240938544273376,0.4691306948661804,0.9951453804969788,0.694683313369751,0.5093486309051514,0.9928083419799805,0.33279702067375183,0.5066437721252441,0.9920791983604431,0.7539166212081909,0.4706779420375824,0.9858091473579407,0.2632922828197479,0.47603440284729004,0.9874016642570496,0.5780904293060303,0.5753344297409058,0.9971790313720703,0.46498560905456543,0.5756652355194092,0.9955528378486633,0.6438447833061218,0.6182896494865417,0.9967293739318848,0.38526466488838196,0.6154580116271973,0.9951441287994385,0.6233108639717102,0.7030795216560364,0.9913418889045715,0.42526975274086,0.7003883123397827,0.9893068671226501
82,2.7473,0.50518399477005,0.42481961846351624,0.9955134987831116,0.5281733870506287,0.4160539507865906,0.9944360256195068,0.4856373369693756,0.4157809317111969,0.9915790557861328,0.5611785054206848,0.4240153431892395,0.959657609462738,0.4615459144115448,0.4237729012966156,0.8904821276664734,0.6078686714172363,0.4645480215549469,0.9973083734512329,0.42262139916419983,0.46836385130882263,0.9951764345169067,0.6948411464691162,0.5085887908935547,0.9926163554191589,0.33174818754196167,0.5054804086685181,0.9923532605171204,0.75385981798172,0.4705835282802582,0.9850621223449707,0.2612409293651581,0.474204957485199,0.98739093542099,0.5790585875511169,0.5734200477600098,0.9972221851348877,0.4661426544189453,0.5741090774536133,0.9956218600273132,0.6441648006439209,0.6162186861038208,0.996810257434845,0.38607898354530334,0.6146227717399597,0.9952666759490967,0.6237059235572815,0.703103244304657,0.9917469024658203,0.42565736174583435,0.7006811499595642,0.9897407293319702
83,2.7808,0.5048744082450867,0.42362910509109497,0.9956383109092712,0.5270828008651733,0.41505637764930725,0.9939905405044556,0.48553699254989624,0.4148613512516022,0.9915231466293335,0.5599120855331421,0.42248591780662537,0.9492189884185791,0.4613141715526581,0.4225068986415863,0.8799356818199158,0.6096013188362122,0.46405553817749023,0.9972606897354126,0.42254751920700073,0.46749478578567505,0.9952335953712463,0.695813775062561,0.5086828470230103,0.9929385781288147,0.33115991950035095,0.5039035677909851,0.9928800463676453,0.754943311214447,0.4695630967617035,0.9849104285240173,0.2592499256134033,0.4721452593803406,0.9875571727752686,0.5795400142669678,0.5724095106124878,0.9973102807998657,0.4656825661659241,0.5728939771652222,0.9958145022392273,0.6431331038475037,0.6145824193954468,0.9969243407249451,0.3876517415046692,0.6136157512664795,0.99528568983078,0.624305784702301,0.70334392786026,0.9922553300857544,0.4258515238761902,0.7004162669181824,0.9900261163711548
84,2.8143,0.5048225522041321,0.4213528633117676,0.9955757856369019,0.5273876786231995,0.41302627325057983,0.9945626854896545,0.48590466380119324,0.41285911202430725,0.9909008741378784,0.5612216591835022,0.4213681221008301,0.9583081603050232,0.46226561069488525,0.4213482737541199,0.8571146130561829,0.6103086471557617,0.46191540360450745,0.9971165657043457,0.4233763515949249,0.4654875695705414,0.9950770735740662,0.6971813440322876,0.5076204538345337,0.9927351474761963,0.33118441700935364,0.5019696950912476,0.9929064512252808,0.7557264566421509,0.4670441150665283,0.9855008721351624,0.2571966052055359,0.4695200026035309,0.9877278804779053,0.5823104381561279,0.5713955163955688,0.9972425699234009,0.467836856842041,0.5719219446182251,0.9957371950149536,0.6425237655639648,0.6128909587860107,0.99671870470047,0.3879067599773407,0.6109927892684937,0.9949988126754761,0.625003457069397,0.7031817436218262,0.9916821718215942,0.42611947655677795,0.7000271081924438,0.9895008206367493
85,2.8478,0.5056405663490295,0.41846877336502075,0.9953380823135376,0.5283356308937073,0.41012048721313477,0.9936761260032654,0.48702752590179443,0.4096128046512604,0.9905315041542053,0.561200737953186,0.41938072443008423,0.9502382278442383,0.46304070949554443,0.4185846447944641,0.8623418807983398,0.611543595790863,0.4607798457145691,0.997078537940979,0.4231680631637573,0.46394795179367065,0.9951369166374207,0.6979803442955017,0.505657970905304,0.9926379919052124,0.3309110999107361,0.4995849132537842,0.993837296962738,0.7552981972694397,0.465961754322052,0.9851614236831665,0.2560904324054718,0.46755513548851013,0.9889122247695923,0.5819695591926575,0.5693501234054565,0.997143566608429,0.4674931764602661,0.5693987607955933,0.9956750273704529,0.6419591307640076,0.6112421154975891,0.9966884255409241,0.3884749412536621,0.6087925434112549,0.9950962662696838,0.6247870326042175,0.7029122710227966,0.9917327165603638,0.42561620473861694,0.699677586555481,0.9897993803024292
86,2.8813,0.5059080719947815,0.4146677851676941,0.9950006604194641,0.528310239315033,0.40627390146255493,0.9937275648117065,0.4872875213623047,0.4060514569282532,0.990257978439331,0.561217725276947,0.4169143736362457,0.9575130343437195,0.4634920358657837,0.4166899621486664,0.8686522841453552,0.6105540990829468,0.45891594886779785,0.9970906972885132,0.42328643798828125,0.4613553583621979,0.9949303269386292,0.6982749104499817,0.5030517578125,0.9928353428840637,0.3320176303386688,0.4975354075431824,0.9937952756881714,0.7553631067276001,0.4642375409603119,0.9853181838989258,0.2591007947921753,0.4659019112586975,0.9892449378967285,0.5809310078620911,0.5662800073623657,0.9971415400505066,0.46675020456314087,0.5663067698478699,0.995573878288269,0.6411774754524231,0.6100103855133057,0.996670663356781,0.38859686255455017,0.6076265573501587,0.99506014585495,0.6246430277824402,0.7030161619186401,0.9920088052749634,0.4250803589820862,0.6995846629142761,0.9900771379470825
87,2.9148,0.5054696202278137,0.4108009338378906,0.9951305389404297,0.5285457372665405,0.40264472365379333,0.994278073310852,0.48729103803634644,0.40195775032043457,0.9894930124282837,0.5619506239891052,0.41239672899246216,0.963901698589325,0.4641478955745697,0.41116857528686523,0.8450740575790405,0.6107769012451172,0.45503291487693787,0.9972723126411438,0.422746479511261,0.4587279260158539,0.9952967762947083,0.6968600153923035,0.5009474158287048,0.9931653141975403,0.3325885236263275,0.49664396047592163,0.993403971195221,0.7571398615837097,0.46051645278930664,0.9845332503318787,0.2581859230995178,0.46337732672691345,0.9884003400802612,0.5810943841934204,0.5648064017295837,0.997105062007904,0.4658976197242737,0.5652411580085754,0.9955631494522095,0.6389521956443787,0.6091649532318115,0.9964584708213806,0.38798004388809204,0.6071441173553467,0.9948588609695435,0.625587522983551,0.7016844749450684,0.9918620586395264,0.42640405893325806,0.6985897421836853,0.9903745651245117
88,2.9484,0.5070058107376099,0.406505286693573,0.995194137096405,0.5296916365623474,0.3984339237213135,0.9946961402893066,0.4885294735431671,0.39799389243125916,0.9904008507728577,0.562317967414856,0.40965908765792847,0.9698963165283203,0.4656582772731781,0.408966064453125,0.8690035939216614,0.609707772731781,0.4531892240047455,0.9972752928733826,0.42224976420402527,0.45605120062828064,0.9953275918960571,0.695455014705658,0.4975631833076477,0.9927569031715393,0.3322826027870178,0.49295371770858765,0.9928209185600281,0.753899872303009,0.45848798751831055,0.9842042326927185,0.25772935152053833,0.4605098366737366,0.9868065714836121,0.5798369646072388,0.5632385611534119,0.9970182180404663,0.46493709087371826,0.5636791586875916,0.9952474236488342,0.6369711756706238,0.60781329870224,0.9965433478355408,0.38736462593078613,0.6060406565666199,0.9946603178977966,0.6252704858779907,0.701888382434845,0.992198646068573,0.42720577120780945,0.6987773776054382,0.9901358485221863
89,2.9819,0.5071688294410706,0.40248599648475647,0.9954759478569031,0.5294269919395447,0.39448878169059753,0.9951716065406799,0.4886544942855835,0.39390525221824646,0.9912797808647156,0.5610478520393372,0.40607786178588867,0.9742857217788696,0.464951753616333,0.4052477478981018,0.8999535441398621,0.6092934608459473,0.44879475235939026,0.9977636337280273,0.42127498984336853,0.4511752128601074,0.9959332346916199,0.6948596239089966,0.49555331468582153,0.9930007457733154,0.33003583550453186,0.49097198247909546,0.9927874207496643,0.7549718022346497,0.4556805491447449,0.9850207567214966,0.25843435525894165,0.4550013542175293,0.9865402579307556,0.5796844959259033,0.5586724877357483,0.9962924122810364,0.4637327790260315,0.5593730807304382,0.994050920009613,0.6322798132896423,0.6057978868484497,0.9968891739845276,0.38897085189819336,0.6041821837425232,0.9951291084289551,0.6258235573768616,0.7024372816085815,0.99043208360672,0.427207350730896,0.698199987411499,0.9874913692474365
90,3.0154,0.5070791244506836,0.3989790976047516,0.9957224130630493,0.5295031070709229,0.3911057114601135,0.9955398440361023,0.48869091272354126,0.3903585970401764,0.9918870329856873,0.5611565709114075,0.40267127752304077,0.9753565788269043,0.4647834002971649,0.40151166915893555,0.9060927033424377,0.6093700528144836,0.44572362303733826,0.9977772831916809,0.4212327301502228,0.4490843713283539,0.9960599541664124,0.6936184167861938,0.4921376705169678,0.9929103255271912,0.33341461420059204,0.4875389039516449,0.9930932521820068,0.7567378282546997,0.4518706202507019,0.9834502339363098,0.2609001696109772,0.45389342308044434,0.9862564206123352,0.5796997547149658,0.5549072027206421,0.9962887763977051,0.4634920358657837,0.5558825135231018,0.9940891265869141,0.629112184047699,0.60491943359375,0.9969304203987122,0.38864821195602417,0.6043348908424377,0.9951003193855286,0.6254833936691284,0.7023018002510071,0.9906111359596252,0.4268306791782379,0.6985007524490356,0.9873318076133728
91,3.0489,0.5067471861839294,0.3946952223777771,0.9955357313156128,0.5294651389122009,0.38708528876304626,0.9953508377075195,0.4886288642883301,0.38644641637802124,0.9903274178504944,0.5619409680366516,0.3994356691837311,0.9773415923118591,0.4657514691352844,0.39841607213020325,0.8758213520050049,0.6107848882675171,0.44388335943222046,0.9978588223457336,0.4235723316669464,0.44603413343429565,0.9961600303649902,0.6953397989273071,0.4903166890144348,0.993134617805481,0.3365609049797058,0.4837772846221924,0.9929817914962769,0.7585000991821289,0.4480646252632141,0.9815441370010376,0.26123183965682983,0.4515988826751709,0.9860907793045044,0.5780760645866394,0.5525434613227844,0.9964056015014648,0.46309423446655273,0.5528454184532166,0.9946342706680298,0.6280139088630676,0.6046576499938965,0.99672532081604,0.38880103826522827,0.6037544012069702,0.995299220085144,0.6254092454910278,0.702333927154541,0.9905087947845459,0.42675650119781494,0.698532223701477,0.9884716272354126
92,3.0824,0.5062156915664673,0.3915964961051941,0.9954209923744202,0.528587281703949,0.384002149105072,0.9945823550224304,0.4880736768245697,0.3831248879432678,0.9903862476348877,0.5605351328849792,0.39598697423934937,0.9690551161766052,0.4645078480243683,0.39456120133399963,0.8796299695968628,0.6098098158836365,0.4417588710784912,0.9979027509689331,0.4238637685775757,0.44413667917251587,0.9962309002876282,0.6959990859031677,0.48626452684402466,0.9934021830558777,0.33595308661460876,0.4805049002170563,0.9930644631385803,0.7578225135803223,0.44460177421569824,0.980616569519043,0.2617764472961426,0.44870099425315857,0.9851896166801453,0.5786319971084595,0.5515932440757751,0.9965623021125793,0.46354255080223083,0.5517313480377197,0.994889497756958,0.6260321140289307,0.6037909388542175,0.9966477751731873,0.388225257396698,0.6029117107391357,0.9952611327171326,0.6245951652526855,0.7023319602012634,0.9903528094291687,0.42676255106925964,0.6986783146858215,0.9885063171386719
93,3.1159,0.5058610439300537,0.38805145025253296,0.995135486125946,0.527470588684082,0.3800872564315796,0.993817150592804,0.48712390661239624,0.37968185544013977,0.9905939102172852,0.5585878491401672,0.39171308279037476,0.9638869762420654,0.46331703662872314,0.39146262407302856,0.895214855670929,0.6090596318244934,0.43775874376296997,0.9979301691055298,0.4232533872127533,0.4407780170440674,0.9963449835777283,0.6972309350967407,0.48258572816848755,0.993252694606781,0.3346583843231201,0.47731858491897583,0.9933305382728577,0.7591754198074341,0.44029363989830017,0.979939341545105,0.25778019428253174,0.4444498121738434,0.9845266342163086,0.5789459347724915,0.5466874837875366,0.9968396425247192,0.4643462598323822,0.5470077991485596,0.9952086806297302,0.6234372854232788,0.6031941175460815,0.9968806505203247,0.3879324495792389,0.6020548939704895,0.9953976273536682,0.6244385838508606,0.702034056186676,0.9909766912460327,0.42583897709846497,0.6984397172927856,0.9887014627456665
94,3.1494,0.5065056681632996,0.38557782769203186,0.9951123595237732,0.5279211401939392,0.3773135840892792,0.993658721446991,0.48718711733818054,0.37717869877815247,0.9908658862113953,0.5587352514266968,0.387991726398468,0.9605047106742859,0.4631086587905884,0.38837480545043945,0.89919114112854,0.6100283861160278,0.43474921584129333,0.9978038668632507,0.42326876521110535,0.43791303038597107,0.9962319731712341,0.6951274275779724,0.47983163595199585,0.9930521249771118,0.33393770456314087,0.47396159172058105,0.9933651089668274,0.7601976990699768,0.43858107924461365,0.9811572432518005,0.2570522725582123,0.44114524126052856,0.9843032360076904,0.5805665254592896,0.5443183183670044,0.9967948794364929,0.4646286368370056,0.5445993542671204,0.9951261281967163,0.6210299730300903,0.6029865741729736,0.9968243837356567,0.38803383708000183,0.6011643409729004,0.9953461289405823,0.6236523985862732,0.7022403478622437,0.9910070300102234,0.42544224858283997,0.6988409161567688,0.9887604713439941
95,3.1829,0.5065507888793945,0.38183820247650146,0.9955581426620483,0.5289137363433838,0.3739376664161682,0.9942195415496826,0.4875560700893402,0.37340277433395386,0.9909121990203857,0.5599938631057739,0.3855230510234833,0.9641432166099548,0.4638971984386444,0.384860098361969,0.8861851096153259,0.611827552318573,0.43202322721481323,0.9979075193405151,0.42325302958488464,0.433866411447525,0.996147632598877,0.6962378621101379,0.47714757919311523,0.9934501647949219,0.3353964388370514,0.47106146812438965,0.9929857850074768,0.7577546834945679,0.43619823455810547,0.982912540435791,0.2583298683166504,0.4386332929134369,0.9864709973335266,0.5803295373916626,0.5415036678314209,0.997018575668335,0.46425357460975647,0.5410222411155701,0.9954730868339539,0.620180606842041,0.6023858785629272,0.996762752532959,0.38839080929756165,0.5994136929512024,0.9955547451972961,0.6232888698577881,0.7018563747406006,0.9907724857330322,0.4256351888179779,0.6988371014595032,0.9893803596496582
96,3.2164,0.5057201981544495,0.3782065808773041,0.9957719445228577,0.5275721549987793,0.37009376287460327,0.9942790269851685,0.4864237904548645,0.370129257440567,0.9908979535102844,0.5599378943443298,0.3808307945728302,0.9613687992095947,0.4634200632572174,0.38145914673805237,0.8708863258361816,0.6104379892349243,0.42789822816848755,0.997776210308075,0.4230353534221649,0.4310087263584137,0.996147871017456,0.6936460137367249,0.4718267321586609,0.9931305050849915,0.33403363823890686,0.4670840799808502,0.993040919303894,0.7545181512832642,0.43504324555397034,0.9847601056098938,0.25867006182670593,0.4355531632900238,0.9862266182899475,0.5814617872238159,0.537353515625,0.9969378709793091,0.46531158685684204,0.5375105738639832,0.9952991008758545,0.6208485960960388,0.6018659472465515,0.9967413544654846,0.3883618712425232,0.598088264465332,0.9955682158470154,0.6236531734466553,0.70166015625,0.9910446405410767,0.4252491891384125,0.6988271474838257,0.9898806810379028
97,3.2499,0.5062436461448669,0.3745052218437195,0.9956771731376648,0.5281581878662109,0.3666470944881439,0.9940087795257568,0.48677632212638855,0.36662235856056213,0.991058886051178,0.5604454278945923,0.37732547521591187,0.9601588249206543,0.4631351828575134,0.37784257531166077,0.8831183910369873,0.6115554571151733,0.42427271604537964,0.9978390336036682,0.4241410195827484,0.4270263612270355,0.9961268305778503,0.6946483850479126,0.47107964754104614,0.9934968948364258,0.33226877450942993,0.4625997543334961,0.9931207299232483,0.7535682916641235,0.4324105381965637,0.9862698912620544,0.2570526897907257,0.43133869767189026,0.9887067079544067,0.581851601600647,0.5342913866043091,0.9971444010734558,0.4667060077190399,0.5343000888824463,0.9957037568092346,0.6203635931015015,0.6005386114120483,0.9968020915985107,0.38833335041999817,0.5965930223464966,0.9958038926124573,0.6238586902618408,0.7020844221115112,0.9909974336624146,0.42465850710868835,0.6987716555595398,0.9903083443641663
98,3.2834,0.5059203505516052,0.3712044358253479,0.995712161064148,0.5276056528091431,0.3633044958114624,0.9943236112594604,0.4863754212856293,0.3636893928050995,0.9908992052078247,0.5610143542289734,0.37389329075813293,0.965596616268158,0.4635359048843384,0.37531715631484985,0.8761418461799622,0.6142082810401917,0.4214664101600647,0.9977381229400635,0.4247201681137085,0.4245653748512268,0.995841920375824,0.6940375566482544,0.4670790731906891,0.9927600622177124,0.3343594968318939,0.4573798179626465,0.9928520321846008,0.753464937210083,0.42994728684425354,0.9867317080497742,0.26111432909965515,0.42956024408340454,0.9902421832084656,0.5824980139732361,0.5310347676277161,0.9971442818641663,0.46670669317245483,0.5312090516090393,0.995707094669342,0.6199108362197876,0.5987858772277832,0.9968258142471313,0.38943859934806824,0.5954869985580444,0.995814859867096,0.6242403388023376,0.7019448280334473,0.9914847016334534,0.4242977201938629,0.6986625790596008,0.9907088279724121
99,3.3169,0.5062087774276733,0.3680051267147064,0.9959004521369934,0.5287066102027893,0.3601084053516388,0.9950733780860901,0.48728102445602417,0.3600767254829407,0.9907667636871338,0.5623460412025452,0.3718012869358063,0.9716325402259827,0.464738130569458,0.3722091317176819,0.8563787341117859,0.6142686009407043,0.4176058769226074,0.9978252649307251,0.42706531286239624,0.4204995036125183,0.9958594441413879,0.6975908875465393,0.46189332008361816,0.9929128289222717,0.3356081545352936,0.4536408483982086,0.9928425550460815,0.7546647787094116,0.42483195662498474,0.9868072867393494,0.2631259858608246,0.4273523688316345,0.9911790490150452,0.5829539895057678,0.52811199426651,0.9974172115325928,0.4674650728702545,0.5281429886817932,0.9961563944816589,0.6193090677261353,0.5973886847496033,0.9968162178993225,0.39000022411346436,0.5949959754943848,0.9958481788635254,0.6244866251945496,0.701570451259613,0.9917011857032776,0.42473500967025757,0.6985805630683899,0.9910264611244202
100,3.3504,0.505870521068573,0.36439022421836853,0.9954339861869812,0.5280566215515137,0.35638993978500366,0.9939593076705933,0.4871920645236969,0.35632258653640747,0.9890879392623901,0.5613652467727661,0.3680216670036316,0.9645646810531616,0.4643670320510864,0.3684174418449402,0.8387289643287659,0.6136519312858582,0.4143501818180084,0.9979185461997986,0.4276712238788605,0.4181232452392578,0.9960642457008362,0.6981386542320251,0.4580555856227875,0.9933392405509949,0.3371564745903015,0.4494353234767914,0.9937397241592407,0.7570473551750183,0.41961830854415894,0.9854643940925598,0.2622828483581543,0.42406338453292847,0.9906602501869202,0.581950306892395,0.523411750793457,0.997559666633606,0.4680439531803131,0.5235660076141357,0.9964025020599365,0.6191740036010742,0.5961178541183472,0.9969663023948669,0.39184460043907166,0.594107985496521,0.9959652423858643,0.6248000264167786,0.7011378407478333,0.9925960898399353,0.42355337738990784,0.6984195113182068,0.9918079972267151
101,3.3839,0.507090151309967,0.3611639440059662,0.9952184557914734,0.5290436744689941,0.3530079424381256,0.9936310648918152,0.48806869983673096,0.35305944085121155,0.9890823364257812,0.5618698596954346,0.363680899143219,0.9616713523864746,0.464544415473938,0.3643633723258972,0.8535938262939453,0.6134990453720093,0.4093790650367737,0.9978249073028564,0.42603275179862976,0.41396960616111755,0.9959003329277039,0.6976163983345032,0.45265334844589233,0.9929134249687195,0.3369525969028473,0.4431161880493164,0.9937438368797302,0.757960319519043,0.4164430499076843,0.9841488003730774,0.2618827521800995,0.41973042488098145,0.9908120036125183,0.5819731950759888,0.5209851861000061,0.997527539730072,0.46674755215644836,0.5218048095703125,0.9963304400444031,0.6182747483253479,0.5945919752120972,0.9969738721847534,0.3933050334453583,0.5939570665359497,0.9958421587944031,0.6250075697898865,0.701110303401947,0.9922818541526794,0.42397254705429077,0.6985823512077332,0.9911409616470337
102,3.4174,0.5063676834106445,0.35710063576698303,0.9950217008590698,0.5293549299240112,0.34942013025283813,0.9938348531723022,0.4877098798751831,0.3489547073841095,0.9882245063781738,0.5621711611747742,0.3617006540298462,0.9659312963485718,0.464443176984787,0.36108294129371643,0.8411832451820374,0.6132529973983765,0.40659332275390625,0.9976072311401367,0.42467090487480164,0.4105963706970215,0.9955549836158752,0.6960052251815796,0.44799166917800903,0.9928606152534485,0.335524320602417,0.4381205439567566,0.9933291673660278,0.7563018798828125,0.414384663105011,0.9868821501731873,0.2650156319141388,0.4175376296043396,0.9908738136291504,0.5824451446533203,0.5195521116256714,0.9973772764205933,0.4655799865722656,0.5201675295829773,0.9961591958999634,0.6188271641731262,0.5937806963920593,0.9967149496078491,0.3939277231693268,0.5927456617355347,0.9956739544868469,0.6256798505783081,0.7009859085083008,0.991692304611206,0.423727422952652,0.6982766389846802,0.9909714460372925
103,3.4509,0.5072773098945618,0.3532432019710541,0.9953368306159973,0.5294578075408936,0.3454810678958893,0.9940084218978882,0.4887107014656067,0.34512242674827576,0.9895108342170715,0.5622949004173279,0.3569892942905426,0.9619200229644775,0.4657418131828308,0.3567121922969818,0.8443517088890076,0.6140379309654236,0.4031931459903717,0.9975534081459045,0.42665091156959534,0.4069509506225586,0.9957066178321838,0.6952318549156189,0.4441181719303131,0.9931625127792358,0.3344944417476654,0.4334571361541748,0.9937238097190857,0.7557162642478943,0.4099193513393402,0.986775279045105,0.26199981570243835,0.412062406539917,0.990461528301239,0.5824363231658936,0.5169300436973572,0.9974268078804016,0.46453505754470825,0.517253041267395,0.9962602853775024,0.6185411214828491,0.592354953289032,0.9967246651649475,0.39518705010414124,0.5905221700668335,0.9956907629966736,0.6261550188064575,0.7006528973579407,0.9920601844787598,0.42360174655914307,0.6981199383735657,0.9913696050643921
104,3.4844,0.5077382326126099,0.3492458760738373,0.995305597782135,0.5301175117492676,0.34172067046165466,0.9941425919532776,0.48906242847442627,0.3412935733795166,0.9894355535507202,0.563561201095581,0.3529703617095947,0.963817298412323,0.4654991626739502,0.3525369465351105,0.8514714241027832,0.6136667728424072,0.39860081672668457,0.9976039528846741,0.42636922001838684,0.40299853682518005,0.9956177473068237,0.6943267583847046,0.43873944878578186,0.993259847164154,0.335021436214447,0.4293128550052643,0.9930611252784729,0.7563796043395996,0.40588751435279846,0.9864945411682129,0.25992506742477417,0.40753811597824097,0.98936927318573,0.5812833905220032,0.512369692325592,0.9974742531776428,0.46411654353141785,0.5130355954170227,0.9963196516036987,0.6189336180686951,0.5918403267860413,0.9968229532241821,0.39566171169281006,0.5902830362319946,0.995945155620575,0.6262126564979553,0.70023113489151,0.9920057654380798,0.423306941986084,0.6976982355117798,0.991743266582489
105,3.5179,0.5066685080528259,0.3447153866291046,0.9949039220809937,0.5298969149589539,0.3371151089668274,0.994144856929779,0.48873189091682434,0.3366759419441223,0.9869662523269653,0.564746618270874,0.3491741418838501,0.9695307612419128,0.4667394459247589,0.34848713874816895,0.7975376844406128,0.6147176027297974,0.3951721787452698,0.9975919723510742,0.42690515518188477,0.3989798128604889,0.9957407712936401,0.6959030032157898,0.4365396499633789,0.9934912323951721,0.3360358774662018,0.42695674300193787,0.9933926463127136,0.7601370215415955,0.4013252854347229,0.9863474369049072,0.263309508562088,0.40542930364608765,0.9891902208328247,0.5822494626045227,0.5099376440048218,0.9975637197494507,0.46421846747398376,0.5103111863136292,0.996562659740448,0.6190189123153687,0.59181147813797,0.9966495633125305,0.3958098590373993,0.5896819829940796,0.9958187937736511,0.625827431678772,0.70038241147995,0.9921099543571472,0.4230456054210663,0.697551429271698,0.9920077323913574
106,3.5514,0.5069305896759033,0.33998075127601624,0.9948575496673584,0.5301545262336731,0.3321095108985901,0.9939987659454346,0.489197313785553,0.33175382018089294,0.9862849712371826,0.5652467012405396,0.3451405167579651,0.9696496725082397,0.467389851808548,0.34459155797958374,0.7781603932380676,0.6156724095344543,0.3924763798713684,0.9977325201034546,0.42936044931411743,0.39511317014694214,0.9958404898643494,0.7004223465919495,0.4328885078430176,0.9937363862991333,0.3366023302078247,0.4230315089225769,0.9933024644851685,0.7647659182548523,0.3946340084075928,0.9852409958839417,0.26145505905151367,0.4015280604362488,0.9878959655761719,0.5823934078216553,0.506804347038269,0.9976446032524109,0.4654384255409241,0.506628155708313,0.9967249035835266,0.6196226477622986,0.5912481546401978,0.9967215657234192,0.3963800072669983,0.5893841981887817,0.9959536790847778,0.6263107061386108,0.700526237487793,0.992196798324585,0.42329517006874084,0.6979111433029175,0.9921320080757141
107,3.5849,0.5084738731384277,0.33439627289772034,0.9951687455177307,0.53162682056427,0.32708752155303955,0.9939916729927063,0.490773469209671,0.32609984278678894,0.9867651462554932,0.5648560523986816,0.3403332829475403,0.9652463793754578,0.4676389992237091,0.33851900696754456,0.7928486466407776,0.6157776713371277,0.38677889108657837,0.9978766441345215,0.4284716248512268,0.39039772748947144,0.9957453608512878,0.7004377841949463,0.42792874574661255,0.9936674237251282,0.33950501680374146,0.4193476140499115,0.9926751255989075,0.7662655115127563,0.391366571187973,0.9844731688499451,0.2607792615890503,0.3969668447971344,0.9878069758415222,0.5827526450157166,0.5039032697677612,0.9977637529373169,0.4647448658943176,0.5039027333259583,0.9968553781509399,0.6196936368942261,0.5903289318084717,0.9967509508132935,0.396787166595459,0.5885303616523743,0.996016800403595,0.6261950135231018,0.7005364894866943,0.9923086166381836,0.423719197511673,0.6979767680168152,0.9925446510314941
108,3.6184,0.5090236067771912,0.3301665186882019,0.9953885078430176,0.5325276851654053,0.3227647840976715,0.9941206574440002,0.49118685722351074,0.3217694163322449,0.985950767993927,0.5662238597869873,0.3357882499694824,0.9622525572776794,0.46778395771980286,0.3338702917098999,0.750379204750061,0.6158578395843506,0.38260534405708313,0.997658371925354,0.42833641171455383,0.38573065400123596,0.9955577254295349,0.7010704874992371,0.42332905530929565,0.9932286739349365,0.3383218050003052,0.4167301058769226,0.9929649829864502,0.7656784057617188,0.3878490626811981,0.987304151058197,0.26111286878585815,0.3935309052467346,0.9889804124832153,0.5837008953094482,0.5008687973022461,0.9976671934127808,0.4654930830001831,0.5007883906364441,0.9967669248580933,0.6207811236381531,0.590455174446106,0.9966716766357422,0.39618927240371704,0.5885903239250183,0.9959459900856018,0.6268905997276306,0.7008389234542847,0.9922509789466858,0.42358365654945374,0.6980917453765869,0.992493212223053
109,3.6519,0.5104568004608154,0.32419353723526,0.9954073429107666,0.5334548354148865,0.3172979950904846,0.9945803284645081,0.49258822202682495,0.3166833221912384,0.9878181219100952,0.567168116569519,0.3319779932498932,0.9700274467468262,0.4694395661354065,0.33081308007240295,0.8143151998519897,0.6151913404464722,0.3793209493160248,0.9977706670761108,0.4283682107925415,0.382148802280426,0.99564528465271,0.6973387002944946,0.41868606209754944,0.9930650591850281,0.33941400051116943,0.4130404591560364,0.9924753308296204,0.7643261551856995,0.3842105269432068,0.9879752993583679,0.2634655833244324,0.3903784155845642,0.9888933300971985,0.5839821100234985,0.49946388602256775,0.9976847171783447,0.466092973947525,0.49968305230140686,0.9966288208961487,0.6214076280593872,0.5903110504150391,0.9967429041862488,0.3949142396450043,0.5882795453071594,0.9957315325737,0.6273255348205566,0.7008978724479675,0.9930316209793091,0.42401787638664246,0.6978234052658081,0.9927260875701904
110,3.6854,0.5117988586425781,0.3186623454093933,0.995668888092041,0.5349969863891602,0.3117152750492096,0.9948257207870483,0.4944063425064087,0.3106343150138855,0.9887897968292236,0.5674798488616943,0.32697010040283203,0.9755434989929199,0.4710838794708252,0.3249596357345581,0.8512044548988342,0.6158285737037659,0.37254610657691956,0.9983599781990051,0.42994827032089233,0.3766902983188629,0.9965509176254272,0.6993666887283325,0.4142034649848938,0.993638813495636,0.3377113342285156,0.40668731927871704,0.9918791055679321,0.7646570801734924,0.37992095947265625,0.9871190786361694,0.2626367211341858,0.38398557901382446,0.9904926419258118,0.5849355459213257,0.4964143633842468,0.9977438449859619,0.4677453637123108,0.4970729947090149,0.9965634942054749,0.6221605539321899,0.5907252430915833,0.9974512457847595,0.3952517509460449,0.5882353782653809,0.9965540170669556,0.6271491050720215,0.7012798190116882,0.9917717576026917,0.42369139194488525,0.698060154914856,0.991188645362854
111,3.7189,0.5116234421730042,0.31292662024497986,0.9957089424133301,0.5351426601409912,0.3061695992946625,0.9956446886062622,0.49523380398750305,0.305201917886734,0.9857097864151001,0.56917405128479,0.3220864236354828,0.9836592674255371,0.47356024384498596,0.3200930953025818,0.7661839127540588,0.6166058778762817,0.36891093850135803,0.9984210729598999,0.43063074350357056,0.3720812499523163,0.9966158270835876,0.7017815709114075,0.4097355306148529,0.9936705827713013,0.3392500877380371,0.4024837017059326,0.9920846223831177,0.768908679485321,0.3725311756134033,0.988588809967041,0.26432743668556213,0.38081464171409607,0.9912047982215881,0.5843807458877563,0.49400919675827026,0.997783362865448,0.46749699115753174,0.494428813457489,0.9966208934783936,0.6233187913894653,0.5918259620666504,0.9973915815353394,0.39443084597587585,0.5891340970993042,0.9964034557342529,0.6266835927963257,0.7015886306762695,0.992225170135498,0.4237438142299652,0.6981104016304016,0.9915464520454407
112,3.7524,0.5135452151298523,0.3075372278690338,0.9956130981445312,0.5367498993873596,0.3006625175476074,0.9947006702423096,0.4960840344429016,0.29932862520217896,0.9874647855758667,0.5687954425811768,0.31612589955329895,0.9744614958763123,0.4719122648239136,0.3135925233364105,0.8329809308052063,0.6178187131881714,0.3651544749736786,0.9984815716743469,0.4299994707107544,0.3684636354446411,0.9968078136444092,0.702239453792572,0.4067589342594147,0.9939078092575073,0.33882883191108704,0.3990403711795807,0.9935459494590759,0.7699233889579773,0.3694349229335785,0.9883248805999756,0.2645518183708191,0.37589702010154724,0.9918619394302368,0.5847333073616028,0.4913332462310791,0.9978421926498413,0.4664989113807678,0.4916853904724121,0.9967526793479919,0.6233789920806885,0.5916763544082642,0.9974608421325684,0.3935401141643524,0.590001106262207,0.9965391159057617,0.6264983415603638,0.7015336751937866,0.9927231669425964,0.42408472299575806,0.6982649564743042,0.9919941425323486
113,3.786,0.5141827464103699,0.3023884892463684,0.9956661462783813,0.537260890007019,0.29487499594688416,0.994234025478363,0.4962157905101776,0.29409682750701904,0.9879376292228699,0.5701019167900085,0.30961325764656067,0.9701953530311584,0.47256216406822205,0.3082831799983978,0.8273676633834839,0.6199350357055664,0.36086052656173706,0.9984446167945862,0.43194085359573364,0.36360064148902893,0.9969016313552856,0.7076025009155273,0.40280985832214355,0.9942309856414795,0.34062355756759644,0.3969213366508484,0.9945479035377502,0.7699881792068481,0.3646641671657562,0.988072395324707,0.2637154161930084,0.3710041344165802,0.9923696517944336,0.5857105851173401,0.4893414080142975,0.9978476762771606,0.4679316580295563,0.489096462726593,0.9967175126075745,0.6254777908325195,0.5930610299110413,0.9974256157875061,0.392924964427948,0.589697003364563,0.99639493227005,0.6264271140098572,0.7017974853515625,0.9925848841667175,0.42391857504844666,0.6985166072845459,0.9915042519569397
114,3.8195,0.5161373615264893,0.29657644033432007,0.9952759742736816,0.5395130515098572,0.2891705632209778,0.993726372718811,0.49813562631607056,0.2877903878688812,0.9888228178024292,0.5709934234619141,0.3047294616699219,0.9695740342140198,0.4735194444656372,0.30211496353149414,0.8749154806137085,0.6208674907684326,0.35612252354621887,0.9985320568084717,0.43314895033836365,0.3582133948802948,0.9969022870063782,0.7091767191886902,0.40020233392715454,0.9945690631866455,0.34469637274742126,0.3945695459842682,0.9939075112342834,0.770045816898346,0.3599608540534973,0.9884366989135742,0.2719552516937256,0.36766523122787476,0.9921671748161316,0.5869430303573608,0.48706549406051636,0.9980087876319885,0.4684227705001831,0.4864320158958435,0.9969682097434998,0.6264998316764832,0.5931352376937866,0.9973832964897156,0.393568754196167,0.5895794034004211,0.996439516544342,0.6260123252868652,0.7019031047821045,0.9926443099975586,0.42449572682380676,0.6986289620399475,0.99184650182724
115,3.853,0.518458902835846,0.29061102867126465,0.9953129291534424,0.5414456129074097,0.28300705552101135,0.9931568503379822,0.49991002678871155,0.2820214629173279,0.989672064781189,0.5724806189537048,0.2987394630908966,0.9603198170661926,0.4742893576622009,0.29697275161743164,0.8959726691246033,0.6190724968910217,0.35027414560317993,0.9984605312347412,0.43425217270851135,0.3540176749229431,0.996620774269104,0.7030519247055054,0.39670565724372864,0.9944562911987305,0.35841983556747437,0.39225926995277405,0.9935535192489624,0.7684754133224487,0.3580208420753479,0.9883832335472107,0.2879425883293152,0.36468634009361267,0.9920754432678223,0.5866568684577942,0.4840072989463806,0.9981198906898499,0.4691869914531708,0.4840807318687439,0.9970090985298157,0.6259975433349609,0.5942499041557312,0.9974333643913269,0.39644119143486023,0.5903247594833374,0.9962461590766907,0.6247979402542114,0.7029469609260559,0.99273681640625,0.42511019110679626,0.6994950175285339,0.9913821816444397
116,3.8865,0.5197332501411438,0.2847321927547455,0.9950125813484192,0.5431268811225891,0.27726131677627563,0.9928845763206482,0.5018995404243469,0.27571114897727966,0.9879229664802551,0.5735272765159607,0.2922569811344147,0.9582023024559021,0.4763799011707306,0.28908243775367737,0.8760688304901123,0.6196694374084473,0.3455814719200134,0.9985454082489014,0.4338306486606598,0.3481937050819397,0.9967485666275024,0.7054336667060852,0.3919335901737213,0.994669497013092,0.36624106764793396,0.39436858892440796,0.9942935109138489,0.7710040807723999,0.34903615713119507,0.9879533052444458,0.30037787556648254,0.3575479984283447,0.9907714128494263,0.5870145559310913,0.4845982491970062,0.9982302784919739,0.46872279047966003,0.4840429723262787,0.9970905780792236,0.6290075778961182,0.5955354571342468,0.9971603155136108,0.4005046784877777,0.5919310450553894,0.9958183169364929,0.6243823766708374,0.7011635303497314,0.9923825860023499,0.42541030049324036,0.6997207403182983,0.9905984997749329
117,3.92,0.5247213244438171,0.2788669168949127,0.9956631064414978,0.5468190312385559,0.27082788944244385,0.9929084777832031,0.5061759352684021,0.26968997716903687,0.990755021572113,0.5760073661804199,0.28406408429145813,0.9377021193504333,0.4793359041213989,0.2819870412349701,0.9029957056045532,0.6228210926055908,0.33955565094947815,0.9985674619674683,0.43648388981819153,0.3432154059410095,0.9970890879631042,0.7025644183158875,0.3894907534122467,0.9947040677070618,0.37075263261795044,0.3903965950012207,0.9947578310966492,0.7702610492706299,0.34390562772750854,0.9863908290863037,0.3056718111038208,0.35063496232032776,0.9877864122390747,0.5887313485145569,0.48262205719947815,0.9982435703277588,0.46949639916419983,0.48233094811439514,0.9971286654472351,0.6294994950294495,0.5957486033439636,0.9971464276313782,0.40373966097831726,0.5919533967971802,0.9955658316612244,0.6237815618515015,0.7007947564125061,0.9929306507110596,0.4254424273967743,0.6993638873100281,0.9906711578369141
118,3.9535,0.5286353826522827,0.2750242352485657,0.9954230189323425,0.551077663898468,0.266686350107193,0.9921703934669495,0.5099778771400452,0.26498574018478394,0.991921067237854,0.5783178806304932,0.2803516685962677,0.9273259043693542,0.4814285337924957,0.27698665857315063,0.933376669883728,0.6260716319084167,0.3349838852882385,0.9984400868415833,0.4371786415576935,0.33729317784309387,0.9969602227210999,0.7005380988121033,0.38658496737480164,0.9942962527275085,0.37537968158721924,0.38822823762893677,0.994807779788971,0.7638267278671265,0.3374338746070862,0.9851410388946533,0.31394678354263306,0.3491899073123932,0.9884595274925232,0.5908629298210144,0.4796442985534668,0.9981929659843445,0.47042757272720337,0.4786067008972168,0.9971479773521423,0.6298544406890869,0.5962252616882324,0.9971223473548889,0.409222275018692,0.5919779539108276,0.9957435727119446,0.6234429478645325,0.7014161348342896,0.9924246072769165,0.42519471049308777,0.6998225450515747,0.9902668595314026
119,3.987,0.5303450226783752,0.26966530084609985,0.9937997460365295,0.5529442429542542,0.2614496350288391,0.9889061450958252,0.5117141008377075,0.25979000329971313,0.9894479513168335,0.5810283422470093,0.2746359705924988,0.9113357663154602,0.482418954372406,0.27127331495285034,0.9305071830749512,0.6269865036010742,0.32994651794433594,0.9983906745910645,0.4368061423301697,0.3325294554233551,0.9971278309822083,0.7016360759735107,0.38344135880470276,0.9942817687988281,0.37438952922821045,0.3849487900733948,0.9949001669883728,0.7491673827171326,0.3356098234653473,0.9834860563278198,0.3148675560951233,0.3406372666358948,0.9873349666595459,0.5930588841438293,0.4797268807888031,0.9981630444526672,0.4708591103553772,0.47895604372024536,0.9972249269485474,0.6299105286598206,0.5968071818351746,0.9967823028564453,0.4149520993232727,0.592334508895874,0.9956887364387512,0.6237792372703552,0.701880156993866,0.9917022585868835,0.4241706132888794,0.6994072198867798,0.9905959367752075
120,4.0205,0.5335626602172852,0.2648436427116394,0.9934917092323303,0.5544920563697815,0.2561190724372864,0.9848629832267761,0.5131894946098328,0.2552657127380371,0.9893191456794739,0.579894483089447,0.2667864263057709,0.8542400002479553,0.4818989336490631,0.26547864079475403,0.941537618637085,0.627953290939331,0.32289090752601624,0.9984283447265625,0.43488776683807373,0.3262527585029602,0.9970961809158325,0.7030282616615295,0.3801155686378479,0.9942527413368225,0.3715229332447052,0.38218453526496887,0.9949628114700317,0.7504411339759827,0.3283824324607849,0.9837313890457153,0.3159133493900299,0.33412742614746094,0.9889750480651855,0.592359185218811,0.47339606285095215,0.9983510971069336,0.47060471773147583,0.47292494773864746,0.9975497126579285,0.628812313079834,0.5949849486351013,0.9969610571861267,0.41951218247413635,0.5898270606994629,0.9960291385650635,0.6245321035385132,0.702439546585083,0.9920293092727661,0.42435574531555176,0.6992610096931458,0.9912720322608948
121,4.054,0.5381382703781128,0.25977498292922974,0.9947757720947266,0.5590227246284485,0.2512127757072449,0.9850578904151917,0.5175554752349854,0.24934856593608856,0.9930806756019592,0.5813570022583008,0.2615947127342224,0.767754316329956,0.48220622539520264,0.25814399123191833,0.966194748878479,0.6274863481521606,0.317608505487442,0.9984538555145264,0.43588554859161377,0.3206730782985687,0.9970966577529907,0.7010596394538879,0.3760163187980652,0.9947640895843506,0.373031884431839,0.3783818185329437,0.9955458641052246,0.7518346309661865,0.3241337835788727,0.9842526316642761,0.3164239227771759,0.3304804861545563,0.9902066588401794,0.5922138094902039,0.4691750109195709,0.9984769225120544,0.47076326608657837,0.4682992398738861,0.9977649450302124,0.6267490983009338,0.5940616726875305,0.9970518350601196,0.42338836193084717,0.5886906385421753,0.9962171912193298,0.6255313158035278,0.702698290348053,0.9918546676635742,0.4227246046066284,0.6991928815841675,0.991248369216919
122,4.0875,0.5416285395622253,0.25455933809280396,0.9952359795570374,0.5618654489517212,0.24551856517791748,0.9855633974075317,0.5200088024139404,0.24427995085716248,0.9942418932914734,0.5827659368515015,0.25638946890830994,0.7490516304969788,0.484020859003067,0.25440317392349243,0.9718835949897766,0.6287614703178406,0.3122856616973877,0.9983470439910889,0.43745341897010803,0.31558069586753845,0.9968775510787964,0.7026857733726501,0.3722940981388092,0.9946907162666321,0.37460699677467346,0.37575656175613403,0.9951044321060181,0.7557888627052307,0.3159295618534088,0.983187735080719,0.3158504068851471,0.32733097672462463,0.9907337427139282,0.5920570492744446,0.4682139754295349,0.9984456896781921,0.47031834721565247,0.4674353003501892,0.9977741837501526,0.6240811944007874,0.5949665307998657,0.996991753578186,0.4280540943145752,0.5896779298782349,0.9961723685264587,0.6253764033317566,0.7028409242630005,0.9911859631538391,0.42259564995765686,0.6984642148017883,0.9905866980552673
123,4.121,0.5482239127159119,0.2516111731529236,0.9953895807266235,0.5675057172775269,0.2419617921113968,0.9794490337371826,0.5250833034515381,0.24050450325012207,0.9956836700439453,0.5846590399742126,0.2528921067714691,0.5372858643531799,0.48333480954170227,0.25072795152664185,0.9842635989189148,0.6276868581771851,0.3076152801513672,0.9981955885887146,0.4387529194355011,0.3118442893028259,0.9967083930969238,0.7037277221679688,0.3673540949821472,0.9945827126502991,0.3729407489299774,0.37165623903274536,0.994847297668457,0.754733681678772,0.31227898597717285,0.9864345788955688,0.3134595453739166,0.32265958189964294,0.9904512166976929,0.5920512676239014,0.4648004174232483,0.9985182881355286,0.47060996294021606,0.4647194743156433,0.9978112578392029,0.6222797632217407,0.5937146544456482,0.9971787929534912,0.4329400360584259,0.5922223329544067,0.995893120765686,0.624684751033783,0.702297031879425,0.9920814037322998,0.42394936084747314,0.6990084052085876,0.9899167418479919
124,4.1545,0.5537799000740051,0.2494620829820633,0.9949707984924316,0.570659339427948,0.2397904396057129,0.9711098670959473,0.5314810872077942,0.23883143067359924,0.9959802627563477,0.5853986144065857,0.24962016940116882,0.36349591612815857,0.48675239086151123,0.2484806329011917,0.9875183701515198,0.6268979907035828,0.30555909872055054,0.9980752468109131,0.43887054920196533,0.30859076976776123,0.9967214465141296,0.7039411067962646,0.36500978469848633,0.9945369362831116,0.37166494131088257,0.36799949407577515,0.9953102469444275,0.7562464475631714,0.30961742997169495,0.9831970930099487,0.31251829862594604,0.3185913562774658,0.9897178411483765,0.5897513628005981,0.46384772658348083,0.9984971284866333,0.4701816141605377,0.4638630747795105,0.9978931546211243,0.6197355389595032,0.5918818712234497,0.997021496295929,0.4352010190486908,0.5907859206199646,0.9958498477935791,0.6239928603172302,0.7016973495483398,0.9924033880233765,0.4245185852050781,0.6979685425758362,0.9905034303665161
125,4.188,0.5601339936256409,0.24903659522533417,0.9952027797698975,0.5751575231552124,0.23868770897388458,0.956886887550354,0.5363110899925232,0.238366961479187,0.9958756566047668,0.5872582793235779,0.24585239589214325,0.15873798727989197,0.48706695437431335,0.24636726081371307,0.9852792024612427,0.6242596507072449,0.30187878012657166,0.9978780746459961,0.4393303692340851,0.3061780035495758,0.9967368245124817,0.700052797794342,0.36171942949295044,0.9951653480529785,0.36798641085624695,0.365569531917572,0.9962611794471741,0.7540045976638794,0.3091548979282379,0.9853488802909851,0.31144073605537415,0.3149186670780182,0.9910063147544861,0.5890832543373108,0.46433743834495544,0.9984045624732971,0.4701359272003174,0.4652530252933502,0.9978749752044678,0.6191626191139221,0.592351496219635,0.9967206120491028,0.4374653697013855,0.5915001630783081,0.9957322478294373,0.6239026188850403,0.7015628218650818,0.9915468096733093,0.42441219091415405,0.6981051564216614,0.9901078939437866
126,4.2215,0.5627144575119019,0.24790818989276886,0.995757520198822,0.5764322280883789,0.2376348078250885,0.9541491270065308,0.5383685231208801,0.23778566718101501,0.9961611032485962,0.5870813727378845,0.24460825324058533,0.11350549012422562,0.48805758357048035,0.2463020533323288,0.9841371774673462,0.6214486360549927,0.29971814155578613,0.9977697134017944,0.4387417733669281,0.3052121698856354,0.9966664910316467,0.7008616328239441,0.35877078771591187,0.9952657222747803,0.3660212755203247,0.36492371559143066,0.996427595615387,0.7542669773101807,0.308159202337265,0.9855432510375977,0.3097965121269226,0.3128972053527832,0.9915675520896912,0.5885600447654724,0.4654766917228699,0.9983465671539307,0.4701552987098694,0.46729224920272827,0.9978083968162537,0.6179109811782837,0.5922756791114807,0.9965498447418213,0.4382003843784332,0.5922545790672302,0.9955700039863586,0.6238125562667847,0.7014684677124023,0.9909714460372925,0.4250233471393585,0.6981573104858398,0.9895812273025513
127,4.255,0.5646196007728577,0.24854178726673126,0.9954134821891785,0.5771884918212891,0.2379685640335083,0.9393780827522278,0.5394874215126038,0.23851808905601501,0.9959981441497803,0.586155354976654,0.24397024512290955,0.0745963528752327,0.48684632778167725,0.24671435356140137,0.9853307008743286,0.6205527782440186,0.29913872480392456,0.9977211356163025,0.43812137842178345,0.3050606846809387,0.9966220855712891,0.7002840638160706,0.35848116874694824,0.9952713847160339,0.36471590399742126,0.36409324407577515,0.9965052604675293,0.7534152269363403,0.3081706166267395,0.9856348633766174,0.30932629108428955,0.3126327097415924,0.9918415546417236,0.5867750644683838,0.4651302397251129,0.998364269733429,0.4691782593727112,0.46692243218421936,0.9978463649749756,0.6174174547195435,0.592082142829895,0.9965016841888428,0.4387558102607727,0.5908712148666382,0.9955644607543945,0.6241580247879028,0.7013022303581238,0.9910826683044434,0.4250545799732208,0.6978167295455933,0.98989337682724
128,4.2885,0.5652827620506287,0.2493484914302826,0.9957601428031921,0.577799379825592,0.23877310752868652,0.9389576315879822,0.5402321815490723,0.23896288871765137,0.9962687492370605,0.5859156250953674,0.24508123099803925,0.06210247054696083,0.4864000678062439,0.24708595871925354,0.9854097366333008,0.6198500990867615,0.29927369952201843,0.9977669715881348,0.43783268332481384,0.3051570951938629,0.996672511100769,0.6991856694221497,0.3581840991973877,0.995547890663147,0.3638763725757599,0.36370208859443665,0.9967165589332581,0.7527021765708923,0.3080257475376129,0.985499918460846,0.3078102171421051,0.3124411702156067,0.9921452403068542,0.5866014361381531,0.46538272500038147,0.9983964562416077,0.4694308936595917,0.467184454202652,0.997914731502533,0.6176131963729858,0.5922316312789917,0.9965431094169617,0.4395504295825958,0.5910201072692871,0.995725154876709,0.6243009567260742,0.7011007070541382,0.991135835647583,0.42541205883026123,0.6975452899932861,0.9902778267860413
129,4.322,0.5663853287696838,0.2499241828918457,0.9956476092338562,0.5779460668563843,0.2393903285264969,0.9302778244018555,0.5409260392189026,0.23997946083545685,0.9964798092842102,0.5851812362670898,0.24536935985088348,0.049505412578582764,0.4859594702720642,0.24832645058631897,0.9875791668891907,0.6192960739135742,0.30012837052345276,0.997755229473114,0.43915045261383057,0.3053690791130066,0.9966979026794434,0.6972197890281677,0.3585631847381592,0.9956021308898926,0.3633849322795868,0.3634243607521057,0.9967494010925293,0.7496219277381897,0.3089379668235779,0.9861078858375549,0.3079233467578888,0.31294140219688416,0.9923014640808105,0.586261510848999,0.4654211401939392,0.9984285235404968,0.4688432514667511,0.4669693112373352,0.9979268312454224,0.6166163086891174,0.591399073600769,0.9966868758201599,0.43870893120765686,0.5900235772132874,0.9957690238952637,0.6249634027481079,0.7013539671897888,0.9920744895935059,0.4251381456851959,0.6979546546936035,0.9909064769744873
130,4.3555,0.5670416355133057,0.25069183111190796,0.9954930543899536,0.5780891180038452,0.23972733318805695,0.9259198307991028,0.5405756235122681,0.24103407561779022,0.9962565898895264,0.585325300693512,0.24475793540477753,0.046021267771720886,0.4848979413509369,0.24934308230876923,0.9866210222244263,0.6182385087013245,0.30085599422454834,0.9977694749832153,0.4388366639614105,0.30593639612197876,0.9968228340148926,0.6970608234405518,0.35990065336227417,0.995445966720581,0.36337825655937195,0.36379194259643555,0.9968969821929932,0.7489420771598816,0.30843204259872437,0.9849086999893188,0.3067304491996765,0.3136250972747803,0.9923573732376099,0.5863540172576904,0.46610966324806213,0.9984000325202942,0.46886828541755676,0.46776682138442993,0.9978856444358826,0.6160142421722412,0.591528594493866,0.9966033697128296,0.4383127987384796,0.5899718999862671,0.9955392479896545,0.625251829624176,0.7011914253234863,0.9923416376113892,0.424549400806427,0.6980655193328857,0.9908261895179749
131,4.389,0.5671013593673706,0.25186413526535034,0.9957914352416992,0.5777491927146912,0.24069944024085999,0.9259320497512817,0.541179358959198,0.24197883903980255,0.9964444041252136,0.5844653844833374,0.24480032920837402,0.03963414952158928,0.4847339987754822,0.24929170310497284,0.9860385060310364,0.6171921491622925,0.3018052577972412,0.9977838397026062,0.43810805678367615,0.30712783336639404,0.9968903660774231,0.6943836808204651,0.36132708191871643,0.9954327344894409,0.36276906728744507,0.363658607006073,0.9969488978385925,0.7471068501472473,0.3099994659423828,0.9849244952201843,0.3052899241447449,0.31533733010292053,0.992508590221405,0.5850375890731812,0.4661831259727478,0.9984283447265625,0.46788907051086426,0.46798819303512573,0.9979584217071533,0.6155378818511963,0.591240406036377,0.9965873956680298,0.437520295381546,0.5898248553276062,0.9956034421920776,0.6250194907188416,0.7008302807807922,0.9923315048217773,0.42419272661209106,0.6977302432060242,0.9910370111465454
132,4.4225,0.5665110945701599,0.2526877820491791,0.9953521490097046,0.5770267248153687,0.2417442500591278,0.9212024807929993,0.5407605171203613,0.24303384125232697,0.9960402250289917,0.5833826065063477,0.24557776749134064,0.03954882174730301,0.4839843809604645,0.2500506639480591,0.9853487610816956,0.6163415908813477,0.3027949333190918,0.9977244734764099,0.4368494749069214,0.3074600398540497,0.9968011379241943,0.6927555799484253,0.3622308671474457,0.9954308271408081,0.36092886328697205,0.3636426031589508,0.9970163106918335,0.7465171813964844,0.31028804183006287,0.9853235483169556,0.30342718958854675,0.3162698745727539,0.9923714399337769,0.584240734577179,0.4672556519508362,0.9984433054924011,0.4662512540817261,0.46894946694374084,0.9979931116104126,0.6150999069213867,0.5916878581047058,0.9966139197349548,0.4359729290008545,0.5907803177833557,0.9957183003425598,0.6249858140945435,0.700973629951477,0.992315411567688,0.4240359365940094,0.6982288360595703,0.9910810589790344
133,4.456,0.5650244355201721,0.253465473651886,0.9958437085151672,0.57511967420578,0.24270692467689514,0.9225047826766968,0.5402059555053711,0.2438131868839264,0.9964708089828491,0.5809057354927063,0.24639710783958435,0.03288334980607033,0.482959121465683,0.25043392181396484,0.9854207634925842,0.6137142777442932,0.3029060363769531,0.9977816939353943,0.43567007780075073,0.30849555134773254,0.9968723654747009,0.6907087564468384,0.36304226517677307,0.9956082701683044,0.3572229743003845,0.3636992871761322,0.9970609545707703,0.7443622350692749,0.31097501516342163,0.9860245585441589,0.3007356524467468,0.3160032629966736,0.9928091764450073,0.5833165049552917,0.4684050977230072,0.9985068440437317,0.4649905860424042,0.4704514145851135,0.9980630278587341,0.6147729754447937,0.591380774974823,0.9966140389442444,0.4350092113018036,0.5907208919525146,0.9956940412521362,0.6249918341636658,0.7006825804710388,0.9924775958061218,0.423628032207489,0.6983248591423035,0.9912919402122498
134,4.4895,0.5637281537055969,0.25408411026000977,0.9961487054824829,0.5730670094490051,0.24294015765190125,0.9298081398010254,0.5384604930877686,0.24491700530052185,0.9968487620353699,0.5792506337165833,0.24553461372852325,0.033834781497716904,0.48080331087112427,0.25143977999687195,0.9862684011459351,0.6132298111915588,0.303646981716156,0.9977825284004211,0.4335155189037323,0.3090919852256775,0.996894359588623,0.6897888779640198,0.36383235454559326,0.9956761002540588,0.35430195927619934,0.3643048405647278,0.9970613121986389,0.7437605261802673,0.31064096093177795,0.9872905611991882,0.2987489700317383,0.3163411319255829,0.9925451874732971,0.5827876329421997,0.4695778489112854,0.9984891414642334,0.46360257267951965,0.4716133177280426,0.9979937076568604,0.614570677280426,0.5918747186660767,0.996566891670227,0.4343405067920685,0.5904196500778198,0.9954888224601746,0.6250995397567749,0.7006739377975464,0.9925198554992676,0.4234691262245178,0.6982619166374207,0.9910473227500916
135,4.523,0.562622606754303,0.25457099080085754,0.9961817264556885,0.572120726108551,0.24359416961669922,0.9268598556518555,0.5376919507980347,0.24527712166309357,0.9968246221542358,0.5779129266738892,0.2460741549730301,0.030811568722128868,0.4794877767562866,0.2513091266155243,0.9863899350166321,0.6107107996940613,0.30317699909210205,0.9977658987045288,0.43145543336868286,0.309356153011322,0.9968846440315247,0.6867625117301941,0.36318546533584595,0.9957302212715149,0.35245415568351746,0.3638750910758972,0.9969191551208496,0.7428758144378662,0.310711145401001,0.9879730939865112,0.2963356375694275,0.3160865306854248,0.9924253225326538,0.5810826420783997,0.4697186052799225,0.9984681010246277,0.4622870683670044,0.47214946150779724,0.997988224029541,0.6147753000259399,0.5919856429100037,0.9964891672134399,0.43319815397262573,0.5907531380653381,0.9955249428749084,0.6250508427619934,0.7009016275405884,0.9921503067016602,0.4227534830570221,0.698451578617096,0.9910343289375305
136,4.5565,0.5616438984870911,0.254841148853302,0.9961185455322266,0.5713555812835693,0.24369874596595764,0.9270730018615723,0.5370019674301147,0.2454606592655182,0.9967143535614014,0.5772250890731812,0.2458358108997345,0.03244773671030998,0.4794449806213379,0.25114017724990845,0.9856308102607727,0.6085654497146606,0.3023640513420105,0.997687578201294,0.4281095862388611,0.30931687355041504,0.9967262744903564,0.6844889521598816,0.36299949884414673,0.9957129955291748,0.35088542103767395,0.3635297417640686,0.9967792630195618,0.7407867312431335,0.3121212422847748,0.9885802865028381,0.2947531044483185,0.3150891959667206,0.9929091930389404,0.5798934698104858,0.4682444930076599,0.9984654188156128,0.4611538350582123,0.47154712677001953,0.9979392886161804,0.6132403612136841,0.5909807085990906,0.9965607523918152,0.43270546197891235,0.590826153755188,0.9954967498779297,0.6246865391731262,0.7005542516708374,0.9924100637435913,0.42270419001579285,0.6982945203781128,0.9911760091781616
137,4.5901,0.5605149269104004,0.2548481523990631,0.9960381984710693,0.5700441598892212,0.24378271400928497,0.9252360463142395,0.5362915992736816,0.2455337792634964,0.9965769648551941,0.5755577683448792,0.2454775869846344,0.031129898503422737,0.4785081148147583,0.25069212913513184,0.9847084283828735,0.6062635779380798,0.3022330701351166,0.9977038502693176,0.42629867792129517,0.30872851610183716,0.9967893958091736,0.6834697127342224,0.3625876009464264,0.9958816766738892,0.34724387526512146,0.3634418547153473,0.9969710111618042,0.7406441569328308,0.3104681968688965,0.9880770444869995,0.29282668232917786,0.3141656816005707,0.9926647543907166,0.5771288275718689,0.4678223133087158,0.9984386563301086,0.4595908224582672,0.4712092876434326,0.9979255199432373,0.6119822859764099,0.5906999111175537,0.996589183807373,0.43176209926605225,0.591620147228241,0.9955732822418213,0.6244092583656311,0.7005811929702759,0.9924002885818481,0.42210057377815247,0.6986695528030396,0.9911062121391296
138,4.6236,0.5582531690597534,0.2551475167274475,0.9957614541053772,0.5674706101417542,0.24408893287181854,0.9184111952781677,0.534192681312561,0.24581575393676758,0.9965254664421082,0.5723939538002014,0.24580836296081543,0.02984093874692917,0.476077139377594,0.2510142922401428,0.9860791563987732,0.6046077013015747,0.3024655282497406,0.9977013468742371,0.4239503741264343,0.3089384138584137,0.9966961145401001,0.682542085647583,0.3623949885368347,0.9959462285041809,0.3455049395561218,0.3627859652042389,0.9970235228538513,0.739436686038971,0.31015950441360474,0.9884418845176697,0.29091596603393555,0.31433790922164917,0.9929094314575195,0.5751491785049438,0.4668962359428406,0.9984526634216309,0.45804181694984436,0.470142662525177,0.9979299306869507,0.6108496785163879,0.5905866622924805,0.9966868758201599,0.43162745237350464,0.5911077857017517,0.9957236051559448,0.6245063543319702,0.7006446123123169,0.9924442172050476,0.4219980835914612,0.6986757516860962,0.9912419319152832
139,4.6571,0.5555750727653503,0.2547352910041809,0.9958691000938416,0.5650281310081482,0.24361653625965118,0.9213894605636597,0.5311444997787476,0.24528399109840393,0.9966758489608765,0.5702674388885498,0.24619972705841064,0.03222864866256714,0.4728165864944458,0.25131702423095703,0.9871663451194763,0.6028857231140137,0.3029164671897888,0.997752845287323,0.42185264825820923,0.3090848922729492,0.9966520667076111,0.6802781820297241,0.3624534010887146,0.9959350824356079,0.344832181930542,0.36215513944625854,0.9969267249107361,0.7378749251365662,0.3101988434791565,0.9890028238296509,0.28999075293540955,0.31497567892074585,0.9930782914161682,0.5734445452690125,0.4677191376686096,0.9984498023986816,0.45578786730766296,0.4707835614681244,0.9978814721107483,0.6101350784301758,0.5912191867828369,0.9967049956321716,0.42955929040908813,0.5914106369018555,0.9956521391868591,0.6245043277740479,0.7003639936447144,0.9923465251922607,0.422291100025177,0.6984197497367859,0.9909837245941162
140,4.6906,0.5528807044029236,0.2552017271518707,0.9962188601493835,0.5627248883247375,0.24387940764427185,0.9307804107666016,0.5280834436416626,0.2454949915409088,0.9970351457595825,0.568484365940094,0.2464979887008667,0.035072438418865204,0.4699772298336029,0.2515246272087097,0.987938642501831,0.6015765070915222,0.303248792886734,0.9977426528930664,0.4202401041984558,0.3091983199119568,0.9966603517532349,0.6788467168807983,0.3630339503288269,0.9959076642990112,0.34196481108665466,0.3609192967414856,0.9970244765281677,0.7350260615348816,0.3115242123603821,0.9900904893875122,0.28673288226127625,0.31454333662986755,0.9931080341339111,0.5710186958312988,0.46806803345680237,0.998501181602478,0.45366430282592773,0.4710350036621094,0.9979085922241211,0.609056293964386,0.5909767150878906,0.9968517422676086,0.42841869592666626,0.5914143323898315,0.9956938028335571,0.6246629953384399,0.7002910375595093,0.9925893545150757,0.42217525839805603,0.698400616645813,0.9909279942512512
141,4.7241,0.55009925365448,0.2554282546043396,0.9965510368347168,0.559867262840271,0.24406424164772034,0.9405931830406189,0.5253173112869263,0.24598586559295654,0.9971358776092529,0.5663695931434631,0.24604105949401855,0.04128967225551605,0.46788352727890015,0.25168395042419434,0.9867631793022156,0.5993349552154541,0.30305007100105286,0.9978988170623779,0.4188045859336853,0.30877405405044556,0.9967225193977356,0.6779398322105408,0.3621600270271301,0.9959958791732788,0.3393590748310089,0.36017468571662903,0.9969246983528137,0.7340710163116455,0.310424268245697,0.9904486536979675,0.28464779257774353,0.3149617314338684,0.9931496977806091,0.5686330795288086,0.4672795832157135,0.998562753200531,0.45205068588256836,0.4702163338661194,0.9979233145713806,0.6084890365600586,0.5909821391105652,0.9968644976615906,0.4271163046360016,0.5913894772529602,0.9955152869224548,0.624298632144928,0.7003698348999023,0.9927545189857483,0.4219936430454254,0.6989690661430359,0.9907360672950745
142,4.7576,0.5471330881118774,0.25586947798728943,0.9965207576751709,0.5569968819618225,0.24417725205421448,0.9440827965736389,0.521581768989563,0.24648579955101013,0.9969689249992371,0.564304530620575,0.2458903044462204,0.04963855817914009,0.4655298590660095,0.2524549961090088,0.9853596091270447,0.597726583480835,0.3033246099948883,0.9978681802749634,0.4162806570529938,0.30924850702285767,0.9967595934867859,0.6778902411460876,0.36157307028770447,0.9958569407463074,0.33735013008117676,0.3599640727043152,0.9969493746757507,0.733124852180481,0.3091651499271393,0.9903432130813599,0.28278589248657227,0.31556424498558044,0.9933199882507324,0.5673287510871887,0.46686244010925293,0.9984972476959229,0.45071080327033997,0.46991339325904846,0.9978502988815308,0.6078838109970093,0.5906928777694702,0.9967795014381409,0.4264294505119324,0.5906562209129333,0.9955093860626221,0.6242455840110779,0.7005501389503479,0.9926055669784546,0.4220671057701111,0.6990686655044556,0.9907869696617126
143,4.7911,0.544897735118866,0.25579196214675903,0.9958261251449585,0.5549445748329163,0.24436482787132263,0.9368239045143127,0.5193020701408386,0.24659278988838196,0.9964874982833862,0.5622917413711548,0.24672135710716248,0.05680263042449951,0.46388718485832214,0.25314146280288696,0.9865322709083557,0.595492959022522,0.3032826781272888,0.9979267120361328,0.41449034214019775,0.30946922302246094,0.9968087077140808,0.6757606863975525,0.3618396818637848,0.9956932663917542,0.334921658039093,0.3607266843318939,0.9968054294586182,0.7307154536247253,0.30976104736328125,0.9898881316184998,0.28013846278190613,0.31528815627098083,0.9927597045898438,0.5662350654602051,0.4674229621887207,0.9985009431838989,0.448994517326355,0.4706461429595947,0.9978128671646118,0.6074386239051819,0.5907415151596069,0.9968666434288025,0.42469969391822815,0.5905364751815796,0.9956108927726746,0.6242370009422302,0.7006016373634338,0.9926137924194336,0.4221568703651428,0.6991034746170044,0.9908321499824524
144,4.8246,0.5432093143463135,0.2562163770198822,0.9957923889160156,0.553248405456543,0.24483852088451385,0.9328083992004395,0.5175045728683472,0.24676144123077393,0.9965497255325317,0.559690535068512,0.2479047328233719,0.049418896436691284,0.46044421195983887,0.25367456674575806,0.9874705672264099,0.5928298234939575,0.3037717342376709,0.9978539347648621,0.4108980894088745,0.3090580999851227,0.9966337084770203,0.6751221418380737,0.36200031638145447,0.9956342577934265,0.3334098756313324,0.3610073924064636,0.9967436790466309,0.729279100894928,0.31014442443847656,0.9903172254562378,0.27869027853012085,0.3162984251976013,0.9927459359169006,0.5641079545021057,0.46846961975097656,0.9984264373779297,0.446569561958313,0.471544086933136,0.9976993203163147,0.6071601510047913,0.5907394886016846,0.9968397617340088,0.42292794585227966,0.5912307500839233,0.9956306219100952,0.6242636442184448,0.7007561922073364,0.992519736289978,0.4218734800815582,0.6992204189300537,0.9907922744750977
145,4.8581,0.5408809781074524,0.25575560331344604,0.9962173104286194,0.551092803478241,0.24447448551654816,0.9423243403434753,0.5150821805000305,0.24649444222450256,0.997011661529541,0.5586492419242859,0.24744458496570587,0.05155807361006737,0.45748984813690186,0.2533702850341797,0.9885597825050354,0.5912207365036011,0.3043185770511627,0.9979254007339478,0.4080190062522888,0.30978286266326904,0.9968922734260559,0.6729365587234497,0.36360207200050354,0.9955958724021912,0.3303818702697754,0.361879825592041,0.9968876242637634,0.7270427942276001,0.30896997451782227,0.9885159730911255,0.2765286862850189,0.31422990560531616,0.9920510649681091,0.5623564720153809,0.46951350569725037,0.9984317421913147,0.4463224709033966,0.47283467650413513,0.9977536797523499,0.6051140427589417,0.5900746583938599,0.9967808723449707,0.4244605600833893,0.5901342630386353,0.9956648945808411,0.6219580173492432,0.6999795436859131,0.9930291771888733,0.4237249493598938,0.6988054513931274,0.9916531443595886
146,4.8916,0.5389785170555115,0.2557266354560852,0.9962148070335388,0.5490574240684509,0.24450893700122833,0.9451960325241089,0.5136565566062927,0.24641628563404083,0.9969543218612671,0.5568346381187439,0.24691271781921387,0.05277650058269501,0.45542779564857483,0.25254327058792114,0.987762987613678,0.5898902416229248,0.3048096299171448,0.9980117082595825,0.4060012400150299,0.31013137102127075,0.9969378709793091,0.6708840131759644,0.3634403944015503,0.9956738352775574,0.32692548632621765,0.361862450838089,0.9968701004981995,0.725757360458374,0.3093784749507904,0.9882425665855408,0.2745884358882904,0.31262263655662537,0.9908299446105957,0.5608956217765808,0.4697849154472351,0.9984103441238403,0.4442232847213745,0.47287940979003906,0.9976837635040283,0.6061528325080872,0.5901397466659546,0.9967393279075623,0.422070175409317,0.5893629789352417,0.9956583976745605,0.6196994185447693,0.6988929510116577,0.9931733012199402,0.42305612564086914,0.6984710693359375,0.9919785261154175
147,4.9251,0.5371579527854919,0.25547847151756287,0.9961069226264954,0.5473865866661072,0.2441295087337494,0.9468995928764343,0.5115827918052673,0.24625925719738007,0.9967269897460938,0.5557838678359985,0.24666085839271545,0.06136361137032509,0.4544772803783417,0.2527325451374054,0.9866330623626709,0.5885276794433594,0.30525869131088257,0.9980661273002625,0.40361487865448,0.31054118275642395,0.9968886971473694,0.6687862873077393,0.3631719946861267,0.9957540035247803,0.32553794980049133,0.3619367182254791,0.9968963861465454,0.7243290543556213,0.3102717399597168,0.9891393780708313,0.2732260823249817,0.3131448030471802,0.9910247325897217,0.5615134239196777,0.468470960855484,0.99847811460495,0.44368797540664673,0.47217845916748047,0.9975966811180115,0.6107414364814758,0.5865275859832764,0.9968329071998596,0.4213699698448181,0.5889111757278442,0.9951890707015991,0.6165863275527954,0.6929566264152527,0.9944753050804138,0.4229470193386078,0.6979819536209106,0.9920346140861511
148,4.9586,0.5349682569503784,0.255810022354126,0.9952654838562012,0.5454158186912537,0.24444755911827087,0.9404879808425903,0.5093169808387756,0.24661719799041748,0.9957318902015686,0.5544309616088867,0.24677757918834686,0.07464998960494995,0.4531404376029968,0.25295281410217285,0.9847212433815002,0.5874192714691162,0.30555468797683716,0.9981805086135864,0.4025620222091675,0.3107302188873291,0.9968432188034058,0.6692599058151245,0.36342576146125793,0.9958446621894836,0.3250713646411896,0.3623448312282562,0.9967228770256042,0.7242787480354309,0.31040698289871216,0.9890206456184387,0.272170752286911,0.3128235936164856,0.9902400970458984,0.5597296953201294,0.466581255197525,0.9985933899879456,0.44248437881469727,0.4700692594051361,0.9976844787597656,0.612461268901825,0.5881969332695007,0.9970577955245972,0.42076700925827026,0.5901895761489868,0.9953169822692871,0.6089091897010803,0.6900977492332458,0.9944621920585632,0.42269736528396606,0.6983287930488586,0.9914801120758057
149,4.9921,0.5336763262748718,0.25694209337234497,0.9963139891624451,0.5449674725532532,0.24580521881580353,0.9512036442756653,0.5091421008110046,0.24708139896392822,0.9967838525772095,0.55387943983078,0.2483103722333908,0.06895029544830322,0.45394596457481384,0.2523762583732605,0.9853039383888245,0.5878379344940186,0.3057442605495453,0.9980629086494446,0.40252357721328735,0.310109406709671,0.9967538714408875,0.6696110367774963,0.3636973202228546,0.9960434436798096,0.3248210549354553,0.3624894917011261,0.9966781139373779,0.7239823937416077,0.310332715511322,0.9901836514472961,0.27183443307876587,0.31282839179039,0.9903372526168823,0.5594344735145569,0.46442538499832153,0.9985559582710266,0.4420892894268036,0.467378705739975,0.9976707100868225,0.6069426536560059,0.583412766456604,0.9970736503601074,0.4215065538883209,0.5867488384246826,0.9954225420951843,0.5977073907852173,0.6905099153518677,0.9950186014175415,0.42328783869743347,0.6975611448287964,0.9924483299255371
150,5.0256,0.5300546884536743,0.2567281126976013,0.9956211447715759,0.5423397421836853,0.24588589370250702,0.9542682766914368,0.506551206111908,0.24683710932731628,0.9958879351615906,0.5535748600959778,0.2488614022731781,0.11780564486980438,0.4538343548774719,0.2521781027317047,0.9847679734230042,0.5886781215667725,0.30480003356933594,0.9983444213867188,0.40224313735961914,0.3087250590324402,0.9973760843276978,0.6693677306175232,0.3633398413658142,0.9961049556732178,0.325050950050354,0.36066895723342896,0.9961262345314026,0.723876953125,0.31042081117630005,0.989015519618988,0.27331992983818054,0.31216302514076233,0.9910206198692322,0.5585545301437378,0.4623953402042389,0.998322069644928,0.44177916646003723,0.4647720456123352,0.9972805976867676,0.5976759791374207,0.5868661999702454,0.9976054430007935,0.4224728047847748,0.5859127044677734,0.9962100982666016,0.5937487483024597,0.6998969316482544,0.9927067160606384,0.42297160625457764,0.6992694139480591,0.9899343848228455
151,5.0591,0.5250564813613892,0.2569188177585602,0.9952746629714966,0.5398164391517639,0.24607539176940918,0.9659351706504822,0.501612663269043,0.2463659793138504,0.9949069619178772,0.5542623996734619,0.24945993721485138,0.2356790155172348,0.45314186811447144,0.2512753903865814,0.9783822298049927,0.5908470749855042,0.3051406443119049,0.9982907176017761,0.4032617211341858,0.3084023892879486,0.9973529577255249,0.6701996922492981,0.36403709650039673,0.995853066444397,0.3251449465751648,0.36039432883262634,0.9955957531929016,0.7257139682769775,0.309935599565506,0.988526463508606,0.27402999997138977,0.3120483458042145,0.9907090663909912,0.5582226514816284,0.4628364145755768,0.9980942606925964,0.44269704818725586,0.4643770754337311,0.9971565008163452,0.5863539576530457,0.59174644947052,0.9975268244743347,0.4216284155845642,0.5875061750411987,0.9965393543243408,0.5886847376823425,0.712358832359314,0.9906013011932373,0.4241575002670288,0.7004190683364868,0.9900740385055542
152,5.0926,0.5198230147361755,0.25673091411590576,0.9946765899658203,0.5359286665916443,0.2457352578639984,0.9720996022224426,0.4962017834186554,0.24619074165821075,0.9940105080604553,0.5534677505493164,0.24944719672203064,0.38601571321487427,0.45116162300109863,0.25159841775894165,0.9744287729263306,0.5927556157112122,0.3052709698677063,0.9983707070350647,0.4048156440258026,0.30863985419273376,0.9974842071533203,0.6731752753257751,0.3637310862541199,0.9956258535385132,0.32537734508514404,0.36042356491088867,0.9954853057861328,0.7290613651275635,0.3090861737728119,0.9868234395980835,0.2755381166934967,0.311511754989624,0.9904887676239014,0.5598227381706238,0.4671812951564789,0.9982142448425293,0.4437313377857208,0.4680398106575012,0.9973956346511841,0.5776088237762451,0.5976605415344238,0.9976556301116943,0.42126497626304626,0.5906596183776855,0.9967638254165649,0.5813291072845459,0.7145022749900818,0.9905367493629456,0.4240410327911377,0.700101375579834,0.9905029535293579
153,5.1261,0.5165783166885376,0.25601157546043396,0.9942210912704468,0.5341240763664246,0.24520917236804962,0.9754559397697449,0.4942006766796112,0.24525265395641327,0.9930632710456848,0.5539481043815613,0.24899117648601532,0.5156747102737427,0.4531937837600708,0.2500797510147095,0.9681069254875183,0.5949112772941589,0.30364757776260376,0.9984007477760315,0.40689510107040405,0.3077329993247986,0.9975467324256897,0.6746225357055664,0.36348146200180054,0.9955542683601379,0.32640182971954346,0.3600270748138428,0.9954231381416321,0.7311554551124573,0.3101332187652588,0.9872045516967773,0.27628833055496216,0.31112557649612427,0.9909448623657227,0.5614931583404541,0.4683988690376282,0.9982725381851196,0.4446176290512085,0.4694089889526367,0.997489333152771,0.5765551924705505,0.5979174375534058,0.9974799752235413,0.42307060956954956,0.5913620591163635,0.9965355396270752,0.5820621252059937,0.7150397300720215,0.9907968044281006,0.42489534616470337,0.7002251148223877,0.9908946752548218
154,5.1596,0.5153125524520874,0.2547840178012848,0.9946804642677307,0.533941924571991,0.24370279908180237,0.9813926815986633,0.49353158473968506,0.24348552525043488,0.9940499067306519,0.5550615787506104,0.2483048439025879,0.6553555727005005,0.4560568034648895,0.24872832000255585,0.9713028073310852,0.5980406999588013,0.30190348625183105,0.9983545541763306,0.40949469804763794,0.3060731291770935,0.9975098371505737,0.6744067072868347,0.363061785697937,0.9950289130210876,0.3294174075126648,0.35856109857559204,0.9950036406517029,0.7337373495101929,0.3108329772949219,0.9875126481056213,0.2787747383117676,0.31173884868621826,0.9910659193992615,0.5634752511978149,0.4668140411376953,0.9982210993766785,0.44547218084335327,0.46759921312332153,0.9973767995834351,0.579839289188385,0.5984617471694946,0.9974879026412964,0.4240858852863312,0.5913858413696289,0.9964851140975952,0.5830292701721191,0.7162777781486511,0.9902494549751282,0.4243627190589905,0.7007386088371277,0.990164577960968
155,5.1931,0.5151994824409485,0.25375398993492126,0.994909942150116,0.5345642566680908,0.24285173416137695,0.9849840998649597,0.4941442310810089,0.24253900349140167,0.993280827999115,0.5573978424072266,0.247120663523674,0.7504662275314331,0.45991116762161255,0.2471415251493454,0.9585984945297241,0.6010229587554932,0.30166786909103394,0.9983761310577393,0.4103379249572754,0.3047946095466614,0.9975113868713379,0.6773533821105957,0.3630385994911194,0.9949140548706055,0.33316341042518616,0.35750558972358704,0.9945500493049622,0.7365266680717468,0.3111557066440582,0.9874445199966431,0.2807733714580536,0.31160905957221985,0.9909481406211853,0.5662189722061157,0.46625280380249023,0.9982129335403442,0.44652268290519714,0.4668108820915222,0.9973388314247131,0.5821638703346252,0.5978262424468994,0.9973771572113037,0.4252588152885437,0.5908632874488831,0.9962588548660278,0.5832178592681885,0.7162215113639832,0.9902903437614441,0.4248705208301544,0.7010225057601929,0.9900423288345337
156,5.2266,0.5167611241340637,0.2518106698989868,0.9950590133666992,0.5368126034736633,0.24109642207622528,0.9854852557182312,0.4955053925514221,0.24052509665489197,0.9935243129730225,0.5598231554031372,0.24656882882118225,0.7537807822227478,0.4610540568828583,0.24603800475597382,0.9596141576766968,0.602278470993042,0.3002369999885559,0.9983708262443542,0.4147182106971741,0.30411210656166077,0.9975761771202087,0.6803359985351562,0.36286354064941406,0.9950089454650879,0.3361774981021881,0.3583044409751892,0.9946263432502747,0.7395058274269104,0.3106483817100525,0.9878106117248535,0.2830217480659485,0.31086981296539307,0.9912512898445129,0.5694668292999268,0.46622103452682495,0.9981726408004761,0.4509706199169159,0.4666039049625397,0.9973492622375488,0.5850301384925842,0.5988756418228149,0.9972231388092041,0.42707520723342896,0.5903089642524719,0.996191143989563,0.5832606554031372,0.7166208028793335,0.9897374510765076,0.42486274242401123,0.7010229825973511,0.9899905920028687
157,5.2601,0.5193060040473938,0.25164324045181274,0.9950771927833557,0.5402383208274841,0.24042820930480957,0.9852307438850403,0.49770957231521606,0.23967070877552032,0.9933794736862183,0.5643376111984253,0.24587757885456085,0.7466616630554199,0.46307480335235596,0.24495868384838104,0.9565528631210327,0.6073104739189148,0.3003699779510498,0.998396098613739,0.41806522011756897,0.30430081486701965,0.9977171421051025,0.684467077255249,0.3635246157646179,0.995063841342926,0.3372369408607483,0.35899651050567627,0.9951598048210144,0.7427647113800049,0.31026461720466614,0.9861884713172913,0.2855195701122284,0.31109005212783813,0.9915955662727356,0.5716705918312073,0.46635493636131287,0.9981757402420044,0.4537585377693176,0.466468870639801,0.9975042939186096,0.5862420201301575,0.5989837050437927,0.9972321391105652,0.42772823572158813,0.5900565981864929,0.9965163469314575,0.583906888961792,0.7162021398544312,0.9897509217262268,0.4265981912612915,0.7010757923126221,0.9907151460647583
158,5.2936,0.5211732983589172,0.251821368932724,0.995053768157959,0.5429912805557251,0.2403734177350998,0.9873585104942322,0.4999454915523529,0.23968324065208435,0.9927645325660706,0.5691665410995483,0.2459845244884491,0.8126530647277832,0.46727779507637024,0.24512581527233124,0.9437751770019531,0.6121130585670471,0.2996937334537506,0.9983161687850952,0.4227186441421509,0.3035825192928314,0.9976686835289001,0.6896928548812866,0.3632475435733795,0.9948803186416626,0.34117165207862854,0.3579714596271515,0.9949707388877869,0.7466023564338684,0.3081117272377014,0.9852728247642517,0.2877424955368042,0.31047526001930237,0.9920584559440613,0.5744830369949341,0.4652596116065979,0.9981223940849304,0.4559861123561859,0.46546870470046997,0.9975276589393616,0.5892733931541443,0.599124014377594,0.9972537159919739,0.4278472065925598,0.5914961099624634,0.9966086149215698,0.5849047303199768,0.717134416103363,0.989205002784729,0.42745599150657654,0.7012060880661011,0.9903401732444763
159,5.3271,0.523186206817627,0.2514241635799408,0.9947958588600159,0.5459157824516296,0.2397487908601761,0.9881771206855774,0.5020813941955566,0.23865154385566711,0.9927489161491394,0.5720297694206238,0.24618497490882874,0.8528339862823486,0.4704127013683319,0.2444452941417694,0.9459069967269897,0.6146369576454163,0.29850658774375916,0.9982172846794128,0.4268110990524292,0.3027030825614929,0.9975427389144897,0.6936212182044983,0.36061638593673706,0.9945809245109558,0.34531161189079285,0.3554224371910095,0.9943417310714722,0.751558780670166,0.30619627237319946,0.9845994114875793,0.2899812161922455,0.3091844618320465,0.992107093334198,0.5787534713745117,0.46613001823425293,0.9981221556663513,0.4584544003009796,0.46621209383010864,0.9975820779800415,0.5921390056610107,0.6008811593055725,0.9973151087760925,0.4238143861293793,0.5921930074691772,0.9967496395111084,0.5853383541107178,0.7181929349899292,0.9882339239120483,0.42980432510375977,0.6986687183380127,0.990123450756073
160,5.3606,0.5238195657730103,0.25143277645111084,0.994576096534729,0.5469820499420166,0.2396925985813141,0.988689124584198,0.5031784176826477,0.2382367104291916,0.9920790791511536,0.573639988899231,0.24589590728282928,0.87239670753479,0.4720924496650696,0.24334678053855896,0.938555896282196,0.6185860633850098,0.29787930846214294,0.9982185959815979,0.4275498688220978,0.3016769289970398,0.9976262450218201,0.6987108588218689,0.35975414514541626,0.9946857690811157,0.35013169050216675,0.3541613221168518,0.9942606687545776,0.7561444044113159,0.30489295721054077,0.9843897223472595,0.2911781966686249,0.30853623151779175,0.9899066090583801,0.582104504108429,0.471515953540802,0.9980687499046326,0.4586387574672699,0.4707908630371094,0.9975438714027405,0.596964418888092,0.6057812571525574,0.9969442486763,0.41950324177742004,0.5945302248001099,0.9962422847747803,0.586652398109436,0.717836856842041,0.9876192808151245,0.43109750747680664,0.693266749382019,0.990082323551178
161,5.3941,0.5242493748664856,0.2514686584472656,0.9940400123596191,0.5478790998458862,0.23980025947093964,0.9890308976173401,0.5029847621917725,0.2384180724620819,0.9923694133758545,0.5755108594894409,0.24719321727752686,0.8949499130249023,0.4715714454650879,0.24488258361816406,0.9501752853393555,0.6208657026290894,0.29859617352485657,0.9981067180633545,0.42982736229896545,0.30111807584762573,0.9974328875541687,0.7017129063606262,0.3603118062019348,0.9944666028022766,0.3516485393047333,0.354902058839798,0.9940111041069031,0.7611978054046631,0.30191707611083984,0.9838809967041016,0.29322516918182373,0.3071165680885315,0.9897187948226929,0.5821900963783264,0.46982187032699585,0.9981398582458496,0.45774582028388977,0.46915918588638306,0.9976397752761841,0.5984468460083008,0.6041861772537231,0.9972534775733948,0.4166103005409241,0.5961186289787292,0.9964626431465149,0.5871453881263733,0.7183266282081604,0.9884010553359985,0.4383097290992737,0.6897368431091309,0.9901801347732544
162,5.4277,0.5246238708496094,0.2512597441673279,0.9943363070487976,0.5480968952178955,0.23945267498493195,0.9892353415489197,0.5039440393447876,0.23798203468322754,0.9920761585235596,0.5759662985801697,0.24575643241405487,0.8874301910400391,0.4731099307537079,0.2432008683681488,0.9376493692398071,0.6226308345794678,0.2982318699359894,0.9981688261032104,0.4311327338218689,0.30037057399749756,0.9974373579025269,0.704181432723999,0.3606734275817871,0.9945557117462158,0.35094112157821655,0.3548685908317566,0.9939170479774475,0.7653331160545349,0.3027328848838806,0.9856787323951721,0.2936098873615265,0.30572888255119324,0.9892914891242981,0.5837580561637878,0.4690980315208435,0.9980984330177307,0.4584519565105438,0.46824899315834045,0.9975290894508362,0.5998683571815491,0.6020940542221069,0.996970534324646,0.4231787919998169,0.5943973660469055,0.996185839176178,0.5877737402915955,0.7192509174346924,0.9880066514015198,0.443746954202652,0.6996442079544067,0.9893473386764526
163,5.4612,0.5244976282119751,0.2510219216346741,0.9946632385253906,0.5483810305595398,0.2390245497226715,0.9900471568107605,0.5040863752365112,0.23755867779254913,0.9922029972076416,0.5767413973808289,0.2453802078962326,0.8899725675582886,0.4733632504940033,0.2426876574754715,0.9325615763664246,0.6228633522987366,0.2979067265987396,0.998293936252594,0.4307847023010254,0.29964858293533325,0.9974991679191589,0.7061285972595215,0.36028140783309937,0.9944731593132019,0.35008740425109863,0.3545196056365967,0.9943616390228271,0.7670081257820129,0.3028378188610077,0.9854965806007385,0.29446151852607727,0.3048165440559387,0.989362895488739,0.5818014144897461,0.46669840812683105,0.9984026551246643,0.45854872465133667,0.46618708968162537,0.9977877140045166,0.5980805158615112,0.602271318435669,0.9973748922348022,0.43659934401512146,0.598314642906189,0.9965596795082092,0.5872431993484497,0.7202989459037781,0.9910643100738525,0.4469805061817169,0.7162896990776062,0.9901543259620667
164,5.4947,0.5242360830307007,0.2503593862056732,0.9951648712158203,0.5483554601669312,0.23837025463581085,0.9912993311882019,0.5038526654243469,0.23693785071372986,0.9916253685951233,0.5779595375061035,0.24401073157787323,0.8969900608062744,0.4734989106655121,0.24132733047008514,0.909631609916687,0.6228055953979492,0.297450453042984,0.9984079003334045,0.43108952045440674,0.29890841245651245,0.9976493716239929,0.7054650783538818,0.35919755697250366,0.9944643378257751,0.3490084707736969,0.35431286692619324,0.9947269558906555,0.7693943381309509,0.3024836480617523,0.9851560592651367,0.2945491671562195,0.3036685585975647,0.9892539978027344,0.5793450474739075,0.46500855684280396,0.9984726309776306,0.4583387076854706,0.46465474367141724,0.9978992938995361,0.596676230430603,0.6008411645889282,0.9974427223205566,0.44298630952835083,0.597956657409668,0.9967243075370789,0.586232602596283,0.7199708223342896,0.9924070239067078,0.4486541748046875,0.7170487642288208,0.9917094111442566
165,5.5282,0.5254806280136108,0.24842897057533264,0.9953020811080933,0.5492408275604248,0.23681922256946564,0.9914758205413818,0.504997968673706,0.23528090119361877,0.9926129579544067,0.577885627746582,0.24308237433433533,0.8932954668998718,0.473560631275177,0.2402525693178177,0.9302352070808411,0.6237155199050903,0.2962978482246399,0.9984288811683655,0.43097516894340515,0.2982388138771057,0.9976637363433838,0.7059183120727539,0.35874128341674805,0.9942498207092285,0.34928956627845764,0.35440129041671753,0.9948127269744873,0.7702184319496155,0.30143308639526367,0.9857726693153381,0.29457059502601624,0.3029549717903137,0.9890390634536743,0.5794843435287476,0.46493762731552124,0.9984869956970215,0.4582228362560272,0.4643518924713135,0.9978456497192383,0.5960652828216553,0.6011279225349426,0.9975436329841614,0.43904373049736023,0.5973035097122192,0.9966180920600891,0.5856435298919678,0.7205387353897095,0.9925540089607239,0.4460493326187134,0.7173088192939758,0.9912692308425903
