frame,time_s,nose_x,nose_y,nose_conf,left_eye_x,left_eye_y,left_eye_conf,right_eye_x,right_eye_y,right_eye_conf,left_ear_x,left_ear_y,left_ear_conf,right_ear_x,right_ear_y,right_ear_conf,left_shoulder_x,left_shoulder_y,left_shoulder_conf,right_shoulder_x,right_shoulder_y,right_shoulder_conf,left_elbow_x,left_elbow_y,left_elbow_conf,right_elbow_x,right_elbow_y,right_elbow_conf,left_wrist_x,left_wrist_y,left_wrist_conf,right_wrist_x,right_wrist_y,right_wrist_conf,left_hip_x,left_hip_y,left_hip_conf,right_hip_x,right_hip_y,right_hip_conf,left_knee_x,left_knee_y,left_knee_conf,right_knee_x,right_knee_y,right_knee_conf,left_ankle_x,left_ankle_y,left_ankle_conf,right_ankle_x,right_ankle_y,right_ankle_conf
0,0.0,0.45316755771636963,0.30194520950317383,0.9955071210861206,0.4731256365776062,0.29268699884414673,0.9914030432701111,0.4352535605430603,0.2924639582633972,0.9904873967170715,0.50147944688797,0.29923883080482483,0.9098272323608398,0.41070979833602905,0.2993873953819275,0.8756611347198486,0.5478330254554749,0.3463592529296875,0.9981661438941956,0.38576099276542664,0.35113444924354553,0.9972304701805115,0.6268286108970642,0.3924199044704437,0.9932916164398193,0.31516748666763306,0.3916916251182556,0.9942112565040588,0.6866014003753662,0.35004690289497375,0.9810618758201599,0.2405906468629837,0.3570539355278015,0.9924641847610474,0.5273630619049072,0.4900057315826416,0.9979885816574097,0.4210525453090668,0.49163103103637695,0.9978932738304138,0.5608378648757935,0.6114662885665894,0.9963082671165466,0.39571574330329895,0.6132698059082031,0.9968642592430115,0.5780084133148193,0.7208127975463867,0.9913700819015503,0.3813161253929138,0.7218513488769531,0.9933856129646301
1,0.0334,0.45336562395095825,0.30093327164649963,0.995623767375946,0.4738714396953583,0.2917971611022949,0.9914702773094177,0.43519943952560425,0.2912745177745819,0.9906360507011414,0.5020036101341248,0.2990230321884155,0.9101947546005249,0.4103182852268219,0.2985420227050781,0.8795359134674072,0.5488570928573608,0.34644615650177,0.9981800317764282,0.38618457317352295,0.3512290120124817,0.9972668886184692,0.6271032691001892,0.392741858959198,0.993179202079773,0.3161642253398895,0.3919391334056854,0.9941079616546631,0.6873816847801208,0.34993281960487366,0.9808672070503235,0.24050642549991608,0.3571138381958008,0.9923861026763916,0.5272082090377808,0.4900807738304138,0.9979464411735535,0.4207867383956909,0.4914131760597229,0.9979003667831421,0.5609495639801025,0.6117309331893921,0.9962490200996399,0.3954625725746155,0.613025426864624,0.9969589710235596,0.5780028700828552,0.7211202383041382,0.9910274147987366,0.38131430745124817,0.7215341925621033,0.9935105443000793
2,0.0667,0.4534595012664795,0.30080699920654297,0.9955631494522095,0.47381308674812317,0.29162225127220154,0.9911890029907227,0.4351552426815033,0.2912394106388092,0.9904385209083557,0.5020071268081665,0.2986415922641754,0.9080876708030701,0.4103234112262726,0.2984759509563446,0.87823486328125,0.5492746829986572,0.3466326594352722,0.998195469379425,0.38619253039360046,0.35125619173049927,0.9972852468490601,0.62763512134552,0.39293041825294495,0.9931476712226868,0.31609633564949036,0.3918973505496979,0.994083821773529,0.6872207522392273,0.350576788187027,0.9810113906860352,0.24100129306316376,0.3570219874382019,0.9923478364944458,0.5274983644485474,0.4904256761074066,0.9979484677314758,0.42079049348831177,0.491691917181015,0.9978885054588318,0.5614259243011475,0.6120131611824036,0.9962310194969177,0.39508509635925293,0.6131619215011597,0.9969049096107483,0.5779871344566345,0.7211121916770935,0.9910749197006226,0.3812885284423828,0.7216695547103882,0.9934490323066711
3,0.1001,0.4537828266620636,0.3008534908294678,0.9955720901489258,0.4741188883781433,0.2917082905769348,0.9913164377212524,0.43557024002075195,0.2913161814212799,0.9903136491775513,0.5024648904800415,0.2986961305141449,0.9092817902565002,0.4108249247074127,0.29849696159362793,0.8737324476242065,0.5497020483016968,0.3467182517051697,0.9981807470321655,0.38618817925453186,0.35123753547668457,0.9972840547561646,0.6278749108314514,0.3927787244319916,0.9930340051651001,0.3160768747329712,0.3919316232204437,0.994088888168335,0.687838077545166,0.35058626532554626,0.9807333946228027,0.24124297499656677,0.3569170832633972,0.9922054409980774,0.5276662111282349,0.48997172713279724,0.9979453682899475,0.42064493894577026,0.4912010133266449,0.9978731870651245,0.5612621903419495,0.6116687059402466,0.9962701797485352,0.3950619101524353,0.6126453280448914,0.9968962669372559,0.5779019594192505,0.7210155725479126,0.991361677646637,0.3813895285129547,0.721705436706543,0.9935590624809265
4,0.1334,0.4543205797672272,0.30098098516464233,0.9955072402954102,0.4746256470680237,0.2917456030845642,0.9910861849784851,0.43620991706848145,0.2913160026073456,0.9903519749641418,0.5027978420257568,0.2987643778324127,0.9065233469009399,0.41150403022766113,0.2984688878059387,0.875747799873352,0.5501019954681396,0.3469606935977936,0.9981586337089539,0.3863341510295868,0.35124263167381287,0.9972410202026367,0.6280723214149475,0.39280790090560913,0.993075966835022,0.31653156876564026,0.3920517563819885,0.9941562414169312,0.6878402829170227,0.3507354259490967,0.9810386896133423,0.24202822148799896,0.35677409172058105,0.9922682642936707,0.527641236782074,0.49039778113365173,0.9979332685470581,0.4204687476158142,0.49157077074050903,0.9978419542312622,0.5614947080612183,0.611784815788269,0.9962494969367981,0.39433860778808594,0.6130033731460571,0.9968386888504028,0.577829122543335,0.7207289934158325,0.9913448095321655,0.38132327795028687,0.7218120694160461,0.9934089183807373
5,0.1668,0.4546836018562317,0.3009492754936218,0.9955999851226807,0.4750206470489502,0.2917832136154175,0.9913128018379211,0.4365469515323639,0.291390985250473,0.9900873303413391,0.5033227205276489,0.2983810603618622,0.9089211821556091,0.4121718108654022,0.298173725605011,0.8655778169631958,0.5502021908760071,0.3467797040939331,0.9981478452682495,0.38699644804000854,0.3512633144855499,0.9972862005233765,0.6286916732788086,0.39291492104530334,0.9928544163703918,0.3168305456638336,0.39200276136398315,0.9941198825836182,0.6887379288673401,0.35058873891830444,0.9807007312774658,0.24218514561653137,0.35630112886428833,0.9921852946281433,0.5267587900161743,0.4906231760978699,0.9979075193405151,0.4200160503387451,0.49180325865745544,0.9978433847427368,0.5613770484924316,0.6122938990592957,0.9961536526679993,0.39411234855651855,0.6132440567016602,0.9968162178993225,0.5776187181472778,0.7209879159927368,0.991108775138855,0.3812118172645569,0.7218126654624939,0.9933720827102661
6,0.2002,0.45539557933807373,0.30087941884994507,0.9956310987472534,0.4757169187068939,0.2916499972343445,0.9913280606269836,0.4371538460254669,0.29134663939476013,0.9904302954673767,0.5039333701133728,0.29816386103630066,0.9090093374252319,0.41289201378822327,0.2981494069099426,0.871238112449646,0.5506894588470459,0.3467177450656891,0.9981227517127991,0.38747459650039673,0.351353257894516,0.9972673654556274,0.6304527521133423,0.39305737614631653,0.9930725693702698,0.31815823912620544,0.3926558196544647,0.9939879179000854,0.6900026798248291,0.35015958547592163,0.9814510345458984,0.24281954765319824,0.35617175698280334,0.9919947385787964,0.5270369648933411,0.4914829134941101,0.9978545308113098,0.41996341943740845,0.4926414489746094,0.9977577328681946,0.5616630911827087,0.6129659414291382,0.9960667490959167,0.3938838541507721,0.6136481165885925,0.9966681599617004,0.5775789618492126,0.7211331725120544,0.9909493327140808,0.3809087574481964,0.7219983339309692,0.9931040406227112
7,0.2335,0.4559352397918701,0.30084094405174255,0.9955755472183228,0.47620370984077454,0.291726678609848,0.9911920428276062,0.43788304924964905,0.2913826107978821,0.9902156591415405,0.5043940544128418,0.29838770627975464,0.9102500677108765,0.4138108491897583,0.2982627749443054,0.8701440691947937,0.5513409376144409,0.3470149636268616,0.998115062713623,0.38800692558288574,0.35140737891197205,0.9972584247589111,0.6310057640075684,0.3933071494102478,0.9929574728012085,0.31882745027542114,0.39255842566490173,0.993833065032959,0.6916553974151611,0.3498952388763428,0.9805459380149841,0.2440749704837799,0.35656824707984924,0.991921067237854,0.5272662043571472,0.4911103844642639,0.9978461265563965,0.4204610288143158,0.49212321639060974,0.9977673292160034,0.5617542266845703,0.6133249402046204,0.996160626411438,0.39424845576286316,0.6135554313659668,0.9967505931854248,0.5775609612464905,0.7214099168777466,0.9908468127250671,0.3808712959289551,0.7220587730407715,0.993043065071106
8,0.2669,0.457254022359848,0.30086320638656616,0.9954110980033875,0.4772610664367676,0.29151320457458496,0.9902681708335876,0.4388746917247772,0.29127341508865356,0.9908933639526367,0.504668116569519,0.29831621050834656,0.8987179398536682,0.4140729606151581,0.29845407605171204,0.8951160907745361,0.5519246459007263,0.3472587764263153,0.9980934262275696,0.3880372643470764,0.35156044363975525,0.9972151517868042,0.6321803331375122,0.3935949504375458,0.9931313395500183,0.31960728764533997,0.3925662040710449,0.9937902092933655,0.6919867396354675,0.3503325581550598,0.9804373383522034,0.24475638568401337,0.35619986057281494,0.991731584072113,0.5272843241691589,0.491635262966156,0.9978072047233582,0.4206311106681824,0.49258357286453247,0.9977046847343445,0.5615094304084778,0.6137894988059998,0.9962660670280457,0.39417216181755066,0.6140366792678833,0.9967807531356812,0.5773959755897522,0.7212016582489014,0.990655243396759,0.3807052969932556,0.721514880657196,0.992751955986023
9,0.3002,0.45728322863578796,0.30095410346984863,0.9955677390098572,0.4774855375289917,0.29137974977493286,0.9911152124404907,0.43871185183525085,0.2914055287837982,0.9909084439277649,0.5057180523872375,0.29820117354393005,0.9108733534812927,0.4143984615802765,0.2988521456718445,0.8858585953712463,0.5522381067276001,0.3474709093570709,0.9980658888816833,0.38859790563583374,0.35132554173469543,0.9971923232078552,0.6327049136161804,0.3932105600833893,0.992877185344696,0.3218623399734497,0.3925647735595703,0.9935986995697021,0.6935398578643799,0.34975355863571167,0.9795950055122375,0.24560898542404175,0.35675927996635437,0.9916302561759949,0.526785671710968,0.4916718900203705,0.9977946281433105,0.4196581542491913,0.4924117624759674,0.9976820945739746,0.5612900853157043,0.6135841608047485,0.9962376356124878,0.3938082754611969,0.613436222076416,0.9967426657676697,0.577572226524353,0.7210626006126404,0.990790843963623,0.38019078969955444,0.7215169668197632,0.9927839040756226
10,0.3336,0.4581206440925598,0.301055908203125,0.995515763759613,0.47833675146102905,0.29148295521736145,0.9911961555480957,0.4392845034599304,0.2915801703929901,0.9914003610610962,0.5062703490257263,0.29867106676101685,0.9149925708770752,0.41485482454299927,0.29948610067367554,0.901065468788147,0.5533943176269531,0.3478177785873413,0.998114824295044,0.38859298825263977,0.35139575600624084,0.9971696734428406,0.6334579586982727,0.3931038975715637,0.9931375980377197,0.3217715322971344,0.3924962878227234,0.9936637878417969,0.6946200728416443,0.34945398569107056,0.9792670011520386,0.24637582898139954,0.3568301796913147,0.9916832447052002,0.5266672372817993,0.4921639561653137,0.997843861579895,0.4192112386226654,0.49276286363601685,0.9977096319198608,0.5610894560813904,0.6138237714767456,0.9962838292121887,0.39323094487190247,0.6135538816452026,0.9967901110649109,0.5775153040885925,0.7212831377983093,0.9908055663108826,0.38028770685195923,0.7214844822883606,0.9928089380264282
11,0.367,0.45877283811569214,0.30181294679641724,0.9952130317687988,0.47883689403533936,0.292076051235199,0.9903304576873779,0.4399692118167877,0.2921963334083557,0.9910567998886108,0.5065513253211975,0.2989591062068939,0.9062784910202026,0.41531866788864136,0.29982513189315796,0.9020869731903076,0.553131639957428,0.34788018465042114,0.9980632662773132,0.3886958658695221,0.351684033870697,0.9971228241920471,0.634128987789154,0.3935700058937073,0.9932905435562134,0.32211798429489136,0.3926631510257721,0.9936079978942871,0.6935055255889893,0.35050901770591736,0.9802125692367554,0.24691827595233917,0.3569330871105194,0.9914824962615967,0.5275945663452148,0.49318718910217285,0.9978259205818176,0.41926777362823486,0.4938746392726898,0.9976663589477539,0.5618588328361511,0.6144195795059204,0.9961833357810974,0.39304953813552856,0.6138535737991333,0.9966700673103333,0.5774987936019897,0.7210648655891418,0.9906172156333923,0.380037784576416,0.7213086485862732,0.9926160573959351
12,0.4003,0.4592280983924866,0.30200329422950745,0.9949873685836792,0.47928696870803833,0.29221346974372864,0.9894773364067078,0.4404706656932831,0.29232802987098694,0.9905511140823364,0.5068528652191162,0.2989117503166199,0.8991104364395142,0.41586625576019287,0.29973575472831726,0.8989391326904297,0.5528083443641663,0.34814077615737915,0.9980618357658386,0.38885635137557983,0.35149046778678894,0.9971146583557129,0.6357440948486328,0.3936089873313904,0.9934531450271606,0.3224509060382843,0.3929439187049866,0.9936983585357666,0.6945754885673523,0.3505846858024597,0.9808314442634583,0.2474222332239151,0.35710254311561584,0.9917324781417847,0.5274630784988403,0.49280887842178345,0.9978633522987366,0.4192546308040619,0.4934298098087311,0.9976904392242432,0.5618171095848083,0.6147323846817017,0.9962286949157715,0.39275598526000977,0.6142315864562988,0.9966817498207092,0.5775260925292969,0.7209757566452026,0.9908732175827026,0.379919171333313,0.7215145230293274,0.9927091598510742
13,0.4337,0.4598148763179779,0.302031934261322,0.9949563145637512,0.47999003529548645,0.2923389673233032,0.9895204305648804,0.44090354442596436,0.29246068000793457,0.9904882907867432,0.5075806975364685,0.29914650321006775,0.9029338955879211,0.41630637645721436,0.2999851107597351,0.90010666847229,0.5532228350639343,0.34825974702835083,0.9980612397193909,0.38945430517196655,0.351502388715744,0.9970932006835938,0.6369904279708862,0.39410513639450073,0.9934123158454895,0.3235242962837219,0.3935481607913971,0.993587851524353,0.694280743598938,0.3509746491909027,0.9817521572113037,0.24726125597953796,0.3570839762687683,0.9919224977493286,0.5269929766654968,0.4926482141017914,0.9978850483894348,0.4189762473106384,0.49301353096961975,0.9976981282234192,0.5619744658470154,0.6153077483177185,0.9962305426597595,0.39243966341018677,0.6138023138046265,0.9967077970504761,0.5774325132369995,0.7215898633003235,0.9908457398414612,0.38000190258026123,0.7216047048568726,0.9928247928619385
14,0.467,0.4604020118713379,0.3022773265838623,0.9950777292251587,0.4805218279361725,0.29229965806007385,0.9899893999099731,0.4414847493171692,0.29253292083740234,0.9905998110771179,0.5084432363510132,0.29885318875312805,0.9073003530502319,0.41716066002845764,0.2999093234539032,0.8952946066856384,0.5540313720703125,0.3486359119415283,0.9980792999267578,0.3899000287055969,0.3513319492340088,0.9970884919166565,0.6377065777778625,0.3944569230079651,0.9933691620826721,0.32262682914733887,0.39312300086021423,0.9935691356658936,0.6953604817390442,0.3512605130672455,0.9817813634872437,0.24713054299354553,0.3568558692932129,0.992027223110199,0.5268237590789795,0.49229058623313904,0.9978891015052795,0.41887375712394714,0.49245500564575195,0.9976907968521118,0.561835527420044,0.6154961585998535,0.9961806535720825,0.3925457000732422,0.613513708114624,0.996667206287384,0.5774012804031372,0.721640408039093,0.9906569719314575,0.37975388765335083,0.7215441465377808,0.9926838278770447
15,0.5004,0.46091026067733765,0.3022114932537079,0.995093584060669,0.48112359642982483,0.2922426760196686,0.9899088144302368,0.44173625111579895,0.2924046516418457,0.9906655550003052,0.5088300108909607,0.29883939027786255,0.9052361249923706,0.41714006662368774,0.29976415634155273,0.8982515931129456,0.5545084476470947,0.34881243109703064,0.998094379901886,0.38977915048599243,0.3513367772102356,0.9970544576644897,0.6370616555213928,0.39488276839256287,0.9932880997657776,0.3221162259578705,0.39302781224250793,0.9936634302139282,0.6951099634170532,0.3526257574558258,0.9823583960533142,0.2466091513633728,0.3563098907470703,0.9922309517860413,0.5269281268119812,0.49263709783554077,0.9979093670845032,0.41861340403556824,0.49276822805404663,0.9976819753646851,0.5621264576911926,0.6157077550888062,0.9961982369422913,0.3921694755554199,0.6139426231384277,0.9966421127319336,0.5774423480033875,0.7216513156890869,0.9907178282737732,0.3797660768032074,0.7216709852218628,0.9926292896270752
16,0.5337,0.46131113171577454,0.3021601736545563,0.9950909614562988,0.481688916683197,0.29216480255126953,0.9900748133659363,0.4421151578426361,0.2922419607639313,0.9909762740135193,0.5093804001808167,0.29896682500839233,0.9083274006843567,0.4174354672431946,0.2996963858604431,0.9046610593795776,0.5551580190658569,0.34894290566444397,0.9981141090393066,0.38953930139541626,0.3514130711555481,0.9970058798789978,0.6377941966056824,0.3950846791267395,0.9933841824531555,0.3226584196090698,0.3933778703212738,0.9935460686683655,0.69459068775177,0.35360968112945557,0.9826120138168335,0.2467498928308487,0.3562261164188385,0.9922063946723938,0.5267855525016785,0.4932294487953186,0.9979472756385803,0.4180386960506439,0.49331650137901306,0.9976778626441956,0.5622066259384155,0.6160771250724792,0.9962297081947327,0.39171066880226135,0.6143584251403809,0.996601939201355,0.5773884057998657,0.7217313647270203,0.9907318949699402,0.3797087073326111,0.7217662334442139,0.992525577545166
17,0.5671,0.46205559372901917,0.3021708130836487,0.9952527284622192,0.48229750990867615,0.29219871759414673,0.9903036952018738,0.44277411699295044,0.2922907769680023,0.9913083910942078,0.5097485184669495,0.2988642752170563,0.9075161218643188,0.4177187979221344,0.2996199131011963,0.9089041352272034,0.5551385879516602,0.34898990392684937,0.9981493949890137,0.3894311785697937,0.35123324394226074,0.9969690442085266,0.6382436156272888,0.3951088488101959,0.9933265447616577,0.324783056974411,0.3940756916999817,0.9933204650878906,0.6945586204528809,0.353551983833313,0.9826048612594604,0.24937891960144043,0.3572181761264801,0.9923813939094543,0.5258260369300842,0.4933864176273346,0.9979677796363831,0.41739845275878906,0.4932843744754791,0.9976657629013062,0.5623138546943665,0.6164627075195312,0.996202290058136,0.39114803075790405,0.6142281293869019,0.9965410828590393,0.5774672627449036,0.7216637134552002,0.9905493855476379,0.3795264661312103,0.7217798829078674,0.9923175573348999
18,0.6005,0.4627170264720917,0.30209633708000183,0.9951933026313782,0.4827767312526703,0.2921714186668396,0.9901711344718933,0.44367921352386475,0.29226094484329224,0.991168737411499,0.5100513696670532,0.2987856864929199,0.9060800671577454,0.4188319742679596,0.29951655864715576,0.9074811935424805,0.5551309585571289,0.3489142060279846,0.9981461763381958,0.38930097222328186,0.35116732120513916,0.99699866771698,0.63846755027771,0.39519912004470825,0.993471622467041,0.324493408203125,0.3941965401172638,0.9933360815048218,0.695575475692749,0.3535479009151459,0.9826976656913757,0.24907474219799042,0.35674989223480225,0.9920271039009094,0.5259937644004822,0.49256211519241333,0.9979654550552368,0.4175117015838623,0.4925922751426697,0.9976613521575928,0.56232088804245,0.6164079904556274,0.9961817264556885,0.39117783308029175,0.614090085029602,0.9965125918388367,0.5774648189544678,0.7216412425041199,0.9904313683509827,0.3792911171913147,0.7215152978897095,0.9922356009483337
19,0.6338,0.4634471535682678,0.3021722733974457,0.9951213002204895,0.4834241271018982,0.2921832501888275,0.9896905422210693,0.4442332684993744,0.29233506321907043,0.9911249279975891,0.5105197429656982,0.2986966371536255,0.9003396034240723,0.4190738797187805,0.299568235874176,0.9103931188583374,0.5552849769592285,0.3488928973674774,0.9981386661529541,0.3893886208534241,0.3510848581790924,0.9969616532325745,0.6380758285522461,0.3952038586139679,0.9934219717979431,0.32444870471954346,0.3938864767551422,0.993190586566925,0.6956193447113037,0.3541874289512634,0.9830483198165894,0.2490500956773758,0.35672488808631897,0.9921167492866516,0.5259028673171997,0.49206867814064026,0.9979724287986755,0.41730165481567383,0.49212852120399475,0.9976625442504883,0.5619054436683655,0.6159411668777466,0.9962388277053833,0.3913367688655853,0.6137345433235168,0.9965612292289734,0.5774726867675781,0.7215983271598816,0.9905614256858826,0.37920138239860535,0.7213459014892578,0.9923460483551025
20,0.6672,0.46416977047920227,0.30207180976867676,0.9949971437454224,0.48386189341545105,0.2921298146247864,0.9891208410263062,0.44481930136680603,0.29241853952407837,0.9910881519317627,0.5106600522994995,0.2985367476940155,0.8946070075035095,0.4195047914981842,0.29972758889198303,0.9146961569786072,0.5554943680763245,0.34889814257621765,0.9981080293655396,0.38917380571365356,0.35116273164749146,0.9969272017478943,0.637566864490509,0.39549002051353455,0.9933449029922485,0.3246298134326935,0.3938995897769928,0.9930832386016846,0.6956543922424316,0.35501155257225037,0.9830790758132935,0.24872462451457977,0.3564494550228119,0.9921338558197021,0.5261848568916321,0.49156489968299866,0.9979464411735535,0.4173241853713989,0.49173101782798767,0.9976428151130676,0.5617132186889648,0.615895688533783,0.996206521987915,0.3907701373100281,0.6135815382003784,0.9965517520904541,0.5774522423744202,0.7215472459793091,0.9903919696807861,0.37904903292655945,0.7210057973861694,0.9922786951065063
21,0.7005,0.4642983675003052,0.3017067313194275,0.9951733946800232,0.4841746389865875,0.29199790954589844,0.9898474812507629,0.4449601471424103,0.29216474294662476,0.9912462830543518,0.5110341310501099,0.298496812582016,0.9009313583374023,0.4196215867996216,0.29939359426498413,0.9140875339508057,0.5553556084632874,0.34888195991516113,0.9981213212013245,0.38931939005851746,0.35087066888809204,0.9969045519828796,0.6372838020324707,0.39563053846359253,0.9932699799537659,0.32432523369789124,0.3932754397392273,0.9930961728096008,0.6958414912223816,0.3548493981361389,0.9834572672843933,0.24955643713474274,0.3565578758716583,0.9926859140396118,0.5257879495620728,0.49120885133743286,0.9979618787765503,0.41728609800338745,0.4912847578525543,0.9976876974105835,0.5616276860237122,0.6154760122299194,0.9961424469947815,0.39118847250938416,0.613106369972229,0.9965919256210327,0.5776389837265015,0.7215391993522644,0.9902011752128601,0.379160612821579,0.7208631634712219,0.9923506379127502
22,0.7339,0.4646660387516022,0.3014323115348816,0.9951083064079285,0.4846680164337158,0.29171258211135864,0.9896427989006042,0.44505012035369873,0.2919777035713196,0.9911177158355713,0.5115963220596313,0.2983696162700653,0.8991156816482544,0.41942447423934937,0.2994576096534729,0.9153157472610474,0.5555856227874756,0.3488403260707855,0.9981642365455627,0.389118492603302,0.35077157616615295,0.996936559677124,0.6377040147781372,0.3955226242542267,0.9934509992599487,0.32440999150276184,0.3933742642402649,0.9933568835258484,0.6960461735725403,0.35485050082206726,0.9835755228996277,0.2495613545179367,0.35640043020248413,0.9928576946258545,0.5263152122497559,0.4909187853336334,0.9980422258377075,0.4178682863712311,0.4909955561161041,0.9977403879165649,0.561461329460144,0.6151311993598938,0.9963000416755676,0.3915359079837799,0.6126645803451538,0.9966314435005188,0.5776692628860474,0.7212973833084106,0.9907928109169006,0.3790704011917114,0.7207986116409302,0.9925763607025146
23,0.7673,0.46523356437683105,0.3009282946586609,0.9949964284896851,0.4849531948566437,0.29135847091674805,0.9894847273826599,0.4456624388694763,0.29176488518714905,0.9907832145690918,0.5119668245315552,0.2980862259864807,0.8997469544410706,0.4200555980205536,0.29947081208229065,0.9135826230049133,0.5561320781707764,0.3489663004875183,0.9981733560562134,0.3890514075756073,0.3505440354347229,0.9969498515129089,0.6376917362213135,0.395565927028656,0.9933694005012512,0.32310256361961365,0.392723947763443,0.9934682846069336,0.6958772540092468,0.3552696704864502,0.9831924438476562,0.24981944262981415,0.35633209347724915,0.9927664995193481,0.526900053024292,0.491023451089859,0.9980238676071167,0.41842713952064514,0.49115800857543945,0.9977268576622009,0.5615041255950928,0.6153736114501953,0.9962902069091797,0.3916935920715332,0.6132049560546875,0.9966321587562561,0.5777701735496521,0.721479058265686,0.9906569719314575,0.3792129456996918,0.7209601402282715,0.9924452900886536
24,0.8006,0.46514713764190674,0.30038341879844666,0.9950002431869507,0.48506155610084534,0.2908116281032562,0.98995041847229,0.445722371339798,0.291106253862381,0.9907282590866089,0.5123209953308105,0.2978990375995636,0.9067228436470032,0.42035242915153503,0.2990122437477112,0.9107858538627625,0.5566753149032593,0.3491135239601135,0.9981448650360107,0.38910767436027527,0.35046762228012085,0.9969831109046936,0.6371738910675049,0.3958013653755188,0.9932726621627808,0.32231462001800537,0.3925882577896118,0.9936701059341431,0.6955058574676514,0.3560353219509125,0.9829705953598022,0.24915148317813873,0.3564377725124359,0.9924585223197937,0.5277073383331299,0.4917081892490387,0.9979751706123352,0.41882431507110596,0.49172672629356384,0.9976709485054016,0.5616230368614197,0.6159372329711914,0.9963064193725586,0.39198341965675354,0.613522469997406,0.996624231338501,0.5778579115867615,0.7215434312820435,0.9906398057937622,0.3792918622493744,0.721284806728363,0.9923417568206787
25,0.834,0.4653478264808655,0.30002474784851074,0.9948733448982239,0.48528483510017395,0.2905028462409973,0.9897303581237793,0.4460880160331726,0.29071158170700073,0.990509033203125,0.5125454664230347,0.29770928621292114,0.905295729637146,0.42078301310539246,0.2986356317996979,0.9086707830429077,0.5568852424621582,0.3490254580974579,0.9981321692466736,0.3893803060054779,0.3502504229545593,0.997032880783081,0.6373271346092224,0.39583781361579895,0.9932628273963928,0.31920483708381653,0.3919907212257385,0.9939847588539124,0.6952245235443115,0.3559184670448303,0.9830443263053894,0.24687893688678741,0.354947566986084,0.9924513697624207,0.5278233885765076,0.4912239611148834,0.9979717135429382,0.4191579520702362,0.4912639558315277,0.9976891279220581,0.5619359612464905,0.6160404682159424,0.9962806105613708,0.39165136218070984,0.6136773824691772,0.996648371219635,0.5778748393058777,0.7215959429740906,0.9905241131782532,0.3794955015182495,0.7214905023574829,0.9923127293586731
26,0.8673,0.46566393971443176,0.2998417019844055,0.9949173927307129,0.4855191111564636,0.29029884934425354,0.9897167086601257,0.44650888442993164,0.29049932956695557,0.9905880689620972,0.512743353843689,0.29751724004745483,0.9031400680541992,0.42120563983917236,0.298420250415802,0.9078990817070007,0.5572032928466797,0.34900930523872375,0.9981233477592468,0.3897748291492462,0.3502376973628998,0.9970064759254456,0.6372513175010681,0.3959747850894928,0.9933199882507324,0.3191024661064148,0.39216065406799316,0.9939461350440979,0.6950470805168152,0.3560032844543457,0.9831777215003967,0.24763043224811554,0.35529303550720215,0.9925410747528076,0.5280223488807678,0.4909096658229828,0.9979604482650757,0.4196978807449341,0.4908906817436218,0.9976898431777954,0.5620104074478149,0.6156923770904541,0.9962576627731323,0.39228057861328125,0.6130428910255432,0.9966769218444824,0.5780069828033447,0.7215097546577454,0.9903770089149475,0.379464328289032,0.7213472127914429,0.9923319816589355
27,0.9007,0.4657174050807953,0.2998217046260834,0.9949479103088379,0.4855514168739319,0.29027533531188965,0.9899719953536987,0.44662755727767944,0.29045984148979187,0.9906824827194214,0.5128732919692993,0.2975252568721771,0.9051517844200134,0.4213123619556427,0.29838600754737854,0.907718300819397,0.557390034198761,0.3490199148654938,0.9981268048286438,0.38987377285957336,0.3502569794654846,0.9970033764839172,0.6369998455047607,0.3960137665271759,0.9933021068572998,0.31928330659866333,0.3924120366573334,0.9939739108085632,0.6948931217193604,0.3559481203556061,0.9830051064491272,0.24773815274238586,0.35539063811302185,0.9925636649131775,0.5284824967384338,0.4914186894893646,0.9979645013809204,0.419909805059433,0.49134212732315063,0.9976975321769714,0.5627436637878418,0.6159951090812683,0.9961757659912109,0.39231783151626587,0.6130097508430481,0.9966294169425964,0.5779976844787598,0.7215973138809204,0.9902224540710449,0.379533976316452,0.7212181091308594,0.9922953844070435
28,0.9341,0.46559497714042664,0.2998180389404297,0.9948570728302002,0.4855026304721832,0.290283739566803,0.9898186326026917,0.4465892016887665,0.2904087007045746,0.9904869198799133,0.512886106967926,0.2974918782711029,0.9060767292976379,0.42142096161842346,0.29822152853012085,0.906401515007019,0.5576952695846558,0.34901443123817444,0.9981198906898499,0.39012646675109863,0.3501712679862976,0.9970089793205261,0.6374430060386658,0.3961651921272278,0.9933961033821106,0.31984639167785645,0.39251452684402466,0.9939261078834534,0.695539116859436,0.3554456830024719,0.9826148152351379,0.24816276133060455,0.35553088784217834,0.992367684841156,0.5285927057266235,0.49184662103652954,0.9979009628295898,0.4199635088443756,0.49170127511024475,0.9976502060890198,0.5628435611724854,0.6159757375717163,0.9961287975311279,0.3924669623374939,0.6130154728889465,0.9966111779212952,0.5780915021896362,0.7215515375137329,0.9899584650993347,0.37985268235206604,0.7204397916793823,0.9921990036964417
29,0.9674,0.46585023403167725,0.29963821172714233,0.9950024485588074,0.48527246713638306,0.2903040945529938,0.9901884198188782,0.4466768503189087,0.29061776399612427,0.9913381338119507,0.5121025443077087,0.29788920283317566,0.9081346988677979,0.421394944190979,0.2990722060203552,0.91947340965271,0.5566695332527161,0.3492226004600525,0.9981751441955566,0.3899746835231781,0.35032668709754944,0.9970513582229614,0.6367616653442383,0.39625293016433716,0.9934155941009521,0.318615198135376,0.3922346532344818,0.9938910007476807,0.6953722834587097,0.3552244007587433,0.9833987951278687,0.24798554182052612,0.35492897033691406,0.9922764897346497,0.5286829471588135,0.49351081252098083,0.9979633092880249,0.419643372297287,0.4934644103050232,0.9976056814193726,0.5633186101913452,0.6168929934501648,0.9960992336273193,0.3923007547855377,0.6139798760414124,0.9963022470474243,0.5781469345092773,0.7216416597366333,0.9902977347373962,0.3801449239253998,0.7213552594184875,0.9917253255844116
30,1.0008,0.4658450782299042,0.29970496892929077,0.9950007796287537,0.48530158400535583,0.29037168622016907,0.990095853805542,0.44668832421302795,0.2906376123428345,0.9913689494132996,0.5120616555213928,0.2978741526603699,0.906836748123169,0.42138659954071045,0.2989765703678131,0.9199033379554749,0.5566785931587219,0.3490409553050995,0.9981630444526672,0.3902219235897064,0.35041171312332153,0.9970535039901733,0.6366581320762634,0.3962135910987854,0.9934635162353516,0.3191565275192261,0.39282575249671936,0.9938856959342957,0.6952717900276184,0.3549799919128418,0.9834001660346985,0.2478419840335846,0.35511040687561035,0.9922552108764648,0.527985692024231,0.4926832318305969,0.9979732632637024,0.41926082968711853,0.49268990755081177,0.9976221919059753,0.5628827214241028,0.6163274049758911,0.9962058067321777,0.3924714922904968,0.613555371761322,0.9964009523391724,0.5782542824745178,0.7214469909667969,0.9904955625534058,0.38027140498161316,0.7211815714836121,0.9919008612632751
31,1.0341,0.46581682562828064,0.29970479011535645,0.9949960708618164,0.48526841402053833,0.29035812616348267,0.9900283217430115,0.44664934277534485,0.2906228005886078,0.9913530945777893,0.5119860172271729,0.29782402515411377,0.9063430428504944,0.42137986421585083,0.2989285886287689,0.9201188087463379,0.5564586520195007,0.34901413321495056,0.9981671571731567,0.3900991976261139,0.3504709005355835,0.9970631003379822,0.6364668607711792,0.39619332551956177,0.9934931397438049,0.31917306780815125,0.3929556608200073,0.993852972984314,0.6954717636108398,0.3548394739627838,0.9833330512046814,0.24771785736083984,0.3554003834724426,0.9922427535057068,0.5272605419158936,0.49259909987449646,0.9979807734489441,0.4188896119594574,0.4926304817199707,0.9976381063461304,0.5625429749488831,0.616097629070282,0.9962132573127747,0.39273104071617126,0.6132770776748657,0.9964274764060974,0.5781446695327759,0.7214139699935913,0.9905046820640564,0.3802768588066101,0.7212730646133423,0.9919593930244446
32,1.0675,0.46588394045829773,0.29968756437301636,0.9950227737426758,0.4851585924625397,0.29029613733291626,0.9901866912841797,0.44678035378456116,0.29064494371414185,0.9914134740829468,0.5118703246116638,0.2977183759212494,0.9083042144775391,0.4217333197593689,0.29900768399238586,0.9193287491798401,0.5566993951797485,0.3490694463253021,0.9981697797775269,0.3900817036628723,0.3503951132297516,0.9970631003379822,0.6366634368896484,0.3962410092353821,0.9934415817260742,0.3188880383968353,0.39280277490615845,0.9938931465148926,0.695694625377655,0.3547453284263611,0.9831981062889099,0.24739143252372742,0.3551716208457947,0.9921884536743164,0.5270650386810303,0.4927470088005066,0.99800044298172,0.4185201823711395,0.492703914642334,0.99764484167099,0.5624474287033081,0.6160732507705688,0.9962132573127747,0.3923379182815552,0.6129900813102722,0.9964015483856201,0.578074038028717,0.7213726043701172,0.9905765056610107,0.38010919094085693,0.7215940356254578,0.9919290542602539
33,1.1009,0.46591126918792725,0.2995132803916931,0.995061457157135,0.48528459668159485,0.2902318835258484,0.9901676177978516,0.4469621777534485,0.2904601991176605,0.9910804629325867,0.511992871761322,0.2976882755756378,0.9075036644935608,0.42202869057655334,0.2987101376056671,0.9129347801208496,0.5568346977233887,0.34894153475761414,0.9981824159622192,0.38987842202186584,0.3503861129283905,0.9970794916152954,0.6367946863174438,0.3961394727230072,0.993471622467041,0.31878188252449036,0.39300838112831116,0.9939952492713928,0.6956466436386108,0.3546997010707855,0.9834379553794861,0.2470841258764267,0.35529568791389465,0.9922574758529663,0.5263579487800598,0.4925216734409332,0.9980023503303528,0.417866051197052,0.4924873411655426,0.99765944480896,0.5624715089797974,0.6161460876464844,0.9961808919906616,0.392179399728775,0.6131412386894226,0.996425211429596,0.578035831451416,0.7214056253433228,0.9906574487686157,0.3800317645072937,0.7218403816223145,0.9921309351921082
34,1.1342,0.4657309353351593,0.2989121675491333,0.9950085878372192,0.4849567711353302,0.28970247507095337,0.9901789426803589,0.4468613564968109,0.28995469212532043,0.991213858127594,0.5117250084877014,0.29755252599716187,0.9083313345909119,0.42179468274116516,0.2986285090446472,0.9166659116744995,0.5569432377815247,0.349109947681427,0.9981928467750549,0.3894341289997101,0.35048365592956543,0.997092604637146,0.6369814276695251,0.39633050560951233,0.9934936165809631,0.31788769364356995,0.39325204491615295,0.9941049218177795,0.6956454515457153,0.354576975107193,0.9831781983375549,0.24620649218559265,0.35483741760253906,0.9920313358306885,0.5270710587501526,0.49305930733680725,0.9980043768882751,0.41818079352378845,0.4930430054664612,0.9976404905319214,0.5627732276916504,0.616529107093811,0.996203601360321,0.39198270440101624,0.6135649085044861,0.9964022636413574,0.578157365322113,0.721513032913208,0.9907321333885193,0.37983736395835876,0.722197413444519,0.9920597076416016
35,1.1676,0.46551913022994995,0.29847830533981323,0.9951079487800598,0.4846130907535553,0.2893681824207306,0.9903520941734314,0.4466875195503235,0.2895965874195099,0.991617739200592,0.5113036632537842,0.2974568009376526,0.9066705107688904,0.4214210510253906,0.29850444197654724,0.9209139347076416,0.5569537878036499,0.349126398563385,0.998205304145813,0.38920333981513977,0.3504411578178406,0.9971098303794861,0.636426568031311,0.3964861035346985,0.9935629367828369,0.3173436224460602,0.39332491159439087,0.9942746758460999,0.695145845413208,0.35470715165138245,0.9830043315887451,0.24578271806240082,0.3545992076396942,0.9919900298118591,0.5264685153961182,0.49329179525375366,0.9980006814002991,0.4175509214401245,0.4932642877101898,0.9976387023925781,0.5619964003562927,0.6159685254096985,0.9961536526679993,0.39135223627090454,0.6132817268371582,0.9963700771331787,0.5782410502433777,0.7213790416717529,0.9907470941543579,0.37986254692077637,0.7221522331237793,0.9920750856399536
36,1.2009,0.4653397798538208,0.29831647872924805,0.9952027797698975,0.4844517111778259,0.2891632318496704,0.9905173182487488,0.4463658928871155,0.28940579295158386,0.9919339418411255,0.5112043023109436,0.29736170172691345,0.9070973992347717,0.42093947529792786,0.298459529876709,0.9246870279312134,0.5570182204246521,0.34925320744514465,0.9982337951660156,0.38919422030448914,0.3505120575428009,0.9971296191215515,0.6367233395576477,0.3965759873390198,0.9936156272888184,0.31712841987609863,0.393521785736084,0.9943341016769409,0.6951103806495667,0.3547840714454651,0.9828827977180481,0.24570998549461365,0.35469406843185425,0.9919885993003845,0.5263012647628784,0.49361005425453186,0.9980102181434631,0.4177767336368561,0.493558794260025,0.99764484167099,0.5620813965797424,0.6157619953155518,0.9961607456207275,0.39134275913238525,0.6132943630218506,0.9963864088058472,0.5782912969589233,0.7212445735931396,0.990670919418335,0.3798478841781616,0.722148060798645,0.9920046925544739
37,1.2343,0.4651692807674408,0.2983209490776062,0.9952490329742432,0.4842144548892975,0.28919851779937744,0.9906224608421326,0.4462507963180542,0.28945910930633545,0.9919537901878357,0.5110363364219666,0.29735100269317627,0.9068287014961243,0.42085254192352295,0.2984836995601654,0.9233623743057251,0.556829035282135,0.3493885397911072,0.9982403516769409,0.38901469111442566,0.35053616762161255,0.9971550703048706,0.6365993022918701,0.3966221511363983,0.9936708211898804,0.3167642056941986,0.39369314908981323,0.994468092918396,0.6950462460517883,0.35487037897109985,0.9829438328742981,0.24556516110897064,0.35479921102523804,0.9919847846031189,0.5261849164962769,0.494159460067749,0.9980019927024841,0.41766276955604553,0.49414047598838806,0.9976220726966858,0.561722993850708,0.6156614422798157,0.996145486831665,0.3912513256072998,0.613494873046875,0.9963139891624451,0.5781497359275818,0.7211228609085083,0.9907552599906921,0.3799198865890503,0.722017765045166,0.9919226169586182
38,1.2676,0.46517884731292725,0.29832324385643005,0.9952774047851562,0.4842601716518402,0.28917545080184937,0.990699827671051,0.4462797939777374,0.2894095480442047,0.991928219795227,0.5110689401626587,0.29732832312583923,0.9071069955825806,0.4209510385990143,0.2983930706977844,0.922103226184845,0.5567967891693115,0.3494943678379059,0.9982557892799377,0.38874122500419617,0.35057371854782104,0.9971811771392822,0.636528730392456,0.3967151939868927,0.9936859011650085,0.3161003887653351,0.39368706941604614,0.9945825934410095,0.6951522827148438,0.35486942529678345,0.9829064011573792,0.24535149335861206,0.3546602725982666,0.9920333027839661,0.5257657170295715,0.4940524995326996,0.9980231523513794,0.4171985983848572,0.49398279190063477,0.9976499676704407,0.5621156692504883,0.6155856847763062,0.9961159229278564,0.39117151498794556,0.6131774187088013,0.9963151812553406,0.5783278346061707,0.7211030125617981,0.9907772541046143,0.3798932433128357,0.7219517827033997,0.9920133948326111
39,1.301,0.4651220440864563,0.29831695556640625,0.9953091740608215,0.48425424098968506,0.28918129205703735,0.9907825589179993,0.4462658762931824,0.2893926203250885,0.9919202327728271,0.5110943913459778,0.2973403334617615,0.9077097773551941,0.42102140188217163,0.2983472943305969,0.9207910299301147,0.5568292737007141,0.3494798541069031,0.9982573390007019,0.38887786865234375,0.35060983896255493,0.9971911311149597,0.6363036632537842,0.3968435823917389,0.9937229752540588,0.3162301182746887,0.39387431740760803,0.9946020841598511,0.6951130628585815,0.3548685908317566,0.9830649495124817,0.2454683929681778,0.35479429364204407,0.9921236634254456,0.5261439085006714,0.4945172369480133,0.9980230331420898,0.4173779785633087,0.4944089353084564,0.9976480603218079,0.5624321699142456,0.6160480380058289,0.9961158037185669,0.3910940885543823,0.6133323907852173,0.9963037967681885,0.5784006714820862,0.7210938334465027,0.9908661246299744,0.3798341155052185,0.721980094909668,0.9920817613601685
40,1.3344,0.46513909101486206,0.29835572838783264,0.9952967762947083,0.4843007028102875,0.2891719341278076,0.9908236265182495,0.44626614451408386,0.2893824577331543,0.9919013381004333,0.5112156867980957,0.2972869277000427,0.9081843495368958,0.4209650158882141,0.298289954662323,0.9207149147987366,0.5568435788154602,0.34942665696144104,0.9982627034187317,0.3885871469974518,0.35061508417129517,0.9971912503242493,0.6362866759300232,0.3968208432197571,0.9937060475349426,0.31580260396003723,0.3938535153865814,0.9945937991142273,0.6952332258224487,0.35476985573768616,0.9829487800598145,0.24544835090637207,0.35470858216285706,0.9921030402183533,0.5262240767478943,0.4941367506980896,0.9980344176292419,0.41732123494148254,0.49408578872680664,0.997657299041748,0.5625435709953308,0.615989089012146,0.996116042137146,0.3909996747970581,0.6132582426071167,0.996296226978302,0.5783441066741943,0.7209957838058472,0.9908605813980103,0.3796977996826172,0.7219981551170349,0.9920588731765747
41,1.3677,0.46506378054618835,0.29844769835472107,0.9953082203865051,0.4842926561832428,0.28927716612815857,0.9909528493881226,0.4461405873298645,0.2894720435142517,0.9919983744621277,0.5112391114234924,0.29740065336227417,0.9097798466682434,0.4207106828689575,0.29837924242019653,0.9224757552146912,0.5567724108695984,0.3492974638938904,0.9982507824897766,0.38857302069664,0.35058265924453735,0.997163712978363,0.6361401081085205,0.39687424898147583,0.9936663508415222,0.31611859798431396,0.3940000534057617,0.9944764971733093,0.6951789259910583,0.3546754717826843,0.9831990599632263,0.2455453723669052,0.3548049032688141,0.9920700192451477,0.5258162021636963,0.4934474527835846,0.9980484247207642,0.41697973012924194,0.4934643805027008,0.9976776242256165,0.5623972415924072,0.6156350374221802,0.9961613416671753,0.39048707485198975,0.6132296919822693,0.9963499307632446,0.5782971978187561,0.7210390567779541,0.990928590297699,0.37955203652381897,0.7220525741577148,0.9921340942382812
42,1.4011,0.4649531841278076,0.29850834608078003,0.9953481554985046,0.48421868681907654,0.2892942428588867,0.9910372495651245,0.44601863622665405,0.2894904613494873,0.9920206665992737,0.51130610704422,0.297298789024353,0.9105368256568909,0.4206888973712921,0.29828834533691406,0.9211989641189575,0.5571985840797424,0.3494775593280792,0.998223602771759,0.38855230808258057,0.3508695960044861,0.9971291422843933,0.6361819505691528,0.3970023989677429,0.9935809373855591,0.3163858950138092,0.3940928876399994,0.9943636655807495,0.6951693892478943,0.3549393117427826,0.9833983182907104,0.24570706486701965,0.35508814454078674,0.9921361207962036,0.525799036026001,0.4932974874973297,0.9980337023735046,0.41693419218063354,0.49333256483078003,0.9976721405982971,0.5624411106109619,0.6153351664543152,0.996160626411438,0.39047765731811523,0.613123893737793,0.9963646531105042,0.5782584547996521,0.721155047416687,0.9909600019454956,0.3795194923877716,0.721964955329895,0.9922066330909729
43,1.4344,0.4649156332015991,0.2985418438911438,0.9953666925430298,0.4842332601547241,0.28931888937950134,0.9910489320755005,0.44594547152519226,0.2894982695579529,0.9920437932014465,0.511336624622345,0.2973378598690033,0.910672128200531,0.4206327199935913,0.29829397797584534,0.92132169008255,0.5574490427970886,0.34965449571609497,0.9982134103775024,0.38851726055145264,0.35099726915359497,0.9971131086349487,0.6354550123214722,0.397468239068985,0.9935773015022278,0.3164101541042328,0.39403724670410156,0.9943312406539917,0.695359468460083,0.3552919328212738,0.9833690524101257,0.2458629161119461,0.3553497791290283,0.9922003149986267,0.5257922410964966,0.493264377117157,0.9980093836784363,0.41675418615341187,0.4932778477668762,0.9976634979248047,0.5622856616973877,0.6153826713562012,0.9961310625076294,0.39020204544067383,0.6131680607795715,0.9963809847831726,0.5781886577606201,0.7211151123046875,0.9907512664794922,0.379411518573761,0.7218841314315796,0.9921269416809082
44,1.4678,0.46487879753112793,0.2985379695892334,0.9953677654266357,0.48419779539108276,0.2893217206001282,0.9911195635795593,0.4459228515625,0.2895032465457916,0.9920497536659241,0.5113354325294495,0.2973487973213196,0.9120721220970154,0.42066532373428345,0.2983050048351288,0.9210861325263977,0.5573334097862244,0.34975361824035645,0.9982162117958069,0.3887825310230255,0.35101747512817383,0.9971181154251099,0.6353545784950256,0.39754438400268555,0.9935595989227295,0.316677987575531,0.3941546380519867,0.9942982792854309,0.69526207447052,0.3553275167942047,0.9832536578178406,0.24600200355052948,0.3554580807685852,0.9922239780426025,0.5258178114891052,0.4932345449924469,0.9980042576789856,0.41684800386428833,0.4931802749633789,0.9976612329483032,0.562369704246521,0.6153520345687866,0.9960940480232239,0.3903515338897705,0.6129229664802551,0.9963682889938354,0.5781514048576355,0.7210256457328796,0.9906821250915527,0.37946951389312744,0.7219464778900146,0.9921103119850159
45,1.5012,0.4648382067680359,0.2986045777797699,0.9953320622444153,0.48422545194625854,0.2893901467323303,0.9910805821418762,0.44591954350471497,0.289519727230072,0.9919725656509399,0.511471152305603,0.29743635654449463,0.9125837683677673,0.4207148551940918,0.2982897162437439,0.9200665950775146,0.5575248003005981,0.3498164117336273,0.9982202649116516,0.38903725147247314,0.3511752486228943,0.9971223473548889,0.6356149315834045,0.39759141206741333,0.9936962723731995,0.31665366888046265,0.394167959690094,0.9943175911903381,0.6953920125961304,0.355285108089447,0.9833024144172668,0.24583880603313446,0.35538461804389954,0.9922376275062561,0.5258710384368896,0.49338802695274353,0.9980006814002991,0.4171055555343628,0.4933417737483978,0.9976613521575928,0.5624517798423767,0.6157020926475525,0.9960905909538269,0.39039498567581177,0.613143801689148,0.9963716268539429,0.5782169103622437,0.7209959626197815,0.9906787276268005,0.3794953525066376,0.7219138145446777,0.992149829864502
46,1.5345,0.464872270822525,0.2985229194164276,0.9953101277351379,0.4842284023761749,0.289326012134552,0.991051435470581,0.44598329067230225,0.2894761860370636,0.9918650984764099,0.5114734172821045,0.29737216234207153,0.9127776026725769,0.4208831787109375,0.2982640862464905,0.9185799360275269,0.5576187968254089,0.34981676936149597,0.9982072114944458,0.38888847827911377,0.3512219786643982,0.9971234202384949,0.6354487538337708,0.39779722690582275,0.9936842322349548,0.3166191875934601,0.39423003792762756,0.9943137168884277,0.6954390406608582,0.355461061000824,0.9831922650337219,0.24576127529144287,0.3553691804409027,0.9921976923942566,0.5263650417327881,0.493237167596817,0.9979921579360962,0.4173717498779297,0.49323052167892456,0.9976679682731628,0.5626957416534424,0.6158075332641602,0.9960669875144958,0.39060404896736145,0.6131216883659363,0.9963943362236023,0.5781671404838562,0.7210502624511719,0.9905816316604614,0.3794017732143402,0.7220261693000793,0.9921700358390808
47,1.5679,0.4649331271648407,0.2984926700592041,0.995245635509491,0.4842715263366699,0.289311945438385,0.9910188913345337,0.4460417330265045,0.28949692845344543,0.9917693138122559,0.5116301774978638,0.29737964272499084,0.9143404960632324,0.42099902033805847,0.29834991693496704,0.9183512926101685,0.5578311085700989,0.3498726487159729,0.9982068538665771,0.38917604088783264,0.3512819707393646,0.9971117973327637,0.6357101202011108,0.3977534770965576,0.9936728477478027,0.3166612684726715,0.3942752778530121,0.9942873120307922,0.6955596804618835,0.35557323694229126,0.9831574559211731,0.24586491286754608,0.3554430603981018,0.9922148585319519,0.5265995860099792,0.49351415038108826,0.9979922771453857,0.41751569509506226,0.49351635575294495,0.9976701140403748,0.562501847743988,0.6158660650253296,0.9960814118385315,0.3905476927757263,0.613264262676239,0.9964210987091064,0.5780165791511536,0.7212167978286743,0.9905597567558289,0.3795683681964874,0.7220999002456665,0.9921882152557373
48,1.6012,0.4653172492980957,0.2983725965023041,0.9952511787414551,0.4843728244304657,0.2892579436302185,0.9909374117851257,0.44650477170944214,0.2894909977912903,0.9918516278266907,0.511540412902832,0.2972450256347656,0.9116989970207214,0.4214095175266266,0.2983323633670807,0.9194310903549194,0.5576589703559875,0.349839985370636,0.9981963038444519,0.3892310559749603,0.35125163197517395,0.9971145391464233,0.6355373859405518,0.39785343408584595,0.9936913251876831,0.3166499137878418,0.3942243158817291,0.9942871928215027,0.6952857375144958,0.3557344377040863,0.983239471912384,0.24586673080921173,0.3553707003593445,0.9921061992645264,0.5267205834388733,0.4936780035495758,0.9979593753814697,0.4175358712673187,0.4937368929386139,0.9976230263710022,0.5626406073570251,0.6158478260040283,0.9960287809371948,0.39045315980911255,0.6133288145065308,0.9963325262069702,0.5780655145645142,0.7212556600570679,0.9905085563659668,0.3794451057910919,0.7221401929855347,0.9920480847358704
49,1.6346,0.4655062258243561,0.2983175814151764,0.9952580332756042,0.4845135509967804,0.2892371118068695,0.9909276962280273,0.446674644947052,0.28950172662734985,0.9918333292007446,0.5115654468536377,0.29737362265586853,0.9114435911178589,0.42153200507164,0.2985231280326843,0.9197589159011841,0.5574812293052673,0.3497937023639679,0.9982079267501831,0.3892980217933655,0.3512243926525116,0.9971334934234619,0.6353251934051514,0.39792048931121826,0.9937029480934143,0.31656414270401,0.3939744830131531,0.9943439960479736,0.694972574710846,0.3561851680278778,0.9830968379974365,0.24593780934810638,0.3553011417388916,0.9921640157699585,0.5268583297729492,0.4937363564968109,0.997957706451416,0.41777893900871277,0.4937504231929779,0.9976276755332947,0.5629839301109314,0.6163939833641052,0.996013879776001,0.3904852271080017,0.6133413910865784,0.9963473677635193,0.5780342817306519,0.7212206125259399,0.9903325438499451,0.3794293701648712,0.7220277786254883,0.9919918179512024
50,1.668,0.4655095338821411,0.29829463362693787,0.9952327609062195,0.48453429341316223,0.28924623131752014,0.9908887147903442,0.44666412472724915,0.2895016670227051,0.9916853904724121,0.5116457343101501,0.29730382561683655,0.9113147854804993,0.4215152859687805,0.2984246611595154,0.9179317355155945,0.5575152635574341,0.35001951456069946,0.9982051849365234,0.3893061876296997,0.35132893919944763,0.9971416592597961,0.6352469325065613,0.3977139890193939,0.9936743974685669,0.31666895747184753,0.39400678873062134,0.9943593144416809,0.695184588432312,0.356189489364624,0.9832565188407898,0.24618741869926453,0.3553837537765503,0.9921475052833557,0.5272157192230225,0.4945058226585388,0.9979384541511536,0.41788211464881897,0.4944644868373871,0.9975996613502502,0.5630742311477661,0.617063581943512,0.9959685802459717,0.39049026370048523,0.6139481663703918,0.9962784647941589,0.5779746770858765,0.7212297916412354,0.9903122186660767,0.3793935179710388,0.7219778895378113,0.991909921169281
51,1.7013,0.465492844581604,0.29827994108200073,0.9952185750007629,0.4844883680343628,0.28920117020606995,0.9907913208007812,0.4466342628002167,0.2894913852214813,0.9916778802871704,0.5115855932235718,0.2972744107246399,0.9098532795906067,0.42152151465415955,0.29847049713134766,0.9177501201629639,0.5575181245803833,0.3500344157218933,0.9982019662857056,0.3894301950931549,0.3513049781322479,0.9971491694450378,0.6352771520614624,0.3976733386516571,0.9936177730560303,0.316426545381546,0.3936743438243866,0.9944319128990173,0.6950017213821411,0.35658207535743713,0.9832319021224976,0.24605348706245422,0.35520297288894653,0.9921190738677979,0.5275561213493347,0.49428048729896545,0.9979413151741028,0.4181722104549408,0.4942854046821594,0.9975898265838623,0.5627928972244263,0.6163161396980286,0.9960153698921204,0.39052751660346985,0.6135650873184204,0.9962634444236755,0.578061580657959,0.7210747599601746,0.990510880947113,0.3794088661670685,0.7219129800796509,0.991908073425293
52,1.7347,0.46558651328086853,0.29831093549728394,0.9951554536819458,0.4845721423625946,0.28927382826805115,0.9907354116439819,0.44676730036735535,0.28954190015792847,0.9916483163833618,0.5116546154022217,0.2973763346672058,0.910433828830719,0.42162585258483887,0.2985214591026306,0.9190493226051331,0.5574162602424622,0.35007530450820923,0.9981924891471863,0.38936924934387207,0.3513442277908325,0.9971280694007874,0.6351112127304077,0.39775916934013367,0.9936327338218689,0.3165566623210907,0.3937378525733948,0.9943935871124268,0.6946539878845215,0.35661348700523376,0.9833058714866638,0.24627099931240082,0.35533979535102844,0.9921132326126099,0.5275964736938477,0.4943746030330658,0.9979464411735535,0.41821709275245667,0.4944419264793396,0.9975835084915161,0.5629021525382996,0.6164586544036865,0.996044397354126,0.3905816674232483,0.6139371991157532,0.9962506890296936,0.578035831451416,0.721065878868103,0.9905866980552673,0.37935537099838257,0.7219671010971069,0.9918707609176636
53,1.768,0.46565383672714233,0.2983134090900421,0.9951639175415039,0.4846339225769043,0.28929048776626587,0.9907428622245789,0.4468829333782196,0.28951284289360046,0.9917317032814026,0.5115872025489807,0.2974715828895569,0.9102139472961426,0.4216987192630768,0.29851412773132324,0.9206778407096863,0.5570951104164124,0.35012829303741455,0.9981986880302429,0.38926342129707336,0.35141733288764954,0.9971259236335754,0.6351346373558044,0.3978467583656311,0.9937013387680054,0.3164345324039459,0.3937326967716217,0.9943769574165344,0.6947281956672668,0.3565846383571625,0.9835205674171448,0.24617034196853638,0.3552362024784088,0.9921029210090637,0.5273191928863525,0.4946106970310211,0.9979374408721924,0.4180172085762024,0.4946748614311218,0.9975681900978088,0.563016414642334,0.6168243885040283,0.9960224628448486,0.390491783618927,0.6141465902328491,0.996246874332428,0.5779821872711182,0.721170961856842,0.9904386401176453,0.37927359342575073,0.722169041633606,0.9917942881584167
54,1.8014,0.46560680866241455,0.29821452498435974,0.9951928853988647,0.48467448353767395,0.28919482231140137,0.990868330001831,0.446826308965683,0.28940480947494507,0.9916843175888062,0.5117378234863281,0.2974453866481781,0.9119206666946411,0.4216962456703186,0.29846158623695374,0.9189542531967163,0.557066023349762,0.35002991557121277,0.9981902241706848,0.3894057273864746,0.35148295760154724,0.9971174001693726,0.6349806189537048,0.39777836203575134,0.9936341047286987,0.31670060753822327,0.3941713273525238,0.9942929744720459,0.6945730447769165,0.3567281663417816,0.9835810661315918,0.24619565904140472,0.35527175664901733,0.9920435547828674,0.5274000763893127,0.49426746368408203,0.9979267120361328,0.4181661903858185,0.4944211542606354,0.997562050819397,0.5630533695220947,0.6165164709091187,0.9960252046585083,0.3904654085636139,0.6140896081924438,0.9962735176086426,0.5780158042907715,0.7211699485778809,0.9904601573944092,0.3792557716369629,0.7222293615341187,0.9918678402900696
55,1.8348,0.46562162041664124,0.29818934202194214,0.9952143430709839,0.4846014678478241,0.28914791345596313,0.9909213185310364,0.4469441771507263,0.28938615322113037,0.9915844202041626,0.5117374062538147,0.29726970195770264,0.9123936891555786,0.4220101535320282,0.29834088683128357,0.9157376289367676,0.5569860935211182,0.35004469752311707,0.9981825351715088,0.3894128203392029,0.3514375388622284,0.9971233010292053,0.6350011825561523,0.3978719115257263,0.9935731291770935,0.31661492586135864,0.3941130042076111,0.9943242073059082,0.6944692730903625,0.3569277822971344,0.9837145209312439,0.24625852704048157,0.35521283745765686,0.9920482039451599,0.5273888111114502,0.4939802587032318,0.9979026317596436,0.41832301020622253,0.4941692352294922,0.9975372552871704,0.5629931092262268,0.6162617206573486,0.995987594127655,0.3903985619544983,0.6139519810676575,0.996239185333252,0.5781000852584839,0.7210488319396973,0.9904353618621826,0.3792674243450165,0.7221670150756836,0.991831362247467
56,1.8681,0.46556875109672546,0.29819872975349426,0.9952308535575867,0.48460033535957336,0.28911522030830383,0.9909878373146057,0.44689440727233887,0.28936275839805603,0.991544246673584,0.5118260979652405,0.2972014546394348,0.9127930402755737,0.42198291420936584,0.29827818274497986,0.9141721129417419,0.556858479976654,0.3500975966453552,0.9981932044029236,0.3893166482448578,0.35142776370048523,0.9971393346786499,0.6349963545799255,0.3978768289089203,0.9936215281486511,0.3165769875049591,0.39404648542404175,0.9943888783454895,0.6945963501930237,0.35692691802978516,0.9835712909698486,0.24624523520469666,0.3552335798740387,0.9920584559440613,0.5271986722946167,0.49407529830932617,0.9979140162467957,0.41821449995040894,0.49427977204322815,0.997548520565033,0.5630348324775696,0.616235077381134,0.9960089921951294,0.390436053276062,0.6140277981758118,0.9962499737739563,0.5781459212303162,0.7211164236068726,0.990525484085083,0.3792811930179596,0.7222338318824768,0.9918828010559082
57,1.9015,0.46559545397758484,0.29817432165145874,0.9952598214149475,0.4846552610397339,0.289088636636734,0.991100013256073,0.4468867778778076,0.2893396317958832,0.9915876984596252,0.5119122266769409,0.297232985496521,0.9140366315841675,0.42195358872413635,0.2983134686946869,0.914524257183075,0.5570130944252014,0.35016119480133057,0.9981960654258728,0.38916751742362976,0.351466566324234,0.9971369504928589,0.634921669960022,0.39788609743118286,0.9935599565505981,0.3164462447166443,0.3940146863460541,0.9944202303886414,0.6945700645446777,0.357065349817276,0.9834405183792114,0.24618539214134216,0.3552625775337219,0.9921076893806458,0.5271451473236084,0.4946224093437195,0.9979071617126465,0.41796642541885376,0.4947810769081116,0.9975361824035645,0.5630336999893188,0.6164872646331787,0.9959855675697327,0.39028361439704895,0.6141133904457092,0.9962334036827087,0.5782462358474731,0.7211874127388,0.9903630614280701,0.3791641592979431,0.7222553491592407,0.991764485836029
58,1.9348,0.4658820331096649,0.29805245995521545,0.9952280521392822,0.48497501015663147,0.2888484001159668,0.9907504916191101,0.44690945744514465,0.2892625331878662,0.9914855360984802,0.5119643807411194,0.2973288893699646,0.9123576879501343,0.4218929708003998,0.29874977469444275,0.9174570441246033,0.5572931170463562,0.3497249484062195,0.9982362985610962,0.38852018117904663,0.3511354327201843,0.9971203804016113,0.6345139741897583,0.39744535088539124,0.993365466594696,0.31551727652549744,0.3933369517326355,0.9944186210632324,0.6942651271820068,0.35774245858192444,0.983065128326416,0.24559582769870758,0.3550035357475281,0.9922789335250854,0.5273566842079163,0.4938143789768219,0.9979485869407654,0.418082594871521,0.49419111013412476,0.997565746307373,0.5624785423278809,0.6149393916130066,0.9961647987365723,0.39067888259887695,0.6133891344070435,0.9964058995246887,0.5786402225494385,0.7212569117546082,0.9907605648040771,0.3790186047554016,0.7218518257141113,0.9921180605888367
59,1.9682,0.4658357501029968,0.2980596423149109,0.9952902793884277,0.4849558174610138,0.2888731360435486,0.9909307360649109,0.4468529522418976,0.2892698049545288,0.9915278553962708,0.5120531320571899,0.29726314544677734,0.9124715924263,0.4217677116394043,0.29864615201950073,0.9157701134681702,0.5572457909584045,0.34970909357070923,0.9982277750968933,0.38880813121795654,0.35113516449928284,0.9971374273300171,0.6344187259674072,0.39739829301834106,0.9933491349220276,0.31591281294822693,0.39354223012924194,0.994523286819458,0.693979024887085,0.35787978768348694,0.9829985499382019,0.24572724103927612,0.3550506830215454,0.9923599362373352,0.5274786949157715,0.49394506216049194,0.9979313611984253,0.418279767036438,0.49422377347946167,0.9975616931915283,0.5628104209899902,0.6152293682098389,0.9961276650428772,0.39066722989082336,0.613244891166687,0.9964146614074707,0.5788145065307617,0.7214325070381165,0.9906566143035889,0.3789457678794861,0.7219085693359375,0.9921420812606812
60,2.0015,0.46582454442977905,0.2980366349220276,0.9952524900436401,0.4849444627761841,0.288867712020874,0.9907605648040771,0.4468216896057129,0.28923988342285156,0.991568386554718,0.5119214057922363,0.29735246300697327,0.9110845923423767,0.42160966992378235,0.29868167638778687,0.9185651540756226,0.5572459101676941,0.3497377038002014,0.9982444047927856,0.38864707946777344,0.351062536239624,0.9971342086791992,0.6347589492797852,0.3973630368709564,0.9933879375457764,0.3156016170978546,0.39351996779441833,0.9945367574691772,0.6942275762557983,0.3576507866382599,0.9830958247184753,0.24547812342643738,0.35491853952407837,0.9923442006111145,0.5273541808128357,0.49375003576278687,0.997951090335846,0.41842561960220337,0.49398571252822876,0.9975588321685791,0.5628423690795898,0.6151126027107239,0.9961899518966675,0.39112475514411926,0.6132274866104126,0.9963952898979187,0.5789026618003845,0.7214310765266418,0.9908301830291748,0.3789154589176178,0.7218300700187683,0.992109477519989
61,2.0349,0.4658516049385071,0.29803913831710815,0.9952310919761658,0.4849385619163513,0.28892773389816284,0.9906784892082214,0.4469256103038788,0.28925809264183044,0.9915217161178589,0.5118173360824585,0.29746925830841064,0.9101912975311279,0.42164528369903564,0.2987080216407776,0.9190900921821594,0.55702143907547,0.3496643006801605,0.9982509016990662,0.388505220413208,0.35103821754455566,0.9971458315849304,0.6346389651298523,0.39729657769203186,0.993351936340332,0.31579872965812683,0.39367470145225525,0.9945229291915894,0.693966269493103,0.3577958941459656,0.9830014705657959,0.24549734592437744,0.3549012839794159,0.9923110008239746,0.5271177887916565,0.4928913116455078,0.9979668259620667,0.41858261823654175,0.49318504333496094,0.9975887537002563,0.5628551244735718,0.6145791411399841,0.9962128400802612,0.3911491930484772,0.61281818151474,0.9964504241943359,0.5789629220962524,0.7214516997337341,0.9908864498138428,0.37900200486183167,0.7218312621116638,0.9922369122505188
62,2.0683,0.46573999524116516,0.29792699217796326,0.9952604174613953,0.4849536418914795,0.2887965738773346,0.9905780553817749,0.4467454254627228,0.28910571336746216,0.9915798902511597,0.511756181716919,0.2975119650363922,0.90867018699646,0.4215101897716522,0.2986978590488434,0.9198395013809204,0.556858479976654,0.3496309816837311,0.9982384443283081,0.3884231150150299,0.35108545422554016,0.9971489310264587,0.6346905827522278,0.3972952961921692,0.9933990240097046,0.3159492611885071,0.3938080668449402,0.9944800138473511,0.694223940372467,0.35752952098846436,0.982986569404602,0.24551326036453247,0.3548697829246521,0.9922323226928711,0.5275692343711853,0.49270686507225037,0.9979422688484192,0.41936981678009033,0.4930596351623535,0.9975624084472656,0.5629296898841858,0.6141818761825562,0.9962368011474609,0.391777366399765,0.6125511527061462,0.9964550733566284,0.5788799524307251,0.7213854789733887,0.9907671809196472,0.3789289593696594,0.7220172882080078,0.99207603931427
63,2.1016,0.46578335762023926,0.297771155834198,0.9952255487442017,0.4849834144115448,0.28862372040748596,0.990480363368988,0.4467566907405853,0.288912832736969,0.9916794896125793,0.5118305683135986,0.29733818769454956,0.9067960381507874,0.4213617146015167,0.2984920144081116,0.9216193556785583,0.5568094253540039,0.349543958902359,0.9982327222824097,0.38883692026138306,0.35104459524154663,0.9971488118171692,0.6348358392715454,0.3971080183982849,0.993463397026062,0.3159010708332062,0.3943183422088623,0.9944656491279602,0.6939388513565063,0.3575417995452881,0.9831780791282654,0.2451190948486328,0.3548630177974701,0.9922534823417664,0.5282069444656372,0.49262627959251404,0.9979472756385803,0.41987287998199463,0.4929318428039551,0.9975767731666565,0.5638356804847717,0.6145792007446289,0.9961785078048706,0.3917085528373718,0.612578809261322,0.9964368343353271,0.5790289044380188,0.7215223908424377,0.9905734658241272,0.3789210021495819,0.7219866514205933,0.9920276999473572
64,2.135,0.4655693769454956,0.2976897656917572,0.9952710270881653,0.48484885692596436,0.2885426878929138,0.9905534386634827,0.446513831615448,0.288830041885376,0.9917240738868713,0.5118573904037476,0.2972709536552429,0.9067701101303101,0.4211539924144745,0.29842400550842285,0.9204975366592407,0.5568655133247375,0.3494786024093628,0.9982181191444397,0.38913866877555847,0.3510169982910156,0.9971543550491333,0.6349183320999146,0.3971647024154663,0.9935001730918884,0.31610411405563354,0.39460715651512146,0.9944623112678528,0.6939620971679688,0.35744208097457886,0.9833731055259705,0.2450954020023346,0.3550131320953369,0.992226243019104,0.5282353162765503,0.4922202527523041,0.9979246854782104,0.4200513958930969,0.49252748489379883,0.9975692629814148,0.5640387535095215,0.6141349077224731,0.996131181716919,0.39174923300743103,0.6122792363166809,0.996429979801178,0.5791632533073425,0.7214614748954773,0.9905557036399841,0.3789645731449127,0.7219668626785278,0.9920799136161804
65,2.1683,0.46560680866241455,0.29762575030326843,0.9952545166015625,0.4848758280277252,0.288463830947876,0.9905388355255127,0.4464121460914612,0.28881821036338806,0.9917373061180115,0.5119211673736572,0.29730260372161865,0.9074041247367859,0.42090895771980286,0.298604279756546,0.9224081039428711,0.5566929578781128,0.349534273147583,0.9982388019561768,0.3888276517391205,0.3511713743209839,0.9971568584442139,0.6346055865287781,0.3972093462944031,0.993511974811554,0.3156110346317291,0.3949292004108429,0.9944453835487366,0.6936719417572021,0.35735398530960083,0.9834514856338501,0.24531711637973785,0.35536476969718933,0.9923766255378723,0.5285011529922485,0.49223360419273376,0.9979571104049683,0.42025214433670044,0.49259376525878906,0.9975910186767578,0.5643404126167297,0.614343523979187,0.9961943626403809,0.39174461364746094,0.612272322177887,0.9964736104011536,0.5791864991188049,0.7214728593826294,0.990629255771637,0.37904027104377747,0.7219725847244263,0.9921250939369202
66,2.2017,0.4655795097351074,0.29755765199661255,0.995240330696106,0.4848479926586151,0.2883835732936859,0.9904915690422058,0.44638460874557495,0.2887299954891205,0.9918679594993591,0.5117578506469727,0.29742494225502014,0.9080789089202881,0.4209088087081909,0.2987098693847656,0.9254432320594788,0.5568873286247253,0.34993138909339905,0.9982413053512573,0.3885650336742401,0.35154542326927185,0.9971537590026855,0.6352410316467285,0.3974362015724182,0.9935840964317322,0.3151993453502655,0.3954479694366455,0.9943484663963318,0.6936954855918884,0.35707107186317444,0.9834660291671753,0.24549633264541626,0.3556543290615082,0.992345929145813,0.5292099714279175,0.49237316846847534,0.9979416728019714,0.42097997665405273,0.4927503168582916,0.9975739121437073,0.5645878314971924,0.6142376661300659,0.996221661567688,0.3918570280075073,0.6123365759849548,0.9965002536773682,0.5792375206947327,0.7214862704277039,0.9905645847320557,0.37903350591659546,0.7219516038894653,0.9920674562454224
67,2.2351,0.4655367434024811,0.29749220609664917,0.9953481554985046,0.4847571849822998,0.28843164443969727,0.9904915690422058,0.4463590979576111,0.28867805004119873,0.9919073581695557,0.5114985108375549,0.29748231172561646,0.9047742486000061,0.4206838011741638,0.2985617518424988,0.9244561791419983,0.5567171573638916,0.35008329153060913,0.9982649683952332,0.3888040781021118,0.3514302372932434,0.9971941709518433,0.634856641292572,0.3975660800933838,0.9935805797576904,0.3148175776004791,0.3958163559436798,0.9944632649421692,0.6934214234352112,0.35731008648872375,0.9835100769996643,0.2447994202375412,0.35554569959640503,0.9924511313438416,0.5294437408447266,0.49201852083206177,0.997892439365387,0.42141053080558777,0.4921928942203522,0.9975528120994568,0.5654441714286804,0.6148497462272644,0.9961116909980774,0.3917330503463745,0.6124168634414673,0.9965303540229797,0.5795015692710876,0.7216853499412537,0.9900930523872375,0.3789888620376587,0.7219457626342773,0.9920098781585693
68,2.2684,0.4653489291667938,0.2975993752479553,0.9953786134719849,0.48456260561943054,0.2886176109313965,0.9904085397720337,0.4461762309074402,0.2888084053993225,0.991908609867096,0.5112481713294983,0.2975943982601166,0.9023107290267944,0.4204000234603882,0.2985633909702301,0.9243704080581665,0.5567337870597839,0.35033372044563293,0.998259961605072,0.38836318254470825,0.3516504764556885,0.9972026348114014,0.6351398229598999,0.39755311608314514,0.993528425693512,0.3144787549972534,0.3960314691066742,0.9944987893104553,0.6933827996253967,0.3573414385318756,0.983290433883667,0.24433808028697968,0.35572269558906555,0.9925014972686768,0.5299080610275269,0.491790235042572,0.997863233089447,0.4217333197593689,0.491983026266098,0.9975422620773315,0.5658831596374512,0.6149581670761108,0.9960917830467224,0.39142802357673645,0.6126809120178223,0.9965537786483765,0.5794934034347534,0.7216023206710815,0.9898521304130554,0.3791345953941345,0.7217682600021362,0.9919081330299377
69,2.3018,0.464860200881958,0.2979672849178314,0.9954401254653931,0.4841151833534241,0.288980633020401,0.9907717704772949,0.4457037150859833,0.28915610909461975,0.9919276237487793,0.5110816359519958,0.29775968194007874,0.9067214727401733,0.42002981901168823,0.2987031936645508,0.9227380752563477,0.5566835999488831,0.35057520866394043,0.9982643723487854,0.3881433606147766,0.3518465757369995,0.9972066283226013,0.6343390345573425,0.39772897958755493,0.9934316277503967,0.3133975863456726,0.3960745930671692,0.9944679737091064,0.6935862898826599,0.3576052188873291,0.9831328988075256,0.24361300468444824,0.3561394214630127,0.9924991726875305,0.5298311114311218,0.49048298597335815,0.9978558421134949,0.4218699038028717,0.49064722657203674,0.9975618124008179,0.5661979913711548,0.6145713329315186,0.9960957169532776,0.39053627848625183,0.6119295358657837,0.9966429471969604,0.5794598460197449,0.7214015126228333,0.9897446036338806,0.37925300002098083,0.7216182947158813,0.9920422434806824
70,2.3351,0.4642721712589264,0.298442542552948,0.9956034421920776,0.48389434814453125,0.28944137692451477,0.9913536906242371,0.44506075978279114,0.28956371545791626,0.9921848177909851,0.5111387372016907,0.29814767837524414,0.9113368988037109,0.4193679690361023,0.29891881346702576,0.9235682487487793,0.5561861395835876,0.3510976731777191,0.9982535243034363,0.38654637336730957,0.35256320238113403,0.9972236156463623,0.6339855790138245,0.3981989920139313,0.993340790271759,0.31283852458000183,0.39621615409851074,0.9944581985473633,0.6937281489372253,0.3578726053237915,0.9827021360397339,0.2439168095588684,0.35688620805740356,0.9925478100776672,0.5302911400794983,0.49049967527389526,0.9978582262992859,0.42214807868003845,0.4908781051635742,0.9975556135177612,0.5664834976196289,0.6137033700942993,0.9961701035499573,0.390341192483902,0.6113737225532532,0.9966220855712891,0.5795359015464783,0.7212556600570679,0.9900555610656738,0.3793816864490509,0.7214509844779968,0.9920720458030701
71,2.3685,0.46319010853767395,0.2992857098579407,0.9955647587776184,0.48319125175476074,0.2901974618434906,0.9912257790565491,0.44370031356811523,0.2902772128582001,0.9918769598007202,0.5104974508285522,0.2985764741897583,0.9131268858909607,0.41818535327911377,0.2992721498012543,0.9185243248939514,0.5560346245765686,0.3518344461917877,0.998235821723938,0.38693878054618835,0.3528777062892914,0.9972266554832458,0.6330028772354126,0.3988569676876068,0.9931890964508057,0.31388983130455017,0.39698129892349243,0.9943496584892273,0.6930235028266907,0.35833606123924255,0.982506275177002,0.24327608942985535,0.35746657848358154,0.9924629926681519,0.530456006526947,0.49015775322914124,0.9977715015411377,0.422301322221756,0.49046045541763306,0.9975014328956604,0.5670905709266663,0.611535906791687,0.9961685538291931,0.38879555463790894,0.6104685664176941,0.9966962337493896,0.5795748233795166,0.720836341381073,0.9902120232582092,0.379678338766098,0.7216322422027588,0.9922615885734558
72,2.4019,0.46238479018211365,0.3005540668964386,0.9957351684570312,0.4826588034629822,0.2913288474082947,0.9914906620979309,0.4429735839366913,0.2912018895149231,0.9920561909675598,0.5098142623901367,0.2997700572013855,0.9138781428337097,0.4175521433353424,0.3000592291355133,0.9162691235542297,0.5552866458892822,0.35274559259414673,0.9982197880744934,0.3861732482910156,0.3542836606502533,0.9972509741783142,0.6349553465843201,0.39964932203292847,0.9931074976921082,0.31296107172966003,0.39852556586265564,0.9941482543945312,0.6936836838722229,0.3587184250354767,0.9824246764183044,0.24221882224082947,0.35827121138572693,0.9922407865524292,0.5301360487937927,0.48990169167518616,0.99769127368927,0.42221349477767944,0.4906655251979828,0.9974623918533325,0.5682878494262695,0.6105034351348877,0.9962002635002136,0.3866088092327118,0.6115865707397461,0.9967813491821289,0.5795913338661194,0.7210747003555298,0.9901347756385803,0.3799753487110138,0.7220482230186462,0.9922716617584229
73,2.4352,0.4619870185852051,0.30167388916015625,0.9959341287612915,0.48205044865608215,0.29262441396713257,0.9917917251586914,0.4427310526371002,0.2922898828983307,0.9923485517501831,0.5087962746620178,0.3009816110134125,0.9096744060516357,0.4169349670410156,0.3009093403816223,0.9165489673614502,0.554888129234314,0.3539637625217438,0.9982761144638062,0.3862966299057007,0.3559245467185974,0.9973651766777039,0.6347479820251465,0.4008660316467285,0.9930955767631531,0.31268569827079773,0.4005104899406433,0.9945535659790039,0.6935303807258606,0.36015376448631287,0.9808416366577148,0.24163252115249634,0.3600829541683197,0.9921412467956543,0.5298500657081604,0.4909532964229584,0.9976453185081482,0.4221940338611603,0.49181023240089417,0.9974714517593384,0.5697786808013916,0.6109174489974976,0.9961431622505188,0.3842032253742218,0.612417995929718,0.9968394041061401,0.5797936916351318,0.7208478450775146,0.9900140762329102,0.3799334764480591,0.7221564054489136,0.9923912882804871
74,2.4686,0.4615998864173889,0.30314406752586365,0.9959543943405151,0.4809686541557312,0.2942897379398346,0.9923382997512817,0.4426857531070709,0.29415732622146606,0.9923769235610962,0.5076404213905334,0.3027793765068054,0.9195559024810791,0.41740289330482483,0.3031441271305084,0.9148053526878357,0.5552375912666321,0.35600796341896057,0.9982951283454895,0.38604041934013367,0.357116162776947,0.9973011612892151,0.6339667439460754,0.40241536498069763,0.9929393529891968,0.3123348653316498,0.4017506539821625,0.994640588760376,0.6938362121582031,0.36137253046035767,0.9794792532920837,0.2420104593038559,0.3618137836456299,0.9923874139785767,0.5301783084869385,0.4928553104400635,0.9976552724838257,0.42191237211227417,0.49329671263694763,0.9974851608276367,0.5721204876899719,0.6128896474838257,0.9961209893226624,0.38181477785110474,0.6131799817085266,0.996880054473877,0.5800988674163818,0.7211224436759949,0.9899402260780334,0.37961238622665405,0.7223111391067505,0.9924622774124146
75,2.5019,0.4612744152545929,0.30451318621635437,0.9960691928863525,0.4805745780467987,0.29589515924453735,0.9925374388694763,0.4425085186958313,0.29573217034339905,0.9922234416007996,0.5071629881858826,0.3045422434806824,0.9207680225372314,0.41737228631973267,0.3048551380634308,0.9074382781982422,0.5545260310173035,0.3572474420070648,0.9983067512512207,0.38687366247177124,0.3582654297351837,0.9973607659339905,0.6342141628265381,0.40421992540359497,0.9931008815765381,0.31239694356918335,0.40298986434936523,0.9948986172676086,0.6938454508781433,0.361926794052124,0.9791457653045654,0.2415538728237152,0.3633020520210266,0.9925192594528198,0.5298905968666077,0.49386724829673767,0.99754399061203,0.42188525199890137,0.49415677785873413,0.9974033236503601,0.5738614201545715,0.613027811050415,0.9961208701133728,0.37910017371177673,0.6130101084709167,0.9969452023506165,0.5803589224815369,0.7208828926086426,0.9898372292518616,0.3796675503253937,0.7222217321395874,0.9925139546394348
76,2.5353,0.4618194103240967,0.3066383898258209,0.9960149526596069,0.48130175471305847,0.29795679450035095,0.992423415184021,0.4428054392337799,0.29774636030197144,0.9922824501991272,0.507689356803894,0.3065613806247711,0.920093834400177,0.4171830415725708,0.30681928992271423,0.9136377573013306,0.5538803339004517,0.3583415448665619,0.9982373714447021,0.3864237070083618,0.36076799035072327,0.9972261786460876,0.6312541365623474,0.4064022898674011,0.9929364323616028,0.3133974075317383,0.4048497676849365,0.9943331480026245,0.6919605731964111,0.36369025707244873,0.9800522327423096,0.24134495854377747,0.36481231451034546,0.9925659894943237,0.5304040908813477,0.4953293204307556,0.9974300265312195,0.4219280779361725,0.4961234927177429,0.9972715973854065,0.5759475827217102,0.614253580570221,0.9961052536964417,0.37712526321411133,0.613775372505188,0.9969558715820312,0.5803173780441284,0.7211922407150269,0.9891498684883118,0.37951427698135376,0.7224603295326233,0.9922401905059814
77,2.5687,0.46117809414863586,0.3082939684391022,0.9958233833312988,0.48076003789901733,0.2999894618988037,0.9917769432067871,0.4423322081565857,0.29966315627098083,0.991897702217102,0.5075013637542725,0.30897751450538635,0.9094424247741699,0.4167167544364929,0.3088652491569519,0.9097748398780823,0.5555397272109985,0.36164578795433044,0.9979975819587708,0.3847160339355469,0.3643202781677246,0.9965052604675293,0.6300151348114014,0.4091966152191162,0.991965651512146,0.3125095069408417,0.40778979659080505,0.9940319657325745,0.6928529739379883,0.36650365591049194,0.980445921421051,0.24180538952350616,0.36680611968040466,0.9911922812461853,0.5311044454574585,0.4985913336277008,0.9975316524505615,0.42051392793655396,0.49913913011550903,0.9975053668022156,0.5772418975830078,0.6157301068305969,0.995261013507843,0.3734953999519348,0.6153491735458374,0.9964361190795898,0.5822999477386475,0.7218382954597473,0.9899728298187256,0.37909626960754395,0.7226904630661011,0.9933592677116394
78,2.602,0.4611697793006897,0.3104132115840912,0.9959880709648132,0.4804949462413788,0.3023023009300232,0.9920743703842163,0.44208529591560364,0.3020516037940979,0.9928037524223328,0.5070998668670654,0.3117433190345764,0.9095183610916138,0.41585874557495117,0.3118099570274353,0.925669252872467,0.5550119876861572,0.36508050560951233,0.9980814456939697,0.38340988755226135,0.36712703108787537,0.9965088963508606,0.631032407283783,0.41136226058006287,0.9920942187309265,0.31050750613212585,0.40850573778152466,0.993440568447113,0.6936485171318054,0.3690852224826813,0.9800878167152405,0.24007391929626465,0.36845216155052185,0.9906744360923767,0.5311625003814697,0.5012630224227905,0.9974824786186218,0.4192996621131897,0.5019756555557251,0.9974082112312317,0.5778818726539612,0.6153424382209778,0.995134174823761,0.37054935097694397,0.6161986589431763,0.9963036775588989,0.5827339887619019,0.7218018770217896,0.9893858432769775,0.37936750054359436,0.7224092483520508,0.9929031729698181
79,2.6354,0.4610902667045593,0.31333231925964355,0.9957516193389893,0.4807296693325043,0.30522245168685913,0.9914155602455139,0.44179898500442505,0.3050360083580017,0.9917248487472534,0.5080656409263611,0.31433987617492676,0.9060837030410767,0.41559019684791565,0.31450361013412476,0.9128616452217102,0.554399847984314,0.36805716156959534,0.998119056224823,0.3826902508735657,0.3699265420436859,0.9965972304344177,0.6346970796585083,0.41244325041770935,0.9919912219047546,0.30989718437194824,0.4109816551208496,0.9935681223869324,0.6947792768478394,0.3706175684928894,0.9794815182685852,0.242328941822052,0.3728744387626648,0.9908124804496765,0.5304073095321655,0.5045040845870972,0.9975095987319946,0.4186709225177765,0.5050911903381348,0.997413694858551,0.579349160194397,0.6160176992416382,0.9951534271240234,0.36645400524139404,0.6162993311882019,0.9962769150733948,0.5825678706169128,0.7218791842460632,0.989840567111969,0.3795498311519623,0.7227456569671631,0.9930994510650635
80,2.6687,0.46192699670791626,0.3166515529155731,0.9960171580314636,0.4815564453601837,0.3086383044719696,0.9924192428588867,0.4427455961704254,0.3082980513572693,0.9922387003898621,0.5088332891464233,0.317984014749527,0.9150776267051697,0.4166204333305359,0.3178861737251282,0.9128112196922302,0.5548191666603088,0.3702279031276703,0.9981246590614319,0.3840903341770172,0.37260669469833374,0.9966313242912292,0.6348897218704224,0.41430458426475525,0.9915926456451416,0.30962881445884705,0.41349491477012634,0.994023859500885,0.6944819092750549,0.3731530010700226,0.9802178144454956,0.2416234314441681,0.37612131237983704,0.991541862487793,0.5307033658027649,0.5083405375480652,0.9974857568740845,0.41742563247680664,0.5091094374656677,0.9973354935646057,0.5800076723098755,0.6166411638259888,0.9952170848846436,0.36209505796432495,0.6180688738822937,0.9962345957756042,0.5823009610176086,0.7220527529716492,0.9899537563323975,0.3798711895942688,0.7226835489273071,0.9929227828979492
81,2.7021,0.4614441394805908,0.31985634565353394,0.9963843822479248,0.48128098249435425,0.3117532730102539,0.9930604696273804,0.44247058033943176,0.3112879693508148,0.993155300617218,0.5085354447364807,0.3211405277252197,0.9194627404212952,0.4164852499961853,0.3207947313785553,0.9192476272583008,0.5549792647361755,0.37274646759033203,0.9981663823127747,0.3840552568435669,0.3756805956363678,0.9965170621871948,0.6380305886268616,0.4180120825767517,0.9924242496490479,0.31163063645362854,0.4169940948486328,0.9933812618255615,0.692672073841095,0.37671828269958496,0.9817392230033875,0.24193090200424194,0.3788380026817322,0.9915509223937988,0.5296551585197449,0.5087170004844666,0.9975104331970215,0.4171414375305176,0.5095651149749756,0.997318685054779,0.5825449228286743,0.6186167001724243,0.9953452944755554,0.3582361042499542,0.6195351481437683,0.9963674545288086,0.5821055173873901,0.722619354724884,0.9891121983528137,0.37997785210609436,0.7227786183357239,0.9926362037658691
82,2.7354,0.4621167778968811,0.3232766091823578,0.9961796998977661,0.48181071877479553,0.31524863839149475,0.9927279949188232,0.44268444180488586,0.31499719619750977,0.9931049942970276,0.5091509819030762,0.3246806561946869,0.9207068681716919,0.41635915637016296,0.32480207085609436,0.9276811480522156,0.5558517575263977,0.3763400912284851,0.998239278793335,0.3839039206504822,0.37839165329933167,0.9965559244155884,0.6380274295806885,0.4221121668815613,0.992716908454895,0.3103184998035431,0.41983431577682495,0.9938333034515381,0.6918221116065979,0.3809693455696106,0.9829642176628113,0.24210858345031738,0.3814467489719391,0.9920729994773865,0.5301666855812073,0.5127205848693848,0.9975473284721375,0.4170452058315277,0.5132955312728882,0.9972642660140991,0.5844278335571289,0.6197190880775452,0.9953155517578125,0.35594749450683594,0.6204727292060852,0.9962350726127625,0.5815846920013428,0.7227884531021118,0.9892276525497437,0.3805943727493286,0.7228951454162598,0.9924017190933228
83,2.7688,0.46121564507484436,0.32610780000686646,0.9958414435386658,0.4811229705810547,0.31798386573791504,0.9910468459129333,0.4415801167488098,0.317599892616272,0.9916037917137146,0.5083984732627869,0.32683461904525757,0.9019714593887329,0.4151052236557007,0.3267020881175995,0.9118015766143799,0.5553250908851624,0.3799516558647156,0.9981977343559265,0.38285574316978455,0.3820296823978424,0.9965763688087463,0.6372945308685303,0.4248083233833313,0.9924690127372742,0.31319719552993774,0.4239835739135742,0.9936675429344177,0.6909083127975464,0.3850253224372864,0.9818666577339172,0.24245165288448334,0.38603535294532776,0.9915056824684143,0.530032217502594,0.5125253200531006,0.9974744915962219,0.41757822036743164,0.5131253004074097,0.9972692131996155,0.5866623520851135,0.6195826530456543,0.9953931570053101,0.3548112213611603,0.620688259601593,0.9964600205421448,0.5815281867980957,0.7222510576248169,0.9899419546127319,0.3805718421936035,0.7234360575675964,0.9931681156158447
84,2.8022,0.46202707290649414,0.3302304148674011,0.9956690073013306,0.4815968871116638,0.3218713700771332,0.991047203540802,0.44279929995536804,0.3213263154029846,0.9910985827445984,0.508392333984375,0.3301645815372467,0.8969182372093201,0.4166855812072754,0.329770028591156,0.8984549641609192,0.5548651218414307,0.38327112793922424,0.9982020854949951,0.3849053978919983,0.38577231764793396,0.9968198537826538,0.6352506279945374,0.42854776978492737,0.9926159381866455,0.30874374508857727,0.4262086749076843,0.9949870109558105,0.6930472254753113,0.38823622465133667,0.978855550289154,0.23990359902381897,0.3882319927215576,0.991412878036499,0.5297679901123047,0.5155307054519653,0.9973779916763306,0.41653603315353394,0.516083300113678,0.9972352385520935,0.5872014164924622,0.6202542185783386,0.9953303337097168,0.3514174520969391,0.6207550764083862,0.9964892864227295,0.581321656703949,0.722077488899231,0.9899852275848389,0.3809252381324768,0.7229777574539185,0.9932523369789124
85,2.8355,0.4608754515647888,0.3333362340927124,0.9953162670135498,0.4803672432899475,0.3251489996910095,0.9909949898719788,0.4422428607940674,0.3246511220932007,0.9901710152626038,0.5074969530105591,0.33383458852767944,0.91117262840271,0.4167290925979614,0.33345118165016174,0.8947904109954834,0.5533522963523865,0.38715997338294983,0.99820876121521,0.3835129141807556,0.38943901658058167,0.9967727065086365,0.6334273219108582,0.4324118494987488,0.9922178983688354,0.31032729148864746,0.42797622084617615,0.9946050047874451,0.6923620700836182,0.39182502031326294,0.9760079979896545,0.23995214700698853,0.3905450701713562,0.9910690784454346,0.5289762020111084,0.5178855657577515,0.9973413348197937,0.41721898317337036,0.5188242793083191,0.9972254037857056,0.5870634913444519,0.6209569573402405,0.9954600930213928,0.3496268093585968,0.6222434639930725,0.9966269731521606,0.5811251401901245,0.7223173379898071,0.989516019821167,0.3813128173351288,0.72286057472229,0.9930552840232849
86,2.8689,0.46256184577941895,0.33738723397254944,0.9948903322219849,0.48203760385513306,0.3290865421295166,0.9893680214881897,0.4433005750179291,0.32851332426071167,0.9906722903251648,0.5084425210952759,0.3378966450691223,0.8952562212944031,0.4167354106903076,0.3373793661594391,0.9213093519210815,0.5539261698722839,0.3917458951473236,0.9981192946434021,0.3831427991390228,0.39297354221343994,0.99679034948349,0.6343805193901062,0.4359373152256012,0.9920159578323364,0.3104359805583954,0.43174734711647034,0.9948833584785461,0.692048966884613,0.39775338768959045,0.9769147634506226,0.2393113076686859,0.39420023560523987,0.9905695915222168,0.5293041467666626,0.521016538143158,0.9972198009490967,0.41774144768714905,0.5215641260147095,0.9970791339874268,0.5875137448310852,0.6221911311149597,0.9954985976219177,0.3479387164115906,0.623358428478241,0.9966731071472168,0.581023633480072,0.7225086688995361,0.9891461133956909,0.3814343810081482,0.7227148413658142,0.992689311504364
87,2.9022,0.46142178773880005,0.3410235047340393,0.9950620532035828,0.4805975556373596,0.3329147696495056,0.9905507564544678,0.44333499670028687,0.33234909176826477,0.990146815776825,0.5081451535224915,0.3410739004611969,0.9078795313835144,0.418194442987442,0.340462863445282,0.898476779460907,0.5532612204551697,0.39484915137290955,0.9981094598770142,0.38213300704956055,0.39583534002304077,0.9968088269233704,0.6390794515609741,0.43846559524536133,0.9925940632820129,0.30940988659858704,0.43645134568214417,0.9950370192527771,0.6929753422737122,0.4008334279060364,0.9770359396934509,0.24091829359531403,0.4005393087863922,0.9903321862220764,0.5288366675376892,0.523443877696991,0.9972525238990784,0.4167972207069397,0.5239788889884949,0.997047483921051,0.5892719626426697,0.6243710517883301,0.99549400806427,0.346854031085968,0.6252407431602478,0.9965581297874451,0.5813906788825989,0.7235383987426758,0.9885313510894775,0.3814643323421478,0.7242990136146545,0.9919729232788086
88,2.9356,0.4616253674030304,0.34517231583595276,0.9950777292251587,0.48105087876319885,0.3368228077888489,0.9910128712654114,0.4431714415550232,0.33641743659973145,0.9907450675964355,0.5086215734481812,0.34584033489227295,0.9161167144775391,0.4176776111125946,0.3455590307712555,0.9094955921173096,0.5528443455696106,0.3981868624687195,0.9979984164237976,0.3811268210411072,0.3993914723396301,0.9965747594833374,0.6396566033363342,0.441436767578125,0.9925380349159241,0.30905914306640625,0.4398527145385742,0.9949905276298523,0.6928281784057617,0.4037553668022156,0.9779775142669678,0.24147851765155792,0.40401491522789,0.991165816783905,0.5283443927764893,0.526121199131012,0.9971228241920471,0.416002094745636,0.5270231366157532,0.9968247413635254,0.5900818705558777,0.6248024702072144,0.9956339001655579,0.34573546051979065,0.6271795630455017,0.9965246319770813,0.5815637111663818,0.7236983180046082,0.9880902767181396,0.38165023922920227,0.7245373725891113,0.9911534190177917
89,2.969,0.4615556001663208,0.34960657358169556,0.9951651096343994,0.4812094271183014,0.3412817120552063,0.9917070269584656,0.4428718686103821,0.3407978117465973,0.9914478063583374,0.5088983178138733,0.35047921538352966,0.9267169237136841,0.4172532856464386,0.3500412404537201,0.9216532707214355,0.5537688136100769,0.40264350175857544,0.9980161190032959,0.3805209994316101,0.40363144874572754,0.9965839385986328,0.6396024227142334,0.44604721665382385,0.9925305247306824,0.3082675039768219,0.4438364505767822,0.9953581690788269,0.6929306983947754,0.40756312012672424,0.9798594117164612,0.23993556201457977,0.4062426686286926,0.991800844669342,0.5291687846183777,0.5293539762496948,0.9970123767852783,0.41611337661743164,0.5300941467285156,0.996600329875946,0.5907372832298279,0.6253660321235657,0.9955599308013916,0.3444301187992096,0.627519965171814,0.9963862895965576,0.5810509920120239,0.7236329317092896,0.988351047039032,0.38241687417030334,0.7244002223014832,0.9910786747932434
90,3.0023,0.46165668964385986,0.3530110716819763,0.9949510097503662,0.48051923513412476,0.3446522355079651,0.9903545379638672,0.44276028871536255,0.3443903923034668,0.9906670451164246,0.5074647068977356,0.3530218005180359,0.9093403220176697,0.4169188141822815,0.3531882166862488,0.9148858785629272,0.5540222525596619,0.4054722189903259,0.9979918003082275,0.38145866990089417,0.40647783875465393,0.9966371059417725,0.6378694772720337,0.44823700189590454,0.9924331903457642,0.30774596333503723,0.44715768098831177,0.9957318902015686,0.6934031844139099,0.4113593101501465,0.9786809086799622,0.2413000762462616,0.4125673770904541,0.992438018321991,0.5305582880973816,0.5317327976226807,0.9968595504760742,0.41648241877555847,0.5322923064231873,0.9965708255767822,0.59135901927948,0.6256228685379028,0.9955022931098938,0.34339603781700134,0.6278433203697205,0.9965268969535828,0.5811494588851929,0.7232790589332581,0.9884450435638428,0.38206374645233154,0.7242857217788696,0.9914351105690002
91,3.0357,0.46201395988464355,0.3571319282054901,0.9951035976409912,0.48146340250968933,0.34902292490005493,0.9912880063056946,0.44356203079223633,0.3482498228549957,0.9909378290176392,0.5078526735305786,0.3581691384315491,0.9234247207641602,0.4181302487850189,0.35719773173332214,0.9165999293327332,0.5553694367408752,0.4094030261039734,0.9980223178863525,0.38181617856025696,0.4102274775505066,0.9965853691101074,0.6386157274246216,0.4529465138912201,0.9920931458473206,0.3044590353965759,0.45097702741622925,0.9953795671463013,0.6944237351417542,0.413407564163208,0.9774920344352722,0.24033822119235992,0.41490688920021057,0.9925264120101929,0.52918541431427,0.5343054533004761,0.996782660484314,0.415260910987854,0.5345116853713989,0.9965152740478516,0.5907503962516785,0.6260533332824707,0.9955213069915771,0.3424503803253174,0.6277095675468445,0.9966444969177246,0.5810748338699341,0.723456084728241,0.9876788258552551,0.3819776177406311,0.7240107655525208,0.9912348985671997
92,3.069,0.46267861127853394,0.3608934283256531,0.9949389696121216,0.4811896085739136,0.35272854566574097,0.9907187819480896,0.4440516233444214,0.3521990180015564,0.9916778802871704,0.5069690942764282,0.3614451587200165,0.9162826538085938,0.4180928170681,0.3611171841621399,0.9354445338249207,0.5550539493560791,0.41339045763015747,0.9980642199516296,0.38070300221443176,0.41483432054519653,0.9966748952865601,0.6344029903411865,0.4571409225463867,0.9917861819267273,0.3035253584384918,0.454353392124176,0.9952424764633179,0.690777063369751,0.4194056987762451,0.9773388504981995,0.2381976842880249,0.41696205735206604,0.9917250871658325,0.5286771655082703,0.5370040535926819,0.9968124032020569,0.4152722656726837,0.5375466346740723,0.9964256882667542,0.5901228189468384,0.6262816190719604,0.9956322312355042,0.34267106652259827,0.627569317817688,0.9965787529945374,0.5810118913650513,0.7233371138572693,0.9879943132400513,0.3818296790122986,0.7235965132713318,0.9911561012268066
93,3.1024,0.46191537380218506,0.36493170261383057,0.994915246963501,0.4805566668510437,0.35676708817481995,0.9899631142616272,0.44377759099006653,0.35616883635520935,0.9905375838279724,0.5070884227752686,0.3649927079677582,0.9108624458312988,0.41853615641593933,0.36445990204811096,0.9182620048522949,0.5554453730583191,0.4175689220428467,0.9981022477149963,0.380594938993454,0.4188907742500305,0.9966559410095215,0.6368252038955688,0.46038752794265747,0.9923237562179565,0.30266979336738586,0.45770448446273804,0.9948034882545471,0.6915712356567383,0.42369985580444336,0.9793293476104736,0.24028310179710388,0.42182379961013794,0.9918287396430969,0.5285417437553406,0.5381224155426025,0.9967517852783203,0.41681933403015137,0.5385605096817017,0.9963778853416443,0.5908904671669006,0.6267935037612915,0.9956152439117432,0.3423181176185608,0.6271576881408691,0.9966220855712891,0.5807676911354065,0.7231478691101074,0.9882389307022095,0.3822093605995178,0.7232988476753235,0.991661787033081
94,3.1358,0.46301302313804626,0.368997186422348,0.9954017400741577,0.4821818470954895,0.36093130707740784,0.9911662936210632,0.4443261921405792,0.3602520227432251,0.9921262264251709,0.5083558559417725,0.3701643943786621,0.9120778441429138,0.4182736277580261,0.369460791349411,0.9314972758293152,0.5550020933151245,0.4204348027706146,0.99800044298172,0.3823329210281372,0.42187032103538513,0.9965219497680664,0.6359134912490845,0.46307286620140076,0.992259681224823,0.30408647656440735,0.46209320425987244,0.9948221445083618,0.6918453574180603,0.42559880018234253,0.9800888895988464,0.24000951647758484,0.4256686270236969,0.9919072389602661,0.5290189385414124,0.5407805442810059,0.9966351389884949,0.41642117500305176,0.5412000417709351,0.9962472319602966,0.5905574560165405,0.6274925470352173,0.995579183101654,0.34077122807502747,0.6283885836601257,0.9966256618499756,0.5798196792602539,0.7232487797737122,0.9874231815338135,0.3827855885028839,0.7234142422676086,0.9910266995429993
95,3.1691,0.46164700388908386,0.37237098813056946,0.9951990246772766,0.48083287477493286,0.36439189314842224,0.9915468096733093,0.44323527812957764,0.3638148903846741,0.9920503497123718,0.5078586935997009,0.37384289503097534,0.9261958003044128,0.417247474193573,0.37332069873809814,0.936137855052948,0.5570377111434937,0.4241727888584137,0.9980040192604065,0.37868067622184753,0.4255530834197998,0.9964284300804138,0.6384392380714417,0.4670678675174713,0.9923160076141357,0.3027438223361969,0.46584534645080566,0.9940115809440613,0.6916497349739075,0.42826151847839355,0.9797321557998657,0.23914603888988495,0.42876872420310974,0.990000307559967,0.5304349660873413,0.5428701043128967,0.9965699911117554,0.4166615307331085,0.5434039831161499,0.996086835861206,0.5898287892341614,0.6286458969116211,0.9956771731376648,0.3403271436691284,0.629339873790741,0.9965946078300476,0.579651951789856,0.7231392860412598,0.9871015548706055,0.38244375586509705,0.7233095765113831,0.990638017654419
96,3.2025,0.4610476493835449,0.37544775009155273,0.9951444268226624,0.4806305468082428,0.36734890937805176,0.9913683533668518,0.4423026144504547,0.3666950762271881,0.9917985200881958,0.5077456831932068,0.3771159052848816,0.9267560243606567,0.41657957434654236,0.3764300048351288,0.9329370260238647,0.5569889545440674,0.4283388555049896,0.9980120658874512,0.3796813488006592,0.42884141206741333,0.9965022802352905,0.6365812420845032,0.47054773569107056,0.9921393990516663,0.3022502064704895,0.46914142370224,0.9945092797279358,0.6901625990867615,0.43273085355758667,0.9784308075904846,0.23816744983196259,0.4316406846046448,0.9903051853179932,0.5302820205688477,0.5460253953933716,0.9964738488197327,0.4160708487033844,0.5461581945419312,0.9959810972213745,0.5906851291656494,0.6291319131851196,0.9957706332206726,0.3398309051990509,0.6302070617675781,0.9966643452644348,0.5797876715660095,0.7230082750320435,0.9874505996704102,0.3826393485069275,0.723655104637146,0.9906705617904663
97,3.2358,0.4607706367969513,0.379012793302536,0.9942888021469116,0.48041844367980957,0.37095850706100464,0.9890217781066895,0.4418027698993683,0.37036624550819397,0.9899354577064514,0.5078296065330505,0.380217969417572,0.8996151685714722,0.41579243540763855,0.37960487604141235,0.9148685336112976,0.5574410557746887,0.43196725845336914,0.9974586367607117,0.3778802156448364,0.43272528052330017,0.9959539175033569,0.6393190026283264,0.47297024726867676,0.9911541938781738,0.3018099069595337,0.47382083535194397,0.9950259327888489,0.6925241351127625,0.4353596270084381,0.9750471115112305,0.23836937546730042,0.4369059205055237,0.9882839918136597,0.5296142101287842,0.5482437014579773,0.9963595271110535,0.4150792956352234,0.5482476949691772,0.9963750243186951,0.5914143919944763,0.6297752261161804,0.9946920275688171,0.3379379212856293,0.6323295831680298,0.9963780045509338,0.5806906819343567,0.7235285043716431,0.9887166023254395,0.38315361738204956,0.7242647409439087,0.9927863478660583
98,3.2692,0.4605323374271393,0.3825359642505646,0.9936408400535583,0.48062625527381897,0.3746875822544098,0.9881128668785095,0.4422893524169922,0.3735605776309967,0.9891176819801331,0.5074629187583923,0.38457220792770386,0.9037486910820007,0.41633638739585876,0.38273686170578003,0.9190255403518677,0.5580976009368896,0.4358152747154236,0.9974912405014038,0.37770092487335205,0.4365106523036957,0.9959037899971008,0.6415883898735046,0.4771721363067627,0.9913415312767029,0.30097711086273193,0.4760603904724121,0.9951229691505432,0.6935497522354126,0.4382553696632385,0.9751266837120056,0.23789551854133606,0.4401105046272278,0.9887657165527344,0.5305095911026001,0.5510855913162231,0.9963292479515076,0.4154556691646576,0.5509110689163208,0.9963878393173218,0.5913419723510742,0.6312631368637085,0.9947304725646973,0.337732195854187,0.6340264081954956,0.9965211153030396,0.5808214545249939,0.7235310673713684,0.9880813360214233,0.38314682245254517,0.7243920564651489,0.9926097989082336
99,3.3026,0.4607531726360321,0.38621702790260315,0.9936676621437073,0.4806755781173706,0.3782385587692261,0.9890079498291016,0.4421329200267792,0.37743547558784485,0.9891826510429382,0.5083808898925781,0.38772982358932495,0.9127745628356934,0.41604793071746826,0.3866380751132965,0.9184194207191467,0.5566626787185669,0.43890827894210815,0.9975998997688293,0.37776386737823486,0.44038820266723633,0.9959185719490051,0.6395890116691589,0.4811305105686188,0.9919460415840149,0.3009946644306183,0.4791574478149414,0.9952025413513184,0.6927804946899414,0.44233885407447815,0.9761424660682678,0.23689913749694824,0.44292980432510376,0.9893071055412292,0.528063952922821,0.5545639991760254,0.9965783953666687,0.4144624173641205,0.5548521876335144,0.9965419173240662,0.5917363166809082,0.6323832869529724,0.9947131276130676,0.33723196387290955,0.634650468826294,0.9964974522590637,0.5804460048675537,0.7231300473213196,0.9879149198532104,0.38288506865501404,0.7241600155830383,0.9925894737243652
100,3.3359,0.46038818359375,0.38953715562820435,0.9938644766807556,0.4802905321121216,0.38153785467147827,0.9893842339515686,0.44163209199905396,0.3809370696544647,0.988795280456543,0.509027898311615,0.39089593291282654,0.9148430824279785,0.41594716906547546,0.3902007043361664,0.9073095917701721,0.5562842488288879,0.44331446290016174,0.9975302815437317,0.3773106336593628,0.4440014958381653,0.9960208535194397,0.6379772424697876,0.4848030209541321,0.991662859916687,0.30084937810897827,0.48303166031837463,0.9953475594520569,0.6925000548362732,0.44731730222702026,0.9751725792884827,0.23777376115322113,0.44777727127075195,0.9891772866249084,0.5274348855018616,0.5568307042121887,0.996382474899292,0.41408783197402954,0.5570368766784668,0.9963864088058472,0.591400146484375,0.6330508589744568,0.994679868221283,0.33696448802948,0.6348110437393188,0.9965621829032898,0.5801697373390198,0.7232797741889954,0.9880023002624512,0.3835884630680084,0.7244604825973511,0.9927371144294739
101,3.3693,0.4615209698677063,0.3935593068599701,0.9940662384033203,0.481594055891037,0.38561058044433594,0.9896615743637085,0.44303280115127563,0.38474366068840027,0.9897953867912292,0.509594202041626,0.39530816674232483,0.9140390753746033,0.417304664850235,0.3940439820289612,0.9171425104141235,0.5569893717765808,0.44557589292526245,0.9975070357322693,0.37865862250328064,0.44675809144973755,0.995924711227417,0.6396609544754028,0.4865432679653168,0.9913995265960693,0.3010483384132385,0.48785075545310974,0.9950773119926453,0.6920722126960754,0.45103803277015686,0.9751021862030029,0.2384030818939209,0.4519571363925934,0.9892460703849792,0.5279560089111328,0.5586036443710327,0.9964501857757568,0.41368797421455383,0.5588515996932983,0.9963830709457397,0.591566264629364,0.6332823038101196,0.9946868419647217,0.33632099628448486,0.6354554295539856,0.996532678604126,0.5798659324645996,0.7233714461326599,0.9880828261375427,0.38431113958358765,0.7250410318374634,0.9926660656929016
102,3.4026,0.46032533049583435,0.3971448540687561,0.9943231344223022,0.48022040724754333,0.3892579674720764,0.9914831519126892,0.4418906271457672,0.388577938079834,0.990810751914978,0.5089633464813232,0.3991272449493408,0.933917760848999,0.41621628403663635,0.3982848525047302,0.9251506328582764,0.5569185018539429,0.4491405487060547,0.9975384473800659,0.37724173069000244,0.4506833553314209,0.9958922863006592,0.6406569480895996,0.4905640482902527,0.9916890263557434,0.30095353722572327,0.4915343225002289,0.9948510527610779,0.6915989518165588,0.45482492446899414,0.9740996360778809,0.2383555769920349,0.45439642667770386,0.9885376691818237,0.5273140668869019,0.5623212456703186,0.99631267786026,0.41259732842445374,0.5627239346504211,0.9962148070335388,0.591857373714447,0.6341499090194702,0.9943743944168091,0.3351706564426422,0.6359713673591614,0.9964097142219543,0.579635500907898,0.7233725190162659,0.9865490794181824,0.3843678832054138,0.7249377369880676,0.9919850826263428
103,3.436,0.4603075385093689,0.401212602853775,0.9942662119865417,0.4804192781448364,0.39313676953315735,0.9909159541130066,0.4415547251701355,0.39251619577407837,0.989983081817627,0.509351372718811,0.40195316076278687,0.9282402992248535,0.4162280559539795,0.40130385756492615,0.911983847618103,0.5570433735847473,0.45221367478370667,0.9974939823150635,0.3777950704097748,0.4542452394962311,0.9960816502571106,0.6418207883834839,0.4939550757408142,0.9914824962615967,0.30031824111938477,0.4956173002719879,0.9951421022415161,0.6907860040664673,0.45677509903907776,0.9744385480880737,0.23695525527000427,0.4564267098903656,0.9886081218719482,0.5268924236297607,0.5643149614334106,0.996190071105957,0.4119236469268799,0.5647739768028259,0.9960857629776001,0.5919600129127502,0.6344300508499146,0.9943249821662903,0.3330707252025604,0.6363499164581299,0.9963037967681885,0.5795735120773315,0.723353385925293,0.9870285987854004,0.38435155153274536,0.7248148918151855,0.9920589923858643
104,3.4693,0.46123573184013367,0.4050653576850891,0.9941898584365845,0.4810768663883209,0.3969708979129791,0.9895542860031128,0.44234347343444824,0.39626118540763855,0.9898659586906433,0.5087766051292419,0.40580567717552185,0.9133104681968689,0.4165140688419342,0.40499886870384216,0.9166600108146667,0.5576916933059692,0.455841600894928,0.997459352016449,0.3778670132160187,0.4568847715854645,0.9959930181503296,0.6403825283050537,0.4976082742214203,0.9910838603973389,0.3007795512676239,0.4984472393989563,0.9953566193580627,0.690724790096283,0.4604397714138031,0.9739007949829102,0.2382698953151703,0.46220478415489197,0.9910378456115723,0.5262806415557861,0.5663199424743652,0.9960770010948181,0.410934716463089,0.5663570165634155,0.9961048364639282,0.5897127985954285,0.6343752145767212,0.9944877028465271,0.3307443857192993,0.6369081735610962,0.9965588450431824,0.5795944929122925,0.7239581942558289,0.9870332479476929,0.3844635784626007,0.7249777913093567,0.9922452569007874
105,3.5027,0.45975202322006226,0.4090732932090759,0.9942289590835571,0.47922244668006897,0.4011453688144684,0.9906513690948486,0.44177597761154175,0.40030041337013245,0.9898422360420227,0.5069401264190674,0.40993720293045044,0.9258520007133484,0.4166466295719147,0.4088488519191742,0.9117807149887085,0.5567360520362854,0.4590003490447998,0.9974939823150635,0.37784746289253235,0.46090832352638245,0.9959248304367065,0.6401214599609375,0.49986347556114197,0.9910564422607422,0.299460768699646,0.5012527704238892,0.9953628778457642,0.6924979090690613,0.46343761682510376,0.9728250503540039,0.23798736929893494,0.4647652208805084,0.9910749197006226,0.525746762752533,0.568694531917572,0.996199905872345,0.4101799726486206,0.5689340233802795,0.9961585402488708,0.5905877947807312,0.6353613138198853,0.9948261380195618,0.3293633759021759,0.6378908157348633,0.9966375827789307,0.5794065594673157,0.7239963412284851,0.9872439503669739,0.3837631642818451,0.7244552373886108,0.9921385645866394
106,3.5361,0.46048325300216675,0.41299158334732056,0.9945358037948608,0.48026037216186523,0.404731422662735,0.9914031624794006,0.4418857991695404,0.404043585062027,0.9905242323875427,0.5078083872795105,0.4137879014015198,0.9316490292549133,0.4165745973587036,0.413018137216568,0.9171558022499084,0.557081401348114,0.46324148774147034,0.997398853302002,0.3773171007633209,0.46473512053489685,0.9957993626594543,0.6366145014762878,0.5046949982643127,0.9906452894210815,0.30049431324005127,0.5034593343734741,0.9949874877929688,0.6922242641448975,0.4664221704006195,0.9751445651054382,0.23614738881587982,0.46739262342453003,0.9909849166870117,0.5249330401420593,0.572219967842102,0.9961942434310913,0.41015493869781494,0.5723564624786377,0.9960638880729675,0.5899536609649658,0.6365468502044678,0.9949082732200623,0.329217791557312,0.6383649110794067,0.9964832067489624,0.5789952874183655,0.7236754894256592,0.9874113202095032,0.3838439881801605,0.7243399024009705,0.9917499423027039
107,3.5694,0.46064379811286926,0.41648563742637634,0.9948299527168274,0.4799163341522217,0.4085314869880676,0.9908245801925659,0.44207775592803955,0.4080689549446106,0.9905875325202942,0.5075349807739258,0.4177308976650238,0.9193418025970459,0.4173225462436676,0.41743141412734985,0.9110612273216248,0.5570914149284363,0.46806269884109497,0.9974097609519958,0.37728267908096313,0.46857109665870667,0.9957471489906311,0.6385998129844666,0.5085868239402771,0.9911443591117859,0.2994161546230316,0.5071514844894409,0.9948391318321228,0.6928349733352661,0.47023096680641174,0.9777089357376099,0.2368645966053009,0.47094860672950745,0.9912644624710083,0.5240697860717773,0.5763494372367859,0.9962213039398193,0.4107265770435333,0.5762771368026733,0.9960033297538757,0.5898568630218506,0.6368834376335144,0.9949126243591309,0.3298782706260681,0.6385159492492676,0.996327817440033,0.5789027214050293,0.7239419221878052,0.9877578020095825,0.38401275873184204,0.7239285111427307,0.9916369318962097
108,3.6028,0.4603084623813629,0.4205058515071869,0.9953516721725464,0.48021435737609863,0.4126752018928528,0.992850661277771,0.4424325227737427,0.4119400382041931,0.9908445477485657,0.5088858008384705,0.422075092792511,0.9369115829467773,0.4180106818675995,0.4210800528526306,0.8947815895080566,0.5575079917907715,0.4691281318664551,0.9974217414855957,0.37775078415870667,0.47023025155067444,0.9956395626068115,0.6382143497467041,0.5118831396102905,0.9916925430297852,0.3001985251903534,0.5115305781364441,0.9945914149284363,0.6908631324768066,0.47436174750328064,0.9789935350418091,0.23825383186340332,0.47607508301734924,0.9915962815284729,0.5250719785690308,0.5777596831321716,0.996206521987915,0.41149377822875977,0.5781091451644897,0.9960172772407532,0.5903990864753723,0.6370247006416321,0.9948652386665344,0.33043426275253296,0.6393712759017944,0.99637371301651,0.5786136388778687,0.724214494228363,0.9869980812072754,0.38396525382995605,0.7233231663703918,0.9915195107460022
109,3.6361,0.4601455628871918,0.42408809065818787,0.9957301020622253,0.48045045137405396,0.41619357466697693,0.9938501119613647,0.44196751713752747,0.41534072160720825,0.992270827293396,0.5090639591217041,0.4256621301174164,0.9440260529518127,0.4173590838909149,0.4244140684604645,0.9133290648460388,0.5573474168777466,0.4727012515068054,0.9974765181541443,0.37737563252449036,0.47417622804641724,0.995692789554596,0.6361028552055359,0.5144174695014954,0.991564154624939,0.29944178462028503,0.5148684978485107,0.9943848848342896,0.6892858743667603,0.47717857360839844,0.9781584739685059,0.23710854351520538,0.47821861505508423,0.9909890294075012,0.5254797339439392,0.5811752080917358,0.9961438179016113,0.41214290261268616,0.5816308259963989,0.9958392381668091,0.5910177230834961,0.6374276876449585,0.9949139356613159,0.33150652050971985,0.6397217512130737,0.9962611794471741,0.5788106918334961,0.7240263223648071,0.9868669509887695,0.38399603962898254,0.7233190536499023,0.9910985827445984
110,3.6695,0.4591934084892273,0.4273361563682556,0.9953023195266724,0.47912928462028503,0.41923779249191284,0.9924322366714478,0.4407537579536438,0.41860994696617126,0.9910619258880615,0.507722020149231,0.4279555380344391,0.9315391778945923,0.41606220602989197,0.42727017402648926,0.9045962691307068,0.5578221082687378,0.4760538637638092,0.9975889921188354,0.37501224875450134,0.4779648780822754,0.9957621693611145,0.6377943158149719,0.5183976888656616,0.9921658039093018,0.2977275550365448,0.5182691812515259,0.9943950176239014,0.6871877312660217,0.4800112247467041,0.9794909358024597,0.2358734905719757,0.4799070954322815,0.9907772541046143,0.5255985856056213,0.5847705602645874,0.9961599111557007,0.4108910858631134,0.5852776765823364,0.9957302212715149,0.5911064743995667,0.6378360986709595,0.9946253895759583,0.33310189843177795,0.6397691965103149,0.9958872199058533,0.5784978866577148,0.7239408493041992,0.9862274527549744,0.3842177391052246,0.7237032651901245,0.9903867840766907
111,3.7029,0.46033376455307007,0.4315997064113617,0.9949354529380798,0.4803178906440735,0.42355090379714966,0.9914199113845825,0.4420028626918793,0.42259305715560913,0.9907105565071106,0.5074489116668701,0.43239641189575195,0.92198646068573,0.41670405864715576,0.43098410964012146,0.9126253128051758,0.5580664277076721,0.4794839024543762,0.9975823163986206,0.3749007284641266,0.48067933320999146,0.995678722858429,0.6383548974990845,0.5232604742050171,0.9926390647888184,0.29815202951431274,0.5214184522628784,0.9943335056304932,0.6903020143508911,0.482921302318573,0.9787654280662537,0.2376607209444046,0.4845934510231018,0.9904326796531677,0.5251738429069519,0.5876796841621399,0.9961791038513184,0.41039609909057617,0.5878455638885498,0.9957771301269531,0.5900934338569641,0.6383652687072754,0.9949389696121216,0.33383533358573914,0.6402600407600403,0.9960915446281433,0.5782342553138733,0.7239429950714111,0.9865082502365112,0.38457658886909485,0.7241007089614868,0.9903752207756042
112,3.7362,0.45953652262687683,0.43478113412857056,0.9945574998855591,0.47892701625823975,0.42678993940353394,0.9915483593940735,0.44143834710121155,0.42611104249954224,0.9898701310157776,0.5066739320755005,0.4352918565273285,0.929387629032135,0.4165087044239044,0.43449100852012634,0.9035354852676392,0.5572302341461182,0.4822598397731781,0.997490644454956,0.3756023347377777,0.48293232917785645,0.9956145286560059,0.6381936073303223,0.5258272886276245,0.9921748042106628,0.2990565299987793,0.524152934551239,0.9942824840545654,0.6918449997901917,0.4864983558654785,0.9764951467514038,0.23749639093875885,0.48768752813339233,0.9889031052589417,0.5256571173667908,0.5906878709793091,0.9960055947303772,0.41162270307540894,0.5906976461410522,0.995609700679779,0.5912527441978455,0.6392969489097595,0.9947279095649719,0.3335413932800293,0.6404608488082886,0.995955228805542,0.5782343745231628,0.7236438989639282,0.9861592650413513,0.38454726338386536,0.7241743206977844,0.9900500774383545
113,3.7696,0.46059802174568176,0.4381418228149414,0.9944753050804138,0.4797557294368744,0.42975062131881714,0.9908767342567444,0.44214752316474915,0.42910146713256836,0.9906090497970581,0.506625771522522,0.4380185008049011,0.9221042990684509,0.41728872060775757,0.43732118606567383,0.9173222184181213,0.5566855669021606,0.4868040680885315,0.9973939657211304,0.3764488697052002,0.48650336265563965,0.9955223798751831,0.6388323307037354,0.5292779207229614,0.9919933080673218,0.298383891582489,0.5255259275436401,0.9943538904190063,0.6940165162086487,0.4886297285556793,0.9761171340942383,0.23568099737167358,0.4894726872444153,0.9886972904205322,0.5257381200790405,0.5940132141113281,0.9957765936851501,0.4128037691116333,0.593654990196228,0.9952908754348755,0.5933240652084351,0.6404380202293396,0.9946434497833252,0.3333938717842102,0.6412939429283142,0.995705783367157,0.5782563090324402,0.7232661247253418,0.9858908653259277,0.38484495878219604,0.7241770625114441,0.9891304969787598
114,3.8029,0.4598143398761749,0.441302627325058,0.9950332641601562,0.4788424074649811,0.43317317962646484,0.9921534657478333,0.44170108437538147,0.43271487951278687,0.990330696105957,0.5069542527198792,0.440886914730072,0.9300654530525208,0.41785332560539246,0.44057756662368774,0.8937345743179321,0.5565645694732666,0.49000492691993713,0.9974654912948608,0.3761425018310547,0.49018335342407227,0.9955765008926392,0.6382201313972473,0.5318230986595154,0.9924417734146118,0.2969670295715332,0.5286353826522827,0.9947399497032166,0.6916560530662537,0.49369993805885315,0.9773113131523132,0.23609928786754608,0.4921722412109375,0.9901044964790344,0.5257782936096191,0.5957983136177063,0.9957020878791809,0.4143666625022888,0.5958908200263977,0.9951640367507935,0.5940735936164856,0.6403710842132568,0.9946203231811523,0.33292803168296814,0.6410931348800659,0.9956804513931274,0.5783461332321167,0.7225066423416138,0.9855800867080688,0.38467270135879517,0.7237111926078796,0.989021360874176
115,3.8363,0.45963290333747864,0.4443987011909485,0.9948703050613403,0.478818416595459,0.4365771412849426,0.9920401573181152,0.44221097230911255,0.43576478958129883,0.990103006362915,0.5062342882156372,0.44499078392982483,0.9337902069091797,0.418693870306015,0.44383201003074646,0.8952258229255676,0.5562993288040161,0.49292486906051636,0.9974627494812012,0.3772929012775421,0.49231815338134766,0.9955042004585266,0.6401343941688538,0.5349470973014832,0.992607831954956,0.297622948884964,0.5327106714248657,0.9945904016494751,0.6942126750946045,0.4954843521118164,0.9777300357818604,0.23724465072155,0.49772873520851135,0.9901167750358582,0.5272026062011719,0.596814751625061,0.9957377910614014,0.4157237112522125,0.5964382290840149,0.9950927495956421,0.5939714312553406,0.640988290309906,0.994884192943573,0.33376771211624146,0.6413350701332092,0.9956455230712891,0.578296959400177,0.722294807434082,0.9862257242202759,0.38504558801651,0.723925769329071,0.988728404045105
116,3.8697,0.460071861743927,0.4470192790031433,0.995080828666687,0.4789401888847351,0.43910759687423706,0.9932063817977905,0.4422752857208252,0.4388374388217926,0.9913294315338135,0.5068175196647644,0.44785547256469727,0.9446139335632324,0.4184397757053375,0.4478985369205475,0.9114956855773926,0.5577031373977661,0.49463653564453125,0.9973823428153992,0.3772733509540558,0.4953463077545166,0.9954100251197815,0.641133189201355,0.5370537042617798,0.9922670722007751,0.29821279644966125,0.5378099679946899,0.9946447610855103,0.693900465965271,0.4971620440483093,0.9773986339569092,0.23853784799575806,0.5006695985794067,0.9900704026222229,0.5274404883384705,0.6014546155929565,0.9954924583435059,0.41633903980255127,0.6010956764221191,0.9947550296783447,0.5924756526947021,0.6417637467384338,0.9947270750999451,0.33382415771484375,0.6399095058441162,0.9955358505249023,0.5780354738235474,0.7232450246810913,0.9850378632545471,0.3830285370349884,0.7239444255828857,0.9880115985870361
117,3.903,0.46040061116218567,0.4493201673030853,0.9949886202812195,0.4800305962562561,0.4413835406303406,0.9932042360305786,0.44223785400390625,0.44092026352882385,0.991588294506073,0.5078705549240112,0.4505574107170105,0.9469106793403625,0.4179980456829071,0.4501000940799713,0.9216939806938171,0.5572049021720886,0.4970409870147705,0.9973146319389343,0.3769950866699219,0.4973779320716858,0.9953398704528809,0.6400571465492249,0.5379579067230225,0.9919891953468323,0.2990001142024994,0.5401169061660767,0.9944777488708496,0.6948003768920898,0.49855566024780273,0.9771847128868103,0.2364479899406433,0.5018497705459595,0.989186704158783,0.527989387512207,0.60381019115448,0.9952306151390076,0.4165663421154022,0.6032993793487549,0.9942943453788757,0.5928148627281189,0.6417660713195801,0.9947636127471924,0.3343406319618225,0.6399787664413452,0.995375394821167,0.5778027176856995,0.7228757739067078,0.9850016832351685,0.38320544362068176,0.7237449884414673,0.9873542189598083
118,3.9364,0.46015438437461853,0.4506337642669678,0.9949464201927185,0.48019078373908997,0.44285812973976135,0.9927507638931274,0.4416893422603607,0.4423680305480957,0.9910300970077515,0.5085907578468323,0.4518572688102722,0.9408782720565796,0.41702771186828613,0.45133286714553833,0.9159556031227112,0.5573729872703552,0.4982719421386719,0.9972848892211914,0.37644389271736145,0.49932608008384705,0.9953937530517578,0.6398796439170837,0.5391924381256104,0.9917969703674316,0.2989856004714966,0.5419170260429382,0.9947227239608765,0.6934935450553894,0.5013407468795776,0.9778922200202942,0.23618261516094208,0.5027796030044556,0.9901036024093628,0.5289930701255798,0.6052087545394897,0.9950870871543884,0.41621115803718567,0.6049938201904297,0.9941325783729553,0.5926181077957153,0.6416628360748291,0.994615375995636,0.3348436653614044,0.6401746273040771,0.9952535629272461,0.5784218907356262,0.7229579091072083,0.9844672679901123,0.3837864398956299,0.723883330821991,0.986970067024231
119,3.9697,0.45994675159454346,0.45138636231422424,0.9946382641792297,0.4796668291091919,0.44356775283813477,0.9921504259109497,0.44158321619033813,0.4432712495326996,0.9906108975410461,0.5083366632461548,0.45307809114456177,0.9397410750389099,0.41704753041267395,0.4529848098754883,0.9154496192932129,0.5579734444618225,0.49969619512557983,0.9972986578941345,0.3770134449005127,0.5002341270446777,0.9953472018241882,0.6411619186401367,0.5417415499687195,0.9921659231185913,0.29735273122787476,0.5421923398971558,0.9945586323738098,0.6942344903945923,0.5015314221382141,0.9787267446517944,0.23619914054870605,0.5033615827560425,0.9902979731559753,0.529935896396637,0.6058385968208313,0.9950514435768127,0.41703665256500244,0.6054986119270325,0.9941153526306152,0.5915549993515015,0.6419870853424072,0.9946253895759583,0.33488601446151733,0.6402788758277893,0.9952664375305176,0.5786131024360657,0.7226961851119995,0.9844211339950562,0.38368716835975647,0.7234132885932922,0.9869352579116821
120,4.0031,0.4596861004829407,0.4518796503543854,0.9947304725646973,0.47939661145210266,0.4440392851829529,0.9921383261680603,0.4413326680660248,0.4437197148799896,0.9908317923545837,0.5081444978713989,0.4533764719963074,0.9377846121788025,0.41701099276542664,0.453255832195282,0.9139595031738281,0.5584474205970764,0.5005538463592529,0.9972587823867798,0.3776644468307495,0.5007346868515015,0.9953252077102661,0.6424285173416138,0.5430171489715576,0.9923237562179565,0.2973969876766205,0.5433247089385986,0.9944728016853333,0.6945700645446777,0.5022162199020386,0.9802205562591553,0.23680861294269562,0.5035598874092102,0.9899550676345825,0.5303526520729065,0.6063756346702576,0.9949070811271667,0.4174419045448303,0.6058746576309204,0.9939144253730774,0.5915051698684692,0.6420062780380249,0.9944130778312683,0.33476948738098145,0.6403853297233582,0.9950441122055054,0.5787487626075745,0.7227424383163452,0.9841694831848145,0.38395437598228455,0.7238107919692993,0.9865373373031616
121,4.0365,0.4595547914505005,0.4516436457633972,0.9947774410247803,0.47895804047584534,0.4438677728176117,0.9923055768013,0.44125473499298096,0.44378989934921265,0.9906893968582153,0.5081775784492493,0.453230082988739,0.9387967586517334,0.41707199811935425,0.4536299705505371,0.9082707762718201,0.5582559108734131,0.5003413558006287,0.9972621202468872,0.37814652919769287,0.500555157661438,0.9953075051307678,0.6426106691360474,0.5433844327926636,0.9925001263618469,0.2973884642124176,0.5429977178573608,0.9944816827774048,0.6947219967842102,0.5020149946212769,0.9801906943321228,0.23694489896297455,0.5037307143211365,0.9901245832443237,0.530472993850708,0.6064120531082153,0.994981586933136,0.417528361082077,0.6059960126876831,0.9940395355224609,0.5910353660583496,0.6420992612838745,0.9943779110908508,0.33627983927726746,0.6403849124908447,0.9950746893882751,0.578409731388092,0.7227559685707092,0.9842459559440613,0.38355064392089844,0.7239721417427063,0.9867566823959351
122,4.0698,0.45987340807914734,0.4511466920375824,0.9948477745056152,0.47929510474205017,0.4432806372642517,0.9924750924110413,0.44161707162857056,0.44317683577537537,0.9910863041877747,0.5083792209625244,0.45250624418258667,0.9397986531257629,0.4174942076206207,0.4528464376926422,0.9134500026702881,0.5593303442001343,0.49956807494163513,0.9972245693206787,0.3776150047779083,0.5000323057174683,0.9952776432037354,0.6430454850196838,0.5428587198257446,0.9924112558364868,0.2972259521484375,0.5424171686172485,0.9944503307342529,0.6951868534088135,0.5014508962631226,0.9794164896011353,0.23613755404949188,0.5032641291618347,0.9903349876403809,0.5310160517692566,0.6052700281143188,0.9950609803199768,0.4176311194896698,0.604839563369751,0.9942224621772766,0.59065842628479,0.641722559928894,0.9945380091667175,0.33725741505622864,0.6394820809364319,0.9953408241271973,0.5779524445533752,0.7227469682693481,0.9845303297042847,0.38342154026031494,0.7235867381095886,0.9874449968338013
123,4.1032,0.46069997549057007,0.4497029781341553,0.9948544502258301,0.4802699685096741,0.44177237153053284,0.9925009608268738,0.4424663484096527,0.4414215087890625,0.9912931323051453,0.5089552998542786,0.4509870111942291,0.9395594000816345,0.4181276857852936,0.4507791996002197,0.9187583327293396,0.5600674748420715,0.49898847937583923,0.9972080588340759,0.37750083208084106,0.4993283152580261,0.9952595829963684,0.6440826654434204,0.5396992564201355,0.9920111298561096,0.29886531829833984,0.5421903133392334,0.994371235370636,0.6967750787734985,0.5002046227455139,0.9785546660423279,0.23773504793643951,0.5033536553382874,0.9899232983589172,0.5306713581085205,0.6038129925727844,0.9950957298278809,0.4176620841026306,0.6031110882759094,0.9942290782928467,0.5905263423919678,0.6412262320518494,0.9946383833885193,0.33896103501319885,0.6388242244720459,0.9954313039779663,0.5777313113212585,0.722954273223877,0.9851254224777222,0.38316795229911804,0.7239989042282104,0.9878805875778198
124,4.1365,0.46049508452415466,0.44785553216934204,0.9949554800987244,0.4802505373954773,0.4401055872440338,0.9931173324584961,0.44227567315101624,0.4398372173309326,0.9913113117218018,0.5092307925224304,0.44999629259109497,0.9467819929122925,0.41824814677238464,0.44999122619628906,0.9158747792243958,0.560783326625824,0.4965268075466156,0.9971849322319031,0.37759703397750854,0.49801984429359436,0.995287299156189,0.6446237564086914,0.5394328832626343,0.9920670986175537,0.2985022962093353,0.540480375289917,0.9943142533302307,0.6972293257713318,0.49941492080688477,0.9776436686515808,0.2379016876220703,0.5015906691551208,0.9895540475845337,0.5312185287475586,0.6013766527175903,0.9952103495597839,0.41765135526657104,0.601131796836853,0.9944713115692139,0.5902599096298218,0.6402729749679565,0.9946684241294861,0.33997803926467896,0.6380089521408081,0.9955604076385498,0.5777603387832642,0.723000705242157,0.9849531650543213,0.3826420307159424,0.723788857460022,0.9881365299224854
125,4.1699,0.4610515534877777,0.44512706995010376,0.9947782754898071,0.4799564778804779,0.43728986382484436,0.9921215772628784,0.44304344058036804,0.4372147023677826,0.990577220916748,0.5084244012832642,0.44655942916870117,0.9365999698638916,0.419544517993927,0.4470559060573578,0.9049364328384399,0.5618667006492615,0.4943141043186188,0.9972696900367737,0.3792623281478882,0.49551922082901,0.9954904913902283,0.6451308131217957,0.5373548269271851,0.9922917485237122,0.30009663105010986,0.5376220941543579,0.9948273301124573,0.6976091265678406,0.49768000841140747,0.9763779640197754,0.239210844039917,0.5009948015213013,0.9904122948646545,0.532056450843811,0.5992783308029175,0.9954671859741211,0.4187539517879486,0.5988221168518066,0.9949107766151428,0.5891211628913879,0.6396781206130981,0.9948175549507141,0.34081512689590454,0.6374916434288025,0.9957717061042786,0.5777473449707031,0.72348552942276,0.9862682819366455,0.382636696100235,0.7243022918701172,0.9893234372138977
126,4.2032,0.46065282821655273,0.44226449728012085,0.9948000907897949,0.4800562858581543,0.43464192748069763,0.9915870428085327,0.4430878460407257,0.4339434504508972,0.9899696707725525,0.5079385042190552,0.4434839189052582,0.9290103912353516,0.4195576012134552,0.44256386160850525,0.8963792324066162,0.5606862902641296,0.4920392632484436,0.9973100423812866,0.37834522128105164,0.49267539381980896,0.9955604076385498,0.643662691116333,0.5356635451316833,0.992697536945343,0.30003029108047485,0.5335918664932251,0.9946447610855103,0.698212742805481,0.495363712310791,0.9764567613601685,0.24082450568675995,0.4999569058418274,0.9904374480247498,0.5309663414955139,0.596946120262146,0.9954867959022522,0.4182087779045105,0.5962969064712524,0.9951449036598206,0.5884922742843628,0.6386550664901733,0.9947690367698669,0.33985596895217896,0.6363850235939026,0.9959948062896729,0.5779955387115479,0.7236294746398926,0.9857198596000671,0.38248494267463684,0.7246538996696472,0.9897168278694153
127,4.2366,0.46002599596977234,0.4394811689853668,0.9946016073226929,0.4791443347930908,0.43153294920921326,0.9913752675056458,0.44225630164146423,0.43134576082229614,0.9894408583641052,0.5079952478408813,0.4401513934135437,0.9292541742324829,0.41925162076950073,0.4403625428676605,0.8831971883773804,0.5600766539573669,0.4895021319389343,0.9972055554389954,0.37890952825546265,0.49038371443748474,0.9955625534057617,0.6425917148590088,0.5342056751251221,0.992746889591217,0.2985886335372925,0.5296396613121033,0.9946499466896057,0.6969962120056152,0.4929617941379547,0.9760579466819763,0.23841260373592377,0.4938468933105469,0.9900093078613281,0.5305704474449158,0.595147967338562,0.9954831600189209,0.41795310378074646,0.5947166681289673,0.9951955676078796,0.586690366268158,0.637745201587677,0.994602382183075,0.33903172612190247,0.6346648335456848,0.9959564805030823,0.5773690938949585,0.7239675521850586,0.9850555658340454,0.38234713673591614,0.7247963547706604,0.9895812273025513
128,4.27,0.4605107307434082,0.4369885325431824,0.9943517446517944,0.4807284474372864,0.4292146563529968,0.9914354681968689,0.44301778078079224,0.42837005853652954,0.9889768958091736,0.5090152621269226,0.4387059211730957,0.9368951916694641,0.41965362429618835,0.4374261498451233,0.891487181186676,0.561002790927887,0.48644280433654785,0.9971563816070557,0.37719476222991943,0.4885256886482239,0.9954667091369629,0.6428097486495972,0.5320364236831665,0.9924047589302063,0.2990097999572754,0.5274984240531921,0.994242250919342,0.6988049149513245,0.49056777358055115,0.9766973257064819,0.2371063083410263,0.49119725823402405,0.9893652200698853,0.5307117700576782,0.5916115045547485,0.9954814910888672,0.41713905334472656,0.5915823578834534,0.9953083395957947,0.5851303339004517,0.6369595527648926,0.9948087930679321,0.3395383954048157,0.6348492503166199,0.9963048696517944,0.5777945518493652,0.723978579044342,0.9845684766769409,0.3820727467536926,0.7245355844497681,0.9899645447731018
129,4.3033,0.46001365780830383,0.43402451276779175,0.9946269392967224,0.48001569509506226,0.42644691467285156,0.9922752976417542,0.4424023926258087,0.42595601081848145,0.9894292950630188,0.5090215802192688,0.43684959411621094,0.9428210854530334,0.41886818408966064,0.43635302782058716,0.8914709687232971,0.5604283809661865,0.48312073945999146,0.9971731901168823,0.37708309292793274,0.48596328496932983,0.9955319166183472,0.6432918310165405,0.5297752022743225,0.9923853874206543,0.2995947599411011,0.5249367952346802,0.9944677352905273,0.699371337890625,0.48771578073501587,0.9765509963035583,0.2374456375837326,0.4884963631629944,0.989667534828186,0.529994785785675,0.5883069634437561,0.9955102205276489,0.4162108898162842,0.5886396169662476,0.9953914880752563,0.58436119556427,0.6367480754852295,0.9948107004165649,0.3394562900066376,0.6346198320388794,0.9964080452919006,0.5778675675392151,0.7245122790336609,0.9851110577583313,0.3820740878582001,0.7240985035896301,0.9906517267227173
130,4.3367,0.46082523465156555,0.4310911297798157,0.9943975210189819,0.4807136654853821,0.4233648180961609,0.9900121092796326,0.44281479716300964,0.42268848419189453,0.9888311624526978,0.5084330439567566,0.43312206864356995,0.919577956199646,0.418666809797287,0.43227845430374146,0.8971095085144043,0.5604498386383057,0.4796079993247986,0.9973558187484741,0.37486550211906433,0.482288122177124,0.9956835508346558,0.6445364356040955,0.5243903994560242,0.9925978183746338,0.29914361238479614,0.5233033895492554,0.994364857673645,0.6959889531135559,0.48472490906715393,0.9783747792243958,0.23811323940753937,0.4860362410545349,0.9900231957435608,0.5287935733795166,0.5854210257530212,0.9957976341247559,0.41465437412261963,0.5856372117996216,0.9955586194992065,0.5832054018974304,0.6352075338363647,0.9950036406517029,0.3393380343914032,0.6335140466690063,0.9964471459388733,0.577888011932373,0.7248958349227905,0.9862930774688721,0.38209235668182373,0.7241436243057251,0.991313636302948
131,4.37,0.4601583182811737,0.4278887212276459,0.9949722290039062,0.48011767864227295,0.42011815309524536,0.9912701845169067,0.4421488046646118,0.4196135103702545,0.9894445538520813,0.5090307593345642,0.429861456155777,0.9284130334854126,0.4185006320476532,0.4293435215950012,0.8853272199630737,0.5611823797225952,0.4786584973335266,0.9974961876869202,0.3756367862224579,0.4800340533256531,0.9958435893058777,0.6451826095581055,0.5230026245117188,0.9929197430610657,0.2984054386615753,0.5204744338989258,0.9943807721138,0.6963033080101013,0.4823165833950043,0.9784690737724304,0.23785178363323212,0.4836343228816986,0.9909982681274414,0.5280200839042664,0.5836257338523865,0.9958457350730896,0.4139360189437866,0.5835753679275513,0.9956693649291992,0.5818570256233215,0.6339823007583618,0.9949369430541992,0.3400203287601471,0.6331828236579895,0.9964886903762817,0.5785109400749207,0.7247636318206787,0.9869351387023926,0.38202807307243347,0.7240504622459412,0.9918714761734009
132,4.4034,0.4605492949485779,0.42514267563819885,0.9950937032699585,0.4805188477039337,0.41752099990844727,0.9916605353355408,0.4422871470451355,0.4170073866844177,0.99029541015625,0.5088309645652771,0.42768144607543945,0.9302666783332825,0.41834166646003723,0.42720070481300354,0.8999910950660706,0.5607012510299683,0.4757668972015381,0.9974109530448914,0.37588340044021606,0.47799330949783325,0.9957667589187622,0.6431430578231812,0.5209494829177856,0.9926562905311584,0.29893556237220764,0.5183717012405396,0.9942902326583862,0.6947007775306702,0.48129725456237793,0.9791963696479797,0.23689395189285278,0.4798107147216797,0.9909740090370178,0.528592050075531,0.5807454586029053,0.9957882761955261,0.4145926535129547,0.5811313390731812,0.9956743121147156,0.5805941224098206,0.6331880688667297,0.994949460029602,0.34075790643692017,0.6330680847167969,0.9966435432434082,0.5780546069145203,0.7252866625785828,0.9864034652709961,0.38196662068367004,0.7243334054946899,0.9919430017471313
133,4.4368,0.4606621563434601,0.42285269498825073,0.9950483441352844,0.4806075990200043,0.41553840041160583,0.9919947385787964,0.4425484538078308,0.4150022566318512,0.9905401468276978,0.5091988444328308,0.4259743094444275,0.9358476400375366,0.4185234010219574,0.4254196584224701,0.9063272476196289,0.5611992478370667,0.47364670038223267,0.9973581433296204,0.37631699442863464,0.47556838393211365,0.9956965446472168,0.6434908509254456,0.5178144574165344,0.9923122525215149,0.2993534207344055,0.5161657929420471,0.9942175149917603,0.6964109539985657,0.4794296324253082,0.9779083132743835,0.23700568079948425,0.47862404584884644,0.9907331466674805,0.5292028188705444,0.5778640508651733,0.9958233833312988,0.4149669110774994,0.5782300233840942,0.9957343935966492,0.5803274512290955,0.6325939893722534,0.995018482208252,0.34073418378829956,0.6327371001243591,0.9967441558837891,0.5786338448524475,0.7253076434135437,0.9867336750030518,0.3823874890804291,0.724946916103363,0.9921715259552002
134,4.4701,0.46038249135017395,0.4200621545314789,0.9952384233474731,0.4802722632884979,0.4132624566555023,0.9931303858757019,0.44278889894485474,0.41279929876327515,0.9902410507202148,0.5097284913063049,0.424274742603302,0.9488141536712646,0.41959601640701294,0.42381754517555237,0.889587938785553,0.561492383480072,0.4710675776004791,0.9972509741783142,0.3778180480003357,0.4726680815219879,0.9955263733863831,0.6429621577262878,0.5155119299888611,0.9919766783714294,0.2986379861831665,0.5131527781486511,0.9939457774162292,0.6967576742172241,0.4774641990661621,0.9793063402175903,0.23773574829101562,0.476550430059433,0.9907660484313965,0.5297407507896423,0.574772298336029,0.9957401752471924,0.415336012840271,0.5751868486404419,0.9956749081611633,0.5808964967727661,0.6321059465408325,0.9949134588241577,0.339979887008667,0.632450520992279,0.9967378973960876,0.5790532827377319,0.7251359224319458,0.9866069555282593,0.3824864625930786,0.7248750925064087,0.9922221302986145
135,4.5035,0.46053069829940796,0.41792240738868713,0.9949873685836792,0.48058849573135376,0.4109148383140564,0.9926918148994446,0.4428364932537079,0.41033411026000977,0.9899203777313232,0.5100399255752563,0.4217723309993744,0.9472677111625671,0.41931501030921936,0.4210394024848938,0.8928101658821106,0.562323272228241,0.46889352798461914,0.9972363114356995,0.37721917033195496,0.4698929190635681,0.9953985810279846,0.6428945660591125,0.5124409198760986,0.9917110204696655,0.29931652545928955,0.5105318427085876,0.9941891431808472,0.6957459449768066,0.4745549261569977,0.9794491529464722,0.23996473848819733,0.47553643584251404,0.9917463064193726,0.5284382104873657,0.5730347633361816,0.9958770275115967,0.4141726493835449,0.5732473134994507,0.9958354234695435,0.5813512802124023,0.6302477717399597,0.9950411915779114,0.34040138125419617,0.6316177248954773,0.9968484044075012,0.5791427493095398,0.7246565818786621,0.9875400066375732,0.3823229968547821,0.7245610952377319,0.9927231669425964
136,4.5368,0.4601590037345886,0.4150247573852539,0.9945889711380005,0.4799262583255768,0.4080198407173157,0.9919583797454834,0.44235584139823914,0.4077834188938141,0.9888870120048523,0.5095222592353821,0.41942960023880005,0.9471266865730286,0.41910460591316223,0.4194348454475403,0.8902631998062134,0.5613521933555603,0.467043399810791,0.9972432851791382,0.376338928937912,0.46832165122032166,0.9954423904418945,0.6427732110023499,0.5095406770706177,0.9913119077682495,0.29900017380714417,0.507470428943634,0.9941598176956177,0.6956401467323303,0.4726218581199646,0.9781187772750854,0.24012188613414764,0.4732213020324707,0.9915449619293213,0.5272870063781738,0.5710504651069641,0.9959853291511536,0.4138645529747009,0.5715678930282593,0.995958149433136,0.58060622215271,0.6282665729522705,0.9952444434165955,0.3409425914287567,0.630176842212677,0.9969678521156311,0.5793290734291077,0.7244678735733032,0.9880852699279785,0.38248616456985474,0.7241815328598022,0.9930069446563721
137,4.5702,0.4603184461593628,0.4127878248691559,0.9943349361419678,0.47959932684898376,0.4057242274284363,0.9913524389266968,0.44246283173561096,0.40559282898902893,0.9885690212249756,0.5086177587509155,0.4167744517326355,0.9430947303771973,0.4192487597465515,0.41712403297424316,0.8924391865730286,0.5614913702011108,0.46446147561073303,0.9971657395362854,0.3772125542163849,0.46685776114463806,0.9954171180725098,0.6411619782447815,0.5059757232666016,0.9909351468086243,0.29841363430023193,0.5047459602355957,0.9946133494377136,0.6964213252067566,0.4703960418701172,0.9783113598823547,0.23709996044635773,0.4692588746547699,0.9916114211082458,0.5273910760879517,0.567383885383606,0.9958894848823547,0.4143790304660797,0.568090558052063,0.9958089590072632,0.5817320942878723,0.6275428533554077,0.9954211115837097,0.34121736884117126,0.6291495561599731,0.9969732761383057,0.5794922113418579,0.7243987321853638,0.9887802600860596,0.3822390139102936,0.7244768142700195,0.993157684803009
138,4.6036,0.4605259895324707,0.4106941223144531,0.9942556023597717,0.4798167645931244,0.4037564694881439,0.9912011623382568,0.4429680407047272,0.40321674942970276,0.988450288772583,0.5084813237190247,0.4144199788570404,0.9392748475074768,0.41915571689605713,0.41390538215637207,0.892996072769165,0.56156325340271,0.4618040919303894,0.9971578121185303,0.3769734799861908,0.46434077620506287,0.9954209923744202,0.6388746500015259,0.5036822557449341,0.9908385872840881,0.2979263663291931,0.5024750828742981,0.9945975542068481,0.6953732967376709,0.4689936637878418,0.9787757396697998,0.2365688979625702,0.4665650725364685,0.9912180304527283,0.5272142887115479,0.5650848150253296,0.9958961009979248,0.41272613406181335,0.565775990486145,0.9958219528198242,0.5824077129364014,0.6270111799240112,0.9953272342681885,0.3415990173816681,0.6289522051811218,0.9969304203987122,0.5801634192466736,0.7246186137199402,0.9889095425605774,0.38225454092025757,0.7244355082511902,0.9933383464813232
139,4.6369,0.45944252610206604,0.40789595246315,0.9940999150276184,0.47887203097343445,0.401192843914032,0.9911034107208252,0.44172656536102295,0.40091291069984436,0.9877117276191711,0.5079217553138733,0.41277551651000977,0.9425530433654785,0.4182795584201813,0.41278591752052307,0.883126437664032,0.5610997080802917,0.4594452977180481,0.997094988822937,0.3774580955505371,0.4615876078605652,0.9953573346138,0.6421808004379272,0.5016967058181763,0.991021454334259,0.29770177602767944,0.49950742721557617,0.994776725769043,0.6968867778778076,0.4664399027824402,0.9779894948005676,0.23714527487754822,0.46395158767700195,0.991523027420044,0.5274745225906372,0.5634037852287292,0.9957677125930786,0.41318508982658386,0.5639802813529968,0.9958038926124573,0.5823249220848083,0.6255744695663452,0.9952410459518433,0.34171032905578613,0.6276659369468689,0.9970024228096008,0.580115556716919,0.724833071231842,0.9886852502822876,0.382340669631958,0.7243772745132446,0.993433952331543
140,4.6703,0.45973891019821167,0.4056470990180969,0.9943400025367737,0.47940343618392944,0.3989151120185852,0.9910964965820312,0.44219258427619934,0.3983113765716553,0.9879136681556702,0.5079226493835449,0.4097798466682434,0.9369824528694153,0.4188428223133087,0.4090608060359955,0.8757102489471436,0.5603820085525513,0.4564124047756195,0.9970679879188538,0.3771094083786011,0.4582020342350006,0.9954250454902649,0.6425580382347107,0.49970775842666626,0.9912064671516418,0.29758042097091675,0.4990571141242981,0.9948351383209229,0.6969757080078125,0.4645562767982483,0.9786486029624939,0.23666276037693024,0.461946576833725,0.9915111660957336,0.5264732241630554,0.5614789724349976,0.9958143830299377,0.41126781702041626,0.5619638562202454,0.9958478212356567,0.5813631415367126,0.6238645315170288,0.9949618577957153,0.342204749584198,0.6266497373580933,0.9968434572219849,0.5803390741348267,0.7247117161750793,0.9885104894638062,0.3824000060558319,0.724576473236084,0.9933285713195801
141,4.7036,0.4592682719230652,0.4024119973182678,0.994234025478363,0.4784225523471832,0.3952975869178772,0.9903856515884399,0.4416230618953705,0.39497077465057373,0.9875797629356384,0.5075796246528625,0.405036598443985,0.9294872879981995,0.4185369610786438,0.4049534797668457,0.8665705919265747,0.5599752068519592,0.4551597237586975,0.9970351457595825,0.37672942876815796,0.4559055268764496,0.9956329464912415,0.6434862017631531,0.49832725524902344,0.99140864610672,0.2970394492149353,0.4962945580482483,0.9950609803199768,0.6960757970809937,0.46206602454185486,0.9781152606010437,0.2352529764175415,0.4592410922050476,0.9905313849449158,0.5252505540847778,0.5596824884414673,0.9956100583076477,0.41083213686943054,0.5599724054336548,0.9956969022750854,0.5800331830978394,0.6230444312095642,0.9948306679725647,0.34150230884552,0.6265915632247925,0.9967179894447327,0.5801662802696228,0.7244113087654114,0.9884259700775146,0.3822155296802521,0.7244388461112976,0.9930762052536011
142,4.737,0.4598010182380676,0.398878276348114,0.9942454695701599,0.4793494641780853,0.39195969700813293,0.990699827671051,0.44160544872283936,0.39164304733276367,0.9886161684989929,0.508687436580658,0.4028245806694031,0.9329861402511597,0.41760343313217163,0.4027903974056244,0.8920916318893433,0.5602264404296875,0.4519876539707184,0.9970160722732544,0.3763754963874817,0.4532356262207031,0.9955827593803406,0.6412627100944519,0.4965737760066986,0.9911670088768005,0.29628512263298035,0.4941665530204773,0.9950874447822571,0.6936770677566528,0.45983830094337463,0.9781559705734253,0.23421329259872437,0.4553593099117279,0.9902024269104004,0.5239298343658447,0.5561662316322327,0.9957104921340942,0.4102848768234253,0.5568345189094543,0.9957224130630493,0.579491138458252,0.622148334980011,0.9949811100959778,0.34046804904937744,0.6264275312423706,0.996735155582428,0.5803948044776917,0.7246135473251343,0.9883058667182922,0.38217946887016296,0.7243252992630005,0.9928311109542847
143,4.7704,0.4589972496032715,0.39575180411338806,0.9941025376319885,0.47897258400917053,0.3891655206680298,0.991198718547821,0.4408409893512726,0.3889211416244507,0.9880782961845398,0.5092384815216064,0.40120941400527954,0.941899299621582,0.416762113571167,0.4012308716773987,0.8874381184577942,0.5588483810424805,0.44920238852500916,0.996894121170044,0.3762866258621216,0.45004644989967346,0.9953895807266235,0.6409808397293091,0.4936928153038025,0.9908842444419861,0.29678234457969666,0.49000295996665955,0.9947927594184875,0.6943140625953674,0.4568410813808441,0.9782000184059143,0.23431476950645447,0.4530174732208252,0.9897294044494629,0.5234643816947937,0.5527188777923584,0.9958539009094238,0.41068947315216064,0.5535210967063904,0.9958622455596924,0.578841507434845,0.6220592856407166,0.9951798915863037,0.3395315706729889,0.6264126300811768,0.9968031644821167,0.5802252292633057,0.724549412727356,0.9885740280151367,0.38214701414108276,0.7242270708084106,0.9928483963012695
144,4.8037,0.45886361598968506,0.3927885890007019,0.9931822419166565,0.4782974123954773,0.3862043619155884,0.9887549877166748,0.4407365024089813,0.38597434759140015,0.9867945313453674,0.5077165961265564,0.3983592391014099,0.9301314353942871,0.416484534740448,0.39848804473876953,0.8975584506988525,0.5576650500297546,0.44699278473854065,0.9969498515129089,0.37558284401893616,0.44814300537109375,0.9953866600990295,0.6401020884513855,0.4905105233192444,0.9907286167144775,0.29665565490722656,0.48770537972450256,0.9946296215057373,0.6940481662750244,0.4549907147884369,0.9771063923835754,0.23510898649692535,0.4512365460395813,0.9890872240066528,0.521945595741272,0.550267219543457,0.9959895014762878,0.4101771116256714,0.5512052178382874,0.9959670305252075,0.5782423615455627,0.6218014359474182,0.9953991770744324,0.3392702341079712,0.6265073418617249,0.9968959093093872,0.580434262752533,0.7245784997940063,0.9892591834068298,0.3820028007030487,0.7243254780769348,0.9931580424308777
145,4.8371,0.4566129446029663,0.3904525637626648,0.9932472705841064,0.47721490263938904,0.38393068313598633,0.9903809428215027,0.439522385597229,0.3830581605434418,0.9857105612754822,0.5075454115867615,0.3973127007484436,0.9477487802505493,0.4166020154953003,0.39583665132522583,0.8705427050590515,0.5573821067810059,0.44566383957862854,0.9969797134399414,0.37414130568504333,0.4459048807621002,0.9953277111053467,0.6394802331924438,0.4876789450645447,0.9907938838005066,0.2962057590484619,0.48567742109298706,0.9945883750915527,0.6946306228637695,0.451890766620636,0.976212203502655,0.23479300737380981,0.44946593046188354,0.9888632297515869,0.5215720534324646,0.5511009693145752,0.9960798621177673,0.40823253989219666,0.551753044128418,0.9961011409759521,0.5787246823310852,0.621810257434845,0.9950463771820068,0.3384576439857483,0.6267684698104858,0.9967599511146545,0.5801461935043335,0.7231673002243042,0.9878755211830139,0.38194116950035095,0.7241369485855103,0.9925026893615723
146,4.8704,0.45590201020240784,0.3862999379634857,0.9930865168571472,0.47650831937789917,0.3802766799926758,0.990522563457489,0.43914133310317993,0.3793194890022278,0.984536349773407,0.5070028305053711,0.39449602365493774,0.9549263715744019,0.41664764285087585,0.3927915096282959,0.8641853928565979,0.5561897158622742,0.44364801049232483,0.9971912503242493,0.3735054135322571,0.4436379075050354,0.9954538345336914,0.6408848166465759,0.48514875769615173,0.9909865260124207,0.29538455605506897,0.4827127456665039,0.9945175051689148,0.6951004862785339,0.44768190383911133,0.9771292805671692,0.2344479262828827,0.4472185969352722,0.9892284870147705,0.5211584568023682,0.5490750074386597,0.9961523413658142,0.4085341691970825,0.549612283706665,0.9960873126983643,0.5780715346336365,0.6211000680923462,0.9950956106185913,0.3383001685142517,0.6256839036941528,0.9966914653778076,0.5799661874771118,0.7229270935058594,0.9882906675338745,0.3822445869445801,0.7240375280380249,0.9925984144210815
147,4.9038,0.45557501912117004,0.3839002847671509,0.9933291673660278,0.47555625438690186,0.37771111726760864,0.9899339079856873,0.4380066394805908,0.37722939252853394,0.9857776761054993,0.5053727626800537,0.39131492376327515,0.9454284310340881,0.4151726961135864,0.39074498414993286,0.8764451146125793,0.5553403496742249,0.4410823881626129,0.9971081614494324,0.3728007972240448,0.44090956449508667,0.995357096195221,0.6404367089271545,0.48312124609947205,0.9909602999687195,0.2943151891231537,0.48013871908187866,0.994652271270752,0.6954734921455383,0.4460003972053528,0.9775658845901489,0.2317645251750946,0.4434813857078552,0.9891418218612671,0.5213908553123474,0.5471819043159485,0.9962127208709717,0.40882211923599243,0.547768235206604,0.9960976839065552,0.5782666206359863,0.6210417747497559,0.9952474236488342,0.3379979729652405,0.625658392906189,0.9966838955879211,0.5798943638801575,0.7233694791793823,0.9882758259773254,0.3822720944881439,0.7245466709136963,0.9922616481781006
148,4.9371,0.45600420236587524,0.38143792748451233,0.9933524131774902,0.47578880190849304,0.37506717443466187,0.9897918701171875,0.4385307729244232,0.3746029734611511,0.9850821495056152,0.5052562355995178,0.3879128396511078,0.9411176443099976,0.41555795073509216,0.3873925507068634,0.8623521327972412,0.5543382167816162,0.4376958906650543,0.9972211122512817,0.37382960319519043,0.4378696084022522,0.9954778552055359,0.6374009251594543,0.48002415895462036,0.9910231828689575,0.2949316203594208,0.4768463969230652,0.9948028326034546,0.6942590475082397,0.4430989623069763,0.9761600494384766,0.2318473756313324,0.4406522810459137,0.9885529279708862,0.5209354162216187,0.5458952784538269,0.996258020401001,0.4083923399448395,0.5465363264083862,0.9961169958114624,0.5788056254386902,0.620451033115387,0.9953655004501343,0.33796992897987366,0.6250361204147339,0.9966981410980225,0.5798711180686951,0.7231308221817017,0.9889416098594666,0.38215476274490356,0.7247745394706726,0.992581844329834
149,4.9705,0.4552278220653534,0.37949249148368835,0.9936608076095581,0.4754684567451477,0.3729643225669861,0.9908750057220459,0.4379299581050873,0.3724796772003174,0.9850881695747375,0.5059828162193298,0.3855796456336975,0.94769686460495,0.4154004752635956,0.3849315047264099,0.8451623320579529,0.5544464588165283,0.4351498484611511,0.9971669316291809,0.3731987774372101,0.4352903366088867,0.9953769445419312,0.6372916102409363,0.4766525328159332,0.9907591342926025,0.29462340474128723,0.47472620010375977,0.9945447444915771,0.694629430770874,0.4399585723876953,0.9755392074584961,0.23293478786945343,0.4380173683166504,0.9885468482971191,0.521256148815155,0.543582022190094,0.9962689876556396,0.4084360897541046,0.5445036888122559,0.9961644411087036,0.5790015459060669,0.6197203993797302,0.9952646493911743,0.3381485939025879,0.6251839995384216,0.9966726303100586,0.5804267525672913,0.7230860590934753,0.9889172315597534,0.38208988308906555,0.72505122423172,0.9926522970199585
150,5.0039,0.45515841245651245,0.3765617907047272,0.9951262474060059,0.47492870688438416,0.3699551224708557,0.9932542443275452,0.4382653832435608,0.3694480061531067,0.9876930117607117,0.5051578879356384,0.3816413879394531,0.9596366286277771,0.4163614511489868,0.38106149435043335,0.8514781594276428,0.5541662573814392,0.43111127614974976,0.9979168772697449,0.3744244873523712,0.43130430579185486,0.9963380098342896,0.6344408392906189,0.4739362597465515,0.9914914965629578,0.2939300835132599,0.4715022146701813,0.9945580959320068,0.6921316981315613,0.4380694031715393,0.9768810868263245,0.23291899263858795,0.4338797926902771,0.9899858236312866,0.5207588076591492,0.5411921739578247,0.9963201284408569,0.4084623456001282,0.5422160625457764,0.9957410097122192,0.57874995470047,0.6186871528625488,0.9960441589355469,0.34067267179489136,0.6232569217681885,0.9968574047088623,0.5794914364814758,0.7223934531211853,0.9880545735359192,0.3823351263999939,0.7243286967277527,0.9908645749092102
151,5.0372,0.4551466703414917,0.3730112314224243,0.9951071739196777,0.4750957787036896,0.36680868268013,0.9934499859809875,0.43830642104148865,0.3661854565143585,0.9870489239692688,0.5058685541152954,0.3789103329181671,0.9632788896560669,0.41607466340065,0.37801119685173035,0.844338595867157,0.5544291138648987,0.42930465936660767,0.9980900883674622,0.3744533956050873,0.42832833528518677,0.9964040517807007,0.634421169757843,0.47230568528175354,0.9917579293251038,0.29474136233329773,0.4680105149745941,0.9943384528160095,0.6900312900543213,0.4361991882324219,0.9776551723480225,0.23371484875679016,0.4317775368690491,0.9903517365455627,0.5203264951705933,0.5403138399124146,0.9965672492980957,0.4080836772918701,0.5409528613090515,0.99595707654953,0.5783097147941589,0.6174641847610474,0.9960612654685974,0.3412592113018036,0.6217182278633118,0.9968546628952026,0.5797094702720642,0.7218578457832336,0.9891312122344971,0.3827252984046936,0.7237774133682251,0.9917725920677185
152,5.0706,0.45501217246055603,0.3702107071876526,0.9948402047157288,0.4748471677303314,0.3638368844985962,0.9926716089248657,0.4373631477355957,0.36340823769569397,0.9882085919380188,0.5052125453948975,0.37598806619644165,0.9583361744880676,0.41411009430885315,0.3756217360496521,0.8837336301803589,0.5543245673179626,0.4257539212703705,0.9980325102806091,0.37436044216156006,0.4256606996059418,0.9962655901908875,0.6343963742256165,0.4682961404323578,0.9914058446884155,0.2947041392326355,0.46291249990463257,0.9941502213478088,0.690281331539154,0.432780921459198,0.9789860248565674,0.23297089338302612,0.42809754610061646,0.9907649755477905,0.5200674533843994,0.5372014045715332,0.9966905117034912,0.4079543948173523,0.5378662943840027,0.9960657954216003,0.5776252746582031,0.6165840029716492,0.9961041212081909,0.34103453159332275,0.6198732256889343,0.9968728423118591,0.5794789791107178,0.7214311361312866,0.9896525740623474,0.3827435076236725,0.723143458366394,0.9921594858169556
153,5.1039,0.45516306161880493,0.3672305643558502,0.9947395920753479,0.47535043954849243,0.3608531057834625,0.9920469522476196,0.4379294812679291,0.35994964838027954,0.9880092740058899,0.5050337910652161,0.3731369376182556,0.9527994394302368,0.4144642651081085,0.3716879189014435,0.8838334083557129,0.5530487298965454,0.4222075939178467,0.9979884624481201,0.3748580813407898,0.42242616415023804,0.9961077570915222,0.6336608529090881,0.4641754627227783,0.9912630319595337,0.2950274348258972,0.4584183692932129,0.9939131140708923,0.6892940998077393,0.43002939224243164,0.9806804060935974,0.2337687611579895,0.42476901412010193,0.9920833110809326,0.5195461511611938,0.5340147614479065,0.9968212842941284,0.4081347584724426,0.5344575047492981,0.9962848424911499,0.5758835077285767,0.6158868074417114,0.996046245098114,0.34120628237724304,0.617942750453949,0.9969493746757507,0.5793679356575012,0.7217675447463989,0.9894875288009644,0.3825016915798187,0.7227839231491089,0.9925359487533569
154,5.1373,0.45419204235076904,0.3638889789581299,0.994868278503418,0.47451624274253845,0.3571610450744629,0.9926611185073853,0.437042772769928,0.3565264344215393,0.9875379800796509,0.5050334334373474,0.3691689372062683,0.9573825597763062,0.41480880975723267,0.368274450302124,0.860657811164856,0.5512307286262512,0.418442964553833,0.9979276657104492,0.3761133849620819,0.4191398620605469,0.9962784647941589,0.6326472759246826,0.4606568217277527,0.9910978078842163,0.2942102551460266,0.45458048582077026,0.9945599436759949,0.6901358962059021,0.4281888008117676,0.979925811290741,0.23192991316318512,0.42018991708755493,0.9916753768920898,0.5178496241569519,0.5292813777923584,0.9968710541725159,0.40796560049057007,0.5299329161643982,0.9963858127593994,0.5743709802627563,0.6152795553207397,0.9962208867073059,0.34127914905548096,0.616429328918457,0.9971121549606323,0.5795350670814514,0.7215989828109741,0.9896346926689148,0.3820238709449768,0.7224326133728027,0.9927224516868591
155,5.1707,0.45460939407348633,0.35986748337745667,0.9948680400848389,0.4744672477245331,0.3533603549003601,0.9928560256958008,0.437532901763916,0.35272008180618286,0.9871469736099243,0.5043967366218567,0.36538276076316833,0.9586657285690308,0.41500240564346313,0.3644985854625702,0.8555718064308167,0.5510238409042358,0.415397584438324,0.9979857206344604,0.3761269450187683,0.4153532087802887,0.9963165521621704,0.6322246789932251,0.4573098123073578,0.9908193945884705,0.2953501343727112,0.45105689764022827,0.994971752166748,0.6903760433197021,0.4246518611907959,0.9781404733657837,0.23054179549217224,0.4170229434967041,0.9920767545700073,0.5173327326774597,0.5272042155265808,0.9969310760498047,0.4077056050300598,0.5276737809181213,0.9964874982833862,0.5731315612792969,0.6143844127655029,0.9962635636329651,0.34250912070274353,0.6162402629852295,0.9971631169319153,0.5799041986465454,0.7216192483901978,0.990050733089447,0.38204607367515564,0.722145140171051,0.9930192828178406
156,5.204,0.4563615024089813,0.3561092019081116,0.9946174025535583,0.4759537875652313,0.34943443536758423,0.9914706349372864,0.43869340419769287,0.34884175658226013,0.9877861738204956,0.5042107701301575,0.3612672984600067,0.9458588361740112,0.4150680601596832,0.3605455756187439,0.8860759735107422,0.5504557490348816,0.41071757674217224,0.9979864358901978,0.3759320080280304,0.410991370677948,0.9962994456291199,0.633013904094696,0.45294302701950073,0.9914597272872925,0.2953796088695526,0.44764265418052673,0.9947766065597534,0.6936941146850586,0.41857489943504333,0.9797272682189941,0.23237168788909912,0.413691908121109,0.9913835525512695,0.5176223516464233,0.5232112407684326,0.9969779253005981,0.4082867503166199,0.5237092971801758,0.9965236783027649,0.5729730725288391,0.6134493947029114,0.9963699579238892,0.34375,0.6150844097137451,0.9972324967384338,0.5799726843833923,0.721745491027832,0.9901946187019348,0.3816075921058655,0.7221817374229431,0.9930846691131592
157,5.2374,0.4557931125164032,0.3517565131187439,0.9949283599853516,0.47549256682395935,0.34455928206443787,0.9926890730857849,0.4381788969039917,0.3443315923213959,0.9868980646133423,0.5057056546211243,0.3551430404186249,0.9554218649864197,0.4159379005432129,0.3551368713378906,0.8441578149795532,0.55223548412323,0.40651383996009827,0.9980097413063049,0.37527745962142944,0.4063720107078552,0.996406614780426,0.6329044103622437,0.4472697675228119,0.9910314083099365,0.29464107751846313,0.442340224981308,0.9947863817214966,0.6925848126411438,0.41501516103744507,0.9776880145072937,0.23162049055099487,0.407510906457901,0.9908734560012817,0.5186644196510315,0.5207087397575378,0.9970641732215881,0.40862181782722473,0.5214411616325378,0.9965649247169495,0.5727895498275757,0.6122814416885376,0.9964473843574524,0.34587350487709045,0.6147674918174744,0.9971164464950562,0.5802888870239258,0.7216786742210388,0.9909951090812683,0.3816118836402893,0.7223262190818787,0.9932428002357483
158,5.2707,0.4555141031742096,0.34627047181129456,0.9943124055862427,0.4751379191875458,0.3393334746360779,0.9917516112327576,0.43780219554901123,0.339222252368927,0.9857796430587769,0.5062321424484253,0.3505924344062805,0.9542251825332642,0.4151109457015991,0.35078898072242737,0.8498330116271973,0.5514752864837646,0.40369072556495667,0.9979954957962036,0.3755515217781067,0.40262413024902344,0.9962743520736694,0.6346114873886108,0.4430709779262543,0.9915298223495483,0.29865777492523193,0.43841132521629333,0.9945363998413086,0.6932927370071411,0.40991610288619995,0.9791606068611145,0.2325226068496704,0.40572285652160645,0.9901671409606934,0.5189634561538696,0.5185417532920837,0.9971292614936829,0.40986353158950806,0.5190334916114807,0.9965893030166626,0.5739965438842773,0.6122635006904602,0.9964752793312073,0.3459720313549042,0.6145704984664917,0.9970470070838928,0.5806075930595398,0.7212556600570679,0.9916679263114929,0.3812694847583771,0.7221685647964478,0.9935446977615356
159,5.3041,0.45652109384536743,0.34154945611953735,0.9944950938224792,0.4764863848686218,0.33446601033210754,0.9915115237236023,0.4389978051185608,0.33385545015335083,0.9869899153709412,0.506939172744751,0.3457290530204773,0.9438130855560303,0.4154854714870453,0.3448379635810852,0.8609129190444946,0.5514098405838013,0.3989538550376892,0.997994065284729,0.377257376909256,0.3981824219226837,0.9963776469230652,0.6317351460456848,0.43957099318504333,0.9919038414955139,0.2980670630931854,0.43244752287864685,0.9947713017463684,0.6907748579978943,0.4078451693058014,0.9792163968086243,0.23313391208648682,0.4004736840724945,0.9901431798934937,0.5200286507606506,0.5171477198600769,0.9971831440925598,0.41016578674316406,0.5178035497665405,0.9967801570892334,0.5748056769371033,0.612254798412323,0.996299684047699,0.3476524353027344,0.6152241826057434,0.9970442652702332,0.5810244083404541,0.7214795351028442,0.9912392497062683,0.3813682496547699,0.7223058938980103,0.9935781955718994
160,5.3375,0.4564809501171112,0.3349865972995758,0.9945036172866821,0.47609999775886536,0.32818302512168884,0.9912316203117371,0.43877899646759033,0.327784925699234,0.9868355989456177,0.5060282945632935,0.34018251299858093,0.9446825385093689,0.41555899381637573,0.33980274200439453,0.8672534823417664,0.5512164831161499,0.3944549262523651,0.9980321526527405,0.3773733377456665,0.39463990926742554,0.9964738488197327,0.6314599514007568,0.43560272455215454,0.9914045333862305,0.2986643612384796,0.42804771661758423,0.9947716593742371,0.6932340264320374,0.40380603075027466,0.9788057208061218,0.23071429133415222,0.39504891633987427,0.9900608062744141,0.5215946435928345,0.513388991355896,0.9971776008605957,0.411948025226593,0.5142050981521606,0.9967687129974365,0.5753000378608704,0.6119498014450073,0.9964183568954468,0.348772257566452,0.6138673424720764,0.9970306158065796,0.5812572240829468,0.7216674089431763,0.9914622902870178,0.38134533166885376,0.7220882177352905,0.9935959577560425
161,5.3708,0.4575992524623871,0.32981911301612854,0.9951581358909607,0.47753337025642395,0.32297763228416443,0.9915537238121033,0.43956729769706726,0.32219481468200684,0.988775372505188,0.5058230757713318,0.3344191610813141,0.9320213794708252,0.4153216779232025,0.33325570821762085,0.8841131329536438,0.5516940355300903,0.38864389061927795,0.9981300234794617,0.3772287666797638,0.38936561346054077,0.9966956377029419,0.6316605806350708,0.4316193163394928,0.9920923113822937,0.2963624894618988,0.42392802238464355,0.9951741099357605,0.6959823369979858,0.3966488838195801,0.9797850251197815,0.23210611939430237,0.38937148451805115,0.9903795719146729,0.5214213728904724,0.5103130340576172,0.9973160624504089,0.41141998767852783,0.5111384987831116,0.9970388412475586,0.5755320191383362,0.613761305809021,0.9962706565856934,0.3512670397758484,0.6156699061393738,0.9969922304153442,0.5813313126564026,0.7222191691398621,0.9912170171737671,0.3816828429698944,0.7216825485229492,0.9936413168907166
162,5.4042,0.45720699429512024,0.3229106068611145,0.9955202341079712,0.4770708680152893,0.3162569999694824,0.9932550191879272,0.43949320912361145,0.3156166672706604,0.9889736771583557,0.5066489577293396,0.3285185396671295,0.9503501653671265,0.41603487730026245,0.3276037275791168,0.8670786619186401,0.5523679256439209,0.38322269916534424,0.9982740879058838,0.3784743547439575,0.3837798237800598,0.9966787099838257,0.6321075558662415,0.4262160360813141,0.9923774003982544,0.29775381088256836,0.4199478030204773,0.9949722290039062,0.696964681148529,0.3898486793041229,0.979738712310791,0.2330600768327713,0.3836556375026703,0.9914302229881287,0.5240414142608643,0.5093737244606018,0.9975621700286865,0.4121359586715698,0.5100573301315308,0.9972047209739685,0.5760387778282166,0.6141994595527649,0.9963616728782654,0.35491442680358887,0.6149390339851379,0.9969072937965393,0.5812460780143738,0.7224481105804443,0.9915528893470764,0.3810212314128876,0.7223252058029175,0.9936999082565308
163,5.4375,0.4592561423778534,0.3167998492717743,0.995227575302124,0.4793049395084381,0.31000059843063354,0.9916409254074097,0.4411308169364929,0.30917394161224365,0.9890733361244202,0.5083699822425842,0.32213133573532104,0.931056559085846,0.41560742259025574,0.32080549001693726,0.888568639755249,0.5525451898574829,0.37719613313674927,0.9983178377151489,0.37867966294288635,0.37798017263412476,0.9967560172080994,0.6359517574310303,0.42012524604797363,0.9923122525215149,0.29969677329063416,0.41663599014282227,0.9947746992111206,0.6965252161026001,0.38299646973609924,0.979272186756134,0.2321922332048416,0.3791475296020508,0.9911285638809204,0.5256309509277344,0.5069255232810974,0.9976776242256165,0.4126357138156891,0.5077438354492188,0.997343122959137,0.5764532089233398,0.6148611903190613,0.9962855577468872,0.35899052023887634,0.6167237162590027,0.9968302845954895,0.5815718173980713,0.7223755121231079,0.9917210340499878,0.38101038336753845,0.7227897644042969,0.9937648773193359
164,5.4709,0.45920053124427795,0.30966952443122864,0.9953308701515198,0.4787028729915619,0.3032238781452179,0.9920026063919067,0.4411624073982239,0.3025892376899719,0.9888588190078735,0.5073502659797668,0.31603264808654785,0.9368422031402588,0.41645321249961853,0.3151935040950775,0.8847309947013855,0.5519276857376099,0.37100735306739807,0.998354971408844,0.38078469038009644,0.3727859556674957,0.9967589974403381,0.631496787071228,0.4145132005214691,0.992256760597229,0.2997000515460968,0.4118214547634125,0.9948252439498901,0.6970369815826416,0.37699094414711,0.9794823527336121,0.23345494270324707,0.3751528263092041,0.9918171763420105,0.5265345573425293,0.5031136274337769,0.9977042078971863,0.4145644009113312,0.5042608380317688,0.9973942041397095,0.5768305659294128,0.6151221394538879,0.9962974190711975,0.3642306923866272,0.6171548366546631,0.9967967867851257,0.5815578699111938,0.7228075265884399,0.9918016791343689,0.380020409822464,0.7233191132545471,0.9937286376953125
165,5.5043,0.45983201265335083,0.3044338822364807,0.9950053095817566,0.479988694190979,0.2973901629447937,0.9913038015365601,0.4415435492992401,0.2965847849845886,0.9893191456794739,0.5083103775978088,0.30926045775413513,0.9291474223136902,0.4158763587474823,0.3079742193222046,0.9040213823318481,0.5520293116569519,0.3647827208042145,0.9981618523597717,0.3789577782154083,0.3673419952392578,0.9966291785240173,0.631486177444458,0.40858402848243713,0.9913188815116882,0.29935216903686523,0.40539973974227905,0.9944199919700623,0.6983723044395447,0.37233683466911316,0.9779689908027649,0.2321522980928421,0.3690148890018463,0.9907061457633972,0.5275559425354004,0.49892449378967285,0.9976083040237427,0.41627731919288635,0.5005810856819153,0.9973713159561157,0.5746482610702515,0.6147137880325317,0.9963938593864441,0.36917003989219666,0.6180342435836792,0.9968169331550598,0.5813950300216675,0.7231865525245667,0.9921379685401917,0.3797204792499542,0.7239723205566406,0.9937751293182373
166,5.5376,0.4608340859413147,0.29865509271621704,0.9952452778816223,0.4803370535373688,0.2910214364528656,0.9920740127563477,0.442341685295105,0.2904238700866699,0.9909590482711792,0.5082031488418579,0.3022400736808777,0.9342062473297119,0.4165036380290985,0.3016289174556732,0.9170736074447632,0.5534078478813171,0.35872209072113037,0.9982580542564392,0.38195881247520447,0.3600054681301117,0.9971144199371338,0.6346754431724548,0.4048044681549072,0.9923180341720581,0.3013515770435333,0.4018877446651459,0.9942631125450134,0.6977969408035278,0.36488404870033264,0.9774282574653625,0.23273387551307678,0.3637051284313202,0.991926372051239,0.5275956988334656,0.493285596370697,0.9975317716598511,0.4165671169757843,0.49449244141578674,0.9972429275512695,0.5717423558235168,0.6146659255027771,0.9966404438018799,0.37431684136390686,0.616909384727478,0.997093677520752,0.5787963271141052,0.7227439880371094,0.99049311876297,0.37973451614379883,0.7234457731246948,0.9923437237739563
167,5.571,0.4617301821708679,0.29457029700279236,0.9955217838287354,0.48193371295928955,0.28658705949783325,0.9924599528312683,0.44353511929512024,0.2856382727622986,0.9908825755119324,0.5102334022521973,0.29696935415267944,0.9283843636512756,0.41747546195983887,0.29544028639793396,0.9035392999649048,0.5545152425765991,0.354099839925766,0.9983214735984802,0.3811601400375366,0.3544619679450989,0.9972882270812988,0.6350143551826477,0.4002273976802826,0.992533802986145,0.3001154661178589,0.39765992760658264,0.9951106905937195,0.6977198123931885,0.3612807095050812,0.9768471121788025,0.23306430876255035,0.3587323725223541,0.9920972585678101,0.5262460112571716,0.488229900598526,0.9978395700454712,0.41698864102363586,0.48928695917129517,0.9976394176483154,0.568802535533905,0.6138666868209839,0.9967204928398132,0.3784322142601013,0.616237998008728,0.9972533583641052,0.5785796046257019,0.7229659557342529,0.9910316467285156,0.3795817494392395,0.7234295606613159,0.9929887652397156
168,5.6043,0.4615490436553955,0.2900826930999756,0.9952455163002014,0.48172950744628906,0.28179511427879333,0.9917823076248169,0.4429345726966858,0.28132182359695435,0.990625262260437,0.5101068019866943,0.292966365814209,0.9300044178962708,0.41753917932510376,0.29245585203170776,0.9092816710472107,0.5547567009925842,0.3492042124271393,0.9982448816299438,0.38109806180000305,0.350422203540802,0.9971603155136108,0.6337223052978516,0.39520806074142456,0.9921301007270813,0.302948921918869,0.3933822214603424,0.9949177503585815,0.6981209516525269,0.357233464717865,0.9777372479438782,0.23392990231513977,0.35610318183898926,0.9918124675750732,0.5253506302833557,0.48530149459838867,0.9979128241539001,0.416120320558548,0.48655614256858826,0.9975917339324951,0.5644640326499939,0.6117309331893921,0.9969520568847656,0.3834646940231323,0.6140203475952148,0.9971298575401306,0.5787237882614136,0.7226507067680359,0.9918341636657715,0.37961527705192566,0.7234362959861755,0.9927926063537598
169,5.6377,0.46190351247787476,0.28787583112716675,0.9951367974281311,0.4819627106189728,0.27948373556137085,0.9908906817436218,0.44337254762649536,0.2788851261138916,0.9902472496032715,0.5097528100013733,0.2901942729949951,0.9192115664482117,0.41786062717437744,0.28946518898010254,0.9070047736167908,0.5547168850898743,0.3462351858615875,0.9983289837837219,0.3819776177406311,0.34809914231300354,0.9972658157348633,0.6371869444847107,0.3919171392917633,0.9927888512611389,0.3046197295188904,0.3918970227241516,0.9949904084205627,0.6998175978660583,0.35268452763557434,0.9775405526161194,0.23478509485721588,0.3551581799983978,0.9914775490760803,0.52414870262146,0.4848465919494629,0.99798583984375,0.4157869517803192,0.48587003350257874,0.997707724571228,0.5644454956054688,0.6128164529800415,0.9968644976615906,0.3859345018863678,0.6141707301139832,0.9971228241920471,0.5787851810455322,0.7228106260299683,0.9916176199913025,0.3802875578403473,0.7229897379875183,0.9929314851760864
170,5.671,0.4625220000743866,0.2862376570701599,0.995166540145874,0.482486754655838,0.2778834402561188,0.990124523639679,0.44349703192710876,0.27727895975112915,0.990628182888031,0.5094417333602905,0.2884255349636078,0.8987194895744324,0.4164976477622986,0.28773024678230286,0.9184584617614746,0.5533408522605896,0.3436976671218872,0.9982814788818359,0.381391316652298,0.34673160314559937,0.9973267316818237,0.6292776465415955,0.39145833253860474,0.9925329685211182,0.30409765243530273,0.38984113931655884,0.9950606226921082,0.6979507207870483,0.3519657552242279,0.9781473278999329,0.2330625355243683,0.35269400477409363,0.9912480115890503,0.5250654220581055,0.4842674136161804,0.9979939460754395,0.41605159640312195,0.4857282042503357,0.9977478384971619,0.5643364787101746,0.6120745539665222,0.996894359588623,0.3881310820579529,0.6128708124160767,0.9971188306808472,0.5789260268211365,0.722705602645874,0.9917954802513123,0.3804129362106323,0.722986102104187,0.9930616021156311
171,5.7044,0.4623165428638458,0.2861877977848053,0.9953691363334656,0.4826931357383728,0.2778332233428955,0.9906078577041626,0.4431416690349579,0.2771030068397522,0.9910017848014832,0.5095601677894592,0.28815096616744995,0.8980700373649597,0.4156895577907562,0.28711703419685364,0.9208125472068787,0.5521952509880066,0.3425886631011963,0.9982660412788391,0.3806377351284027,0.3459203243255615,0.9973435997962952,0.6281667351722717,0.3903096318244934,0.9923660159111023,0.30394530296325684,0.38864588737487793,0.9950372576713562,0.6974683403968811,0.3505147099494934,0.9790375232696533,0.23367521166801453,0.35297179222106934,0.9915732741355896,0.525891900062561,0.4835968017578125,0.9979960918426514,0.416930615901947,0.48497194051742554,0.9977492690086365,0.5643119215965271,0.611972987651825,0.9968746900558472,0.3905259370803833,0.6114290952682495,0.9970820546150208,0.5789607763290405,0.7226079702377319,0.9919828772544861,0.3806529641151428,0.7228156328201294,0.9932314157485962
172,5.7378,0.4619501233100891,0.2876063585281372,0.995101273059845,0.48248720169067383,0.27870702743530273,0.9901142120361328,0.4429832398891449,0.27794724702835083,0.9901840090751648,0.5095993876457214,0.2882160246372223,0.8944453001022339,0.4156860411167145,0.2870756685733795,0.9088211059570312,0.5518760085105896,0.34247273206710815,0.998236894607544,0.38087430596351624,0.3456026017665863,0.9973487854003906,0.6280352473258972,0.38931363821029663,0.992323637008667,0.3039875030517578,0.3887402415275574,0.9951893091201782,0.6973944902420044,0.35029277205467224,0.9787524342536926,0.2339204102754593,0.3535380959510803,0.9915717840194702,0.5258707404136658,0.48303040862083435,0.9980354905128479,0.41653358936309814,0.4842821955680847,0.9977814555168152,0.5636526942253113,0.6116734743118286,0.9969480633735657,0.39020317792892456,0.6109934449195862,0.9970792531967163,0.5789936780929565,0.7224217057228088,0.9924643039703369,0.3807130455970764,0.7225953936576843,0.9934597015380859
173,5.7711,0.46160396933555603,0.2887952923774719,0.9951850771903992,0.4817494750022888,0.27957266569137573,0.9904234409332275,0.4425489604473114,0.27916648983955383,0.9906346201896667,0.5088532567024231,0.2886119782924652,0.8989600539207458,0.4158001244068146,0.28826725482940674,0.9108706712722778,0.5518549680709839,0.3430936634540558,0.998230516910553,0.3805074989795685,0.3462546467781067,0.9973325729370117,0.6282830238342285,0.38971853256225586,0.9923932552337646,0.30354681611061096,0.3902769982814789,0.9950945377349854,0.6970789432525635,0.3507319986820221,0.9787934422492981,0.23387037217617035,0.35430818796157837,0.9915485978126526,0.5255642533302307,0.4833192825317383,0.998052716255188,0.4164331257343292,0.4847106337547302,0.9977891445159912,0.5628048777580261,0.6115638613700867,0.9969900846481323,0.38978636264801025,0.6113638877868652,0.9971128702163696,0.5788328051567078,0.7226990461349487,0.9926026463508606,0.38110288977622986,0.7230132222175598,0.9935226440429688
174,5.8045,0.46104782819747925,0.29010266065597534,0.9953560829162598,0.481985867023468,0.2802148461341858,0.9904934763908386,0.44119444489479065,0.2799955904483795,0.9907875657081604,0.5094228982925415,0.28913480043411255,0.8996614217758179,0.4149669110774994,0.28919321298599243,0.901768147945404,0.5513137578964233,0.3434373736381531,0.9981726408004761,0.38346078991889954,0.34624436497688293,0.9973861575126648,0.6280563473701477,0.39124226570129395,0.9928367733955383,0.3037998676300049,0.39185792207717896,0.9952055215835571,0.6961280107498169,0.3513908088207245,0.9799104928970337,0.23250721395015717,0.35426974296569824,0.9920014142990112,0.5240678787231445,0.4853595197200775,0.9978285431861877,0.41612598299980164,0.4863882064819336,0.9976230263710022,0.5614157915115356,0.6117664575576782,0.9966867566108704,0.3905428647994995,0.6118937730789185,0.9969820380210876,0.578471839427948,0.7219505310058594,0.9917593598365784,0.37994635105133057,0.7218291163444519,0.9930974841117859
175,5.8378,0.4607020914554596,0.2907155454158783,0.9954562187194824,0.4817389249801636,0.2809498906135559,0.9909359812736511,0.4411643147468567,0.28050678968429565,0.9906942248344421,0.5094848871231079,0.2896292805671692,0.9040605425834656,0.4150174856185913,0.2891846299171448,0.8967600464820862,0.5514113903045654,0.34429931640625,0.9982584118843079,0.3827016055583954,0.3471794128417969,0.9974294304847717,0.6288259029388428,0.39146023988723755,0.9929520487785339,0.30353477597236633,0.3935955762863159,0.9953296184539795,0.696398913860321,0.3509919345378876,0.979641318321228,0.23200450837612152,0.35551589727401733,0.99244225025177,0.5238282680511475,0.4856854975223541,0.9979222416877747,0.4157576262950897,0.4865929186344147,0.9977275729179382,0.5622759461402893,0.6122840642929077,0.9965985417366028,0.39014706015586853,0.6117923259735107,0.9970061182975769,0.5783852338790894,0.7219722270965576,0.9915794134140015,0.3799271583557129,0.7217682600021362,0.9932623505592346
176,5.8712,0.4608497619628906,0.29106611013412476,0.995684027671814,0.48150375485420227,0.28142428398132324,0.9914000034332275,0.44138196110725403,0.2811794877052307,0.99137282371521,0.5091862082481384,0.28990769386291504,0.9065561294555664,0.41528382897377014,0.28989177942276,0.9046906232833862,0.5507838129997253,0.34481334686279297,0.9983038902282715,0.38202157616615295,0.3476702570915222,0.9974493384361267,0.6306998133659363,0.3919139504432678,0.9928931593894958,0.30321475863456726,0.39396291971206665,0.9952387809753418,0.6982613205909729,0.3503023684024811,0.9791816473007202,0.2319471538066864,0.35629743337631226,0.9927033185958862,0.5227735042572021,0.48589882254600525,0.9979883432388306,0.41490745544433594,0.48699918389320374,0.9977758526802063,0.5618867874145508,0.6123585104942322,0.9966360330581665,0.3886730968952179,0.6123861074447632,0.9969907999038696,0.5781955718994141,0.7220264077186584,0.9915876984596252,0.37980905175209045,0.722018837928772,0.9931057095527649
177,5.9046,0.45955148339271545,0.29093223810195923,0.9956153631210327,0.48035770654678345,0.2813180387020111,0.9916028380393982,0.44033101201057434,0.28088682889938354,0.9910968542098999,0.5083119869232178,0.2900245785713196,0.9138092398643494,0.4143497049808502,0.2896212041378021,0.9014738202095032,0.5504250526428223,0.3451150357723236,0.9983301758766174,0.3805179297924042,0.3481815755367279,0.9974281191825867,0.6314460635185242,0.39280223846435547,0.99293053150177,0.302484393119812,0.39452648162841797,0.9952085614204407,0.6973015069961548,0.3502236306667328,0.9794470071792603,0.23205961287021637,0.357789009809494,0.9930862188339233,0.52222740650177,0.48596200346946716,0.9980399012565613,0.41370081901550293,0.4871487617492676,0.9978216886520386,0.5619017481803894,0.6125343441963196,0.9966895580291748,0.3867286145687103,0.6127201318740845,0.9970260262489319,0.5779445171356201,0.722006618976593,0.9917246699333191,0.3797583281993866,0.7219071388244629,0.9932366013526917
178,5.9379,0.4576992988586426,0.2909175157546997,0.9957885146141052,0.4787895083427429,0.28120121359825134,0.9923553466796875,0.43848440051078796,0.28065037727355957,0.9916154742240906,0.5070765018463135,0.28985220193862915,0.9215126633644104,0.41248422861099243,0.289203941822052,0.9033283591270447,0.5499181747436523,0.3452174961566925,0.9983807802200317,0.3793853223323822,0.34820878505706787,0.9974579215049744,0.6315417885780334,0.39355212450027466,0.9932399988174438,0.30104634165763855,0.3947073817253113,0.9952905178070068,0.6959705948829651,0.3504396080970764,0.9797490239143372,0.23008066415786743,0.35717812180519104,0.9930393099784851,0.5209836959838867,0.48726320266723633,0.9980652928352356,0.41215014457702637,0.4883802533149719,0.9978306889533997,0.5613772869110107,0.6129509210586548,0.9966793060302734,0.3858657777309418,0.6134449243545532,0.9969865679740906,0.5778974294662476,0.7222133278846741,0.9917448163032532,0.3797934353351593,0.721756100654602,0.9932454228401184
179,5.9713,0.4553677439689636,0.2902207374572754,0.9957383871078491,0.4767792224884033,0.28046345710754395,0.9920627474784851,0.43622851371765137,0.2798707187175751,0.9908243417739868,0.5056740045547485,0.2894466519355774,0.9189518690109253,0.41022762656211853,0.28867819905281067,0.8863705992698669,0.5484954118728638,0.34501829743385315,0.9984205961227417,0.37838876247406006,0.34827327728271484,0.9974552989006042,0.6316590905189514,0.39284494519233704,0.9935815334320068,0.29961538314819336,0.39451244473457336,0.9951836466789246,0.6940774917602539,0.35057833790779114,0.9818031787872314,0.2287394255399704,0.35704556107521057,0.9932647943496704,0.5209928750991821,0.4887974262237549,0.9981081485748291,0.41137391328811646,0.4898529648780823,0.9978747367858887,0.5621464252471924,0.6139621734619141,0.9965972304344177,0.38520348072052,0.6138660311698914,0.9969764947891235,0.577578604221344,0.7221149206161499,0.9919147491455078,0.3799424171447754,0.7218924760818481,0.9936424493789673
180,6.0046,0.45414942502975464,0.28987208008766174,0.9956544637680054,0.4754933714866638,0.2800358235836029,0.9918389916419983,0.4345576763153076,0.27978238463401794,0.9903547763824463,0.5048390030860901,0.288966566324234,0.9162346124649048,0.4082057476043701,0.2889314293861389,0.8789787292480469,0.546843945980072,0.3443983793258667,0.9984263181686401,0.3779440224170685,0.34739285707473755,0.9974967837333679,0.6300745606422424,0.3916098475456238,0.9934725761413574,0.29729098081588745,0.39417919516563416,0.9953302145004272,0.6934133172035217,0.3499200940132141,0.9817519783973694,0.22638651728630066,0.3559046685695648,0.9931504130363464,0.52008056640625,0.4884914457798004,0.9981691837310791,0.41070228815078735,0.4894746243953705,0.9979257583618164,0.561517059803009,0.6138738393783569,0.9967496395111084,0.38520199060440063,0.6132196187973022,0.9970857501029968,0.5774741768836975,0.7220526933670044,0.9925211071968079,0.3802921772003174,0.7219806909561157,0.9940381050109863
181,6.038,0.45235058665275574,0.2891102433204651,0.9954726099967957,0.47374382615089417,0.2794516682624817,0.9912371635437012,0.4326867461204529,0.27896982431411743,0.9902588129043579,0.5024440288543701,0.2886681854724884,0.9131925702095032,0.4061257243156433,0.28823328018188477,0.8895183205604553,0.5459442138671875,0.3431667387485504,0.998450756072998,0.37729543447494507,0.3466484844684601,0.9975398778915405,0.6274353265762329,0.39175644516944885,0.9933714866638184,0.2954202890396118,0.3938625752925873,0.995376706123352,0.6921169757843018,0.34947872161865234,0.981593668460846,0.22400188446044922,0.355228990316391,0.9932891726493835,0.5200188755989075,0.48692989349365234,0.998200535774231,0.41046684980392456,0.4879480302333832,0.9979921579360962,0.5619668960571289,0.6136996746063232,0.9968563318252563,0.38516584038734436,0.6129311323165894,0.9972373247146606,0.5773135423660278,0.722377598285675,0.9925574064254761,0.38033327460289,0.7220243215560913,0.9942179918289185
182,6.0714,0.45058420300483704,0.28837311267852783,0.9954659938812256,0.47219112515449524,0.2787972092628479,0.9911447167396545,0.43069013953208923,0.2782800793647766,0.9909049868583679,0.5006457567214966,0.28877028822898865,0.9095748662948608,0.40326550602912903,0.2882699966430664,0.90699702501297,0.544240415096283,0.3427497446537018,0.9984557628631592,0.3744301199913025,0.34696704149246216,0.997606635093689,0.625478208065033,0.3927224576473236,0.9932998418807983,0.29239872097969055,0.39310210943222046,0.9955542683601379,0.6900346279144287,0.3494642972946167,0.9798874855041504,0.22104990482330322,0.3536852300167084,0.99290531873703,0.5188389420509338,0.4881494641304016,0.9981653094291687,0.4088383913040161,0.4895299971103668,0.9979621171951294,0.5608032941818237,0.6139030456542969,0.9969011545181274,0.38474467396736145,0.6135303378105164,0.9972599744796753,0.5772936940193176,0.7229250073432922,0.9922549724578857,0.3799857199192047,0.7222303152084351,0.9939623475074768
183,6.1047,0.4487936794757843,0.2883675694465637,0.9954589605331421,0.4702196419239044,0.27889150381088257,0.9907445311546326,0.4288612902164459,0.2783958315849304,0.9908388257026672,0.49835458397865295,0.2887100279331207,0.9036327600479126,0.40124401450157166,0.2882850766181946,0.9082784056663513,0.5421127080917358,0.3423440456390381,0.9984434247016907,0.37276872992515564,0.34661200642585754,0.9976298809051514,0.6240367293357849,0.3927212357521057,0.9931934475898743,0.2904841899871826,0.3940785825252533,0.9956598877906799,0.688248336315155,0.34868481755256653,0.9795565605163574,0.218556746840477,0.3526906371116638,0.9927056431770325,0.5174712538719177,0.48777276277542114,0.9980966448783875,0.4079509377479553,0.48916974663734436,0.9979183077812195,0.5603331923484802,0.6139230728149414,0.99692302942276,0.38492050766944885,0.6134203672409058,0.9974119067192078,0.5773757100105286,0.7231947779655457,0.9918237328529358,0.38009923696517944,0.7226192355155945,0.9939377307891846
184,6.1381,0.4461870789527893,0.2887325882911682,0.995503842830658,0.4671708941459656,0.2791336178779602,0.9914358258247375,0.42627114057540894,0.27898138761520386,0.9910368919372559,0.49558180570602417,0.28845253586769104,0.9140385389328003,0.3992616534233093,0.28881463408470154,0.9058117270469666,0.5397194027900696,0.34162402153015137,0.9984419941902161,0.3716122508049011,0.3460208475589752,0.9976122379302979,0.622674286365509,0.3922746479511261,0.9932259917259216,0.29087120294570923,0.39524775743484497,0.995613694190979,0.6865217685699463,0.3476690649986267,0.9792475700378418,0.2174961119890213,0.3530409634113312,0.9921724796295166,0.5164101123809814,0.48757609724998474,0.9980777502059937,0.4070037305355072,0.4891298711299896,0.9978634715080261,0.5591487288475037,0.6138255000114441,0.9968825578689575,0.3851456940174103,0.6138193607330322,0.9973399043083191,0.5775870084762573,0.7231294512748718,0.99167799949646,0.38007673621177673,0.7230839729309082,0.9936855435371399
185,6.1714,0.44387754797935486,0.28948360681533813,0.9950699806213379,0.4649309813976288,0.27957502007484436,0.9904711246490479,0.4238439202308655,0.2795138955116272,0.989867091178894,0.49337175488471985,0.28835147619247437,0.9135273098945618,0.3969845175743103,0.2889309525489807,0.9004182815551758,0.5388870239257812,0.34153932332992554,0.9984549283981323,0.36797553300857544,0.34649044275283813,0.9975714087486267,0.6205376386642456,0.3926054537296295,0.9930508136749268,0.2887853980064392,0.39609628915786743,0.9953536987304688,0.6817002892494202,0.34864434599876404,0.9799849987030029,0.2177264392375946,0.35445865988731384,0.9923668503761292,0.5164589285850525,0.48867160081863403,0.9980952143669128,0.40569454431533813,0.490557998418808,0.9978801012039185,0.5592203736305237,0.61427903175354,0.9968107342720032,0.38305792212486267,0.6146371364593506,0.997357189655304,0.5779886841773987,0.723541259765625,0.9913124442100525,0.3796992897987366,0.7236496210098267,0.9936707019805908
186,6.2048,0.44120797514915466,0.29057765007019043,0.9952669143676758,0.46236729621887207,0.2804185748100281,0.990298330783844,0.4209561347961426,0.28054744005203247,0.9899735450744629,0.4905757009983063,0.28925228118896484,0.9086297750473022,0.3947739899158478,0.29025691747665405,0.8960516452789307,0.535783588886261,0.3411180078983307,0.9984419941902161,0.3647702634334564,0.3472610116004944,0.9976577758789062,0.6174066066741943,0.3921249210834503,0.9932044744491577,0.28525272011756897,0.3959774374961853,0.9957064986228943,0.6768425107002258,0.3506527543067932,0.9819113612174988,0.21284495294094086,0.35354480147361755,0.9925301671028137,0.5155694484710693,0.49027305841445923,0.9980407357215881,0.40383127331733704,0.4928067624568939,0.9977877140045166,0.5593703985214233,0.6151591539382935,0.9967303276062012,0.3815456032752991,0.6160705089569092,0.9972788691520691,0.5778887271881104,0.7240656614303589,0.9912289381027222,0.37935230135917664,0.7242342233657837,0.9936155080795288
187,6.2382,0.4400908052921295,0.2914990782737732,0.9953075051307678,0.4605445861816406,0.2810824513435364,0.9903330206871033,0.41975241899490356,0.28152889013290405,0.9902321696281433,0.48833343386650085,0.2894670367240906,0.9042001366615295,0.3933091461658478,0.2911810874938965,0.899090051651001,0.5333693623542786,0.34149599075317383,0.9983811378479004,0.36179810762405396,0.3472921550273895,0.9976193308830261,0.61240154504776,0.3928755819797516,0.9926089644432068,0.2822735607624054,0.3947277069091797,0.9959644079208374,0.6753790378570557,0.35164719820022583,0.9808796048164368,0.21075408160686493,0.353385865688324,0.9926831126213074,0.5130171775817871,0.4889644682407379,0.9980666041374207,0.40032997727394104,0.4915904104709625,0.9978123903274536,0.5597834587097168,0.6150236129760742,0.9967542290687561,0.3777727484703064,0.6156459450721741,0.9973258972167969,0.5777495503425598,0.7214486598968506,0.9914851784706116,0.37908482551574707,0.7243006229400635,0.9936022162437439
188,6.2715,0.4390983581542969,0.2928292155265808,0.9955291152000427,0.45966920256614685,0.2822359800338745,0.9902817010879517,0.4189489185810089,0.2824067175388336,0.9912021160125732,0.4869169592857361,0.29040780663490295,0.8912585377693176,0.3919391334056854,0.2914968430995941,0.9108775854110718,0.530544638633728,0.342069536447525,0.998416543006897,0.3586743175983429,0.34793391823768616,0.9976748824119568,0.6112923622131348,0.3935696482658386,0.9930858612060547,0.2795601487159729,0.3946402668952942,0.9962880611419678,0.6729577779769897,0.35268425941467285,0.9823939800262451,0.20890699326992035,0.35379722714424133,0.992565393447876,0.5093207955360413,0.488260418176651,0.9981367588043213,0.39708492159843445,0.4915462136268616,0.9977983236312866,0.5612613558769226,0.6112803816795349,0.996697187423706,0.3748277425765991,0.6158941388130188,0.9970524311065674,0.5760459899902344,0.7150908708572388,0.9925944209098816,0.37839415669441223,0.723238468170166,0.9934841990470886
189,6.3049,0.4394552409648895,0.2952699065208435,0.9951541423797607,0.4598696529865265,0.2846618592739105,0.9897739291191101,0.4193912446498871,0.2847757935523987,0.9903519749641418,0.4871639609336853,0.2920234501361847,0.890261173248291,0.39205873012542725,0.2929697632789612,0.9061722755432129,0.5292264819145203,0.3432863652706146,0.9983362555503845,0.35755759477615356,0.34855514764785767,0.9975603818893433,0.6094735264778137,0.3953774571418762,0.9923135638237,0.27715763449668884,0.3945191502571106,0.9961180686950684,0.6715099215507507,0.35435518622398376,0.9837089776992798,0.2075641006231308,0.3534610867500305,0.9923087358474731,0.5065917372703552,0.48516201972961426,0.9982662796974182,0.39449870586395264,0.48852068185806274,0.997820258140564,0.5639979243278503,0.6076804399490356,0.9968975782394409,0.37097084522247314,0.6138203740119934,0.9968401193618774,0.5689505934715271,0.7102712988853455,0.9941313862800598,0.3779813051223755,0.722429633140564,0.9937072396278381
190,6.3382,0.44007089734077454,0.2967982888221741,0.9951111674308777,0.46097642183303833,0.28612592816352844,0.9890760183334351,0.4197755455970764,0.286050021648407,0.9906057715415955,0.4879290759563446,0.29314008355140686,0.880000650882721,0.3922784626483917,0.29361361265182495,0.9144778847694397,0.5304404497146606,0.34403401613235474,0.9982689619064331,0.355876088142395,0.34899359941482544,0.9974383115768433,0.6093230247497559,0.3963605463504791,0.9923388957977295,0.27675801515579224,0.3948341906070709,0.9960185885429382,0.6713637113571167,0.3545868992805481,0.9842455983161926,0.20758333802223206,0.35496875643730164,0.9925872683525085,0.507419764995575,0.4853605329990387,0.9982498288154602,0.3944896161556244,0.4887353777885437,0.9978020787239075,0.5610275268554688,0.6049314141273499,0.9969258904457092,0.37083372473716736,0.6130430102348328,0.9968504309654236,0.5576318502426147,0.7105029821395874,0.994170069694519,0.37849298119544983,0.721978485584259,0.9936277866363525
191,6.3716,0.4401325583457947,0.2968032956123352,0.9947643280029297,0.46140235662460327,0.28606945276260376,0.9880819320678711,0.4199419617652893,0.28582483530044556,0.9904380440711975,0.4883539080619812,0.29324549436569214,0.8792693614959717,0.39259839057922363,0.29331642389297485,0.9191027879714966,0.5312628149986267,0.34362369775772095,0.9981371164321899,0.3562549650669098,0.3481256365776062,0.9972719550132751,0.6101086139678955,0.3958050608634949,0.9924004077911377,0.2773728370666504,0.39443668723106384,0.9955494403839111,0.6717140078544617,0.35478925704956055,0.9842143058776855,0.2071099430322647,0.3551272749900818,0.9924312829971313,0.5063066482543945,0.4840102791786194,0.9980053305625916,0.3953988254070282,0.4872052073478699,0.997631311416626,0.5513250231742859,0.6036919355392456,0.9970353841781616,0.37334901094436646,0.6121425032615662,0.9971833825111389,0.5538457036018372,0.721793532371521,0.9930532574653625,0.37861210107803345,0.7238116264343262,0.9936145544052124
192,6.4049,0.44032686948776245,0.2963692843914032,0.9950000047683716,0.4616028666496277,0.2858801782131195,0.9886947274208069,0.42032480239868164,0.28544890880584717,0.9906959533691406,0.4887230694293976,0.2930868864059448,0.8795273303985596,0.39266839623451233,0.29277709126472473,0.9153528213500977,0.5321531295776367,0.3437366485595703,0.9981496334075928,0.3564833700656891,0.3478996157646179,0.9973496198654175,0.6111612915992737,0.3962480127811432,0.9930958151817322,0.2772861421108246,0.3942054808139801,0.9954332709312439,0.6719236373901367,0.35392990708351135,0.9835255146026611,0.20707997679710388,0.35521912574768066,0.9924725294113159,0.505717396736145,0.4848581850528717,0.9978581070899963,0.3952198326587677,0.4866296648979187,0.9976385831832886,0.5390865802764893,0.613200306892395,0.99676513671875,0.37301355600357056,0.6131132245063782,0.9973809123039246,0.5497043132781982,0.7308629155158997,0.9899232983589172,0.3784450888633728,0.7245208024978638,0.9931735396385193
193,6.4383,0.44121605157852173,0.29630106687545776,0.9949592351913452,0.46239009499549866,0.2857106328010559,0.9886820316314697,0.4206657111644745,0.28575757145881653,0.9906722903251648,0.48997962474823,0.29281577467918396,0.8833340406417847,0.39342138171195984,0.2935817241668701,0.9123376607894897,0.5349934697151184,0.3448319733142853,0.9980504512786865,0.35772764682769775,0.34832221269607544,0.9972969889640808,0.614260733127594,0.39606788754463196,0.9931199550628662,0.27828189730644226,0.39478257298469543,0.9953540563583374,0.6742409467697144,0.35343241691589355,0.9833093285560608,0.20723342895507812,0.35525503754615784,0.9923789501190186,0.507574737071991,0.48799577355384827,0.997715950012207,0.3957250714302063,0.48945218324661255,0.9975512623786926,0.5297361016273499,0.6155742406845093,0.9967812299728394,0.37251022458076477,0.6157457232475281,0.9974850416183472,0.5441039800643921,0.733475923538208,0.9893989562988281,0.3790104389190674,0.7253624200820923,0.9931049942970276
