frame,time_s,nose_x,nose_y,nose_conf,left_eye_x,left_eye_y,left_eye_conf,right_eye_x,right_eye_y,right_eye_conf,left_ear_x,left_ear_y,left_ear_conf,right_ear_x,right_ear_y,right_ear_conf,left_shoulder_x,left_shoulder_y,left_shoulder_conf,right_shoulder_x,right_shoulder_y,right_shoulder_conf,left_elbow_x,left_elbow_y,left_elbow_conf,right_elbow_x,right_elbow_y,right_elbow_conf,left_wrist_x,left_wrist_y,left_wrist_conf,right_wrist_x,right_wrist_y,right_wrist_conf,left_hip_x,left_hip_y,left_hip_conf,right_hip_x,right_hip_y,right_hip_conf,left_knee_x,left_knee_y,left_knee_conf,right_knee_x,right_knee_y,right_knee_conf,left_ankle_x,left_ankle_y,left_ankle_conf,right_ankle_x,right_ankle_y,right_ankle_conf
0,0.0,0.4708192050457001,0.2633403539657593,0.993344783782959,0.4929143190383911,0.2529450058937073,0.9877782464027405,0.4528219401836395,0.25248995423316956,0.9799098968505859,0.5243090987205505,0.24951763451099396,0.8861509561538696,0.4279156029224396,0.2488822489976883,0.673345685005188,0.5705370306968689,0.29254060983657837,0.9982978701591492,0.39773687720298767,0.2948385179042816,0.9965503215789795,0.6528834700584412,0.34480977058410645,0.9946581721305847,0.33556315302848816,0.33787021040916443,0.9915136694908142,0.7090762853622437,0.2957974672317505,0.9866724014282227,0.2594701647758484,0.2984381318092346,0.985934317111969,0.5403897166252136,0.44940561056137085,0.9982864260673523,0.4281558692455292,0.4490978717803955,0.9973523616790771,0.5676277875900269,0.5683377981185913,0.9962453246116638,0.40156465768814087,0.566505491733551,0.9952210783958435,0.5807279944419861,0.6773249506950378,0.9909946322441101,0.3897673785686493,0.6746512651443481,0.9912459254264832
1,0.0334,0.4697985351085663,0.25976842641830444,0.992931604385376,0.49209293723106384,0.24929742515087128,0.9857578277587891,0.4522916078567505,0.24843378365039825,0.9810861945152283,0.522447943687439,0.24844975769519806,0.8742560148239136,0.42698970437049866,0.24685625731945038,0.737021803855896,0.5684709548950195,0.29245835542678833,0.998325526714325,0.3963377773761749,0.29522281885147095,0.996600329875946,0.6504751443862915,0.3439596891403198,0.9944522976875305,0.33650314807891846,0.3381670415401459,0.9908455014228821,0.7076334357261658,0.295971155166626,0.9870944619178772,0.2586905062198639,0.2992362082004547,0.9859240055084229,0.5399081110954285,0.4494081139564514,0.9983056783676147,0.4269922971725464,0.44927269220352173,0.9973300695419312,0.5665489435195923,0.5682448744773865,0.9962253570556641,0.4019237458705902,0.5669852495193481,0.9950931072235107,0.5807985663414001,0.6770487427711487,0.9913349747657776,0.389535516500473,0.6755117177963257,0.9913240671157837
2,0.0669,0.4681585431098938,0.25673991441726685,0.9919548630714417,0.4911521077156067,0.24623146653175354,0.9848718047142029,0.45086270570755005,0.245204359292984,0.9780983924865723,0.5220174789428711,0.24756786227226257,0.8934250473976135,0.4264625608921051,0.24552664160728455,0.7246643900871277,0.5682423114776611,0.2925320267677307,0.9983060359954834,0.39567065238952637,0.29494234919548035,0.9965832829475403,0.6486735343933105,0.34360772371292114,0.9941007494926453,0.3344652056694031,0.3374207317829132,0.9906904697418213,0.7068890333175659,0.29564952850341797,0.9864734411239624,0.25823572278022766,0.29965758323669434,0.9853165745735168,0.5389308333396912,0.4469303488731384,0.9982863068580627,0.4260912537574768,0.44673603773117065,0.9972890615463257,0.5667435526847839,0.5674431920051575,0.9964346885681152,0.40221884846687317,0.5666294693946838,0.9952961802482605,0.5808135867118835,0.6764463186264038,0.9917258024215698,0.3890783488750458,0.675714910030365,0.9914413690567017
3,0.1003,0.4670120179653168,0.25323641300201416,0.9914085268974304,0.4892163872718811,0.24325871467590332,0.9850291609764099,0.4505082368850708,0.24245576560497284,0.9764220714569092,0.5205897688865662,0.24673256278038025,0.9085760116577148,0.42697855830192566,0.24517042934894562,0.7112724781036377,0.5678412318229675,0.29213666915893555,0.9982572197914124,0.39563944935798645,0.2945344150066376,0.9963758587837219,0.6457582712173462,0.3439590334892273,0.9939945340156555,0.33526718616485596,0.3383529782295227,0.9902156591415405,0.7036915421485901,0.29745084047317505,0.9868912100791931,0.2581615149974823,0.29970255494117737,0.9849376082420349,0.5382718443870544,0.44578075408935547,0.9982593655586243,0.42502501606941223,0.4457648694515228,0.9972075819969177,0.5659080743789673,0.5671110153198242,0.9964267611503601,0.4013615846633911,0.5664025545120239,0.995274007320404,0.5808081030845642,0.6762510538101196,0.9915001392364502,0.38922497630119324,0.675633430480957,0.9912471175193787
4,0.1337,0.46840497851371765,0.25090292096138,0.9911700487136841,0.4910084903240204,0.2413269728422165,0.9845750331878662,0.45081108808517456,0.24035139381885529,0.9795233011245728,0.5207686424255371,0.24627622961997986,0.9037219285964966,0.4252804219722748,0.2444038838148117,0.7996368408203125,0.5667188763618469,0.2922777235507965,0.998345136642456,0.39497876167297363,0.2948243021965027,0.9964435696601868,0.6448491215705872,0.3436211347579956,0.9941354990005493,0.3323831856250763,0.3384418487548828,0.9907578229904175,0.703126847743988,0.2973082661628723,0.9869776368141174,0.25785374641418457,0.29980477690696716,0.9859347343444824,0.5380638837814331,0.44470804929733276,0.9983112812042236,0.4249597191810608,0.4448329508304596,0.9972590208053589,0.565617024898529,0.5663722157478333,0.9965204000473022,0.4015790820121765,0.5663015246391296,0.9953539371490479,0.5808650255203247,0.6753867268562317,0.9915971159934998,0.38970014452934265,0.6755494475364685,0.9911066889762878
5,0.1672,0.4688760042190552,0.24975363910198212,0.9915505647659302,0.4914160966873169,0.23975205421447754,0.9847018122673035,0.45059698820114136,0.23905615508556366,0.9822216629981995,0.5204620957374573,0.24531951546669006,0.9019953608512878,0.42443373799324036,0.24406757950782776,0.8382490277290344,0.5666378736495972,0.29250186681747437,0.998288094997406,0.3940861225128174,0.2951280176639557,0.9963713884353638,0.6414972543716431,0.3438341021537781,0.9938901662826538,0.3345264494419098,0.3383510708808899,0.9903871417045593,0.7020767331123352,0.2965767979621887,0.9877076745033264,0.25889259576797485,0.30200719833374023,0.9867004156112671,0.5381563901901245,0.44630035758018494,0.9982119798660278,0.4237021505832672,0.4464316964149475,0.9970878958702087,0.5652494430541992,0.5671772360801697,0.9963745474815369,0.39996209740638733,0.5673825740814209,0.9950518012046814,0.5807432532310486,0.6747699975967407,0.9914621710777283,0.389541894197464,0.6758297085762024,0.9905727505683899
6,0.2006,0.4688785970211029,0.24864211678504944,0.9925526976585388,0.49138087034225464,0.23888126015663147,0.9864733219146729,0.4506669044494629,0.23805055022239685,0.9845700860023499,0.5195102691650391,0.2451588660478592,0.9044590592384338,0.4243934750556946,0.2436233013868332,0.8509591221809387,0.5653320550918579,0.2920866906642914,0.9982917904853821,0.3932914435863495,0.29517751932144165,0.9963697195053101,0.6414542198181152,0.3433911204338074,0.9940624833106995,0.33312880992889404,0.3384440541267395,0.9900956153869629,0.7015310525894165,0.29656141996383667,0.9879366755485535,0.2586565315723419,0.30180901288986206,0.9868983030319214,0.5377533435821533,0.4455881714820862,0.9981504082679749,0.42334988713264465,0.44589823484420776,0.9969865679740906,0.5654801726341248,0.5671886205673218,0.9963369369506836,0.3988026976585388,0.5671713948249817,0.9950424432754517,0.5808476805686951,0.674728274345398,0.9909014701843262,0.3894793689250946,0.6758915781974792,0.9901276230812073
7,0.2341,0.46853527426719666,0.2473824918270111,0.9926450252532959,0.49097874760627747,0.23763933777809143,0.9864791035652161,0.4501258134841919,0.23675069212913513,0.9849916100502014,0.5187399983406067,0.24419745802879333,0.9023252129554749,0.42341193556785583,0.2425733506679535,0.8576372265815735,0.5648608803749084,0.2921537756919861,0.9983152151107788,0.3930254578590393,0.2950708270072937,0.996364414691925,0.6406883001327515,0.343523770570755,0.9941097497940063,0.3341672122478485,0.3388456404209137,0.9900597333908081,0.7006035447120667,0.2964457869529724,0.9880456328392029,0.2593280076980591,0.302396684885025,0.9871646165847778,0.5375872850418091,0.4454825818538666,0.9981725215911865,0.4232805073261261,0.4456389546394348,0.9969792366027832,0.565754771232605,0.5674874186515808,0.9963954091072083,0.3985436260700226,0.5674258470535278,0.9949404001235962,0.5807737708091736,0.6745132207870483,0.9912441968917847,0.3894292712211609,0.6759235858917236,0.9901124835014343
8,0.2675,0.46729761362075806,0.2453385293483734,0.9927069544792175,0.48995548486709595,0.23561331629753113,0.9836153388023376,0.44826143980026245,0.23467931151390076,0.985925018787384,0.5180554389953613,0.24377480149269104,0.883133590221405,0.4217618405818939,0.24207134544849396,0.9008552432060242,0.5648960471153259,0.291862428188324,0.9979464411735535,0.39239582419395447,0.29501524567604065,0.9965692758560181,0.6411285996437073,0.3427044749259949,0.9926419854164124,0.33290669322013855,0.33785900473594666,0.9913831353187561,0.7006956934928894,0.2985285520553589,0.9823442697525024,0.25830501317977905,0.3017308712005615,0.9907671213150024,0.5359728336334229,0.4468008875846863,0.9977236390113831,0.42286109924316406,0.4471961557865143,0.9975142478942871,0.5643609166145325,0.5690519213676453,0.9957081079483032,0.3985832631587982,0.5700230598449707,0.9960261583328247,0.5768274068832397,0.6747716069221497,0.989445149898529,0.3888770639896393,0.6758049726486206,0.9912706613540649
9,0.3009,0.46703922748565674,0.2445686161518097,0.9930647015571594,0.4892348349094391,0.23479223251342773,0.983930766582489,0.4479673206806183,0.23410539329051971,0.9860142469406128,0.5172626376152039,0.24248826503753662,0.8835423588752747,0.4218546152114868,0.24135777354240417,0.8942869305610657,0.5648899674415588,0.29164719581604004,0.9978773593902588,0.391989529132843,0.29473063349723816,0.9966565370559692,0.6397007703781128,0.3429112434387207,0.9922637939453125,0.3323924243450165,0.33898916840553284,0.9915271401405334,0.7008213400840759,0.29763445258140564,0.982451856136322,0.2572588622570038,0.30122995376586914,0.9912487268447876,0.5357363820075989,0.445556104183197,0.9975776076316833,0.42303088307380676,0.4459070563316345,0.99741131067276,0.5628140568733215,0.5684550404548645,0.9957465529441833,0.39913809299468994,0.5690630078315735,0.9960862398147583,0.5768487453460693,0.6759125590324402,0.9895389676094055,0.3888656198978424,0.6754487156867981,0.9914622902870178
10,0.3344,0.4667893350124359,0.24401502311229706,0.9932942390441895,0.4887796640396118,0.2344113290309906,0.9844136238098145,0.44766128063201904,0.23378345370292664,0.9860599040985107,0.5170261859893799,0.24168062210083008,0.8830094933509827,0.4215604066848755,0.24071398377418518,0.888445258140564,0.5643550157546997,0.2918302118778229,0.9979056119918823,0.39156532287597656,0.29462552070617676,0.9966726303100586,0.6396026015281677,0.34312137961387634,0.9922519326210022,0.3309812843799591,0.33976736664772034,0.9915981292724609,0.7004976272583008,0.2974538207054138,0.9829015731811523,0.2567521333694458,0.3015206456184387,0.9915632009506226,0.5336542129516602,0.44512373208999634,0.9976199269294739,0.4215656816959381,0.4454333186149597,0.9974305033683777,0.5610508322715759,0.568560779094696,0.9957048296928406,0.39833560585975647,0.5691574215888977,0.9960010647773743,0.5768103003501892,0.6766185760498047,0.9895875453948975,0.38907912373542786,0.6756919622421265,0.9914378523826599
11,0.3678,0.46618032455444336,0.2431202381849289,0.9930592775344849,0.48768356442451477,0.2335062026977539,0.9842736721038818,0.4476323425769806,0.2329501360654831,0.9853391647338867,0.5161373615264893,0.24084529280662537,0.8853447437286377,0.42195865511894226,0.24001102149486542,0.8776421546936035,0.5641106367111206,0.29197579622268677,0.9978984594345093,0.3908672034740448,0.29439863562583923,0.9966791868209839,0.6393910050392151,0.34318533539772034,0.9922968745231628,0.3308582007884979,0.3410000801086426,0.9916638135910034,0.6998745203018188,0.29797273874282837,0.9825870394706726,0.25542542338371277,0.30128517746925354,0.9911012053489685,0.5330479145050049,0.4460673928260803,0.9976678490638733,0.4200253486633301,0.4462880492210388,0.9974560141563416,0.5605939030647278,0.5689451098442078,0.9956687688827515,0.39668917655944824,0.5693774223327637,0.9959157109260559,0.5768532752990723,0.6764923930168152,0.9897985458374023,0.38869473338127136,0.6758002042770386,0.9915117621421814
12,0.4012,0.4653344452381134,0.24206110835075378,0.9929678440093994,0.48655059933662415,0.2326374053955078,0.9843761920928955,0.4470061957836151,0.23214086890220642,0.9844446182250977,0.5152819156646729,0.24010255932807922,0.8907829523086548,0.42177602648735046,0.23942136764526367,0.8669713735580444,0.5642565488815308,0.29217424988746643,0.9979562759399414,0.39064329862594604,0.2944551408290863,0.9967978596687317,0.6384419202804565,0.34325993061065674,0.9922536015510559,0.33004602789878845,0.3405458927154541,0.9920657277107239,0.6998016238212585,0.29872316122055054,0.9819767475128174,0.25370943546295166,0.3017532229423523,0.9904167652130127,0.5323764681816101,0.44616928696632385,0.997642457485199,0.41922831535339355,0.44618111848831177,0.9974225759506226,0.5600736141204834,0.568749725818634,0.995617151260376,0.3958374857902527,0.5686594247817993,0.9958475828170776,0.5767632126808167,0.6764335632324219,0.9897996187210083,0.3885114789009094,0.6759940385818481,0.9914632439613342
13,0.4347,0.46456199884414673,0.24139587581157684,0.992790937423706,0.4853649437427521,0.23170766234397888,0.9845059514045715,0.44577810168266296,0.23179511725902557,0.9834169745445251,0.5148721933364868,0.23899129033088684,0.8986390829086304,0.42102891206741333,0.23965099453926086,0.8524818420410156,0.5637465715408325,0.2923647165298462,0.9979547262191772,0.3911482095718384,0.2950878441333771,0.9968010187149048,0.6373669505119324,0.34401553869247437,0.9920920133590698,0.329849511384964,0.3416054844856262,0.991805911064148,0.6995343565940857,0.29865115880966187,0.9821884036064148,0.2535264194011688,0.3020489513874054,0.9903289079666138,0.5319548845291138,0.4457162022590637,0.9976478219032288,0.4189615845680237,0.4459521174430847,0.9974114298820496,0.5602765083312988,0.5688146352767944,0.9957156777381897,0.39564383029937744,0.5685127973556519,0.9958935976028442,0.5763107538223267,0.6766330003738403,0.9903756976127625,0.3887483775615692,0.6759501695632935,0.9918796420097351
14,0.4681,0.46463486552238464,0.24091486632823944,0.993179440498352,0.4855174720287323,0.23147305846214294,0.9852159023284912,0.44582757353782654,0.23137593269348145,0.9846760630607605,0.5144473910331726,0.23905682563781738,0.89793860912323,0.4207380414009094,0.23933438956737518,0.8650963306427002,0.5634697675704956,0.292108952999115,0.9980121850967407,0.3903810381889343,0.2951412796974182,0.9968204498291016,0.6380836963653564,0.34440627694129944,0.9923343062400818,0.3304148018360138,0.34321898221969604,0.9917473793029785,0.699494481086731,0.29825249314308167,0.9828816652297974,0.25344598293304443,0.3024098873138428,0.9904139637947083,0.5322140455245972,0.4453560709953308,0.9977241158485413,0.41910916566848755,0.4455980658531189,0.9974592328071594,0.560777485370636,0.5690021514892578,0.9957370758056641,0.3952804505825043,0.5682044625282288,0.9958871006965637,0.5760295987129211,0.6768079996109009,0.990379810333252,0.3887835741043091,0.6759032011032104,0.9919303059577942
15,0.5016,0.46418049931526184,0.24081537127494812,0.9932116270065308,0.48526623845100403,0.23135080933570862,0.9854690432548523,0.4455479383468628,0.23103585839271545,0.9846899509429932,0.5142731070518494,0.23893733322620392,0.900743305683136,0.4206731915473938,0.23875169456005096,0.8629544973373413,0.5637080669403076,0.29218149185180664,0.9980113506317139,0.3903076648712158,0.29530686140060425,0.9968044757843018,0.6378506422042847,0.3449111580848694,0.9923198819160461,0.3307424783706665,0.34347090125083923,0.991661548614502,0.6994437575340271,0.2980976402759552,0.9829427003860474,0.2535635530948639,0.3031398355960846,0.9904318451881409,0.5320232510566711,0.44557684659957886,0.9977238774299622,0.41882702708244324,0.4457431435585022,0.9974677562713623,0.5604974031448364,0.5689358115196228,0.9957138299942017,0.39493995904922485,0.5681011080741882,0.9958835244178772,0.5759438276290894,0.6767571568489075,0.990342378616333,0.3888087868690491,0.6758082509040833,0.9919680953025818
16,0.535,0.4640748202800751,0.24043092131614685,0.9932435154914856,0.48538973927497864,0.23099341988563538,0.9855684638023376,0.44542595744132996,0.23051400482654572,0.9851126074790955,0.5141555070877075,0.23903684318065643,0.9024519920349121,0.42046627402305603,0.2384994477033615,0.871753990650177,0.5632395148277283,0.29209980368614197,0.9980231523513794,0.39015698432922363,0.2954696714878082,0.9968253374099731,0.6370500922203064,0.34523338079452515,0.9922768473625183,0.33033287525177,0.34357866644859314,0.9916860461235046,0.699662446975708,0.2977105677127838,0.9829275012016296,0.2534669041633606,0.30378109216690063,0.9904317259788513,0.5318723917007446,0.44604507088661194,0.9976963400840759,0.418823778629303,0.44632911682128906,0.9974506497383118,0.5600854754447937,0.5690043568611145,0.9956783652305603,0.3949953615665436,0.5685135126113892,0.9958990216255188,0.5759616494178772,0.6768435835838318,0.9900134801864624,0.388827383518219,0.6758943796157837,0.9917811751365662
17,0.5684,0.46407821774482727,0.23995991051197052,0.9934170246124268,0.485342800617218,0.23046059906482697,0.9858588576316833,0.44524604082107544,0.230047345161438,0.9856483936309814,0.5138607621192932,0.23872728645801544,0.9029874205589294,0.42019274830818176,0.23835036158561707,0.8765006065368652,0.562878429889679,0.29223987460136414,0.998023509979248,0.38996005058288574,0.2957240343093872,0.9968247413635254,0.6367514133453369,0.34554165601730347,0.9923244714736938,0.33115455508232117,0.34414052963256836,0.9917120933532715,0.699346661567688,0.2978896498680115,0.9830970764160156,0.25334370136260986,0.3042658269405365,0.9906100630760193,0.5317701697349548,0.4472067952156067,0.9976561069488525,0.41896846890449524,0.4475528299808502,0.9974059462547302,0.5596287846565247,0.5692237615585327,0.9955861568450928,0.3953784108161926,0.5689641237258911,0.9958190321922302,0.5761092305183411,0.676948070526123,0.9895482063293457,0.38899314403533936,0.6759255528450012,0.9914211630821228
18,0.6019,0.464062362909317,0.23961229622364044,0.9935989379882812,0.4853101074695587,0.2300347089767456,0.9862850904464722,0.4450581967830658,0.22972464561462402,0.9861554503440857,0.5138759613037109,0.23849864304065704,0.9030462503433228,0.41990822553634644,0.23834653198719025,0.8785900473594666,0.5627847909927368,0.2922872006893158,0.9980030655860901,0.38971641659736633,0.29583048820495605,0.9968492388725281,0.6361202597618103,0.34612011909484863,0.9923326969146729,0.3311397433280945,0.34470659494400024,0.9919078350067139,0.6993837952613831,0.29760870337486267,0.9831158518791199,0.25290411710739136,0.30407246947288513,0.9905439615249634,0.5322385430335999,0.4485604166984558,0.9975908994674683,0.4189907908439636,0.44899827241897583,0.9973517656326294,0.5600796341896057,0.569675087928772,0.9954015016555786,0.39539676904678345,0.569689154624939,0.9956875443458557,0.5760790705680847,0.6772928833961487,0.9889665246009827,0.38896268606185913,0.6760266423225403,0.9910075068473816
19,0.6353,0.4640149474143982,0.23944124579429626,0.9935168027877808,0.4852233827114105,0.22980543971061707,0.9861479997634888,0.4449073076248169,0.2296096533536911,0.9860397577285767,0.5138655304908752,0.2383071482181549,0.9045801758766174,0.4198206663131714,0.23839636147022247,0.8787230849266052,0.5628715753555298,0.29221469163894653,0.9979879856109619,0.3896770477294922,0.29565951228141785,0.9967941641807556,0.6368277072906494,0.3461918234825134,0.9922828078269958,0.33142226934432983,0.3448588252067566,0.9915300607681274,0.6996971368789673,0.29748663306236267,0.9831076860427856,0.25309398770332336,0.30433985590934753,0.9903935790061951,0.5324233770370483,0.44892531633377075,0.9975705742835999,0.419003963470459,0.44930505752563477,0.9973222613334656,0.5605473518371582,0.5696946978569031,0.9953493475914001,0.3955707550048828,0.5695041418075562,0.9956531524658203,0.5761767029762268,0.6771928071975708,0.988966166973114,0.3889487087726593,0.6759815216064453,0.9910457730293274
20,0.6687,0.4640348553657532,0.23930446803569794,0.993518054485321,0.48527517914772034,0.22964473068714142,0.9860062599182129,0.4448229968547821,0.2294958531856537,0.9860860109329224,0.5139067769050598,0.2382696568965912,0.9023025035858154,0.41970306634902954,0.23846058547496796,0.8792064189910889,0.5626435279846191,0.29222381114959717,0.9980158805847168,0.39013588428497314,0.29568856954574585,0.9968722462654114,0.6370123028755188,0.3462698757648468,0.9924662709236145,0.33000844717025757,0.3447859585285187,0.9919561147689819,0.6998289227485657,0.29736843705177307,0.9829800128936768,0.2525714933872223,0.3042176067829132,0.990497350692749,0.5326559543609619,0.44875821471214294,0.9975952506065369,0.4195018708705902,0.4490988850593567,0.9973410964012146,0.5615605115890503,0.5699040293693542,0.9954149723052979,0.3955148160457611,0.5695391297340393,0.9956536293029785,0.5760858058929443,0.677081286907196,0.9891414642333984,0.38864704966545105,0.6760789155960083,0.9909946322441101
21,0.7022,0.46473613381385803,0.23944087326526642,0.9936421513557434,0.4858317971229553,0.22975143790245056,0.9861111640930176,0.4454244375228882,0.22958818078041077,0.9870423078536987,0.5140431523323059,0.23824796080589294,0.8994286060333252,0.4198354184627533,0.23844461143016815,0.8922642469406128,0.5626391768455505,0.2921760678291321,0.9980224370956421,0.3901163637638092,0.2960054874420166,0.9968665242195129,0.6376078128814697,0.34626278281211853,0.9924373030662537,0.3304184377193451,0.3454569876194,0.9914934635162354,0.7000366449356079,0.29762497544288635,0.983228862285614,0.2527872323989868,0.3044160008430481,0.9902106523513794,0.5334370136260986,0.4484557509422302,0.9975878000259399,0.42025840282440186,0.44896721839904785,0.9973123073577881,0.5615423321723938,0.5694910287857056,0.9953905344009399,0.394936740398407,0.5693457722663879,0.9955796599388123,0.5760740637779236,0.6771575212478638,0.989015519618988,0.3886116147041321,0.6760250926017761,0.990827739238739
22,0.7356,0.46475738286972046,0.23972149193286896,0.9938279986381531,0.4856468737125397,0.22998574376106262,0.9866669774055481,0.44554710388183594,0.2298978567123413,0.987655758857727,0.5139307975769043,0.23815318942070007,0.8997122049331665,0.42003631591796875,0.23852118849754333,0.893443763256073,0.5630019307136536,0.29226377606391907,0.9979910850524902,0.39018961787223816,0.2962138056755066,0.9968239068984985,0.6382544040679932,0.3461318910121918,0.9924307465553284,0.3309282064437866,0.34612351655960083,0.9914904236793518,0.6998609900474548,0.29836350679397583,0.9834607839584351,0.2532528340816498,0.3047739565372467,0.990339457988739,0.5342984795570374,0.44868311285972595,0.9975895881652832,0.4205287992954254,0.4492318630218506,0.9973024129867554,0.5617024898529053,0.5696729421615601,0.9953727126121521,0.3944205343723297,0.5695460438728333,0.9955236911773682,0.5761681795120239,0.6771579384803772,0.989063560962677,0.38855624198913574,0.676063597202301,0.9907861948013306
23,0.769,0.4647264778614044,0.23973146080970764,0.9938074946403503,0.48557013273239136,0.2299514263868332,0.9867526292800903,0.44557249546051025,0.22991351783275604,0.9874124526977539,0.5140755772590637,0.2380785495042801,0.9015244841575623,0.42026275396347046,0.23853366076946259,0.8879101276397705,0.5635147094726562,0.2927015423774719,0.9979879856109619,0.3904288411140442,0.29605549573898315,0.9968017339706421,0.6383605003356934,0.34661632776260376,0.9924159049987793,0.329881876707077,0.34580177068710327,0.99169921875,0.7001065015792847,0.2984853684902191,0.9833690524101257,0.2530694007873535,0.3047005832195282,0.9907083511352539,0.5346209406852722,0.44882217049598694,0.99757319688797,0.4208255410194397,0.44918227195739746,0.997294008731842,0.561481773853302,0.56951904296875,0.9953808784484863,0.39435890316963196,0.5693262815475464,0.9955543875694275,0.5762064456939697,0.6771249771118164,0.9890029430389404,0.38863590359687805,0.6759428977966309,0.9907411336898804
24,0.8025,0.4647541046142578,0.23974832892417908,0.9937747716903687,0.48568809032440186,0.2300157994031906,0.9869385957717896,0.4457146227359772,0.22995562851428986,0.987338662147522,0.5143298506736755,0.23836484551429749,0.9051212668418884,0.42066141963005066,0.2387487143278122,0.8860293030738831,0.5641035437583923,0.29301387071609497,0.9979531764984131,0.3907772898674011,0.2961912155151367,0.9967769980430603,0.6382521986961365,0.34710443019866943,0.9923163652420044,0.3291987180709839,0.34548503160476685,0.9916811585426331,0.6999625563621521,0.2987508773803711,0.983525276184082,0.2531183063983917,0.3045565187931061,0.990796685218811,0.5354817509651184,0.44792646169662476,0.9975394010543823,0.421369731426239,0.4482193887233734,0.9972577691078186,0.5615531206130981,0.5688430070877075,0.9953867793083191,0.3944443166255951,0.5683721899986267,0.9955442547798157,0.5762356519699097,0.676899790763855,0.9889188408851624,0.3887290954589844,0.675737738609314,0.9906219244003296
25,0.8359,0.46493226289749146,0.23984237015247345,0.9937918782234192,0.4857121706008911,0.2300901859998703,0.9868015050888062,0.44598388671875,0.2300940454006195,0.986876368522644,0.5146180391311646,0.23818938434123993,0.9030508399009705,0.42103666067123413,0.2387050837278366,0.8750012516975403,0.5641456842422485,0.2934646010398865,0.9979543685913086,0.3916747570037842,0.29624050855636597,0.9967406392097473,0.6389842629432678,0.3471662104129791,0.9923751950263977,0.33025020360946655,0.34597375988960266,0.9914036393165588,0.6999430060386658,0.299280047416687,0.9842597842216492,0.25364962220191956,0.3048710227012634,0.9909504652023315,0.535532534122467,0.4478387236595154,0.9975427389144897,0.4217947721481323,0.4479924142360687,0.997275173664093,0.5615295171737671,0.5687268972396851,0.9953800439834595,0.39477336406707764,0.5681756734848022,0.9956279993057251,0.5765691995620728,0.6769051551818848,0.9892351031303406,0.38890013098716736,0.6757298707962036,0.9911155700683594
26,0.8694,0.46523985266685486,0.2400505244731903,0.9938758015632629,0.4859682619571686,0.23032936453819275,0.987173318862915,0.4463958740234375,0.23040039837360382,0.9869540333747864,0.5149250626564026,0.23840901255607605,0.9074417948722839,0.42180150747299194,0.23905138671398163,0.8739995956420898,0.5647338628768921,0.293714702129364,0.9979937076568604,0.3915379047393799,0.2966213822364807,0.9967404007911682,0.6404908299446106,0.34708601236343384,0.9924972057342529,0.32975777983665466,0.3459876775741577,0.9912433624267578,0.7004060745239258,0.29973870515823364,0.9839121699333191,0.2538626492023468,0.30504241585731506,0.9910496473312378,0.5363991856575012,0.4485183656215668,0.9975900650024414,0.42257800698280334,0.4488367438316345,0.9973258972167969,0.5621311068534851,0.5688642263412476,0.9954740405082703,0.3951861560344696,0.5686513781547546,0.9957362413406372,0.5766441226005554,0.6769334673881531,0.9892014265060425,0.3889952003955841,0.675640881061554,0.9911761283874512
27,0.9028,0.46525004506111145,0.24035139381885529,0.9936361312866211,0.48572462797164917,0.23088772594928741,0.9870358109474182,0.4469683766365051,0.23092202842235565,0.9853396415710449,0.5150307416915894,0.23880405724048615,0.9112337231636047,0.4230787456035614,0.2393408566713333,0.8492802977561951,0.5657042860984802,0.2942010760307312,0.9980248212814331,0.3921922445297241,0.2964619994163513,0.9967421889305115,0.6410598754882812,0.347784161567688,0.9926010966300964,0.3295641541481018,0.34692078828811646,0.9914566874504089,0.7006635665893555,0.3007434904575348,0.9831579923629761,0.25354886054992676,0.3052009046077728,0.9909927845001221,0.5371881723403931,0.44782644510269165,0.9975767731666565,0.4230259656906128,0.44793111085891724,0.9973630309104919,0.5630348920822144,0.5686289668083191,0.9953858256340027,0.3941366970539093,0.5679845809936523,0.9958653450012207,0.5768582820892334,0.6764042973518372,0.9888885617256165,0.3895185589790344,0.6745716333389282,0.9914536476135254
28,0.9362,0.46526768803596497,0.24109038710594177,0.994066596031189,0.48548153042793274,0.23169371485710144,0.9885567426681519,0.446811705827713,0.23199334740638733,0.9865825772285461,0.5150701999664307,0.24012374877929688,0.919575035572052,0.42309463024139404,0.241265207529068,0.8564761281013489,0.5659084320068359,0.29473719000816345,0.998036801815033,0.3925514221191406,0.29766908288002014,0.9967593550682068,0.6399529576301575,0.3485552668571472,0.9927292466163635,0.32834592461586,0.3464447855949402,0.992326021194458,0.7000890374183655,0.30254843831062317,0.9832367300987244,0.2538035213947296,0.30556589365005493,0.9917399883270264,0.538207471370697,0.4490787386894226,0.9975630044937134,0.42376595735549927,0.44908958673477173,0.9973154664039612,0.5656644105911255,0.5716521739959717,0.9953456521034241,0.3939545154571533,0.5684843063354492,0.995817244052887,0.5767866969108582,0.6764788031578064,0.9883646965026855,0.3894888162612915,0.6745527982711792,0.9910934567451477
29,0.9697,0.465300589799881,0.2414543181657791,0.994320273399353,0.4857720136642456,0.23243002593517303,0.9897323250770569,0.447027325630188,0.23237541317939758,0.9874277114868164,0.5153390169143677,0.2415563315153122,0.9245666265487671,0.42302268743515015,0.2419273853302002,0.8618422746658325,0.5653482675552368,0.29585450887680054,0.9980567097663879,0.39180415868759155,0.29861339926719666,0.9968788623809814,0.641315221786499,0.3484954535961151,0.9926849603652954,0.32397061586380005,0.34714221954345703,0.9933139681816101,0.6993245482444763,0.3041999340057373,0.9842237830162048,0.253187894821167,0.3059285581111908,0.9917405843734741,0.5364914536476135,0.44917386770248413,0.9975882768630981,0.42242953181266785,0.44920334219932556,0.9972733855247498,0.5657402276992798,0.57008296251297,0.9953426122665405,0.3919210731983185,0.56763756275177,0.9956652522087097,0.5767182111740112,0.6763277053833008,0.9894118905067444,0.38964852690696716,0.6746712923049927,0.9914447665214539
30,1.0031,0.46602582931518555,0.24304533004760742,0.993970513343811,0.48707693815231323,0.23410332202911377,0.9887164831161499,0.44740456342697144,0.23388750851154327,0.9871556758880615,0.5164995789527893,0.2440173178911209,0.920468807220459,0.42269638180732727,0.24402348697185516,0.8794073462486267,0.5661900043487549,0.2973952293395996,0.9978947043418884,0.39119160175323486,0.30073457956314087,0.9968709349632263,0.6393353343009949,0.34948715567588806,0.9916456341743469,0.32570013403892517,0.3486812710762024,0.9935439825057983,0.7006388306617737,0.30462223291397095,0.9836850166320801,0.2544111907482147,0.30760303139686584,0.991732120513916,0.5370731353759766,0.4491237699985504,0.9974295496940613,0.4221722185611725,0.44938287138938904,0.9971460700035095,0.5664634704589844,0.5689671635627747,0.9956282377243042,0.389409601688385,0.5677838921546936,0.9958999752998352,0.5772333741188049,0.6765869855880737,0.9902487397193909,0.38921600580215454,0.6748889088630676,0.991818904876709
31,1.0365,0.4661516547203064,0.24527421593666077,0.9940768480300903,0.4872981309890747,0.2361796796321869,0.9891616106033325,0.44737493991851807,0.23618607223033905,0.9872827529907227,0.5170707702636719,0.2459218055009842,0.9255063533782959,0.42293238639831543,0.24634771049022675,0.8773412704467773,0.5662227869033813,0.29982465505599976,0.9979156851768494,0.3902972340583801,0.3023073375225067,0.9969193935394287,0.6428802013397217,0.3519432544708252,0.9918025135993958,0.32331329584121704,0.3492051959037781,0.9935328960418701,0.7017649412155151,0.30577200651168823,0.983171284198761,0.25477492809295654,0.30856624245643616,0.9916279315948486,0.5362112522125244,0.4504590630531311,0.9973815083503723,0.4212578535079956,0.4506838321685791,0.9971219897270203,0.5682463049888611,0.569158673286438,0.9955359697341919,0.3877272605895996,0.5684871673583984,0.9959087371826172,0.5774080753326416,0.6764093637466431,0.9899603128433228,0.38913053274154663,0.674773097038269,0.9916703701019287
32,1.07,0.46591585874557495,0.2471391260623932,0.9943549633026123,0.48677366971969604,0.2379809319972992,0.9897740483283997,0.4469050168991089,0.23804335296154022,0.9893186688423157,0.5161210298538208,0.24810707569122314,0.9280425310134888,0.42184409499168396,0.24872004985809326,0.9047428965568542,0.5667694807052612,0.30233198404312134,0.9980575442314148,0.38918226957321167,0.3043819069862366,0.9968683123588562,0.6457257866859436,0.3538782000541687,0.9925506114959717,0.3201616704463959,0.34973400831222534,0.9932668209075928,0.7010961771011353,0.3087503910064697,0.9830717444419861,0.2533622086048126,0.3094845712184906,0.9919005632400513,0.5364559888839722,0.45193761587142944,0.9975213408470154,0.4209718406200409,0.4520688056945801,0.9972034692764282,0.5704571008682251,0.5699251890182495,0.9957283139228821,0.38608282804489136,0.5694270133972168,0.9960783123970032,0.5780882835388184,0.6767771244049072,0.9897965788841248,0.3888959586620331,0.6750777959823608,0.9915921688079834
33,1.1034,0.4655029773712158,0.24946150183677673,0.9944860339164734,0.48704245686531067,0.24063393473625183,0.9908885955810547,0.44668883085250854,0.24012240767478943,0.9897817373275757,0.5165191292762756,0.2514197826385498,0.9381981492042542,0.4212068021297455,0.2507820725440979,0.9106525778770447,0.5678958296775818,0.30541712045669556,0.9981439113616943,0.3889055550098419,0.3074100911617279,0.9969063401222229,0.646988570690155,0.3559551239013672,0.9925966262817383,0.3188660740852356,0.3525996804237366,0.9935913681983948,0.7016089558601379,0.3103439211845398,0.9819965362548828,0.25326159596443176,0.3111289441585541,0.9922492504119873,0.5374869704246521,0.4554927945137024,0.9975345134735107,0.4214136302471161,0.45532235503196716,0.9971910119056702,0.5730831623077393,0.5717288851737976,0.9957036375999451,0.3835788667201996,0.5707715749740601,0.996037483215332,0.5780284404754639,0.6764747500419617,0.9893977642059326,0.38875579833984375,0.6752941012382507,0.9912194609642029
34,1.1369,0.4656992554664612,0.2521708607673645,0.9942261576652527,0.4866400957107544,0.24313804507255554,0.9905288815498352,0.44765037298202515,0.24270884692668915,0.9879926443099976,0.5159511566162109,0.2535320818424225,0.9382500052452087,0.42320430278778076,0.25303834676742554,0.8814842700958252,0.567624568939209,0.3080502152442932,0.9980868101119995,0.388884961605072,0.30899786949157715,0.996896505355835,0.6463683843612671,0.3597880005836487,0.9925935864448547,0.31679174304008484,0.35293108224868774,0.9942161440849304,0.7019194960594177,0.313245952129364,0.9818435311317444,0.2531547546386719,0.31371650099754333,0.9926142692565918,0.5365824103355408,0.45523372292518616,0.9973057508468628,0.42174723744392395,0.45504260063171387,0.9970521926879883,0.5738810896873474,0.5704448223114014,0.9957376718521118,0.3812803626060486,0.5704285502433777,0.9962612986564636,0.5776345729827881,0.6765297651290894,0.9893458485603333,0.38895368576049805,0.6748570203781128,0.9914888143539429
35,1.1703,0.465702086687088,0.2552326023578644,0.9945756196975708,0.4864652752876282,0.24652600288391113,0.9908303022384644,0.4479578733444214,0.2459292858839035,0.9886388778686523,0.515943169593811,0.25751441717147827,0.9372237324714661,0.42340075969696045,0.25674670934677124,0.885384738445282,0.5677505731582642,0.310914546251297,0.9981685876846313,0.3897075653076172,0.312828928232193,0.9969462752342224,0.6488462090492249,0.3609892725944519,0.9928203225135803,0.3169792890548706,0.3550485670566559,0.9945401549339294,0.7023558020591736,0.3173254132270813,0.9819877743721008,0.25236862897872925,0.3158426880836487,0.9929198622703552,0.5366677045822144,0.45686689019203186,0.9972684383392334,0.4225520193576813,0.45693737268447876,0.996987521648407,0.5760905146598816,0.5706080794334412,0.9957642555236816,0.3768192231655121,0.5708323121070862,0.9963691234588623,0.5784841179847717,0.6765257120132446,0.9890204071998596,0.3888060748577118,0.6748385429382324,0.9915076494216919
36,1.2037,0.46557536721229553,0.2588657736778259,0.9946486353874207,0.48722386360168457,0.2502933144569397,0.9908255934715271,0.44788360595703125,0.24955742061138153,0.9877508878707886,0.5173376202583313,0.2609992027282715,0.9327728152275085,0.42404013872146606,0.2597178518772125,0.8588204979896545,0.5674342513084412,0.31466159224510193,0.9979286193847656,0.38927581906318665,0.3168369233608246,0.9964616894721985,0.6506866812705994,0.3639560043811798,0.9919203519821167,0.31661152839660645,0.35843029618263245,0.9946656227111816,0.7029939293861389,0.3201364576816559,0.9827289581298828,0.2518453896045685,0.31883692741394043,0.9919424057006836,0.5365199446678162,0.45823365449905396,0.9974737763404846,0.4222351610660553,0.4584854543209076,0.9973873496055603,0.5792796015739441,0.572055459022522,0.995608389377594,0.372000515460968,0.5737825036048889,0.9962567090988159,0.5803751349449158,0.6771960258483887,0.9909743666648865,0.3877858519554138,0.6747380495071411,0.9932333827018738
37,1.2372,0.4656662344932556,0.26215338706970215,0.9942849278450012,0.4875251352787018,0.25346067547798157,0.9904629588127136,0.4472882151603699,0.2526017427444458,0.9887217283248901,0.5171784162521362,0.2648378312587738,0.9339216947555542,0.42194294929504395,0.2633327841758728,0.8977305293083191,0.5681566596031189,0.3186745345592499,0.9980291724205017,0.38683879375457764,0.3205915093421936,0.9964626431465149,0.6505215167999268,0.3677867352962494,0.9921167492866516,0.3139778673648834,0.3616929054260254,0.9943671822547913,0.7028378248214722,0.3231509327888489,0.983494222164154,0.2508543133735657,0.3206421732902527,0.9912775754928589,0.5373401641845703,0.462738573551178,0.9975337982177734,0.4214496612548828,0.46270617842674255,0.9973577857017517,0.5821352601051331,0.5739134550094604,0.995629072189331,0.36917397379875183,0.5741288661956787,0.9962689876556396,0.5803288221359253,0.6777166128158569,0.9906270503997803,0.3878183960914612,0.6749780774116516,0.9930732846260071
38,1.2706,0.46556130051612854,0.26569685339927673,0.994392454624176,0.4858134090900421,0.25674131512641907,0.9904682040214539,0.4468398690223694,0.25707048177719116,0.9875232577323914,0.5166819095611572,0.26679274439811707,0.9332985877990723,0.42267605662345886,0.2679463326931,0.8653469085693359,0.5678187608718872,0.3218916952610016,0.9981243014335632,0.38725700974464417,0.3231383264064789,0.9965930581092834,0.6491888165473938,0.3712615966796875,0.9927738904953003,0.3162272870540619,0.367186576128006,0.9947630763053894,0.7008126378059387,0.3273801803588867,0.982526957988739,0.2528187930583954,0.32750457525253296,0.9911509156227112,0.536702573299408,0.4675479829311371,0.9974373579025269,0.42075857520103455,0.4676295816898346,0.9972564578056335,0.5833688378334045,0.5748167634010315,0.9952688813209534,0.3663783669471741,0.57538902759552,0.9961419701576233,0.5796570777893066,0.6777613759040833,0.9900623559951782,0.38779327273368835,0.676028847694397,0.9928515553474426
39,1.304,0.4657599925994873,0.26987534761428833,0.9944714307785034,0.4864541292190552,0.26089873909950256,0.9904611706733704,0.4464689791202545,0.26127904653549194,0.9878244400024414,0.5176251530647278,0.27051445841789246,0.9313347935676575,0.4220157265663147,0.2717829942703247,0.8731513619422913,0.5669477581977844,0.32530516386032104,0.9981155395507812,0.3859395384788513,0.32704949378967285,0.9967890977859497,0.649442732334137,0.37476420402526855,0.9926736950874329,0.3161318898200989,0.37090784311294556,0.9951089024543762,0.7004252672195435,0.3323097825050354,0.9817951321601868,0.25110191106796265,0.32987457513809204,0.9903908967971802,0.5364013910293579,0.46829360723495483,0.9973598122596741,0.42088380455970764,0.46864065527915955,0.9971541166305542,0.5856031775474548,0.575574517250061,0.9952907562255859,0.3623660206794739,0.5753151178359985,0.9961353540420532,0.5795870423316956,0.6774340867996216,0.9902003407478333,0.38824984431266785,0.6760164499282837,0.9928860068321228
40,1.3375,0.465169221162796,0.2743294835090637,0.9948225021362305,0.4870857298374176,0.26550132036209106,0.9916919469833374,0.44649848341941833,0.26507648825645447,0.9893912076950073,0.5177292823791504,0.27585315704345703,0.9380296468734741,0.42170634865760803,0.2751723825931549,0.8907203078269958,0.5667514204978943,0.32940301299095154,0.9980397820472717,0.3848002552986145,0.3304351270198822,0.9966985583305359,0.6494512557983398,0.3778908848762512,0.9922729730606079,0.3138408958911896,0.3748597502708435,0.9949133396148682,0.7020638585090637,0.3358460068702698,0.9823787808418274,0.251883864402771,0.3337785303592682,0.9902783036231995,0.5386177897453308,0.47090059518814087,0.997260332107544,0.4213641285896301,0.4709007740020752,0.9970499277114868,0.5869502425193787,0.5761131048202515,0.9953325390815735,0.35973289608955383,0.57573401927948,0.9963045120239258,0.57957923412323,0.6775389909744263,0.9898550510406494,0.3884551227092743,0.6764172315597534,0.9927977919578552
41,1.3709,0.465259850025177,0.2784145474433899,0.9948049187660217,0.48655006289482117,0.26952576637268066,0.991726279258728,0.44715288281440735,0.26927247643470764,0.9886854887008667,0.5166136622428894,0.2801925539970398,0.9379891753196716,0.42338961362838745,0.2798400819301605,0.8712868094444275,0.5652640461921692,0.3336440622806549,0.9980528354644775,0.3857671618461609,0.3337786793708801,0.9968464970588684,0.645007848739624,0.3829861879348755,0.992749035358429,0.3139059543609619,0.37770718336105347,0.9955456256866455,0.7028549909591675,0.3396625518798828,0.9812881946563721,0.24987028539180756,0.3373376429080963,0.9900680780410767,0.5378045439720154,0.47454795241355896,0.9971055388450623,0.42100265622138977,0.4742416441440582,0.9969881176948547,0.5877678990364075,0.5778970122337341,0.9951062202453613,0.3563458323478699,0.5766541361808777,0.9963130354881287,0.5789644122123718,0.677682638168335,0.989163875579834,0.3883565366268158,0.6764838695526123,0.9926059246063232
42,1.4043,0.4653206765651703,0.2831520438194275,0.9942548871040344,0.4870256781578064,0.2742539048194885,0.9905291199684143,0.44752630591392517,0.27352768182754517,0.9872157573699951,0.517242968082428,0.2842572033405304,0.929867684841156,0.4234761595726013,0.28290802240371704,0.8620402812957764,0.5642668604850769,0.33837443590164185,0.9980752468109131,0.3854328989982605,0.3396514654159546,0.9969583749771118,0.649053156375885,0.3860681653022766,0.9931840300559998,0.31334930658340454,0.3819650709629059,0.9955061674118042,0.7027761936187744,0.34347453713417053,0.9804306626319885,0.25083380937576294,0.3415263295173645,0.989641010761261,0.5378417372703552,0.4763609766960144,0.9970099925994873,0.4222434461116791,0.4762365221977234,0.9969362020492554,0.5896442532539368,0.5798506140708923,0.9948945045471191,0.3541443347930908,0.5772647857666016,0.9962552785873413,0.5785096287727356,0.6774282455444336,0.9884173274040222,0.38863882422447205,0.6761990189552307,0.9924920201301575
43,1.4378,0.4647004008293152,0.2877705991268158,0.9937480688095093,0.48636719584465027,0.27871614694595337,0.9901131391525269,0.4466038942337036,0.27802908420562744,0.9871353507041931,0.5164932608604431,0.2888750433921814,0.9364667534828186,0.42235875129699707,0.2876798212528229,0.8797382116317749,0.5647339224815369,0.34364980459213257,0.9980229139328003,0.3848103880882263,0.3440852463245392,0.996945321559906,0.6509577631950378,0.3917243778705597,0.992969810962677,0.31265226006507874,0.38509494066238403,0.9954196214675903,0.7017972469329834,0.34670132398605347,0.980071485042572,0.25148361921310425,0.34628862142562866,0.9894165396690369,0.5380065441131592,0.47905951738357544,0.9968029260635376,0.4224168658256531,0.4787045121192932,0.996728777885437,0.5906800031661987,0.5807666182518005,0.9948530793190002,0.35237550735473633,0.5788232088088989,0.9961866736412048,0.5783945918083191,0.6767728924751282,0.9882932305335999,0.3886326551437378,0.6762733459472656,0.9920939803123474
44,1.4712,0.46671295166015625,0.2924540638923645,0.9935065507888794,0.48700183629989624,0.283456951379776,0.9919049739837646,0.4488755166530609,0.28346967697143555,0.987299382686615,0.517296314239502,0.2931433916091919,0.9533824324607849,0.42497095465660095,0.29346445202827454,0.8550593852996826,0.5648229718208313,0.34778904914855957,0.9983212351799011,0.3863093852996826,0.3470928370952606,0.9965900182723999,0.6460882425308228,0.3978739082813263,0.9943892359733582,0.3146815896034241,0.3907553553581238,0.9944626688957214,0.695493757724762,0.35312312841415405,0.9879092574119568,0.25229939818382263,0.35162216424942017,0.9862457513809204,0.5400555729866028,0.4821469783782959,0.9977200627326965,0.42218148708343506,0.48107218742370605,0.995854914188385,0.5964096188545227,0.5831759572029114,0.9963564872741699,0.3547299802303314,0.5779644846916199,0.9942162036895752,0.5816541910171509,0.6771867871284485,0.991493821144104,0.38901010155677795,0.675918698310852,0.9889190793037415
45,1.5047,0.4668011963367462,0.2975129187107086,0.9936803579330444,0.4875446856021881,0.28820329904556274,0.9923442006111145,0.44832131266593933,0.28822726011276245,0.9889975786209106,0.5178254246711731,0.29806700348854065,0.9561278820037842,0.4235713481903076,0.2984328866004944,0.8869855999946594,0.5659219622612,0.3530779480934143,0.9983782768249512,0.3856978416442871,0.3521794378757477,0.9965193271636963,0.6486012935638428,0.402092307806015,0.9944947361946106,0.3145507872104645,0.39539751410484314,0.9941633343696594,0.6979737877845764,0.35656651854515076,0.9864450097084045,0.25162774324417114,0.3550744950771332,0.9855201840400696,0.5401918888092041,0.4848025441169739,0.9976390600204468,0.4235456585884094,0.4835180640220642,0.9957068562507629,0.5973413586616516,0.5843212008476257,0.9963338375091553,0.353926420211792,0.5787803530693054,0.9943349957466125,0.5812488794326782,0.6775133609771729,0.990781843662262,0.3888781666755676,0.6758540868759155,0.9883546829223633
46,1.5381,0.4675200581550598,0.302239328622818,0.9941107630729675,0.4880242943763733,0.2931676506996155,0.9927067160606384,0.4489485025405884,0.29302555322647095,0.9896371960639954,0.5178311467170715,0.3026255667209625,0.9542599320411682,0.42338860034942627,0.30273541808128357,0.8931401371955872,0.5659033060073853,0.35650813579559326,0.9984347224235535,0.3872321546077728,0.3565928041934967,0.9965600371360779,0.6484997868537903,0.40493854880332947,0.9944849610328674,0.3133653998374939,0.3997022211551666,0.994310736656189,0.7003304958343506,0.36058226227760315,0.9866744875907898,0.2529471814632416,0.3604453206062317,0.987144410610199,0.5413158535957336,0.4875028133392334,0.9976649284362793,0.42632150650024414,0.4860568940639496,0.9958551526069641,0.5984145998954773,0.5862878561019897,0.9965581297874451,0.352699875831604,0.5786339044570923,0.9949589371681213,0.5812273025512695,0.6777980327606201,0.9909342527389526,0.38887643814086914,0.6752676963806152,0.9893942475318909
47,1.5715,0.46733543276786804,0.30732420086860657,0.9942978024482727,0.48784339427948,0.29835209250450134,0.992790937423706,0.44919195771217346,0.29803353548049927,0.9886279702186584,0.5177621841430664,0.3070482611656189,0.954106867313385,0.4245149791240692,0.30682721734046936,0.8655385971069336,0.5666913986206055,0.359722375869751,0.9983720183372498,0.38622742891311646,0.3609048128128052,0.9964035749435425,0.6463910341262817,0.41049036383628845,0.9946938157081604,0.313723087310791,0.4031527638435364,0.9943509101867676,0.6996831893920898,0.3647415041923523,0.9882242679595947,0.25150489807128906,0.3654323220252991,0.9885985851287842,0.5426244735717773,0.48964372277259827,0.9975244402885437,0.42743363976478577,0.48873624205589294,0.9957467913627625,0.5986104607582092,0.5869288444519043,0.9964666366577148,0.35114508867263794,0.5798953175544739,0.9950354099273682,0.5810631513595581,0.6780266761779785,0.9901251792907715,0.389465868473053,0.6750189661979675,0.989153265953064
48,1.605,0.46757668256759644,0.3121376633644104,0.994566798210144,0.4882946014404297,0.30333179235458374,0.9933231472969055,0.4493197202682495,0.30286407470703125,0.989949107170105,0.5180568099021912,0.3122161328792572,0.9566302299499512,0.4240628480911255,0.3117043077945709,0.8869037628173828,0.5665028095245361,0.3639245629310608,0.9984448552131653,0.38690584897994995,0.36543551087379456,0.9963202476501465,0.6485341787338257,0.41438692808151245,0.9946856498718262,0.31409358978271484,0.40786027908325195,0.9933977127075195,0.6979657411575317,0.36858931183815,0.9887282848358154,0.253173291683197,0.3708987236022949,0.9884645342826843,0.5427895188331604,0.4931803345680237,0.9976682066917419,0.4267917573451996,0.4923746585845947,0.9958209991455078,0.5998584628105164,0.5877224802970886,0.9965391159057617,0.349381685256958,0.5815264582633972,0.9948461055755615,0.5807628035545349,0.6779088973999023,0.990003228187561,0.3894776999950409,0.6747928857803345,0.9884250164031982
49,1.6384,0.46859389543533325,0.3167983293533325,0.9946110248565674,0.48894017934799194,0.3078283965587616,0.9927951693534851,0.45048069953918457,0.3073984980583191,0.9887039065361023,0.5188301205635071,0.3158077597618103,0.9487438201904297,0.4257439076900482,0.3154115676879883,0.8545874953269958,0.5673583745956421,0.3688407838344574,0.9983521699905396,0.3867816627025604,0.37026309967041016,0.9963290095329285,0.6454933881759644,0.4190593361854553,0.9944340586662292,0.31252387166023254,0.41337281465530396,0.9928994178771973,0.6980332136154175,0.3722993731498718,0.9897928237915039,0.25361204147338867,0.3745540678501129,0.986903190612793,0.5430402755737305,0.49604088068008423,0.9975277781486511,0.42629051208496094,0.4954404830932617,0.9955945611000061,0.6002578139305115,0.5874481201171875,0.9964715242385864,0.3482699990272522,0.582242488861084,0.9946025013923645,0.5809879302978516,0.6778987050056458,0.9900100827217102,0.38916015625,0.6746848821640015,0.988057017326355
50,1.6718,0.4681510925292969,0.3216061592102051,0.9946833252906799,0.4888650178909302,0.3123789429664612,0.9937684535980225,0.45027559995651245,0.3121383786201477,0.9889417290687561,0.5201476812362671,0.3204578757286072,0.9602915644645691,0.4264124035835266,0.32040825486183167,0.8497931957244873,0.5682569146156311,0.3718164563179016,0.9983761310577393,0.3873074948787689,0.373536616563797,0.996452808380127,0.643850564956665,0.4230383038520813,0.994246780872345,0.31297972798347473,0.4178597033023834,0.9928312301635742,0.697727382183075,0.3772740066051483,0.9880968332290649,0.2514840364456177,0.3783058524131775,0.9843456149101257,0.5429795384407043,0.4982232451438904,0.9975026249885559,0.4256918132305145,0.49794793128967285,0.9954415559768677,0.600809633731842,0.5879630446434021,0.9965967535972595,0.34688255190849304,0.5836885571479797,0.9944129586219788,0.5817057490348816,0.6780633926391602,0.9900593757629395,0.3887180685997009,0.6750167012214661,0.987130343914032
51,1.7053,0.4686151146888733,0.3261456787586212,0.9945133924484253,0.48974862694740295,0.3169838488101959,0.9932360053062439,0.4502090513706207,0.31686705350875854,0.9891625642776489,0.5207762718200684,0.32500672340393066,0.9493176937103271,0.4262550473213196,0.32504716515541077,0.8431920409202576,0.5679211616516113,0.37645605206489563,0.997713565826416,0.3865695595741272,0.3776877820491791,0.9957660436630249,0.6471666097640991,0.4264203906059265,0.993827760219574,0.3134150207042694,0.42247676849365234,0.9928314685821533,0.6985860466957092,0.382948100566864,0.9879206418991089,0.25172391533851624,0.38247695565223694,0.9787757396697998,0.5414244532585144,0.49948936700820923,0.9974921941757202,0.4258839190006256,0.4989958703517914,0.9955131411552429,0.6029202938079834,0.5883013606071472,0.9958890080451965,0.34719499945640564,0.5846278667449951,0.9931941032409668,0.5813531279563904,0.6784068942070007,0.9921180605888367,0.3905411660671234,0.6755307912826538,0.9895715713500977
52,1.7387,0.46912071108818054,0.3306964933872223,0.9939232468605042,0.48979324102401733,0.32146158814430237,0.9915952086448669,0.4509931802749634,0.3211439251899719,0.988856852054596,0.5198334455490112,0.3292129933834076,0.9338183403015137,0.4266470968723297,0.32891353964805603,0.855644941329956,0.5691636204719543,0.38066500425338745,0.9977096319198608,0.38752925395965576,0.3817533850669861,0.9957342743873596,0.6490045189857483,0.4299270212650299,0.9941323399543762,0.3113051950931549,0.4262414574623108,0.9931055903434753,0.7001969814300537,0.3853047490119934,0.9877662658691406,0.2518343925476074,0.38596487045288086,0.980653703212738,0.5425969362258911,0.5027145147323608,0.9975976347923279,0.4266262352466583,0.5021005868911743,0.9957935810089111,0.602912425994873,0.5886455178260803,0.9959709048271179,0.3463725745677948,0.5860802531242371,0.9934857487678528,0.5816493630409241,0.6782050132751465,0.992294192314148,0.39051496982574463,0.6754143834114075,0.989854633808136
53,1.7721,0.46837618947029114,0.3355509340763092,0.9936647415161133,0.48941171169281006,0.3262944221496582,0.991524338722229,0.45012667775154114,0.32590532302856445,0.9888421297073364,0.519752562046051,0.33399972319602966,0.9393539428710938,0.426254540681839,0.3335969150066376,0.8654807209968567,0.5702769756317139,0.38490232825279236,0.9977455735206604,0.38730281591415405,0.386667400598526,0.9959239959716797,0.6475908160209656,0.4346214234828949,0.9940062761306763,0.3097619414329529,0.42948707938194275,0.9935792684555054,0.6997472047805786,0.38919854164123535,0.986562192440033,0.25051257014274597,0.38989153504371643,0.9812487363815308,0.5427104234695435,0.5066729784011841,0.9976019263267517,0.42636311054229736,0.5062744617462158,0.9958053827285767,0.6031796932220459,0.589113175868988,0.9960039258003235,0.34628766775131226,0.5870874524116516,0.9933273792266846,0.5817925930023193,0.6784342527389526,0.9921799898147583,0.39084795117378235,0.6758735775947571,0.9892417788505554
54,1.8056,0.46900951862335205,0.3392365872859955,0.9936215281486511,0.4898280203342438,0.3303336501121521,0.9918830394744873,0.4506070911884308,0.3301171064376831,0.9885501265525818,0.520507276058197,0.33853021264076233,0.9451446533203125,0.4264964759349823,0.33846837282180786,0.8638013601303101,0.5691092014312744,0.38971900939941406,0.9977912902832031,0.3876146078109741,0.39067596197128296,0.9957321286201477,0.6507394909858704,0.437931627035141,0.9941514134407043,0.3113052546977997,0.4312731623649597,0.9929925203323364,0.6987580060958862,0.3941100239753723,0.9863892197608948,0.25146517157554626,0.3939511179924011,0.9825978875160217,0.5435029864311218,0.5090388059616089,0.9975889921188354,0.42836833000183105,0.5086133480072021,0.9957703948020935,0.6042474508285522,0.5898435115814209,0.9959230422973633,0.34560614824295044,0.5871999263763428,0.9934180974960327,0.5821089148521423,0.6783360242843628,0.9916290044784546,0.3905375897884369,0.6757747530937195,0.9890133142471313
55,1.839,0.46972352266311646,0.3433946669101715,0.9935821890830994,0.49033915996551514,0.3345767557621002,0.9915932416915894,0.45189565420150757,0.3340224623680115,0.9885591864585876,0.5204269289970398,0.3428317904472351,0.9387934803962708,0.42745310068130493,0.34207719564437866,0.8636051416397095,0.5697637796401978,0.3934350609779358,0.9977408647537231,0.38771677017211914,0.39516887068748474,0.9957851767539978,0.6521860957145691,0.44103795289993286,0.9942402839660645,0.3109933137893677,0.435535728931427,0.9937381744384766,0.7001315355300903,0.3964152932167053,0.9870206713676453,0.25117227435112,0.3976052403450012,0.9843367338180542,0.543979823589325,0.512377142906189,0.9975491166114807,0.42770543694496155,0.5119024515151978,0.9957444071769714,0.6056206822395325,0.5925711393356323,0.9958038926124573,0.3444393575191498,0.5894985198974609,0.993228018283844,0.5820660591125488,0.6783559322357178,0.99139004945755,0.38954052329063416,0.6756849884986877,0.9886283278465271
56,1.8725,0.4690771698951721,0.34773483872413635,0.9938514232635498,0.4902988076210022,0.33849024772644043,0.9928768277168274,0.45076337456703186,0.3382415175437927,0.9890010356903076,0.5223304033279419,0.3460863530635834,0.9514031410217285,0.42661675810813904,0.34594598412513733,0.8601295948028564,0.5699785947799683,0.3962729573249817,0.997722327709198,0.38788482546806335,0.3978869318962097,0.995905876159668,0.6509365439414978,0.44565504789352417,0.9940540194511414,0.31191498041152954,0.4414035677909851,0.9943369030952454,0.6985592246055603,0.4016024172306061,0.9866952896118164,0.2525204122066498,0.40245571732521057,0.9850871562957764,0.5441663265228271,0.5135722160339355,0.9974510073661804,0.4289436638355255,0.5134094953536987,0.9955762624740601,0.6038333773612976,0.5919361114501953,0.9959365129470825,0.3437173068523407,0.5896393060684204,0.9934180974960327,0.5820948481559753,0.6784807443618774,0.9912892580032349,0.39001497626304626,0.6755967140197754,0.9882633090019226
57,1.9059,0.4693427085876465,0.3514072000980377,0.9936119914054871,0.49022042751312256,0.3423110842704773,0.992675244808197,0.4508380591869354,0.3422550559043884,0.988802969455719,0.5215559601783752,0.35007715225219727,0.9538238644599915,0.4268903434276581,0.3503500521183014,0.8702230453491211,0.5697140693664551,0.4007694125175476,0.9977009892463684,0.38757985830307007,0.4017983376979828,0.9956986904144287,0.650140106678009,0.44986453652381897,0.9935279488563538,0.31265321373939514,0.4457961916923523,0.993655800819397,0.6986027956008911,0.40675145387649536,0.9851247072219849,0.2522677481174469,0.40474700927734375,0.9837934374809265,0.544037938117981,0.5177503824234009,0.9973670840263367,0.42909669876098633,0.5173926949501038,0.9953912496566772,0.6034291386604309,0.5938493013381958,0.996100902557373,0.34266525506973267,0.5910179018974304,0.9937527775764465,0.5821267366409302,0.6798297762870789,0.9902316927909851,0.3889636695384979,0.6760636568069458,0.987116277217865
58,1.9393,0.46943002939224243,0.3548509478569031,0.9934567809104919,0.48971155285835266,0.3459583520889282,0.992245614528656,0.4511958658695221,0.3459852337837219,0.988754391670227,0.5204524397850037,0.35392042994499207,0.9537689685821533,0.4276823401451111,0.35439738631248474,0.8782085180282593,0.5687643885612488,0.40498533844947815,0.9978480339050293,0.389565110206604,0.405098021030426,0.9959073066711426,0.6485555768013,0.4519956707954407,0.9931336641311646,0.31162938475608826,0.4485563635826111,0.9940496683120728,0.6977319717407227,0.4096955358982086,0.9833646416664124,0.2525363266468048,0.40670815110206604,0.9855863451957703,0.5437207818031311,0.5197895765304565,0.9973136782646179,0.4300493896007538,0.5191558599472046,0.9953826069831848,0.6011834740638733,0.594376266002655,0.9960641264915466,0.3413376212120056,0.5915719866752625,0.9940715432167053,0.5818709135055542,0.6800423860549927,0.9894675612449646,0.3898800313472748,0.6769968867301941,0.9866499304771423
59,1.9728,0.4681471586227417,0.35909420251846313,0.9942165613174438,0.48889413475990295,0.3500119149684906,0.9937832355499268,0.4501872658729553,0.34999433159828186,0.989314079284668,0.5209109783172607,0.35823360085487366,0.9638200998306274,0.4273873269557953,0.3585352301597595,0.8592067360877991,0.5699237585067749,0.40901869535446167,0.9978725910186768,0.3897998332977295,0.4082109332084656,0.9957386255264282,0.6475932002067566,0.45555201172828674,0.9931358098983765,0.31071218848228455,0.4522113800048828,0.9936181306838989,0.6991430521011353,0.411973774433136,0.9841256141662598,0.2517813444137573,0.41217154264450073,0.9861435294151306,0.5422491431236267,0.5225672721862793,0.9971985816955566,0.42875534296035767,0.5214540958404541,0.9951726794242859,0.6006420850753784,0.595621645450592,0.9961217045783997,0.34046584367752075,0.592499852180481,0.9941249489784241,0.5814024806022644,0.6805751323699951,0.9892356991767883,0.3893551230430603,0.6765326857566833,0.986451268196106
60,2.0062,0.46780312061309814,0.3632774353027344,0.9943390488624573,0.48867467045783997,0.3541244864463806,0.9940972328186035,0.44972938299179077,0.3541611433029175,0.9893416166305542,0.5211922526359558,0.3618912100791931,0.9641929864883423,0.42663073539733887,0.362374871969223,0.8490079641342163,0.5697465538978577,0.4124049246311188,0.9978364109992981,0.38986435532569885,0.41265955567359924,0.9956010580062866,0.6503797769546509,0.46189409494400024,0.9938086867332458,0.3106023371219635,0.4557318091392517,0.9933955073356628,0.6998315453529358,0.4154159426689148,0.9863259792327881,0.2527036666870117,0.4159683287143707,0.987509548664093,0.541238009929657,0.5260622501373291,0.9971480965614319,0.4271165728569031,0.5250752568244934,0.9951955676078796,0.5998706221580505,0.5974000692367554,0.9958933591842651,0.3385200500488281,0.593303918838501,0.9939576387405396,0.5808531641960144,0.6813949942588806,0.9885390400886536,0.38862067461013794,0.6759934425354004,0.9864428043365479
61,2.0396,0.46850356459617615,0.36738842725753784,0.9943869113922119,0.4889683127403259,0.3583764433860779,0.9940255880355835,0.4505864381790161,0.3585367798805237,0.9887712597846985,0.5219203233718872,0.36559510231018066,0.9602085947990417,0.4273923635482788,0.36636462807655334,0.828629195690155,0.5689130425453186,0.4160903990268707,0.9978253841400146,0.38914602994918823,0.41687583923339844,0.995695948600769,0.6515098810195923,0.464275062084198,0.9939824938774109,0.3097343444824219,0.45846492052078247,0.99339359998703,0.6993700861930847,0.41791313886642456,0.9862651228904724,0.2523300051689148,0.4190885126590729,0.9868796467781067,0.5413650274276733,0.5297768115997314,0.9971389770507812,0.4274276793003082,0.5292810797691345,0.9952060580253601,0.5998970866203308,0.5975028276443481,0.9957564473152161,0.3376592993736267,0.5940002202987671,0.9936689734458923,0.580544650554657,0.6807471513748169,0.9890369772911072,0.3883863091468811,0.6752461791038513,0.9869105219841003
62,2.0731,0.46872955560684204,0.3713054955005646,0.994776725769043,0.4895564615726471,0.36228325963020325,0.9948424696922302,0.45034536719322205,0.36234503984451294,0.9909012317657471,0.5217015743255615,0.37038907408714294,0.9671740531921387,0.42664074897766113,0.370929479598999,0.877923309803009,0.5694476366043091,0.4195585250854492,0.9978681802749634,0.3885146677494049,0.41994792222976685,0.9954227805137634,0.6502354741096497,0.4667758047580719,0.9933652281761169,0.310503751039505,0.4625771641731262,0.9921567440032959,0.6982710361480713,0.4216461181640625,0.987608015537262,0.255918949842453,0.4248109459877014,0.9867846369743347,0.5405486822128296,0.5315386056900024,0.9972637891769409,0.42578575015068054,0.5307481288909912,0.995072066783905,0.5997478365898132,0.5975774526596069,0.995960533618927,0.33801278471946716,0.5940750241279602,0.9933453798294067,0.5803080797195435,0.6804290413856506,0.989712119102478,0.38883429765701294,0.6743623614311218,0.986383855342865
63,2.1065,0.46885719895362854,0.3758242428302765,0.9950100183486938,0.48957744240760803,0.36661067605018616,0.9948348999023438,0.45005708932876587,0.366752952337265,0.9920480847358704,0.5210787653923035,0.37407761812210083,0.9649322032928467,0.42620962858200073,0.3748631477355957,0.8971787691116333,0.5697340369224548,0.42252787947654724,0.9978873133659363,0.38816994428634644,0.4229865074157715,0.9955182671546936,0.6495781540870667,0.47144708037376404,0.993633508682251,0.3111813962459564,0.46694010496139526,0.9922864437103271,0.6960610151290894,0.4266941547393799,0.9880051016807556,0.2538716793060303,0.4270482063293457,0.9862443804740906,0.540764331817627,0.5353231430053711,0.9972501397132874,0.42501550912857056,0.5344106554985046,0.9948347806930542,0.5986371636390686,0.5971280336380005,0.9962193369865417,0.33798980712890625,0.59356689453125,0.9931746125221252,0.5795020461082458,0.6805757284164429,0.9905869364738464,0.3891400992870331,0.6744721531867981,0.9863589406013489
64,2.14,0.46930691599845886,0.37977442145347595,0.9945145845413208,0.4894472658634186,0.3707253634929657,0.993977427482605,0.4508146643638611,0.3710254728794098,0.9903324246406555,0.5210273265838623,0.37816810607910156,0.9618673920631409,0.42756080627441406,0.3792882263660431,0.8743828535079956,0.570311427116394,0.4268374443054199,0.9980473518371582,0.3901823163032532,0.4254845976829529,0.9956355690956116,0.6501023769378662,0.47617286443710327,0.9940747618675232,0.3120667040348053,0.4698348045349121,0.9921716451644897,0.6971094012260437,0.4316393733024597,0.9861753582954407,0.2558850049972534,0.430899441242218,0.9854576587677002,0.5392786264419556,0.5380514860153198,0.9972495436668396,0.42487478256225586,0.5366224050521851,0.9951090216636658,0.5987091660499573,0.5970336198806763,0.9961124062538147,0.33780044317245483,0.5935994982719421,0.9937242865562439,0.579642117023468,0.6798254251480103,0.9907330274581909,0.3896253705024719,0.6735854148864746,0.9879655241966248
65,2.1734,0.46889445185661316,0.3839840292930603,0.9942686557769775,0.48863905668258667,0.3745802044868469,0.9935744404792786,0.4501788318157196,0.374970942735672,0.9905592203140259,0.51991206407547,0.38143959641456604,0.9601964950561523,0.4270896911621094,0.382917582988739,0.8847326040267944,0.571452260017395,0.43024763464927673,0.9980549812316895,0.3913972079753876,0.4293114244937897,0.9956910014152527,0.649377703666687,0.4792277216911316,0.9938827753067017,0.3103523254394531,0.4720308184623718,0.9920563101768494,0.6993169188499451,0.4323428273200989,0.9858431220054626,0.2533707320690155,0.4310983121395111,0.9846602082252502,0.5380532741546631,0.5418357253074646,0.9970893263816833,0.42365556955337524,0.5402872562408447,0.994816243648529,0.5995873212814331,0.5969994068145752,0.9959761500358582,0.337399959564209,0.5938204526901245,0.9932782053947449,0.5792529582977295,0.6793490648269653,0.9908249974250793,0.3894003927707672,0.6732743382453918,0.9875392913818359
66,2.2068,0.468733549118042,0.3884609341621399,0.9938515424728394,0.48879382014274597,0.37893998622894287,0.9929960370063782,0.44988593459129333,0.3793814778327942,0.9890503883361816,0.520637571811676,0.38490626215934753,0.9573398232460022,0.4267657399177551,0.38654085993766785,0.864465594291687,0.5707389116287231,0.43280211091041565,0.9979807734489441,0.39147108793258667,0.43383583426475525,0.9956531524658203,0.6508172750473022,0.4805770516395569,0.9940294027328491,0.3091103434562683,0.4752386212348938,0.9918279647827148,0.7013214230537415,0.4352911114692688,0.986065149307251,0.2537943422794342,0.43619203567504883,0.9840116500854492,0.5393449664115906,0.5418277382850647,0.9970341920852661,0.42503997683525085,0.5409221053123474,0.9948450326919556,0.5995254516601562,0.5970626473426819,0.9960971474647522,0.3367172181606293,0.5935831665992737,0.993665874004364,0.5793517827987671,0.679065465927124,0.9904896020889282,0.3894084393978119,0.673112690448761,0.9876704216003418
67,2.2403,0.46831685304641724,0.392079621553421,0.9932184815406799,0.488200306892395,0.382691353559494,0.9920501112937927,0.44979554414749146,0.38315191864967346,0.9861695766448975,0.5207576155662537,0.38834330439567566,0.954124927520752,0.4269690215587616,0.39003434777259827,0.8205270767211914,0.571332573890686,0.4362544119358063,0.9978821873664856,0.39254429936408997,0.4372975826263428,0.9954588413238525,0.6508932113647461,0.4847344756126404,0.9936797618865967,0.31079500913619995,0.47850221395492554,0.9921078085899353,0.6998268961906433,0.44048872590065,0.9863883852958679,0.2544283866882324,0.44015684723854065,0.9849786162376404,0.5382017493247986,0.5452081561088562,0.9968770742416382,0.4241577088832855,0.544162392616272,0.9944920539855957,0.5999231934547424,0.5969938635826111,0.9960381984710693,0.3377058207988739,0.5936784148216248,0.9931325316429138,0.5788249373435974,0.6789354085922241,0.9904566407203674,0.3894224464893341,0.673212468624115,0.9867150187492371
68,2.2737,0.4687032103538513,0.39585161209106445,0.993492066860199,0.4884428381919861,0.38651901483535767,0.9926267266273499,0.44981878995895386,0.38717859983444214,0.9883143901824951,0.5205337405204773,0.3929194509983063,0.9571848511695862,0.4263492524623871,0.39505305886268616,0.8658162355422974,0.5692218542098999,0.439659982919693,0.9979656934738159,0.39198821783065796,0.44153842329978943,0.9955161213874817,0.6509658098220825,0.4867734909057617,0.9933712482452393,0.3109792470932007,0.4811825752258301,0.9917725920677185,0.6984413266181946,0.4441899359226227,0.9859204888343811,0.25596168637275696,0.44357699155807495,0.9848930835723877,0.5381656885147095,0.5473728179931641,0.996964156627655,0.4249487519264221,0.5468568801879883,0.9942124485969543,0.6004219055175781,0.5964816808700562,0.9963667392730713,0.3383174538612366,0.5939695239067078,0.9926160573959351,0.5790912508964539,0.6785351634025574,0.9912962913513184,0.3897312581539154,0.6734802722930908,0.9855653643608093
69,2.3071,0.4683593809604645,0.3998231291770935,0.9928887486457825,0.48883509635925293,0.39067572355270386,0.9921209812164307,0.44983232021331787,0.39093202352523804,0.987663209438324,0.5209518671035767,0.3981207013130188,0.9607563614845276,0.42646950483322144,0.39928483963012695,0.8776324987411499,0.5696866512298584,0.4427046775817871,0.9979204535484314,0.39105331897735596,0.44485315680503845,0.9953096508979797,0.6489807963371277,0.4901336133480072,0.993425726890564,0.31090083718299866,0.48405376076698303,0.991603672504425,0.6972110271453857,0.44841402769088745,0.987108051776886,0.25835171341896057,0.44735240936279297,0.9860407114028931,0.5387344360351562,0.5509632229804993,0.9968780279159546,0.42525753378868103,0.550662100315094,0.9939935803413391,0.6014299988746643,0.5971733331680298,0.9964579939842224,0.3384743630886078,0.5951221585273743,0.9927236437797546,0.5791096091270447,0.678127110004425,0.9916101098060608,0.3893026113510132,0.6734544634819031,0.9859128594398499
70,2.3406,0.46884018182754517,0.4032358229160309,0.9930427074432373,0.48934563994407654,0.39400896430015564,0.9924179315567017,0.4500732421875,0.39440852403640747,0.988275945186615,0.5212697386741638,0.40177708864212036,0.9588274955749512,0.42591485381126404,0.40323370695114136,0.8825492858886719,0.5684805512428284,0.44409674406051636,0.9977117776870728,0.38979482650756836,0.44692474603652954,0.9949004054069519,0.647695779800415,0.4941941797733307,0.9935367703437805,0.3118610084056854,0.4867463707923889,0.9918993711471558,0.6966789364814758,0.4531041979789734,0.9878429174423218,0.25905078649520874,0.4522577226161957,0.9870867729187012,0.5382474064826965,0.5533498525619507,0.9967812299728394,0.42392441630363464,0.5536227226257324,0.9937260746955872,0.6028279066085815,0.5966885089874268,0.9966193437576294,0.3371817171573639,0.595507800579071,0.9926002025604248,0.5792651176452637,0.67802894115448,0.9916121959686279,0.38893747329711914,0.673078715801239,0.984919548034668
71,2.374,0.4683467447757721,0.4070162773132324,0.9927986860275269,0.48859554529190063,0.39739131927490234,0.992003858089447,0.44946974515914917,0.3980608284473419,0.9882515072822571,0.5208743810653687,0.4040507376194,0.9572822451591492,0.4258185029029846,0.4060971736907959,0.8826903700828552,0.5687704682350159,0.44717472791671753,0.9976645708084106,0.39038217067718506,0.4493064880371094,0.9949343800544739,0.6468425989151001,0.4970010817050934,0.9933351278305054,0.3108053505420685,0.48929986357688904,0.9922899603843689,0.6971465945243835,0.4558470845222473,0.9873077273368835,0.25640779733657837,0.45360761880874634,0.9870479702949524,0.538384735584259,0.5558272004127502,0.9967588782310486,0.42460131645202637,0.5561257600784302,0.9935601949691772,0.6044015884399414,0.5970742702484131,0.9966689944267273,0.3392372131347656,0.5969988107681274,0.9920891523361206,0.5788329243659973,0.6776353120803833,0.9917142987251282,0.3889119029045105,0.6728383898735046,0.9834391474723816
72,2.4074,0.4680670499801636,0.4099119305610657,0.9930776357650757,0.4883055090904236,0.4003888964653015,0.9927273988723755,0.4496733248233795,0.4008852541446686,0.9891740083694458,0.520268440246582,0.40758147835731506,0.9617817997932434,0.42644309997558594,0.40917301177978516,0.8906729221343994,0.5679886937141418,0.4512747824192047,0.9976039528846741,0.39077287912368774,0.45228949189186096,0.9948514103889465,0.6458539962768555,0.5012111067771912,0.9926965236663818,0.31038719415664673,0.4918309152126312,0.9921520352363586,0.697078287601471,0.4578121304512024,0.9873758554458618,0.25560909509658813,0.4550248086452484,0.9866133332252502,0.5372925996780396,0.5589005351066589,0.9965553283691406,0.42479804158210754,0.559049129486084,0.9930509328842163,0.6055210828781128,0.5968158841133118,0.9965975880622864,0.339583158493042,0.5982090830802917,0.9914223551750183,0.5787936449050903,0.677854061126709,0.991462767124176,0.3892049491405487,0.6730942726135254,0.9813879728317261
73,2.4409,0.4678341746330261,0.4122234284877777,0.9934958219528198,0.48867908120155334,0.4029260575771332,0.9928702712059021,0.44939813017845154,0.4030029773712158,0.989380955696106,0.5203996896743774,0.41011905670166016,0.958182156085968,0.42570605874061584,0.4107953906059265,0.8844778537750244,0.5679417252540588,0.45465487241744995,0.9977014660835266,0.39113539457321167,0.45558175444602966,0.995083212852478,0.6487746238708496,0.5025544166564941,0.9932764768600464,0.310075044631958,0.4942377507686615,0.992120623588562,0.6988029479980469,0.4578036367893219,0.9872249960899353,0.2545313239097595,0.4550207257270813,0.985483705997467,0.5378600358963013,0.5614588260650635,0.9963573813438416,0.42564892768859863,0.5614684224128723,0.9928973913192749,0.6072083115577698,0.596587061882019,0.9962943196296692,0.3401130735874176,0.5984768271446228,0.9912001490592957,0.5791947841644287,0.6780239343643188,0.9911324381828308,0.38984817266464233,0.6733607053756714,0.9819309711456299
74,2.4743,0.4676975607872009,0.4141237139701843,0.9932659864425659,0.48833784461021423,0.4046446681022644,0.9923995137214661,0.4493248760700226,0.40475624799728394,0.9883553981781006,0.5197312831878662,0.41126030683517456,0.9562944173812866,0.4260532855987549,0.41206398606300354,0.8676432967185974,0.5696011185646057,0.4563960134983063,0.9976389408111572,0.3908449709415436,0.4573652148246765,0.9948161244392395,0.6492100358009338,0.5047069191932678,0.9933663010597229,0.31068453192710876,0.4953102469444275,0.9915464520454407,0.6983796954154968,0.4595731794834137,0.9874375462532043,0.25514352321624756,0.45760664343833923,0.9853330254554749,0.5389691591262817,0.5629483461380005,0.9962157607078552,0.4262069761753082,0.5628827214241028,0.9928257465362549,0.6084514260292053,0.5963971018791199,0.9961513876914978,0.34007737040519714,0.5986723303794861,0.9912014007568359,0.5792825222015381,0.6780269742012024,0.9908209443092346,0.3899773955345154,0.6735669374465942,0.9821012616157532
75,2.5078,0.46640998125076294,0.41501584649086,0.9932129383087158,0.4871460497379303,0.4056553840637207,0.9927495718002319,0.4484568238258362,0.40561580657958984,0.987924337387085,0.5191637873649597,0.41273441910743713,0.9605250358581543,0.4256407916545868,0.41317620873451233,0.8552715182304382,0.5693082809448242,0.45786052942276,0.997572124004364,0.390786737203598,0.4582151770591736,0.9947169423103333,0.648388147354126,0.505989670753479,0.9932450652122498,0.30856019258499146,0.49545225501060486,0.9918374419212341,0.6981110572814941,0.4610587954521179,0.9882253408432007,0.25435909628868103,0.4588477611541748,0.9858328104019165,0.5374388694763184,0.5633252859115601,0.9961631298065186,0.4251179099082947,0.5630192756652832,0.9927816987037659,0.609016478061676,0.5963857173919678,0.9961244463920593,0.33982551097869873,0.5985358357429504,0.9911983609199524,0.5789444446563721,0.6779797673225403,0.9911481142044067,0.3901556134223938,0.6737348437309265,0.9826868176460266
76,2.5412,0.46639284491539,0.4149138033390045,0.9933069348335266,0.48690685629844666,0.40547090768814087,0.9928445219993591,0.44832542538642883,0.4056398272514343,0.987885057926178,0.5190550684928894,0.4124920964241028,0.9609147310256958,0.42569759488105774,0.41339564323425293,0.8497129082679749,0.5690541863441467,0.4579022526741028,0.9975752234458923,0.39060837030410767,0.45821699500083923,0.9946724772453308,0.6481578350067139,0.5060237646102905,0.9933167695999146,0.30877557396888733,0.4951046407222748,0.991845428943634,0.6978661417961121,0.4610919952392578,0.9882668852806091,0.25448286533355713,0.4588727056980133,0.9863025546073914,0.5375076532363892,0.5630484819412231,0.9962106943130493,0.42498937249183655,0.5628542304039001,0.9928256273269653,0.6095655560493469,0.5961637496948242,0.9961756467819214,0.3393263518810272,0.5985680818557739,0.9912109971046448,0.5789041519165039,0.6781041026115417,0.9913963675498962,0.39006882905960083,0.673911452293396,0.9829292297363281
77,2.5746,0.46539661288261414,0.4141858220100403,0.9936712980270386,0.48652175068855286,0.40486353635787964,0.9935316443443298,0.44745975732803345,0.40483060479164124,0.9881255626678467,0.5194795727729797,0.41185206174850464,0.9647278785705566,0.4250697195529938,0.4122822880744934,0.8395660519599915,0.5703778266906738,0.4568101465702057,0.997612476348877,0.3907169699668884,0.4571813941001892,0.9947974681854248,0.6493241190910339,0.5053042769432068,0.9932926893234253,0.3086487054824829,0.4941064715385437,0.9919258952140808,0.6980032324790955,0.46012425422668457,0.9878214001655579,0.25460684299468994,0.4574825167655945,0.9861409664154053,0.537902295589447,0.5629573464393616,0.9962792992591858,0.42474254965782166,0.5625988245010376,0.9929566383361816,0.6089240312576294,0.5960204601287842,0.9962245225906372,0.3393305540084839,0.598253607749939,0.9912478923797607,0.5788564085960388,0.6782232522964478,0.9912990927696228,0.3900860548019409,0.6738376617431641,0.9826793670654297
78,2.6081,0.46579259634017944,0.4119356572628021,0.9935738444328308,0.4869473874568939,0.4027993083000183,0.9937825798988342,0.44759196043014526,0.40283578634262085,0.9892933368682861,0.519143283367157,0.41061630845069885,0.9683140516281128,0.4250342845916748,0.41117802262306213,0.8727476000785828,0.5682836771011353,0.45440906286239624,0.9976351261138916,0.3903263509273529,0.45483192801475525,0.9948443174362183,0.6491113305091858,0.5024157762527466,0.9933475852012634,0.30710569024086,0.49099740386009216,0.9921483993530273,0.6981920003890991,0.45847779512405396,0.9879641532897949,0.2534036338329315,0.45495980978012085,0.9869027137756348,0.539269745349884,0.5601694583892822,0.9965595602989197,0.4258691072463989,0.5600818395614624,0.9932842254638672,0.6069009304046631,0.595620334148407,0.9964809417724609,0.33842137455940247,0.5974069833755493,0.9915577173233032,0.5787595510482788,0.678250789642334,0.9915676712989807,0.39024463295936584,0.6737212538719177,0.9826574921607971
79,2.6415,0.46429988741874695,0.4081364572048187,0.9933932423591614,0.48516544699668884,0.3989877700805664,0.9935077428817749,0.44622233510017395,0.39940041303634644,0.9878233671188354,0.5187984108924866,0.4069085717201233,0.9679703116416931,0.42375674843788147,0.4082097113132477,0.8480799198150635,0.5669078230857849,0.4511484205722809,0.9976584911346436,0.38865670561790466,0.4513684809207916,0.9949113726615906,0.6444430947303772,0.5016940236091614,0.9931209683418274,0.31022927165031433,0.488908588886261,0.9922744631767273,0.6970112323760986,0.4574669301509857,0.9872769713401794,0.2552388608455658,0.4551645815372467,0.9870649576187134,0.5379350185394287,0.5566932559013367,0.9965697526931763,0.42492371797561646,0.5566710233688354,0.993164598941803,0.6054721474647522,0.5947954058647156,0.9966217279434204,0.3375866413116455,0.5959495902061462,0.9913225173950195,0.5781107544898987,0.6774828433990479,0.9923895001411438,0.3899376690387726,0.6736427545547485,0.9831342697143555
80,2.6749,0.46392622590065,0.40379205346107483,0.9933038353919983,0.4847269356250763,0.3945850729942322,0.9916239380836487,0.4454739987850189,0.39522695541381836,0.9865483641624451,0.5189693570137024,0.4028342366218567,0.9562850594520569,0.42275270819664,0.4046317934989929,0.8590365648269653,0.5668931603431702,0.44753289222717285,0.9972177743911743,0.387545108795166,0.44817543029785156,0.9950360655784607,0.6485545039176941,0.49611973762512207,0.9926860332489014,0.307279109954834,0.48528051376342773,0.9939606189727783,0.6991621851921082,0.45704084634780884,0.9832950234413147,0.25345557928085327,0.4500429630279541,0.9912147521972656,0.5379486680030823,0.5525268316268921,0.9950700998306274,0.42455756664276123,0.5524953603744507,0.9942163228988647,0.5997612476348877,0.5951535105705261,0.9944987893104553,0.3318500518798828,0.5938349962234497,0.9949599504470825,0.5750671625137329,0.6767528653144836,0.9875818490982056,0.39192330837249756,0.6741164922714233,0.9893497228622437
81,2.7084,0.46451887488365173,0.3991800844669342,0.9932677745819092,0.4856971204280853,0.39016252756118774,0.9921534657478333,0.44596096873283386,0.3902377188205719,0.9881095290184021,0.5183916091918945,0.3994872570037842,0.9621851444244385,0.42230427265167236,0.4000808298587799,0.8979679346084595,0.5663855075836182,0.4440438151359558,0.9973657727241516,0.386565238237381,0.4449034631252289,0.9951121211051941,0.6486027836799622,0.4903756082057953,0.9923058152198792,0.30765411257743835,0.48221555352211,0.9933962821960449,0.6991623044013977,0.45294174551963806,0.9828484058380127,0.2545808255672455,0.4467468857765198,0.990742027759552,0.5385974049568176,0.5490963459014893,0.995363712310791,0.42463353276252747,0.5486842393875122,0.9945304989814758,0.5984079837799072,0.5960337519645691,0.9946671724319458,0.3309369683265686,0.59287428855896,0.9953408241271973,0.5750159621238708,0.67685866355896,0.9869933128356934,0.3914894461631775,0.6742088794708252,0.9896199107170105
82,2.7418,0.4633437693119049,0.3928677439689636,0.9935393929481506,0.48394066095352173,0.3840578496456146,0.9923559427261353,0.4453335702419281,0.3844079375267029,0.9866471290588379,0.5171675682067871,0.39325183629989624,0.961414098739624,0.42294514179229736,0.3944850265979767,0.8590099215507507,0.5676620602607727,0.4393894672393799,0.997245192527771,0.383828341960907,0.4410727024078369,0.995376467704773,0.6507433652877808,0.4860808253288269,0.9917478561401367,0.304658979177475,0.4775855541229248,0.9938626289367676,0.7016900777816772,0.44699162244796753,0.9788416028022766,0.25141364336013794,0.44119128584861755,0.9903094172477722,0.5387902855873108,0.5443524122238159,0.9953023195266724,0.42366188764572144,0.5443071126937866,0.9948892593383789,0.5947763919830322,0.5958293080329895,0.9945479035377502,0.32839903235435486,0.5918814539909363,0.9956747889518738,0.5750432014465332,0.6776512265205383,0.9858570098876953,0.39102163910865784,0.6740092039108276,0.9899373054504395
83,2.7753,0.4633183777332306,0.3877057135105133,0.9935844540596008,0.48413535952568054,0.37835851311683655,0.9913730621337891,0.4446808397769928,0.3784143030643463,0.9877676367759705,0.5158607959747314,0.38632357120513916,0.9510977268218994,0.42171117663383484,0.38702189922332764,0.8785660266876221,0.5669757723808289,0.43532124161720276,0.9972233772277832,0.38496148586273193,0.4360622763633728,0.9954954385757446,0.6470568180084229,0.48253363370895386,0.9913477301597595,0.30292487144470215,0.47338733077049255,0.9939649701118469,0.7023618817329407,0.443683385848999,0.9787989854812622,0.248221293091774,0.43576115369796753,0.9908860921859741,0.536492645740509,0.54222172498703,0.9952267408370972,0.4219851493835449,0.5417073369026184,0.9950817823410034,0.5906179547309875,0.5946826934814453,0.9943605065345764,0.32630792260169983,0.5917915105819702,0.995915949344635,0.5747681260108948,0.6785477995872498,0.9853718876838684,0.3902038633823395,0.674809992313385,0.990384578704834
84,2.8087,0.4631127715110779,0.3813677132129669,0.9946385025978088,0.4841558337211609,0.3724249005317688,0.9937735795974731,0.4445706307888031,0.37272965908050537,0.9897279143333435,0.5168254971504211,0.38228505849838257,0.965026319026947,0.4220137298107147,0.38338690996170044,0.880431592464447,0.5650586485862732,0.42997997999191284,0.997309684753418,0.38427042961120605,0.43015772104263306,0.9956322312355042,0.6482936143875122,0.4774226248264313,0.991849422454834,0.30252787470817566,0.46797314286231995,0.9939391613006592,0.7022045850753784,0.43871641159057617,0.9779130816459656,0.2491970956325531,0.43053340911865234,0.9910293817520142,0.5367579460144043,0.5374886989593506,0.9954738020896912,0.4224008023738861,0.5373914837837219,0.9952652454376221,0.5862522721290588,0.5935041308403015,0.9946310520172119,0.325544148683548,0.5908704996109009,0.9960327744483948,0.5748825669288635,0.6788389086723328,0.9846469163894653,0.3900626003742218,0.6744129061698914,0.9898147583007812
85,2.8421,0.4610837399959564,0.37585026025772095,0.9945918917655945,0.48255395889282227,0.3667050302028656,0.992631196975708,0.4423425793647766,0.3668997287750244,0.9884174466133118,0.5151364803314209,0.3754050135612488,0.955032467842102,0.4199081063270569,0.3762609362602234,0.8526881337165833,0.5628535151481628,0.4241488575935364,0.9972851276397705,0.38321664929389954,0.42398396134376526,0.9956179857254028,0.647457480430603,0.4739367365837097,0.9926450252532959,0.3031873106956482,0.46250733733177185,0.9944853186607361,0.6993448734283447,0.43560346961021423,0.9807717204093933,0.24809415638446808,0.42679229378700256,0.9930137991905212,0.5348421335220337,0.5326699018478394,0.9953945279121399,0.4208642244338989,0.532467782497406,0.9953847527503967,0.5844855308532715,0.5921700596809387,0.9943169951438904,0.32358431816101074,0.5895591974258423,0.9961644411087036,0.5745929479598999,0.678814709186554,0.9831446409225464,0.3903978168964386,0.6749029159545898,0.9898959398269653
86,2.8756,0.4609580934047699,0.3698299527168274,0.9948856234550476,0.482064425945282,0.36152341961860657,0.9937254786491394,0.4427884817123413,0.3614547848701477,0.9894506335258484,0.5150415897369385,0.3716250956058502,0.9631727933883667,0.4201115071773529,0.37187546491622925,0.8684035539627075,0.56245356798172,0.4209177494049072,0.9973767995834351,0.382095605134964,0.4199651777744293,0.9955962300300598,0.6477115154266357,0.4678491950035095,0.9919244647026062,0.3022557199001312,0.45735377073287964,0.9944711923599243,0.6976981163024902,0.429678738117218,0.9807650446891785,0.24623917043209076,0.41960281133651733,0.9927213788032532,0.5355758666992188,0.526477038860321,0.9957862496376038,0.4223591983318329,0.525994598865509,0.9955726861953735,0.5838475823402405,0.5918266177177429,0.9946827292442322,0.32380378246307373,0.5875083208084106,0.996271014213562,0.5744664669036865,0.6785620450973511,0.9845608472824097,0.39062798023223877,0.6743596196174622,0.9905407428741455
87,2.909,0.45911750197410583,0.3645419180393219,0.9948019981384277,0.4798581004142761,0.35584649443626404,0.9940908551216125,0.4413051903247833,0.35589224100112915,0.9880411624908447,0.5141550898551941,0.3651508092880249,0.9648227691650391,0.41917601227760315,0.3657614588737488,0.8191460967063904,0.5626291036605835,0.4156831204891205,0.9972032308578491,0.38375675678253174,0.4151759743690491,0.995682954788208,0.6458252668380737,0.46235910058021545,0.990822434425354,0.3024003207683563,0.4519418179988861,0.9950506091117859,0.6996064782142639,0.42348018288612366,0.9771162867546082,0.24452617764472961,0.41543108224868774,0.9919142723083496,0.5344899296760559,0.5216174125671387,0.9956265687942505,0.4217991232872009,0.5209732055664062,0.9956919550895691,0.5817195773124695,0.590701699256897,0.9943681359291077,0.32218411564826965,0.5859693288803101,0.9963002800941467,0.5744470357894897,0.6797231435775757,0.9833574891090393,0.3898523151874542,0.674664318561554,0.9904284477233887
88,2.9424,0.4579813778400421,0.35873180627822876,0.9936431646347046,0.4783441424369812,0.3502136766910553,0.9926162362098694,0.44072070717811584,0.3501661419868469,0.9865630865097046,0.5123035311698914,0.35956066846847534,0.959464430809021,0.41857847571372986,0.3600102365016937,0.8289510011672974,0.561397135257721,0.40925663709640503,0.9969395399093628,0.3848133087158203,0.40961915254592896,0.9955833554267883,0.6422953009605408,0.45625656843185425,0.9903292655944824,0.30256402492523193,0.44758743047714233,0.9951043128967285,0.6984851360321045,0.42040547728538513,0.977401614189148,0.24326921999454498,0.4084898829460144,0.99080491065979,0.5352106690406799,0.5167759656906128,0.9956364035606384,0.4224836528301239,0.5163946151733398,0.9957591891288757,0.5804977416992188,0.5893643498420715,0.9946795105934143,0.32186159491539,0.5846900939941406,0.9965144991874695,0.5746945142745972,0.6802061796188354,0.9849578142166138,0.3897794485092163,0.6754431128501892,0.9913551211357117
89,2.9759,0.45812514424324036,0.35228779911994934,0.9937193393707275,0.47850143909454346,0.34337934851646423,0.9918773174285889,0.43972504138946533,0.3438800275325775,0.9873908162117004,0.5122522115707397,0.35216227173805237,0.9555826187133789,0.41772469878196716,0.353815495967865,0.8505088686943054,0.5634246468544006,0.4052671492099762,0.9969214200973511,0.38232967257499695,0.4043925702571869,0.9954639077186584,0.6453127264976501,0.45143747329711914,0.991074800491333,0.3004409670829773,0.44077882170677185,0.9945626854896545,0.7009670734405518,0.4137558043003082,0.9792516827583313,0.24292463064193726,0.40307021141052246,0.9893416166305542,0.5336635708808899,0.5118252635002136,0.9954850673675537,0.420306533575058,0.5111885070800781,0.9955216646194458,0.5804420709609985,0.5873335003852844,0.9949566721916199,0.3220714032649994,0.5833562612533569,0.9965793490409851,0.5760396122932434,0.6797202825546265,0.9860624670982361,0.389496386051178,0.6747308373451233,0.9916900396347046
90,3.0093,0.45835110545158386,0.34666547179222107,0.9941410422325134,0.4789999723434448,0.33812007308006287,0.9926236867904663,0.44092848896980286,0.33784210681915283,0.9884408712387085,0.511974573135376,0.3473482131958008,0.9539568424224854,0.41830116510391235,0.3472834527492523,0.8584176301956177,0.5610247254371643,0.39804527163505554,0.9970364570617676,0.3816428780555725,0.39896246790885925,0.995540201663971,0.6427417993545532,0.44649091362953186,0.9917277097702026,0.3022529184818268,0.43469348549842834,0.9947522878646851,0.6974955201148987,0.410579115152359,0.9807235598564148,0.24233798682689667,0.3991188108921051,0.9897407293319702,0.5334415435791016,0.5066147446632385,0.9958308339118958,0.42058154940605164,0.5066879391670227,0.9958928823471069,0.5798754096031189,0.5853090882301331,0.9946923851966858,0.3229561150074005,0.5815362334251404,0.9964898228645325,0.5762702822685242,0.6793913245201111,0.9860846400260925,0.38966742157936096,0.675254762172699,0.9921314120292664
91,3.0427,0.45800161361694336,0.339828759431839,0.9938995838165283,0.4784712493419647,0.3312292993068695,0.9912351369857788,0.44023051857948303,0.33140403032302856,0.9863654375076294,0.511900007724762,0.3401360511779785,0.9456420540809631,0.4184565246105194,0.3410704433917999,0.8207711577415466,0.5628090500831604,0.3936299979686737,0.996987521648407,0.381957083940506,0.39423972368240356,0.9955114126205444,0.6449585556983948,0.44026175141334534,0.9915817379951477,0.30184993147850037,0.42987164855003357,0.9946430921554565,0.6978639364242554,0.4022112488746643,0.9815369248390198,0.24288152158260345,0.39313942193984985,0.9901981353759766,0.5331318378448486,0.5032640695571899,0.9960336089134216,0.4199551045894623,0.5032191276550293,0.9960591793060303,0.5779762864112854,0.5824790596961975,0.9949184060096741,0.32384830713272095,0.5799594521522522,0.996417760848999,0.5765973329544067,0.6795238256454468,0.9870474338531494,0.38924264907836914,0.675797700881958,0.9921116828918457
92,3.0762,0.45843884348869324,0.33346185088157654,0.9936309456825256,0.4787721335887909,0.32511264085769653,0.9905481934547424,0.44124123454093933,0.324643611907959,0.9863026738166809,0.5108087062835693,0.33403339982032776,0.9401124119758606,0.4187408983707428,0.3335864543914795,0.8388620018959045,0.5622111558914185,0.3879358172416687,0.9972332119941711,0.38151076436042786,0.38805127143859863,0.9956265687942505,0.6460992693901062,0.43588605523109436,0.9920125603675842,0.30056941509246826,0.42426976561546326,0.9947850108146667,0.6999949216842651,0.3978486955165863,0.980364203453064,0.24210412800312042,0.3876892924308777,0.9897715449333191,0.5320900678634644,0.4974798560142517,0.9962540864944458,0.41969120502471924,0.4971441626548767,0.9963250756263733,0.5779775977134705,0.5806496739387512,0.9949924349784851,0.32507196068763733,0.5781593322753906,0.9965421557426453,0.5764033198356628,0.6800220012664795,0.9868055582046509,0.3892960846424103,0.6763302087783813,0.9922308325767517
93,3.1096,0.4575648009777069,0.32634249329566956,0.9943616390228271,0.47891098260879517,0.3176816999912262,0.9919874668121338,0.43983086943626404,0.31742510199546814,0.9878992438316345,0.5118319392204285,0.327947199344635,0.9514365792274475,0.4176846742630005,0.32777339220046997,0.8474307060241699,0.5627151727676392,0.3828718364238739,0.9971734285354614,0.3804939389228821,0.3821412920951843,0.9956165552139282,0.643751859664917,0.42998915910720825,0.991095781326294,0.3025372326374054,0.4210664629936218,0.9941669702529907,0.7010647058486938,0.39138421416282654,0.9799219369888306,0.24285782873630524,0.38149067759513855,0.9890245795249939,0.5336073040962219,0.49334517121315,0.9960762858390808,0.42023560404777527,0.4928838312625885,0.9960927367210388,0.5776322484016418,0.5794125199317932,0.9952955842018127,0.32583263516426086,0.576865017414093,0.996605634689331,0.57671058177948,0.6803438067436218,0.9875209331512451,0.3886641263961792,0.6767270565032959,0.9922962784767151
94,3.1431,0.45854097604751587,0.31937187910079956,0.9949567914009094,0.47954460978507996,0.3111559748649597,0.9931765794754028,0.44151031970977783,0.31021848320961,0.9886411428451538,0.5118208527565002,0.32148638367652893,0.9585356116294861,0.4184422791004181,0.32002168893814087,0.8581156134605408,0.5622406601905823,0.3751245439052582,0.9979069232940674,0.381727397441864,0.37535378336906433,0.9963486194610596,0.6426272988319397,0.424100399017334,0.991967499256134,0.3038868010044098,0.41337576508522034,0.9942159056663513,0.6967988014221191,0.3871942162513733,0.9811317920684814,0.24373239278793335,0.37547796964645386,0.9915624260902405,0.5345298647880554,0.489165723323822,0.9964160919189453,0.4204557240009308,0.488983690738678,0.9960286617279053,0.5751384496688843,0.5770310163497925,0.9959235191345215,0.3308256268501282,0.574073076248169,0.996846616268158,0.5757790207862854,0.6792581677436829,0.9856815338134766,0.38879072666168213,0.6760637164115906,0.9904656410217285
95,3.1765,0.45800450444221497,0.3117762506008148,0.9943307638168335,0.4791976511478424,0.30354300141334534,0.9926969408988953,0.4407183825969696,0.30294060707092285,0.9865336418151855,0.5123899579048157,0.3145925998687744,0.9630366563796997,0.4181809425354004,0.3138231635093689,0.8363801836967468,0.5627775192260742,0.369320809841156,0.9978994131088257,0.38157564401626587,0.36954230070114136,0.9963500499725342,0.6443900465965271,0.4190002977848053,0.9918220639228821,0.303451806306839,0.40741777420043945,0.9943171143531799,0.6969606876373291,0.3791707456111908,0.9813251495361328,0.24327398836612701,0.3684238791465759,0.9918423891067505,0.5329351425170898,0.4868898391723633,0.9965634942054749,0.41796034574508667,0.4866512417793274,0.9961508512496948,0.5751413702964783,0.576987087726593,0.9958351850509644,0.33199048042297363,0.5737985968589783,0.9966850876808167,0.5759862065315247,0.6793597936630249,0.9867799878120422,0.3882399797439575,0.6757290363311768,0.9909780025482178
96,3.2099,0.4578479826450348,0.3035687804222107,0.9935245513916016,0.4789638817310333,0.2953568994998932,0.9915695786476135,0.44032204151153564,0.29473814368247986,0.9862754344940186,0.5111613273620605,0.30698150396347046,0.9603130221366882,0.41768428683280945,0.3062165379524231,0.8621452450752258,0.5629621148109436,0.3626995384693146,0.9978196620941162,0.3811037838459015,0.36292994022369385,0.9964904189109802,0.6464136838912964,0.4115452170372009,0.9919230341911316,0.30117860436439514,0.40074291825294495,0.9951778650283813,0.6982821822166443,0.3724881708621979,0.9805557131767273,0.2420673370361328,0.3603745102882385,0.9908361434936523,0.5338136553764343,0.48265624046325684,0.9965875148773193,0.41811519861221313,0.4823082983493805,0.9961774349212646,0.5736704468727112,0.5756904482841492,0.9962041974067688,0.33580830693244934,0.5729990005493164,0.996845543384552,0.5758432745933533,0.679580569267273,0.9884768724441528,0.38880690932273865,0.6762064695358276,0.9915814995765686
97,3.2434,0.4588962197303772,0.29528865218162537,0.993778645992279,0.47940194606781006,0.2870439887046814,0.9916694164276123,0.44142261147499084,0.2865441143512726,0.987891435623169,0.5113645195960999,0.2984444200992584,0.9543424248695374,0.41801193356513977,0.2978730797767639,0.879256546497345,0.5630443692207336,0.3565821051597595,0.9978169202804565,0.38138890266418457,0.35488200187683105,0.9965645670890808,0.6466156244277954,0.40435653924942017,0.9921160340309143,0.30230259895324707,0.3953385353088379,0.9953474402427673,0.7017539739608765,0.36539512872695923,0.9798076152801514,0.24171815812587738,0.35306206345558167,0.9897393584251404,0.5337483286857605,0.47759944200515747,0.9966705441474915,0.4187374413013458,0.47679609060287476,0.9963536262512207,0.5730519890785217,0.5750983357429504,0.9961374402046204,0.33814921975135803,0.5722963809967041,0.9968879818916321,0.5754446387290955,0.6792200803756714,0.989191472530365,0.38911768794059753,0.6757853627204895,0.9922314882278442
98,3.2768,0.45870569348335266,0.2868027091026306,0.9937397241592407,0.47943899035453796,0.278560072183609,0.9908949136734009,0.44165804982185364,0.27778974175453186,0.9866893887519836,0.510903537273407,0.2895902991294861,0.9445065259933472,0.41798511147499084,0.2883017063140869,0.8595040440559387,0.5616176724433899,0.3487841486930847,0.9979555606842041,0.3798847198486328,0.34671035408973694,0.9967421889305115,0.6470909714698792,0.3981051445007324,0.9928951859474182,0.30283546447753906,0.38689595460891724,0.9956101775169373,0.7005990147590637,0.35754236578941345,0.9800893068313599,0.242676243185997,0.34676027297973633,0.989863395690918,0.533716082572937,0.47342556715011597,0.9968980550765991,0.41840052604675293,0.4726392328739166,0.9966453909873962,0.5712482333183289,0.5752267837524414,0.9960914254188538,0.34281009435653687,0.5722586512565613,0.9968677163124084,0.5755900144577026,0.6785579919815063,0.9897724986076355,0.3893168568611145,0.6756702065467834,0.9927807450294495
99,3.3102,0.4569456875324249,0.2777942717075348,0.9946356415748596,0.478434681892395,0.26957613229751587,0.9927417039871216,0.4399101734161377,0.2689277231693268,0.9877269864082336,0.511218249797821,0.2810635566711426,0.9540440440177917,0.41726621985435486,0.2800171375274658,0.8441150188446045,0.5601574182510376,0.3393626809120178,0.9980073571205139,0.3807000517845154,0.3406006991863251,0.9968259334564209,0.6435602307319641,0.38891488313674927,0.992620050907135,0.3016504943370819,0.3784728944301605,0.9954755902290344,0.699725329875946,0.350431352853775,0.9818690419197083,0.2406211793422699,0.33762726187705994,0.9896575808525085,0.5321992039680481,0.47019919753074646,0.9971370697021484,0.4172825813293457,0.47045594453811646,0.9967749714851379,0.5690556764602661,0.5751557350158691,0.9964141845703125,0.34659284353256226,0.5724669694900513,0.9968417882919312,0.5755881667137146,0.6790562272071838,0.9909105896949768,0.3890843689441681,0.6758551597595215,0.9931724667549133
100,3.3437,0.4594046175479889,0.2691454291343689,0.9929590225219727,0.4812798500061035,0.26127323508262634,0.9894158840179443,0.4417988359928131,0.2602648437023163,0.9836894869804382,0.5127602815628052,0.2734571099281311,0.9468801021575928,0.4175659716129303,0.2716039717197418,0.863328218460083,0.5611136555671692,0.3305369019508362,0.9982339143753052,0.38053542375564575,0.33065325021743774,0.9968089461326599,0.6408065557479858,0.38134974241256714,0.992049515247345,0.30361855030059814,0.37406405806541443,0.9949957132339478,0.7035906314849854,0.3392898142337799,0.9817154407501221,0.2441137582063675,0.33068138360977173,0.990003228187561,0.5290553569793701,0.4637942910194397,0.9974838495254517,0.4166591763496399,0.4637095332145691,0.9971669316291809,0.5675986409187317,0.5725817680358887,0.9964312314987183,0.3503115475177765,0.5706965327262878,0.9969303011894226,0.5758177042007446,0.6790509223937988,0.9918532967567444,0.38915616273880005,0.6754451990127563,0.9940417408943176
101,3.3771,0.45997947454452515,0.25999441742897034,0.9941135048866272,0.4811108112335205,0.2525472044944763,0.9919782876968384,0.4426109194755554,0.2517763674259186,0.9855495095252991,0.5136554837226868,0.2649196684360504,0.9572874903678894,0.41894519329071045,0.26367515325546265,0.8431016206741333,0.5652104020118713,0.3224596083164215,0.9982391595840454,0.38318806886672974,0.32213181257247925,0.9967488050460815,0.6458912491798401,0.3742343783378601,0.9914828538894653,0.30237409472465515,0.36629199981689453,0.9948091506958008,0.7020999193191528,0.3342324197292328,0.9804779887199402,0.24352794885635376,0.3212152421474457,0.9899917244911194,0.5313329696655273,0.4618965685367584,0.9975343942642212,0.4159947335720062,0.4615059494972229,0.997261643409729,0.5678243637084961,0.5731332898139954,0.9962102174758911,0.3555864989757538,0.5713492035865784,0.9968145489692688,0.5757939219474792,0.679226279258728,0.991269588470459,0.38998574018478394,0.6752212643623352,0.9938357472419739
102,3.4106,0.45915335416793823,0.2524700164794922,0.9939872026443481,0.4805143177509308,0.24407324194908142,0.9915886521339417,0.4418279528617859,0.24379119277000427,0.9844713807106018,0.5134454369544983,0.2559848427772522,0.9537765979766846,0.4190090596675873,0.2556614875793457,0.8054125308990479,0.5641220211982727,0.3146273195743561,0.9980682730674744,0.3841060996055603,0.31463947892189026,0.9966338276863098,0.6479176878929138,0.3671804964542389,0.9916816353797913,0.3039153516292572,0.35915929079055786,0.9954352974891663,0.7060936689376831,0.3230822682380676,0.9799072742462158,0.2425229400396347,0.3169131278991699,0.9915470480918884,0.5317836403846741,0.45693808794021606,0.9976153373718262,0.4160903990268707,0.45682820677757263,0.9973906874656677,0.5640632510185242,0.5722834467887878,0.9962707757949829,0.3648364543914795,0.5729241371154785,0.9965935349464417,0.5753495693206787,0.6787404417991638,0.992618978023529,0.38751301169395447,0.6754149794578552,0.9940375089645386
103,3.444,0.4614408314228058,0.24549944698810577,0.9936763644218445,0.48261502385139465,0.23689541220664978,0.9908313155174255,0.44371193647384644,0.23643632233142853,0.985943078994751,0.5149268507957458,0.24823598563671112,0.9504233002662659,0.4191815257072449,0.24765720963478088,0.863664984703064,0.5661180019378662,0.30771559476852417,0.9982869029045105,0.3831140697002411,0.3070172667503357,0.9971967935562134,0.64818274974823,0.36055988073349,0.99290531873703,0.30591022968292236,0.3526627719402313,0.9946005344390869,0.7071244716644287,0.3151952922344208,0.9777568578720093,0.24553260207176208,0.31002292037010193,0.9903841018676758,0.5312291383743286,0.45230549573898315,0.9974811673164368,0.41618669033050537,0.4521496295928955,0.9971689581871033,0.5627222657203674,0.5727243423461914,0.9965027570724487,0.3745967447757721,0.5726900100708008,0.9968453049659729,0.5736613869667053,0.6787641048431396,0.9909073114395142,0.386941522359848,0.675618052482605,0.9926478862762451
104,3.4774,0.46147313714027405,0.2401142567396164,0.9943234920501709,0.4825972318649292,0.23101894557476044,0.9914963245391846,0.443388968706131,0.2309640645980835,0.9863887429237366,0.514923632144928,0.24187178909778595,0.94875168800354,0.41967543959617615,0.24216362833976746,0.839985191822052,0.565270721912384,0.30115824937820435,0.9982542395591736,0.38637590408325195,0.3012300729751587,0.9972424507141113,0.6442759037017822,0.35535934567451477,0.9927698969841003,0.30826300382614136,0.34999150037765503,0.9947532415390015,0.7047902345657349,0.3122280538082123,0.9802947640419006,0.247772216796875,0.306908518075943,0.9909977912902832,0.5320752263069153,0.44566527009010315,0.9976000189781189,0.4175720512866974,0.4453628659248352,0.9972712397575378,0.5632390975952148,0.5722454786300659,0.9966031312942505,0.3799242377281189,0.5700310468673706,0.996828019618988,0.574270486831665,0.6790093183517456,0.9911707639694214,0.38758522272109985,0.6758391261100769,0.9926879405975342
105,3.5109,0.4615262448787689,0.23617812991142273,0.9940191507339478,0.4834129214286804,0.227637380361557,0.990696907043457,0.443835586309433,0.22704124450683594,0.9857763648033142,0.515126645565033,0.23902387917041779,0.9486123919487,0.4201558828353882,0.23810315132141113,0.8496498465538025,0.5653921961784363,0.29597902297973633,0.9982714653015137,0.38812926411628723,0.2970975637435913,0.9970904588699341,0.6449952721595764,0.3518891930580139,0.9929075241088867,0.3134091794490814,0.34653592109680176,0.9932374954223633,0.702911913394928,0.30924925208091736,0.9808066487312317,0.24909304082393646,0.3037145733833313,0.9905019998550415,0.5329134464263916,0.44366270303726196,0.9976688027381897,0.41828206181526184,0.44395023584365845,0.9974268078804016,0.5625745058059692,0.5702769160270691,0.9964419007301331,0.38558346033096313,0.5709776878356934,0.9968296885490417,0.5747349858283997,0.6786562204360962,0.9904069304466248,0.3882106840610504,0.6762093305587769,0.9925565719604492
106,3.5443,0.46259117126464844,0.23437023162841797,0.9941363334655762,0.4845743477344513,0.22580166161060333,0.9909718036651611,0.44477877020835876,0.2251015156507492,0.9875707626342773,0.5156025290489197,0.23648898303508759,0.9429234266281128,0.4196629524230957,0.23521772027015686,0.8809917569160461,0.5647821426391602,0.29355326294898987,0.9981811046600342,0.38512200117111206,0.2948169410228729,0.9971256852149963,0.6450846195220947,0.34858760237693787,0.9927311539649963,0.3130754232406616,0.3443973958492279,0.9929674863815308,0.7054510116577148,0.30439630150794983,0.9805446863174438,0.24894097447395325,0.3019710183143616,0.9879738092422485,0.5366164445877075,0.44510239362716675,0.9975805282592773,0.4208828806877136,0.4455709457397461,0.9972473978996277,0.5630805492401123,0.5699322819709778,0.9963646531105042,0.3902210295200348,0.5705815553665161,0.9963693618774414,0.5747448801994324,0.6786160469055176,0.9903613328933716,0.38868629932403564,0.6761418581008911,0.9915542006492615
107,3.5777,0.4619399905204773,0.2341604232788086,0.994469404220581,0.48396924138069153,0.22548222541809082,0.9919818043708801,0.4444007873535156,0.22480008006095886,0.987614631652832,0.5150521397590637,0.23568005859851837,0.9487074613571167,0.41989219188690186,0.23440293967723846,0.8700888156890869,0.5638865232467651,0.2918980121612549,0.9982434511184692,0.38453423976898193,0.29357558488845825,0.9972447156906128,0.6453254818916321,0.34667423367500305,0.9922916293144226,0.31152617931365967,0.34325823187828064,0.9931294322013855,0.705908477306366,0.30284351110458374,0.9798555374145508,0.24920733273029327,0.30098286271095276,0.9873507618904114,0.5366814732551575,0.44451966881752014,0.9976010918617249,0.42165133357048035,0.44530805945396423,0.9972687363624573,0.5634241104125977,0.5694493055343628,0.9962319731712341,0.3931505084037781,0.5705543756484985,0.9962555170059204,0.5751664638519287,0.6781216859817505,0.9902691841125488,0.38895183801651,0.6759822368621826,0.9914672374725342
108,3.6112,0.4621526002883911,0.23456552624702454,0.9945690631866455,0.4838011562824249,0.22605180740356445,0.9914932250976562,0.4445632994174957,0.22529849410057068,0.9880883097648621,0.5142702460289001,0.23526830971240997,0.9400449991226196,0.4196556806564331,0.23393845558166504,0.8775107860565186,0.5623463988304138,0.29110193252563477,0.9982547163963318,0.38671204447746277,0.29348477721214294,0.997287392616272,0.6432583332061768,0.34666961431503296,0.992279052734375,0.31481945514678955,0.34339505434036255,0.9925464987754822,0.7060908675193787,0.3016904294490814,0.9800077080726624,0.24818158149719238,0.30039215087890625,0.9868960976600647,0.5362906455993652,0.44419294595718384,0.9975838661193848,0.42246177792549133,0.44520121812820435,0.9973223805427551,0.5635294318199158,0.5690280199050903,0.9959316849708557,0.3949694037437439,0.5706952214241028,0.9961004257202148,0.5754238963127136,0.6780897378921509,0.9893413186073303,0.3893508017063141,0.6764128804206848,0.9910152554512024
109,3.6446,0.4618183970451355,0.23515352606773376,0.9946527481079102,0.483528733253479,0.2262897938489914,0.9916064739227295,0.4438381493091583,0.22570618987083435,0.9887112379074097,0.5139636397361755,0.23552653193473816,0.9406851530075073,0.4189840853214264,0.23458309471607208,0.8864440321922302,0.5627662539482117,0.2916117310523987,0.9982419013977051,0.38680461049079895,0.29445019364356995,0.9973235726356506,0.6435266137123108,0.34634503722190857,0.9919970631599426,0.315383642911911,0.34309548139572144,0.9928207993507385,0.706005871295929,0.30197691917419434,0.9793943762779236,0.24900932610034943,0.30171966552734375,0.9875344038009644,0.538581907749176,0.44234734773635864,0.9976252913475037,0.4253552258014679,0.4433136582374573,0.99733966588974,0.566044270992279,0.5682538747787476,0.9961357116699219,0.39759719371795654,0.5692200064659119,0.9960951209068298,0.575830340385437,0.6778842806816101,0.9900801777839661,0.3893738090991974,0.676493227481842,0.991077184677124
110,3.678,0.4609707295894623,0.23636464774608612,0.9941239953041077,0.4827050566673279,0.22724509239196777,0.9907110333442688,0.44300222396850586,0.22668857872486115,0.9875977635383606,0.5137392282485962,0.23619696497917175,0.940216600894928,0.418683797121048,0.23530220985412598,0.8785042762756348,0.5643807053565979,0.29304733872413635,0.9981764554977417,0.38738057017326355,0.2949407994747162,0.99724942445755,0.6423468589782715,0.3470517694950104,0.9921573400497437,0.3164307773113251,0.3433912396430969,0.9933941960334778,0.7054875493049622,0.3033221364021301,0.9801151752471924,0.24948188662528992,0.30230823159217834,0.9885184168815613,0.5402287840843201,0.44384074211120605,0.9975257515907288,0.4263966381549835,0.4443000257015228,0.997238278388977,0.5674750208854675,0.5683819055557251,0.9960605502128601,0.3979450762271881,0.5690038800239563,0.9960286617279053,0.5760361552238464,0.6777607202529907,0.9901366233825684,0.38960784673690796,0.6767379641532898,0.9910212159156799
111,3.7115,0.46097010374069214,0.23751434683799744,0.9940497875213623,0.48297470808029175,0.22805500030517578,0.9903638958930969,0.44251513481140137,0.2275654822587967,0.9881975054740906,0.5137382745742798,0.23680976033210754,0.9389733672142029,0.41820117831230164,0.23609347641468048,0.8896927833557129,0.5649413466453552,0.29366353154182434,0.9981377124786377,0.38736534118652344,0.29549846053123474,0.997173547744751,0.642979621887207,0.34771203994750977,0.9923535585403442,0.31614699959754944,0.3444114327430725,0.9928845763206482,0.7056308388710022,0.3040834963321686,0.9806275963783264,0.2497374266386032,0.30261069536209106,0.9886537194252014,0.5404729843139648,0.44286927580833435,0.9975622892379761,0.4263923168182373,0.4433109760284424,0.9972642660140991,0.5664677023887634,0.5678498148918152,0.9961552023887634,0.3983646333217621,0.5685628056526184,0.9960927367210388,0.5761812925338745,0.6778152585029602,0.9900994896888733,0.3894180357456207,0.6769071817398071,0.9909206628799438
112,3.7449,0.880169689655304,0.43384021520614624,0.9155895709991455,0.8883944153785706,0.4297131896018982,0.9523224234580994,0.8790616989135742,0.4295334219932556,0.388823539018631,0.91013503074646,0.4317471385002136,0.9588381052017212,0.887324333190918,0.43091097474098206,0.018299194052815437,0.9279232621192932,0.4544321596622467,0.990957498550415,0.8979439735412598,0.45285192131996155,0.8179439902305603,0.9099016785621643,0.4939274787902832,0.9827537536621094,0.890454113483429,0.4867313802242279,0.20079825818538666,0.8641911745071411,0.49440598487854004,0.8589569330215454,0.8727279901504517,0.49223989248275757,0.09772317856550217,0.9252795577049255,0.5177140235900879,0.7362506985664368,0.9030516743659973,0.5147278308868408,0.44107598066329956,0.8759183883666992,0.5342634916305542,0.037990208715200424,0.8632659912109375,0.5308954119682312,0.008649880066514015,0.8804596662521362,0.5490676760673523,0.006386726163327694,0.8821834325790405,0.5483323335647583,0.002236433094367385
113,3.7784,0.4600765109062195,0.2388562709093094,0.9943856000900269,0.48142385482788086,0.22955508530139923,0.9895625710487366,0.4411209225654602,0.22959129512310028,0.9879007339477539,0.5116586685180664,0.2376106232404709,0.9270312190055847,0.4170488119125366,0.23812684416770935,0.8802491426467896,0.5628917217254639,0.2935523986816406,0.998235821723938,0.3856126070022583,0.296099990606308,0.9972992539405823,0.6436466574668884,0.34806737303733826,0.9930475354194641,0.3135576546192169,0.3468706011772156,0.9929805994033813,0.7046993970870972,0.30391183495521545,0.9821043610572815,0.24838684499263763,0.3018283247947693,0.9899529814720154,0.539365828037262,0.4403395652770996,0.9977060556411743,0.4269704222679138,0.44139569997787476,0.9974629878997803,0.5660606026649475,0.5664023160934448,0.9961842894554138,0.3991243243217468,0.5672138929367065,0.9963060617446899,0.5763096213340759,0.6777704358100891,0.9903208613395691,0.39086243510246277,0.6758736968040466,0.9917274713516235
114,3.8118,0.4570019543170929,0.23881646990776062,0.994726836681366,0.4786926209926605,0.22977319359779358,0.9906911253929138,0.4387635588645935,0.22974061965942383,0.9861670136451721,0.5106245875358582,0.2380692958831787,0.9362571239471436,0.4158352315425873,0.23830115795135498,0.8225914835929871,0.5621423721313477,0.29382720589637756,0.9982315897941589,0.384962260723114,0.2951538860797882,0.9972551465034485,0.6428139805793762,0.3483927547931671,0.9933737516403198,0.31280919909477234,0.3456473648548126,0.9932557344436646,0.7050765156745911,0.3030378818511963,0.9825770258903503,0.24781908094882965,0.3022231161594391,0.9907695651054382,0.5380983352661133,0.43994197249412537,0.9977194666862488,0.4256826639175415,0.4405690133571625,0.9975441098213196,0.5655209422111511,0.5658028721809387,0.9962100982666016,0.3997173309326172,0.5660528540611267,0.9965053796768188,0.5761839747428894,0.6774587035179138,0.9904400110244751,0.3915861248970032,0.6756001710891724,0.9922699928283691
115,3.8452,0.45514580607414246,0.23855142295360565,0.9950563907623291,0.4771186411380768,0.22951002418994904,0.9913046360015869,0.4370659291744232,0.22907564043998718,0.9873418211936951,0.5085002183914185,0.23862750828266144,0.9367458820343018,0.41403883695602417,0.2380012720823288,0.8317816853523254,0.5616677403450012,0.29395976662635803,0.998230516910553,0.3835451304912567,0.2949344217777252,0.9972061514854431,0.6414662003517151,0.3485735356807709,0.9933217167854309,0.3090028762817383,0.3444336950778961,0.9939818978309631,0.7043322920799255,0.30315423011779785,0.9831981062889099,0.24759598076343536,0.30266445875167847,0.9918699264526367,0.5370169878005981,0.44110506772994995,0.9976994395256042,0.42437344789505005,0.4412558674812317,0.9975085258483887,0.5639787316322327,0.566620945930481,0.9962783455848694,0.39956286549568176,0.5660635828971863,0.9965289235115051,0.5761790871620178,0.6777241826057434,0.9904261231422424,0.3912390470504761,0.6748765707015991,0.9921811819076538
116,3.8787,0.45319706201553345,0.240397647023201,0.9956466555595398,0.47404763102531433,0.23080945014953613,0.9927593469619751,0.43529367446899414,0.23110024631023407,0.9877961874008179,0.506399393081665,0.23727503418922424,0.9364466667175293,0.41267165541648865,0.2382817268371582,0.7891301512718201,0.5591368079185486,0.2935311198234558,0.9981809854507446,0.3815966248512268,0.29561614990234375,0.9973105192184448,0.6387951970100403,0.3481106162071228,0.9929550290107727,0.3076024353504181,0.3436066508293152,0.9943015575408936,0.7006098628044128,0.30353686213493347,0.9821922183036804,0.24364961683750153,0.30112844705581665,0.9909143447875977,0.534702718257904,0.44059228897094727,0.9977248311042786,0.42263615131378174,0.44150274991989136,0.9975997805595398,0.5619658827781677,0.5654784440994263,0.9960536956787109,0.3990159034729004,0.5656901597976685,0.996504545211792,0.5777528285980225,0.6769712567329407,0.9895500540733337,0.38982895016670227,0.6759306192398071,0.9918002486228943
117,3.9121,0.4481809437274933,0.2413300722837448,0.9955800175666809,0.46992412209510803,0.23138344287872314,0.9937731623649597,0.4310496151447296,0.23145422339439392,0.9851412773132324,0.5042858123779297,0.23791703581809998,0.951950192451477,0.40982815623283386,0.23833981156349182,0.6891739964485168,0.5575826168060303,0.2935675084590912,0.9981251358985901,0.3791971802711487,0.2955467104911804,0.9973084926605225,0.6362156867980957,0.34826818108558655,0.9927518367767334,0.3044741451740265,0.34235334396362305,0.9945682287216187,0.6999116539955139,0.3015923798084259,0.9818210005760193,0.2399670034646988,0.2988249361515045,0.9904837608337402,0.5339784622192383,0.4426846504211426,0.9976856708526611,0.42010626196861267,0.44371676445007324,0.9976207613945007,0.562149703502655,0.566479504108429,0.9958578944206238,0.3959673047065735,0.567218005657196,0.9964388608932495,0.5774415135383606,0.6770694851875305,0.989006519317627,0.38965436816215515,0.6759281158447266,0.9916885495185852
118,3.9455,0.4422062635421753,0.24175810813903809,0.9955810904502869,0.4635331928730011,0.23182368278503418,0.9944199919700623,0.42575356364250183,0.2321757823228836,0.9825975298881531,0.4995874762535095,0.2380773276090622,0.9609392881393433,0.40605050325393677,0.23914632201194763,0.5897876620292664,0.554564893245697,0.2936710715293884,0.9982025623321533,0.37640461325645447,0.2959827780723572,0.9974098801612854,0.6376549005508423,0.3460180163383484,0.9928820133209229,0.3004976511001587,0.3413175642490387,0.9950839877128601,0.6996473670005798,0.3006860315799713,0.9808942675590515,0.23609265685081482,0.29716113209724426,0.989655613899231,0.5325504541397095,0.4434135854244232,0.9976553916931152,0.41886910796165466,0.44469237327575684,0.9975760579109192,0.5610573887825012,0.5670126676559448,0.99577796459198,0.3936486542224884,0.5680919885635376,0.9963855743408203,0.5777164697647095,0.6772710084915161,0.9889047741889954,0.3884381651878357,0.6765144467353821,0.9916742444038391
119,3.979,0.4350774586200714,0.24201521277427673,0.9954406023025513,0.45768406987190247,0.23168110847473145,0.9938899278640747,0.41872915625572205,0.23199811577796936,0.9781134128570557,0.49643847346305847,0.23769962787628174,0.9569491744041443,0.4002522826194763,0.23856739699840546,0.45515477657318115,0.5509895086288452,0.2929300367832184,0.9979599714279175,0.3747471570968628,0.29510393738746643,0.9973822236061096,0.6310645937919617,0.34889349341392517,0.9926549196243286,0.29934561252593994,0.34153610467910767,0.9954621195793152,0.6973826289176941,0.29968753457069397,0.9819040894508362,0.23541289567947388,0.2982397675514221,0.9906682372093201,0.5306736826896667,0.4436062276363373,0.9975413084030151,0.41602417826652527,0.44462138414382935,0.9975630044937134,0.5602830648422241,0.5675380825996399,0.9958236217498779,0.3931116461753845,0.5677125453948975,0.9964283108711243,0.5779406428337097,0.6774800419807434,0.9894263744354248,0.3885791003704071,0.6760133504867554,0.9920207858085632
120,4.0124,0.42748287320137024,0.2419285774230957,0.9958751797676086,0.45050248503685,0.23202522099018097,0.9951640367507935,0.4138052761554718,0.23170462250709534,0.9723253846168518,0.49354469776153564,0.23771044611930847,0.9658477306365967,0.3981473743915558,0.2369692027568817,0.2580162286758423,0.5479282140731812,0.2930183410644531,0.9980016350746155,0.37047335505485535,0.2946964204311371,0.9973962306976318,0.6318649053573608,0.34739771485328674,0.9931578040122986,0.2953239977359772,0.340669721364975,0.9959139227867126,0.6951617002487183,0.3002716898918152,0.9822204113006592,0.23233339190483093,0.2988308370113373,0.9912068247795105,0.5271927118301392,0.4457944929599762,0.9976697564125061,0.412582665681839,0.4472219944000244,0.9976791739463806,0.5592223405838013,0.5681608319282532,0.9956560134887695,0.39044082164764404,0.5696657299995422,0.9962553977966309,0.5779348015785217,0.6776605248451233,0.9895496368408203,0.3897804617881775,0.6759538054466248,0.9922777414321899
121,4.0459,0.4198283851146698,0.24182729423046112,0.9958063364028931,0.44323378801345825,0.2324065864086151,0.9953497052192688,0.4075489938259125,0.2318434715270996,0.9624750018119812,0.48935893177986145,0.2377271205186844,0.9704605937004089,0.3943937420845032,0.23643942177295685,0.14508377015590668,0.5460880994796753,0.29284796118736267,0.9979519248008728,0.36976251006126404,0.29512542486190796,0.9974197149276733,0.6305440068244934,0.3476516306400299,0.9933276176452637,0.29222196340560913,0.3410925567150116,0.9960653185844421,0.6936467289924622,0.29966336488723755,0.9814077019691467,0.22991244494915009,0.2990555167198181,0.9915185570716858,0.524821400642395,0.44557198882102966,0.9976739287376404,0.40958312153816223,0.446969598531723,0.9978439807891846,0.5591319799423218,0.5690754652023315,0.9955500364303589,0.38751691579818726,0.5702921748161316,0.996542751789093,0.5776929259300232,0.6781867742538452,0.9891230463981628,0.3895397484302521,0.6754668354988098,0.9929627776145935
122,4.0793,0.41391685605049133,0.24223895370960236,0.9959587454795837,0.43775099515914917,0.23275279998779297,0.995487630367279,0.4028341472148895,0.23179635405540466,0.9604434370994568,0.4858947694301605,0.23796239495277405,0.970292866230011,0.39106762409210205,0.23571105301380157,0.11602829396724701,0.5423938632011414,0.29279518127441406,0.9979178309440613,0.3656589984893799,0.29551032185554504,0.9974155426025391,0.6286712288856506,0.347886323928833,0.9936720132827759,0.2895612120628357,0.34137600660324097,0.9962661862373352,0.6905390620231628,0.299358993768692,0.9812384843826294,0.22664093971252441,0.2989616394042969,0.9918960928916931,0.5219746828079224,0.44616737961769104,0.9977267384529114,0.4071197509765625,0.44780057668685913,0.997887909412384,0.5586360692977905,0.569620668888092,0.9955965876579285,0.3863816559314728,0.5707533359527588,0.9965550899505615,0.577338695526123,0.678392767906189,0.9891315698623657,0.38953620195388794,0.6754423379898071,0.9930443167686462
123,4.1127,0.40961959958076477,0.24256572127342224,0.9960099458694458,0.4325866401195526,0.233272984623909,0.9955275654792786,0.3989621102809906,0.23235392570495605,0.9585816860198975,0.48066186904907227,0.23806293308734894,0.971114456653595,0.38812196254730225,0.23601798713207245,0.10664311796426773,0.5389423966407776,0.2927803099155426,0.9979574680328369,0.36195996403694153,0.29542380571365356,0.997505247592926,0.6245392560958862,0.3482827842235565,0.9932125806808472,0.2867496609687805,0.34196919202804565,0.9963539838790894,0.6884753704071045,0.2997540831565857,0.9796930551528931,0.2250303030014038,0.2989020049571991,0.9918042421340942,0.5192621350288391,0.44675254821777344,0.9977620840072632,0.4044785797595978,0.4488984942436218,0.9979251623153687,0.5587226748466492,0.5706740617752075,0.9958394765853882,0.38359689712524414,0.5740571022033691,0.9966493248939514,0.5751774311065674,0.6772932410240173,0.9902999401092529,0.39034876227378845,0.6752167344093323,0.9934351444244385
124,4.1462,0.4073907732963562,0.2425450086593628,0.9960499405860901,0.43100208044052124,0.23327584564685822,0.9954648613929749,0.39713042974472046,0.2319689244031906,0.9581759572029114,0.47926270961761475,0.2383165806531906,0.9697415828704834,0.38647082448005676,0.23530420660972595,0.10473931580781937,0.5356780886650085,0.2926393449306488,0.9980530738830566,0.3588431775569916,0.2948536276817322,0.9976009726524353,0.622194766998291,0.34857624769210815,0.993827760219574,0.2841971814632416,0.34250563383102417,0.9965959191322327,0.684434175491333,0.299492746591568,0.9809431433677673,0.22171522676944733,0.29697757959365845,0.9906325340270996,0.5140154361724854,0.44826263189315796,0.9977801442146301,0.4005367159843445,0.4504256844520569,0.9978978633880615,0.5585286617279053,0.5698658227920532,0.995776355266571,0.38188284635543823,0.5742085576057434,0.9966849684715271,0.5718866586685181,0.6724892854690552,0.9903301000595093,0.3904125690460205,0.6741794347763062,0.9934398531913757
125,4.1796,0.40530887246131897,0.24241849780082703,0.9963343143463135,0.43031781911849976,0.233176589012146,0.9959076642990112,0.39443519711494446,0.23175840079784393,0.9618188738822937,0.47936680912971497,0.239365816116333,0.972217321395874,0.3824838399887085,0.23599199950695038,0.1134202629327774,0.5326110124588013,0.29212456941604614,0.9981157779693604,0.35888659954071045,0.2941807210445404,0.9976636171340942,0.6199917793273926,0.3497668504714966,0.9938514232635498,0.2820979654788971,0.34259599447250366,0.9965168237686157,0.6817734837532043,0.2987496256828308,0.9813171625137329,0.2209228128194809,0.29743680357933044,0.9902786612510681,0.5116695761680603,0.44580477476119995,0.9979598522186279,0.3998701274394989,0.4473370611667633,0.9979898929595947,0.5586329102516174,0.5726139545440674,0.996248185634613,0.3807189464569092,0.5743566751480103,0.9968574047088623,0.5648306012153625,0.6710360646247864,0.9907699227333069,0.3902062177658081,0.6744346618652344,0.9932302236557007
126,4.213,0.4028227925300598,0.24234214425086975,0.9961722493171692,0.4275926351547241,0.23318743705749512,0.9953280687332153,0.3923552930355072,0.2316361665725708,0.9618476629257202,0.4765343964099884,0.23903217911720276,0.9658763408660889,0.3806923031806946,0.23533423244953156,0.11384428292512894,0.5319308042526245,0.2919842600822449,0.9980584979057312,0.35617005825042725,0.29333943128585815,0.9975005984306335,0.6191908717155457,0.35010847449302673,0.9942662119865417,0.2818406820297241,0.3424855172634125,0.9963744282722473,0.6792012453079224,0.2990418076515198,0.9826348423957825,0.21958580613136292,0.29773902893066406,0.990243136882782,0.5125852227210999,0.4438757300376892,0.9979787468910217,0.39965057373046875,0.44504040479660034,0.9979281425476074,0.5532236099243164,0.5681787729263306,0.9962595701217651,0.3797733187675476,0.5704578161239624,0.996620774269104,0.5529799461364746,0.6695624589920044,0.992003321647644,0.39026588201522827,0.6731604337692261,0.9936384558677673
127,4.2465,0.4018630087375641,0.24202223122119904,0.9961395859718323,0.4263799786567688,0.23273925483226776,0.9953657388687134,0.39127078652381897,0.23132291436195374,0.9618072509765625,0.4759364724159241,0.23802664875984192,0.9660876989364624,0.3796018958091736,0.23468005657196045,0.10979925841093063,0.5322404503822327,0.2914958894252777,0.9979846477508545,0.35521435737609863,0.2928069531917572,0.9975103139877319,0.618228554725647,0.35022249817848206,0.9940770864486694,0.28077906370162964,0.34193262457847595,0.9962195754051208,0.6790406107902527,0.2982482314109802,0.9816775918006897,0.21886755526065826,0.29790806770324707,0.9897268414497375,0.5113525390625,0.4434569478034973,0.997837245464325,0.3981148302555084,0.444315105676651,0.9978673458099365,0.5446379780769348,0.5670811533927917,0.9961841702461243,0.3796534538269043,0.5682592391967773,0.9967072606086731,0.5449978113174438,0.6753276586532593,0.9916348457336426,0.3900352418422699,0.6738172769546509,0.9939666986465454
128,4.2799,0.4015166461467743,0.24149355292320251,0.9959601759910583,0.4257659614086151,0.23222431540489197,0.9955441355705261,0.3910400867462158,0.2309531718492508,0.9599807262420654,0.47608694434165955,0.2374410331249237,0.970481812953949,0.3798433542251587,0.23444882035255432,0.10323014855384827,0.5324129462242126,0.2911056876182556,0.9978398084640503,0.35485365986824036,0.29235270619392395,0.9974204301834106,0.6169830560684204,0.35106414556503296,0.9938633441925049,0.2801459729671478,0.34135985374450684,0.9959877133369446,0.6790715456008911,0.2975400984287262,0.9812049865722656,0.21835795044898987,0.29783326387405396,0.9898011088371277,0.5110208988189697,0.44417324662208557,0.9977750182151794,0.3969259560108185,0.44516295194625854,0.9978380799293518,0.5359050035476685,0.5689502954483032,0.9964171648025513,0.3804244101047516,0.5701216459274292,0.9968355298042297,0.5406479835510254,0.6815520524978638,0.9912439584732056,0.3902251422405243,0.6740356087684631,0.9938904047012329
129,4.3133,0.4022141396999359,0.24138350784778595,0.9960318207740784,0.4266810119152069,0.2321038693189621,0.995608389377594,0.39144566655158997,0.2306949347257614,0.9604557752609253,0.4770929515361786,0.23721608519554138,0.9703406095504761,0.37983351945877075,0.23396258056163788,0.10338117182254791,0.5337600111961365,0.291023313999176,0.997771680355072,0.3547258973121643,0.2921474874019623,0.9974347949028015,0.6172468662261963,0.35135024785995483,0.993415117263794,0.279826283454895,0.3413844704627991,0.9958457350730896,0.6807153224945068,0.2973462641239166,0.9796463847160339,0.2177664041519165,0.29740652441978455,0.9896854162216187,0.510145366191864,0.44840389490127563,0.9975900650024414,0.3954620361328125,0.4488399028778076,0.9977679252624512,0.5277072787284851,0.5736443400382996,0.9959048628807068,0.38111960887908936,0.5723347067832947,0.9966866374015808,0.535331666469574,0.6867976784706116,0.9887288808822632,0.3904118537902832,0.6744343042373657,0.9931946992874146
130,4.3468,0.4041122794151306,0.2418031245470047,0.9960834980010986,0.42879897356033325,0.2323908805847168,0.9950849413871765,0.3929644227027893,0.2307240068912506,0.9636560082435608,0.477899968624115,0.23677405714988708,0.9630126953125,0.3806423544883728,0.23300142586231232,0.12070167064666748,0.535622239112854,0.29119640588760376,0.9978134632110596,0.355740487575531,0.29204750061035156,0.9975034594535828,0.6230465173721313,0.3490743339061737,0.9938406944274902,0.2807411551475525,0.3414042592048645,0.9959213733673096,0.6849555373191833,0.29633188247680664,0.9792563915252686,0.21738643944263458,0.2972187101840973,0.9897221922874451,0.5096874237060547,0.4504595398902893,0.997612476348877,0.3963954448699951,0.4497148096561432,0.9977481961250305,0.521953821182251,0.5780619382858276,0.9960187077522278,0.38214051723480225,0.5728030204772949,0.9966177344322205,0.5290977954864502,0.6908748745918274,0.9884114265441895,0.39068445563316345,0.6756967306137085,0.9929595589637756
131,4.3802,0.407973974943161,0.2417549192905426,0.995681881904602,0.43184563517570496,0.23271159827709198,0.9945963025093079,0.3968179523944855,0.23078139126300812,0.9637216329574585,0.4795413911342621,0.23628655076026917,0.9611225128173828,0.38384881615638733,0.2321411818265915,0.14466336369514465,0.5377312302589417,0.28993895649909973,0.9979574680328369,0.35949045419692993,0.2908996641635895,0.9975791573524475,0.6247689127922058,0.3476089537143707,0.9938024282455444,0.2821487784385681,0.34062060713768005,0.9960071444511414,0.6866565346717834,0.2959677278995514,0.9788959622383118,0.21709954738616943,0.2959470748901367,0.989616870880127,0.5107181668281555,0.44937944412231445,0.9978320002555847,0.3982386589050293,0.44852718710899353,0.99795001745224,0.5206015706062317,0.5767183303833008,0.9960571527481079,0.384754478931427,0.5717668533325195,0.996731162071228,0.5299115777015686,0.6914516687393188,0.9886085987091064,0.39109864830970764,0.6771167516708374,0.9931974411010742
132,4.4137,0.4120083749294281,0.2415899932384491,0.9951117634773254,0.43581148982048035,0.23245222866535187,0.9941515326499939,0.4003511965274811,0.23056122660636902,0.962108314037323,0.4821861982345581,0.23583903908729553,0.9630138874053955,0.3866785764694214,0.23178501427173615,0.16804924607276917,0.5402286052703857,0.28869885206222534,0.9979625940322876,0.3612072765827179,0.28913331031799316,0.9974689483642578,0.6263553500175476,0.3452731966972351,0.9935483336448669,0.28514623641967773,0.33946138620376587,0.9961699843406677,0.6895818710327148,0.29463261365890503,0.97762531042099,0.21754145622253418,0.2946365475654602,0.9899985194206238,0.5123071670532227,0.449951708316803,0.9978116154670715,0.3988502621650696,0.4489944577217102,0.9979277849197388,0.5247246026992798,0.577735185623169,0.9959457516670227,0.3856438398361206,0.5732120275497437,0.9967564940452576,0.5318440198898315,0.6927714943885803,0.9880828261375427,0.39059871435165405,0.6779258251190186,0.9930837154388428
133,4.4471,0.4152625501155853,0.24092495441436768,0.9955167174339294,0.4396348297595978,0.23141738772392273,0.994550883769989,0.4025508463382721,0.22970247268676758,0.9657174348831177,0.4855961203575134,0.23419973254203796,0.9620128870010376,0.3878372311592102,0.23046359419822693,0.17920313775539398,0.5436964631080627,0.28809237480163574,0.9979358911514282,0.362482488155365,0.28761187195777893,0.9975011944770813,0.6292503476142883,0.34425240755081177,0.99327552318573,0.2865697145462036,0.33898308873176575,0.9962199330329895,0.6945561170578003,0.29450613260269165,0.9777297973632812,0.21827606856822968,0.29434269666671753,0.9902132153511047,0.5163705348968506,0.45044049620628357,0.9977754950523376,0.4005187451839447,0.4490000605583191,0.9979310035705566,0.5268582105636597,0.5782347917556763,0.995671272277832,0.387875497341156,0.5733579993247986,0.9966245889663696,0.5313748121261597,0.6928642988204956,0.9875935912132263,0.39070624113082886,0.6782185435295105,0.9928420782089233
134,4.4805,0.4190196692943573,0.239718958735466,0.995501697063446,0.44287407398223877,0.2299390584230423,0.9941942095756531,0.4054492115974426,0.22871291637420654,0.9675411581993103,0.487512469291687,0.23246899247169495,0.9584761261940002,0.3902527987957001,0.2298661172389984,0.20904025435447693,0.545975923538208,0.2864478528499603,0.9980186223983765,0.3640534281730652,0.28674548864364624,0.997498095035553,0.6320258975028992,0.34377965331077576,0.9935196042060852,0.2883095145225525,0.33856719732284546,0.9961696267127991,0.6970725059509277,0.2944414019584656,0.9793014526367188,0.21851880848407745,0.2931956648826599,0.9906250238418579,0.5199254751205444,0.4502691626548767,0.9977585077285767,0.4043315351009369,0.44905486702919006,0.9978352189064026,0.5294227004051208,0.5782411098480225,0.9956420660018921,0.3905752897262573,0.5728716850280762,0.9963445067405701,0.5315839052200317,0.6932082176208496,0.9882184863090515,0.3918963670730591,0.678533673286438,0.9927385449409485
135,4.514,0.4229326546192169,0.23877672851085663,0.9956120252609253,0.4470931887626648,0.22859564423561096,0.9945197701454163,0.40805989503860474,0.22809895873069763,0.9698118567466736,0.49180492758750916,0.23137974739074707,0.9617871046066284,0.39187121391296387,0.2302994728088379,0.23182976245880127,0.5486020445823669,0.28582772612571716,0.9980308413505554,0.36685723066329956,0.2855685353279114,0.9975703358650208,0.6349948644638062,0.3437983989715576,0.9935430288314819,0.28796255588531494,0.3375927805900574,0.9958024621009827,0.7012812495231628,0.29246237874031067,0.9803462028503418,0.21768897771835327,0.29042351245880127,0.9897313714027405,0.5235918164253235,0.44890308380126953,0.9976713061332703,0.40911927819252014,0.44769948720932007,0.9977549910545349,0.5301872491836548,0.578831672668457,0.9957354068756104,0.39323827624320984,0.5728837251663208,0.996277391910553,0.5315735936164856,0.6942104697227478,0.9890120029449463,0.3926280438899994,0.6789819598197937,0.9929453730583191
136,4.5474,0.4281945824623108,0.2377992421388626,0.9955093860626221,0.4515480399131775,0.22789183259010315,0.9939339756965637,0.4131771922111511,0.22710327804088593,0.9713149666786194,0.49464085698127747,0.23022516071796417,0.9525249600410461,0.3953764736652374,0.22868724167346954,0.27431952953338623,0.551800012588501,0.28366661071777344,0.9981430768966675,0.370191365480423,0.28406912088394165,0.9975993037223816,0.6367323994636536,0.3428671360015869,0.9938312768936157,0.29111719131469727,0.33622995018959045,0.9958046078681946,0.7015003561973572,0.29292136430740356,0.9808458685874939,0.21833956241607666,0.289783775806427,0.9896590113639832,0.52678382396698,0.44860023260116577,0.9978775978088379,0.41193974018096924,0.447212278842926,0.9979210495948792,0.5344429016113281,0.5800787210464478,0.9958738684654236,0.39526891708374023,0.5723432302474976,0.996357262134552,0.5316618084907532,0.6943331956863403,0.9898157119750977,0.393998920917511,0.6794204115867615,0.9935310482978821
137,4.5808,0.4334714114665985,0.23708882927894592,0.9956295490264893,0.4575593173503876,0.2267467975616455,0.9941733479499817,0.4179497957229614,0.22555942833423615,0.9766070246696472,0.4992228150367737,0.22904329001903534,0.9512243866920471,0.3987632691860199,0.2266530990600586,0.3525180220603943,0.5557863116264343,0.28177550435066223,0.9980452060699463,0.37527137994766235,0.28204911947250366,0.9975640773773193,0.6391326785087585,0.3410501182079315,0.993557870388031,0.2945064902305603,0.3339112102985382,0.9954683780670166,0.7045198082923889,0.29154732823371887,0.9816204309463501,0.220864936709404,0.2880360186100006,0.9895525574684143,0.5308257341384888,0.4475077986717224,0.9978064894676208,0.41443172097206116,0.4455784857273102,0.9978988170623779,0.5362210273742676,0.5815703272819519,0.9960436820983887,0.3938658833503723,0.5728344321250916,0.9963930249214172,0.5314503908157349,0.6944066882133484,0.9906859993934631,0.3968028128147125,0.6756049990653992,0.9940623641014099
138,4.6143,0.43588849902153015,0.23603034019470215,0.9957538843154907,0.46009448170661926,0.22558560967445374,0.9949853420257568,0.42049163579940796,0.22451098263263702,0.9769726991653442,0.5013397932052612,0.22773543000221252,0.9614871144294739,0.4019678831100464,0.22557254135608673,0.3503028154373169,0.5572887063026428,0.27997684478759766,0.9980467557907104,0.3749988079071045,0.2808435559272766,0.9974600672721863,0.6430029273033142,0.33996254205703735,0.993386447429657,0.2942958474159241,0.33192211389541626,0.9951068162918091,0.706713855266571,0.2900291383266449,0.9810954928398132,0.22250650823116302,0.2863617539405823,0.9895015358924866,0.5322061777114868,0.44564685225486755,0.9978334307670593,0.41490352153778076,0.4448142945766449,0.9979902505874634,0.5371824502944946,0.5792357325553894,0.9961085915565491,0.39096859097480774,0.573567271232605,0.9966729879379272,0.5315772891044617,0.6942766308784485,0.9895436763763428,0.4013250172138214,0.6718398332595825,0.9939675331115723
139,4.6477,0.437456339597702,0.23537173867225647,0.9958471655845642,0.46193957328796387,0.22502832114696503,0.9947858452796936,0.42197662591934204,0.2239714413881302,0.9761379957199097,0.5031256079673767,0.22739095985889435,0.9594939351081848,0.40354087948799133,0.225305438041687,0.3351101875305176,0.5583370923995972,0.2793631851673126,0.9981011748313904,0.3762226402759552,0.28001922369003296,0.9974942207336426,0.6478505730628967,0.338235080242157,0.9936323761940002,0.2950993776321411,0.3317927122116089,0.9955726861953735,0.7102305889129639,0.287629634141922,0.9794657826423645,0.22513268887996674,0.28555989265441895,0.9902305006980896,0.5302311182022095,0.44458121061325073,0.9978780746459961,0.4136642813682556,0.44415897130966187,0.9980734586715698,0.5372629761695862,0.5797821283340454,0.9965774416923523,0.3895567059516907,0.5769632458686829,0.9972041845321655,0.5311815738677979,0.6961051225662231,0.9896680116653442,0.4154260456562042,0.6738413572311401,0.9941937327384949
140,4.6811,0.43933600187301636,0.2344731092453003,0.9958536624908447,0.46338382363319397,0.22404181957244873,0.9947801828384399,0.42338404059410095,0.22330501675605774,0.9787673950195312,0.5040838718414307,0.2266257107257843,0.9575161933898926,0.40410131216049194,0.22518615424633026,0.39921554923057556,0.5591344833374023,0.27854058146476746,0.9981885552406311,0.3736312985420227,0.2787783741950989,0.9974383115768433,0.648308277130127,0.3372418284416199,0.9934698343276978,0.2931545078754425,0.329547643661499,0.9955947995185852,0.7113397121429443,0.28752678632736206,0.9800397157669067,0.22546400129795074,0.2834068834781647,0.9900839328765869,0.5297603011131287,0.4453020691871643,0.9980928301811218,0.41135871410369873,0.44497543573379517,0.9980787038803101,0.5384823083877563,0.580061137676239,0.9965041875839233,0.3987242877483368,0.5770697593688965,0.9969075322151184,0.5316575169563293,0.6961359977722168,0.9905810952186584,0.4195340573787689,0.6845101118087769,0.9936572909355164
141,4.7146,0.4393483102321625,0.23437651991844177,0.9958962202072144,0.46341565251350403,0.22403255105018616,0.9949640035629272,0.423598051071167,0.22316893935203552,0.9783465266227722,0.5041460394859314,0.2265862673521042,0.9601471424102783,0.40454915165901184,0.22485646605491638,0.39080438017845154,0.5576595067977905,0.27795276045799255,0.9982604384422302,0.37298858165740967,0.27873367071151733,0.997454822063446,0.6472166180610657,0.3360774517059326,0.9932324886322021,0.29427120089530945,0.3290092647075653,0.9956634640693665,0.7139802575111389,0.28652554750442505,0.9799057841300964,0.22665581107139587,0.28371673822402954,0.9907205104827881,0.5282679796218872,0.4476023316383362,0.9982810020446777,0.41135385632514954,0.44768255949020386,0.9980656504631042,0.5372359752655029,0.5808899998664856,0.9968298077583313,0.40584662556648254,0.5784764885902405,0.9965420365333557,0.531107485294342,0.6969919204711914,0.9928531050682068,0.4269848167896271,0.6908845901489258,0.9937365055084229
142,4.748,0.4393211305141449,0.23468276858329773,0.9959768652915955,0.4637349843978882,0.22414641082286835,0.9949192404747009,0.4232734143733978,0.22322210669517517,0.9796012043952942,0.5044901371002197,0.22673416137695312,0.957996666431427,0.4039376974105835,0.2248818427324295,0.41192561388015747,0.5584638118743896,0.2777448892593384,0.9982157945632935,0.37292081117630005,0.27834826707839966,0.9973946809768677,0.6479455232620239,0.3360756039619446,0.9934060573577881,0.2943277955055237,0.3288474977016449,0.9957541227340698,0.7165155410766602,0.285674512386322,0.9813286066055298,0.22777853906154633,0.2837492823600769,0.9911264777183533,0.527009129524231,0.4484120309352875,0.9982717037200928,0.40969711542129517,0.44833454489707947,0.9980776309967041,0.5359842777252197,0.5812429189682007,0.9968067407608032,0.4046609699726105,0.5791067481040955,0.996595561504364,0.5307454466819763,0.6978203654289246,0.9927444458007812,0.4270492494106293,0.6916332244873047,0.993738055229187
143,4.7815,0.44010552763938904,0.2339763194322586,0.9959185719490051,0.46492648124694824,0.22352643311023712,0.9946093559265137,0.42428991198539734,0.22215525805950165,0.9805982112884521,0.5050236582756042,0.22650642693042755,0.9518333077430725,0.4040446877479553,0.22360143065452576,0.44272691011428833,0.5586615800857544,0.2771991789340973,0.9982224106788635,0.3724287748336792,0.2769223749637604,0.9973364472389221,0.6496082544326782,0.33620738983154297,0.9936787486076355,0.29398632049560547,0.3284498155117035,0.9957056641578674,0.7171729207038879,0.2852725088596344,0.982093334197998,0.2270817905664444,0.2830114960670471,0.9912236928939819,0.5262386798858643,0.4461269974708557,0.9983320832252502,0.40750354528427124,0.44546014070510864,0.9981424808502197,0.5350317358970642,0.5806520581245422,0.996777355670929,0.40044453740119934,0.5775787234306335,0.9966105818748474,0.5303016304969788,0.6971433162689209,0.9926203489303589,0.421559602022171,0.69035804271698,0.9937717318534851
144,4.8149,0.44237831234931946,0.2331504374742508,0.9956845045089722,0.46705174446105957,0.22210578620433807,0.9944236874580383,0.4258420169353485,0.22106222808361053,0.9823933839797974,0.5067139863967896,0.22549545764923096,0.9548848271369934,0.40501877665519714,0.22338056564331055,0.5204046368598938,0.5615156292915344,0.27641087770462036,0.9982243180274963,0.3730800151824951,0.27638888359069824,0.9972805976867676,0.6508051753044128,0.336434543132782,0.9937060475349426,0.2938261330127716,0.3273298740386963,0.9953539371490479,0.7178143262863159,0.2841896116733551,0.9820556044578552,0.22559748589992523,0.2816024720668793,0.990913987159729,0.5272289514541626,0.4482139050960541,0.9982391595840454,0.40835198760032654,0.4474077820777893,0.9980077147483826,0.5325018167495728,0.5810912251472473,0.9967963099479675,0.4006635546684265,0.5768230557441711,0.9965795874595642,0.5299283266067505,0.6977056860923767,0.9926655888557434,0.4203576445579529,0.6893011927604675,0.9938743710517883
