recv_time_s,boot_ms,ax_g,ay_g,az_g,gx_dps,gy_dps,gz_dps
0.0000,448444,0.01978,0.02197,1.06372,-3.78400,-13.91600,15.99100
0.0188,448454,0.03027,0.03516,1.05273,-4.27200,-14.03800,15.86900
0.0281,448464,0.03003,0.03589,1.06152,-4.02800,-14.22100,16.05200
0.0867,448474,0.03003,0.03467,1.05566,-3.78400,-13.61100,14.64800
0.0867,448484,0.05469,0.04834,1.04761,-4.39500,-14.58700,16.78500
0.0867,448494,0.05420,0.03931,1.02539,-4.63900,-14.70900,16.47900
0.0867,448504,0.03638,0.02344,1.01538,-5.00500,-14.58700,16.47900
0.0867,448514,0.04565,0.03345,1.02563,-4.76100,-14.70900,16.60200
0.0867,448524,0.03418,0.03076,1.02515,-4.33300,-13.85500,16.29600
0.0867,448534,0.03027,0.02368,1.04126,-3.66200,-14.46500,17.09000
0.1027,448544,0.03613,0.02393,1.03442,-3.72300,-14.34300,15.99100
0.1027,448554,0.01733,0.03125,1.02344,-3.17400,-13.73300,16.17400
0.1265,448564,0.04761,0.02563,1.03589,-3.78400,-12.93900,15.56400
0.1357,448574,0.02954,0.03296,1.05762,-3.60100,-13.91600,15.62500
0.1429,448584,0.03369,0.01978,1.06030,-4.08900,-14.03800,16.84600
0.1661,448594,0.04663,0.04053,1.03955,-4.33300,-14.77100,15.80800
0.1676,448604,0.03467,0.02612,1.06421,-3.96700,-14.46500,16.23500
0.1803,448614,0.03052,0.02783,1.04248,-3.96700,-13.85500,16.47900
0.1803,448624,0.03613,0.03149,1.02515,-4.02800,-14.03800,15.62500
0.1936,448634,0.03613,0.01050,1.05884,-4.76100,-14.89300,17.02900
0.2102,448644,0.03394,0.02319,1.05054,-4.45600,-13.67200,15.68600
0.2102,448654,0.02563,0.00928,1.03589,-4.21100,-14.28200,15.80800
0.2269,448664,0.00952,0.02222,1.02783,-3.84500,-14.70900,15.80800
0.2313,448674,0.03931,0.03296,1.02539,-4.27200,-15.01500,16.90700
0.2467,448684,0.02295,0.02026,1.04224,-3.72300,-13.42800,15.50300
0.2677,448694,0.05103,0.04248,1.03540,-3.78400,-14.58700,15.99100
0.2677,448704,0.04761,0.02539,1.02588,-3.60100,-14.46500,16.54100
0.2762,448714,0.04663,0.03149,1.03320,-3.72300,-14.70900,16.17400
0.2879,448724,0.04980,0.03369,1.04639,-3.54000,-13.61100,16.72400
0.2943,448734,0.03589,0.03491,1.06714,-3.60100,-14.16000,16.72400
0.3090,448744,0.03369,0.01929,1.05347,-3.78400,-14.34300,17.27300
0.3110,448754,0.04443,0.02930,1.05396,-4.15000,-14.58700,16.41800
0.3277,448764,0.03784,0.03296,1.05225,-3.84500,-14.16000,16.17400
0.3313,448774,0.03882,0.03711,1.04224,-4.45600,-14.34300,16.29600
0.3443,448784,0.02515,0.02515,1.04688,-4.57800,-13.97700,16.11300
0.3697,448794,0.02417,0.03589,1.03760,-4.63900,-14.64800,16.47900
0.3697,448804,0.02661,0.02783,1.03076,-4.27200,-15.01500,16.78500
0.3770,448814,0.03467,0.03662,1.02002,-4.39500,-14.70900,16.47900
0.3797,448824,0.03271,0.03076,1.02808,-4.08900,-14.77100,16.60200
0.3935,448834,0.03174,0.02661,1.05103,-3.84500,-14.70900,16.84600
0.4101,448844,0.04883,0.02930,1.03271,-3.05200,-14.77100,15.99100
0.4101,448854,0.02637,0.03516,1.03076,-3.41800,-14.09900,15.62500
0.4287,448864,0.03687,0.02002,1.04785,-3.90600,-14.95400,17.27300
0.4325,448874,0.05078,0.03149,1.04736,-3.54000,-14.34300,15.80800
0.4437,448884,0.04321,0.02710,1.05005,-3.78400,-13.85500,16.29600
0.4600,448894,0.03711,0.02832,1.06226,-4.45600,-14.34300,16.35700
0.4600,448904,0.03955,0.03125,1.06128,-4.33300,-14.83200,16.90700
0.4769,448914,0.03076,0.01587,1.06421,-4.08900,-14.58700,16.41800
0.4869,448924,0.02881,0.03955,1.05518,-4.21100,-13.85500,15.56400
0.5030,448934,0.03174,0.01758,1.06787,-4.51700,-14.22100,16.41800
0.5095,448944,0.03345,0.02905,1.03076,-4.27200,-14.46500,15.68600
0.5507,448988,0.03809,0.01929,1.03857,-3.60100,-13.61100,14.89300
0.5507,448989,0.03320,0.02295,1.03979,-3.60100,-14.58700,16.47900
0.5507,448990,0.03320,0.02295,1.03979,-3.60100,-14.58700,16.47900
0.5507,448992,0.03320,0.02295,1.03979,-3.60100,-14.58700,16.47900
0.5639,448994,0.03320,0.02295,1.03979,-3.60100,-14.58700,16.47900
0.5697,449004,0.03223,0.02197,1.04907,-3.54000,-14.28200,15.74700
0.5818,449014,0.03979,0.02759,1.04980,-3.54000,-14.09900,15.74700
0.5894,449024,0.02173,0.02734,1.06030,-3.90600,-14.52600,16.35700
0.6086,449034,0.03711,0.03833,1.05225,-4.21100,-13.36700,16.35700
0.6086,449044,0.03149,0.02075,1.05444,-4.21100,-14.40400,16.47900
0.6119,449054,0.04175,0.00977,1.05981,-3.90600,-13.97700,16.47900
0.6280,449064,0.01953,0.01978,1.05322,-4.15000,-14.58700,16.54100
0.6420,449074,0.04224,0.03784,1.05151,-4.33300,-14.22100,16.11300
0.6518,449084,0.03613,0.02759,1.04443,-4.15000,-14.34300,16.35700
0.6560,449094,0.03564,0.03418,1.04272,-4.15000,-14.46500,16.54100
0.6781,449104,0.03247,0.02393,1.04614,-4.63900,-14.70900,16.72400
0.6781,449114,0.04150,0.02075,1.04639,-4.51700,-14.28200,15.62500
0.6796,449124,0.02466,0.02197,1.05225,-4.21100,-13.91600,16.41800
0.6933,449134,0.02490,0.02930,1.04443,-4.45600,-14.89300,17.63900
0.7069,449144,0.04517,0.03418,1.03613,-3.90600,-15.01500,16.90700
0.7121,449154,0.02783,0.01880,1.02832,-4.21100,-14.77100,16.90700
0.7267,449164,0.02856,0.03003,1.06055,-3.84500,-13.85500,15.86900
0.7384,449174,0.02344,0.02637,1.04517,-3.60100,-13.85500,15.74700
0.7449,449184,0.02466,0.03076,1.02051,-4.02800,-13.85500,16.41800
0.7596,449194,0.03979,0.03125,1.06494,-3.17400,-14.70900,16.23500
0.7772,449204,0.03589,0.03125,1.04956,-3.96700,-14.16000,15.93000
0.7772,449214,0.04395,0.03125,1.04395,-4.21100,-13.97700,15.56400
0.7859,449224,0.03271,0.03247,1.04004,-4.82200,-14.64800,16.29600
0.7960,449234,0.03467,0.02319,1.05469,-4.39500,-14.70900,16.35700
0.8016,449244,0.03442,0.02759,1.03345,-4.27200,-15.13700,16.84600
0.8106,449254,0.04077,0.02051,1.04272,-4.57800,-15.13700,16.17400
0.8313,449264,0.04639,0.01953,1.03491,-3.96700,-15.56400,17.21200
0.8456,449274,0.04102,0.02197,1.04761,-3.66200,-14.22100,16.23500
0.8456,449284,0.03467,0.03613,1.05127,-3.66200,-15.19800,17.02900
0.8572,449294,0.03320,0.02222,1.05688,-3.66200,-15.07600,15.99100
0.8830,449304,0.02393,0.02368,1.04688,-4.76100,-15.13700,16.54100
0.8830,449314,0.03906,0.02612,1.05176,-3.84500,-15.86900,16.66300
0.8830,449324,0.05078,0.01855,1.05835,-3.78400,-14.64800,16.35700
0.8973,449334,0.03613,0.03394,1.05493,-4.08900,-15.32000,16.66300
0.9104,449344,0.03052,0.03931,1.05640,-4.21100,-15.07600,16.23500
0.9146,449354,0.03076,0.03442,1.04834,-4.45600,-14.28200,16.41800
0.9305,449364,0.03735,0.02881,1.03931,-3.66200,-13.67200,15.62500
0.9377,449374,0.02808,0.03027,1.04785,-4.76100,-14.58700,15.93000
0.9543,449384,0.02295,0.03540,1.04468,-3.66200,-13.36700,15.38100
0.9595,449394,0.04565,0.04346,1.04858,-4.08900,-13.18400,15.19800
0.9697,449404,0.03564,0.03174,1.02686,-4.63900,-14.28200,16.29600
0.9776,449414,0.04492,0.02710,1.03833,-3.90600,-14.22100,15.74700
0.9893,449424,0.03882,0.03491,1.03711,-4.02800,-14.64800,16.05200
1.0012,449434,0.04858,0.03784,1.03638,-4.15000,-13.73300,15.80800
1.0111,449444,0.03198,0.01929,1.06274,-4.33300,-15.19800,16.90700
1.0225,449454,0.03589,0.02808,1.04443,-4.21100,-14.46500,16.29600
1.0348,449464,0.03882,0.02246,1.04419,-4.33300,-14.40400,15.99100
1.0395,449474,0.03955,0.02002,1.07251,-3.35700,-14.46500,16.35700
1.0445,449484,0.04395,0.04224,1.06763,-3.96700,-14.03800,16.35700
1.0582,449494,0.02808,0.01562,1.03516,-4.27200,-14.09900,16.60200
1.0595,449504,0.02539,0.02368,1.04785,-4.57800,-13.97700,16.78500
1.0825,449514,0.04370,0.01733,1.03564,-3.60100,-14.28200,15.99100
1.0912,449524,0.02246,0.03125,1.07227,-3.60100,-13.67200,15.68600
1.1004,449534,0.04272,0.04907,1.03979,-5.00500,-13.97700,15.99100
1.1095,449544,0.04175,0.01196,1.05054,-4.15000,-14.22100,16.60200
1.1186,449554,0.03711,0.02075,1.03394,-4.02800,-12.87800,15.62500
1.1274,449564,0.03491,0.03076,1.05200,-4.39500,-13.97700,16.17400
1.1386,449574,0.03223,0.03516,1.03931,-4.39500,-14.46500,16.29600
1.1485,449584,0.03149,0.03418,1.03149,-3.54000,-13.55000,15.74700
1.1601,449594,0.04321,0.01123,1.03540,-4.70000,-13.48900,16.17400
1.1621,449604,0.03516,0.02612,1.03174,-3.90600,-14.16000,16.96800
1.1865,449614,0.02661,0.01514,1.04297,-3.90600,-14.46500,16.47900
1.1865,449624,0.02759,0.03882,1.03833,-4.15000,-14.03800,17.45600
1.1949,449634,0.03394,0.03149,1.04761,-4.15000,-14.52600,16.84600
1.2030,449644,0.02295,0.02026,1.05151,-4.08900,-14.28200,17.33400
1.2115,449654,0.02417,0.02002,1.05054,-4.45600,-14.83200,16.47900
1.2272,449664,0.03345,0.03174,1.03296,-4.21100,-14.16000,16.11300
1.2379,449674,0.03662,0.03027,1.04272,-3.96700,-14.09900,15.68600
1.2425,449684,0.04443,0.02710,1.05737,-3.84500,-14.28200,16.41800
1.2584,449694,0.02686,0.01782,1.04614,-4.15000,-13.73300,15.44200
1.2584,449704,0.03613,0.03613,1.03003,-4.82200,-14.16000,16.90700
1.2745,449714,0.03662,0.04932,1.03882,-4.21100,-14.40400,15.93000
1.2905,449724,0.02808,0.02148,1.03076,-3.41800,-14.34300,15.19800
1.2905,449734,0.03687,0.02026,1.04346,-4.57800,-13.97700,16.11300
1.3065,449744,0.03491,0.01978,1.02832,-4.21100,-13.48900,16.29600
1.3065,449754,0.04468,0.02295,1.02563,-3.72300,-15.01500,16.60200
1.3226,449764,0.03687,0.04321,1.05518,-4.02800,-14.70900,16.05200
1.3384,449774,0.04077,0.02393,1.05078,-3.78400,-14.34300,16.47900
1.3464,449784,0.04639,0.01221,1.05005,-4.39500,-14.34300,16.23500
1.3596,449794,0.04785,0.03027,1.05396,-3.90600,-14.09900,16.05200
1.3698,449804,0.03589,0.03125,1.04956,-4.57800,-13.79400,15.62500
1.3738,449814,0.04980,0.02075,1.04810,-4.08900,-14.52600,15.99100
1.3898,449824,0.03540,0.03516,1.04321,-4.33300,-14.83200,16.23500
1.3898,449834,0.04565,0.03784,1.04736,-4.15000,-13.24500,15.50300
1.4048,449844,0.02026,0.02783,1.04004,-4.45600,-15.01500,17.51700
1.4171,449854,0.04004,0.00928,1.03540,-4.27200,-15.74700,16.96800
1.4171,449864,0.03296,0.02417,1.02246,-4.76100,-15.62500,16.35700
1.4372,449874,0.02148,0.02612,1.04907,-4.08900,-14.70900,15.56400
1.4489,449884,0.03320,0.04004,1.02295,-4.39500,-15.62500,16.29600
1.4584,449894,0.04443,0.02612,1.03638,-3.72300,-15.32000,15.99100
1.4647,449904,0.03979,0.02881,1.03320,-4.63900,-15.44200,16.05200
1.4804,449914,0.03369,0.01196,1.04883,-3.72300,-14.77100,15.74700
1.4965,449924,0.04614,0.01611,1.04761,-4.02800,-15.19800,16.78500
1.4965,449934,0.04224,0.04077,1.04883,-3.35700,-15.68600,16.11300
1.4965,449944,0.04248,0.02393,1.03320,-3.54000,-14.64800,16.17400
1.5125,449954,0.05396,0.03174,1.05347,-3.96700,-14.70900,15.93000
1.5281,449964,0.05151,0.03296,1.04517,-3.84500,-16.54100,16.90700
1.5407,449974,0.03613,0.02808,1.04224,-3.84500,-15.38100,16.90700
1.5446,449984,0.04370,0.03198,1.04736,-3.96700,-15.13700,17.02900
1.5598,449994,0.04443,0.03442,1.05444,-4.33300,-15.38100,16.35700
1.5598,450004,0.02490,0.03931,1.04419,-3.66200,-14.22100,15.25900
1.5758,450014,0.03076,0.02148,1.04736,-4.21100,-14.64800,15.86900
1.5983,450024,0.03296,0.03711,1.05078,-4.27200,-14.46500,15.68600
1.6023,450034,0.03711,0.03540,1.04517,-4.39500,-13.61100,15.86900
1.6078,450044,0.04858,0.04272,1.02881,-4.63900,-15.19800,16.84600
1.6078,450054,0.04297,0.02954,1.04639,-4.33300,-14.03800,15.68600
1.6240,450064,0.03516,0.02344,1.04639,-4.15000,-14.28200,16.05200
1.6323,450074,0.04297,0.03394,1.03882,-4.27200,-13.91600,16.05200
1.6398,450084,0.03638,0.03613,1.04907,-4.63900,-14.28200,16.54100
1.6578,450094,0.04297,0.01660,1.04980,-4.21100,-14.03800,16.35700
1.6679,450104,0.03174,0.01807,1.03979,-4.27200,-13.36700,16.17400
1.6716,450114,0.02075,0.01953,1.02808,-3.96700,-12.87800,16.54100
1.6875,450124,0.04395,0.02173,1.04297,-4.15000,-13.48900,16.17400
1.6875,450134,0.01953,0.01392,1.03833,-4.27200,-14.16000,16.47900
1.7106,450144,0.03516,0.02979,1.03687,-4.02800,-13.67200,16.54100
1.7193,450154,0.03979,0.02075,1.04321,-4.08900,-13.55000,16.60200
1.7193,450164,0.03149,0.03394,1.03760,-4.27200,-13.55000,16.35700
1.7366,450174,0.02319,0.00781,1.05884,-4.57800,-13.18400,15.68600
1.7366,450184,0.03076,0.03271,1.05249,-3.90600,-12.32900,15.19800
1.7513,450194,0.04224,0.02612,1.05200,-4.27200,-12.69500,16.47900
1.7680,450204,0.04053,0.02051,1.05078,-3.96700,-12.32900,16.29600
1.7680,450214,0.03223,0.01538,1.05737,-4.21100,-11.90200,15.99100
1.7989,450224,0.03857,0.02515,1.04077,-4.15000,-13.18400,16.78500
1.7989,450234,0.03857,0.04224,1.05078,-4.33300,-11.71900,16.11300
1.7989,450244,0.03857,0.02661,1.05127,-3.96700,-11.78000,16.23500
1.8148,450254,0.02222,0.03076,1.03442,-3.35700,-12.63400,16.60200
1.8148,450264,0.02222,0.02344,1.04419,-4.15000,-12.81700,17.09000
1.8327,450274,0.01855,0.01392,1.02881,-4.08900,-12.20700,16.47900
1.8467,450284,0.03931,0.04272,1.04590,-3.78400,-12.08500,15.99100
1.8467,450294,0.04663,0.03320,1.03906,-3.60100,-12.02400,15.68600
1.8646,450304,0.03662,0.03223,1.05005,-3.60100,-12.81700,16.54100
1.8646,450314,0.02832,0.02490,1.06177,-3.78400,-12.75600,17.09000
1.8947,450324,0.03052,0.03271,1.05493,-3.84500,-12.75600,16.47900
1.8947,450334,0.04395,0.03076,1.07031,-4.33300,-12.32900,16.54100
1.8947,450344,0.02466,0.03711,1.05835,-4.76100,-12.45100,16.84600
1.9106,450354,0.02515,0.03247,1.05029,-4.76100,-12.69500,16.41800
1.9327,450364,0.01929,0.02710,1.04468,-4.08900,-11.29200,15.99100
1.9327,450374,0.02197,0.03394,1.03076,-3.90600,-12.32900,16.84600
1.9447,450384,0.01929,0.02954,1.03857,-4.27200,-12.39000,16.41800
1.9582,450394,0.02783,0.02148,1.02808,-3.96700,-12.51200,16.78500
1.9582,450404,0.02930,0.02905,1.04321,-3.84500,-13.18400,16.84600
1.9741,450414,0.01318,0.02417,1.04761,-4.21100,-12.87800,15.68600
1.9741,450424,0.04419,0.03149,1.03564,-3.72300,-12.57300,15.62500
2.0040,450434,0.02393,0.02930,1.05273,-3.84500,-13.12300,15.86900
2.0080,450444,0.03076,0.02832,1.04565,-4.39500,-13.42800,16.11300
2.0117,450454,0.02466,0.02905,1.05811,-4.02800,-13.61100,16.35700
2.0330,450464,0.03931,0.02539,1.06909,-4.33300,-13.30600,16.23500
2.0410,450474,0.04565,0.02393,1.06079,-3.54000,-13.67200,16.29600
2.0410,450484,0.01465,0.02466,1.05078,-4.45600,-14.77100,16.78500
2.0523,450494,0.02393,0.02979,1.03516,-4.39500,-13.36700,16.84600
2.0683,450504,0.03516,0.02490,1.04907,-4.39500,-14.77100,16.54100
2.0712,450514,0.01196,0.03467,1.03491,-4.88300,-14.89300,16.84600
2.0841,450524,0.02295,0.02905,1.04370,-4.51700,-15.01500,15.86900
2.0999,450534,0.02930,0.03003,1.04297,-3.78400,-15.01500,15.62500
2.0999,450544,0.01660,0.02417,1.05762,-3.84500,-15.19800,15.44200
2.1161,450554,0.02954,0.04248,1.03076,-4.15000,-15.19800,15.38100
2.1212,450564,0.02808,0.03833,1.03809,-4.21100,-15.99100,16.60200
2.1389,450574,0.02271,0.02661,1.03662,-4.27200,-16.35700,16.11300
2.1480,450584,0.03052,0.02808,1.03979,-4.70000,-16.96800,16.96800
2.1580,450594,0.03076,0.04102,1.03564,-4.39500,-17.21200,17.82200
2.1673,450604,0.02319,0.02490,1.03076,-4.21100,-16.41800,15.32000
2.1771,450614,0.03857,0.02539,1.04663,-3.60100,-16.78500,16.47900
2.1791,450624,0.02832,0.01733,1.05859,-3.66200,-16.54100,15.99100
2.2110,450634,0.03052,0.04785,1.05176,-3.84500,-17.09000,16.66300
2.2110,450644,0.03369,0.02856,1.06104,-4.63900,-17.21200,16.05200
2.2110,450654,0.02563,0.02271,1.02002,-5.00500,-17.57800,16.78500
2.2271,450664,0.03564,0.03247,1.04395,-4.63900,-16.60200,15.86900
2.2333,450674,0.03296,0.03174,1.04761,-4.57800,-17.82200,16.29600
2.2572,450684,0.04150,0.02393,1.04517,-4.51700,-18.00500,16.72400
2.2572,450694,0.04028,0.03052,1.02783,-4.15000,-17.15100,15.74700
2.2675,450704,0.03857,0.02588,1.02417,-3.84500,-17.15100,15.80800
2.2751,450714,0.03076,0.02148,1.02661,-4.45600,-17.21200,15.74700
2.2751,450724,0.03198,0.02979,1.01904,-3.84500,-18.31100,16.78500
2.2983,450734,0.03613,0.03369,1.03638,-3.60100,-18.49400,16.54100
2.3209,450744,0.03687,0.01758,1.04663,-3.96700,-18.98200,16.23500
2.3209,450754,0.04150,0.02539,1.04761,-3.90600,-17.82200,16.29600
2.3226,450764,0.03052,0.02026,1.04248,-3.47900,-18.61600,16.23500
2.3446,450774,0.02979,0.02515,1.06372,-4.45600,-17.63900,16.11300
2.3446,450784,0.03052,0.01978,1.05347,-4.02800,-18.00500,16.05200
2.3541,450794,0.04395,0.01147,1.05322,-4.33300,-18.55500,16.47900
2.3541,450804,0.05127,0.04883,1.03687,-4.70000,-18.49400,15.99100
2.3700,450814,0.04639,0.03491,1.03369,-4.45600,-18.31100,16.17400
2.3859,450824,0.05957,0.03687,1.02026,-4.27200,-17.94400,15.44200
2.3859,450834,0.04858,0.03442,1.02588,-4.39500,-18.06600,16.96800
2.4133,450844,0.05640,0.04102,1.03589,-3.60100,-17.39500,16.72400
2.4173,450854,0.05249,0.03345,1.03882,-4.15000,-18.00500,16.41800
2.4193,450864,0.04932,0.03784,1.02002,-3.54000,-17.70000,15.99100
2.4340,450874,0.05225,0.03906,1.04712,-4.21100,-17.82200,17.15100
2.4485,450884,0.03564,0.02319,1.04053,-4.21100,-17.76100,16.60200
2.4592,450894,0.04712,0.01953,1.05103,-3.47900,-16.23500,15.44200
2.4642,450904,0.05298,0.01904,1.05933,-4.33300,-16.60200,16.29600
2.4642,450914,0.05713,0.03662,1.05469,-4.21100,-16.72400,15.74700
2.4801,450924,0.04907,0.02368,1.04858,-3.84500,-15.99100,16.60200
2.4961,450934,0.05127,0.02930,1.04663,-4.57800,-16.72400,16.54100
2.5432,450944,0.03809,0.03491,1.03882,-4.27200,-15.62500,15.86900
2.5432,450989,0.04688,0.02954,1.02197,-4.08900,-14.64800,15.99100
2.5432,450990,0.04688,0.02954,1.02197,-4.08900,-14.64800,15.99100
2.5432,450992,0.04688,0.02954,1.02197,-4.08900,-14.64800,15.99100
2.5432,450993,0.04688,0.02954,1.02197,-4.08900,-14.64800,15.99100
2.5432,450994,0.06006,0.02588,1.03247,-3.84500,-14.83200,16.17400
2.5671,451004,0.04517,0.02930,1.02759,-3.90600,-15.38100,16.47900
2.5748,451014,0.05444,0.03027,1.04517,-4.02800,-15.13700,16.66300
2.5748,451024,0.05762,0.03198,1.03857,-3.35700,-14.22100,15.93000
2.5909,451034,0.05688,0.02930,1.06104,-3.90600,-13.79400,16.35700
2.6227,451044,0.06201,0.03662,1.04419,-4.39500,-13.24500,16.47900
2.6227,451054,0.06348,0.04541,1.03418,-3.96700,-13.18400,15.86900
2.6227,451064,0.05054,0.04077,1.03394,-3.29600,-13.24500,16.47900
2.6388,451074,0.05029,0.02612,1.05859,-3.54000,-12.20700,16.35700
2.6388,451084,0.04565,0.02588,1.06445,-3.84500,-12.20700,16.11300
2.6587,451094,0.04419,0.02661,1.04102,-4.02800,-11.59700,15.99100
2.6705,451104,0.03369,0.02002,1.05078,-4.33300,-11.96300,16.05200
2.6785,451114,0.03979,0.02368,1.04102,-4.39500,-11.41400,15.74700
2.6863,451124,0.04248,0.02319,1.05786,-3.47900,-11.10800,15.62500
2.6863,451134,0.05542,0.03271,1.02930,-4.33300,-10.80300,16.05200
2.7020,451144,0.06274,0.02466,1.04053,-4.21100,-11.16900,15.74700
2.7179,451154,0.06226,0.03467,1.03955,-4.51700,-10.86400,15.56400
2.7296,451164,0.06177,0.02661,1.01636,-4.08900,-10.80300,15.93000
2.7397,451174,0.04688,0.03760,1.03979,-4.39500,-10.25400,17.02900
2.7516,451184,0.03735,0.03394,1.04956,-4.57800,-10.68100,17.76100
2.7597,451194,0.04102,0.03589,1.04761,-3.41800,-9.09400,15.80800
2.7680,451204,0.04102,0.02197,1.04590,-4.02800,-9.58300,16.41800
2.7735,451214,0.03271,0.02271,1.04175,-4.15000,-8.85000,15.68600
2.7835,451224,0.03442,0.01465,1.05859,-3.60100,-9.46000,15.68600
2.7990,451234,0.03613,0.03442,1.06592,-4.39500,-8.72800,16.29600
2.8095,451244,0.03540,0.02905,1.05737,-3.96700,-8.42300,16.05200
2.8130,451254,0.03638,0.01392,1.04761,-4.27200,-8.72800,16.05200
2.8360,451264,0.05225,0.03174,1.03174,-3.90600,-8.30100,16.41800
2.8382,451274,0.04297,0.03564,1.03442,-4.21100,-8.36200,16.11300
2.8545,451284,0.03491,0.03442,1.03076,-4.27200,-8.72800,16.54100
2.8582,451294,0.05078,0.02295,1.03247,-3.78400,-8.97200,16.96800
2.8679,451304,0.04175,0.02344,1.01855,-3.96700,-7.75100,16.35700
2.8785,451314,0.04004,0.03442,1.03882,-3.47900,-8.17900,15.62500
2.8863,451324,0.03589,0.04126,1.03906,-3.84500,-9.52100,16.47900
2.8998,451334,0.02319,0.02759,1.05786,-3.78400,-9.15500,18.06600
2.9070,451344,0.02393,0.02856,1.04688,-4.21100,-8.97200,16.17400
2.9230,451354,0.02100,0.03662,1.05542,-3.90600,-8.72800,16.23500
2.9230,451364,0.02295,0.03223,1.04932,-3.66200,-8.36200,15.25900
2.9389,451374,0.02368,0.03320,1.05151,-3.90600,-8.30100,15.86900
2.9481,451384,0.02246,0.03589,1.05444,-4.02800,-8.97200,15.38100
2.9555,451394,0.03833,0.04321,1.05347,-4.45600,-8.66700,15.68600
2.9555,451404,0.01343,0.03052,1.04956,-3.66200,-9.27700,15.44200
2.9705,451414,0.03076,0.02832,1.05542,-4.02800,-9.21600,16.17400
2.9857,451424,0.02100,0.01367,1.05713,-4.02800,-9.21600,16.29600
2.9938,451434,0.02197,0.03467,1.04004,-4.63900,-9.21600,16.72400
3.0052,451444,0.01978,0.02808,1.04321,-3.72300,-10.25400,16.35700
3.0360,451454,0.02539,0.02075,1.06128,-4.33300,-10.19300,16.23500
3.0360,451464,0.00537,0.03149,1.03833,-3.78400,-10.68100,16.96800
3.0360,451474,0.01318,0.02368,1.05542,-4.27200,-10.01000,16.78500
3.0491,451484,0.00781,0.02319,1.04639,-4.15000,-10.86400,16.72400
3.0491,451494,0.01978,0.02661,1.04712,-4.02800,-10.68100,16.11300
3.0651,451504,0.01025,0.03638,1.04150,-3.41800,-11.35300,16.84600
3.0651,451514,0.01782,0.03149,1.04370,-3.66200,-10.55900,15.62500
3.0872,451524,-0.00342,0.02759,1.07007,-3.60100,-11.29200,16.41800
3.0971,451534,0.02271,0.03491,1.04761,-4.33300,-11.84100,16.35700
3.0971,451544,0.02515,0.03687,1.03931,-4.27200,-11.41400,15.80800
3.1128,451554,0.02783,0.03418,1.05566,-4.39500,-12.02400,16.05200
3.1363,451564,0.01050,0.03125,1.06641,-4.21100,-11.47500,15.56400
3.1383,451574,0.01172,0.02002,1.04443,-4.15000,-11.23000,15.93000
3.1504,451584,0.00610,0.03369,1.03589,-4.70000,-12.32900,15.86900
3.1564,451594,0.00220,0.03125,1.04810,-4.21100,-12.75600,15.74700
3.1645,451604,0.01904,0.02588,1.04224,-4.15000,-13.30600,15.93000
3.1761,451614,0.00342,0.02197,1.02466,-4.15000,-12.93900,15.99100
3.1761,451624,0.02075,0.02930,1.03442,-4.08900,-13.48900,16.35700
3.2000,451634,0.01270,0.02979,1.05981,-4.08900,-13.61100,15.74700
3.2078,451644,0.00635,0.04321,1.02759,-3.29600,-14.22100,17.27300
3.2091,451654,0.00806,0.02539,1.03711,-4.02800,-14.95400,16.11300
3.2235,451664,0.00293,0.00830,1.06665,-4.15000,-14.95400,15.93000
3.2367,451674,0.00146,0.01270,1.05542,-4.21100,-14.70900,17.57800
3.2395,451684,-0.00415,0.02002,1.04834,-4.21100,-15.56400,15.68600
3.2552,451694,0.00513,0.02734,1.04395,-4.02800,-16.17400,16.90700
3.2552,451704,-0.00098,0.02368,1.04834,-4.21100,-14.83200,14.77100
3.2712,451714,-0.01074,0.02881,1.05322,-4.51700,-16.47900,16.11300
3.2871,451724,0.01172,0.02368,1.04272,-3.66200,-15.93000,15.99100
3.2871,451734,0.01294,0.02612,1.04785,-3.90600,-16.78500,16.05200
3.3030,451744,0.00562,0.04077,1.04956,-4.21100,-17.21200,16.11300
3.3030,451754,0.01099,0.04492,1.04639,-4.15000,-17.15100,16.90700
3.3374,451764,0.00513,0.03296,1.03931,-3.84500,-18.49400,17.39500
3.3374,451774,0.02441,0.02881,1.04712,-4.08900,-18.00500,15.99100
3.3449,451784,0.01709,0.03540,1.04907,-3.84500,-17.76100,16.47900
3.3506,451794,0.02319,0.03589,1.04956,-4.21100,-19.10400,17.33400
3.3703,451804,0.00684,0.02319,1.05176,-4.27200,-18.18800,15.93000
3.3763,451814,0.01636,0.03125,1.04248,-4.33300,-19.22600,16.35700
3.3819,451824,0.00317,0.03149,1.04346,-4.51700,-19.28700,16.23500
3.3978,451834,0.00952,0.02979,1.04395,-3.84500,-19.71400,16.29600
3.4049,451844,0.00806,0.02441,1.06323,-4.70000,-20.75200,17.51700
3.4153,451854,0.01416,0.03003,1.05273,-4.08900,-19.65300,16.84600
3.4379,451864,0.00854,0.01978,1.03613,-4.02800,-19.59200,16.72400
3.4379,451874,0.01318,0.03540,1.04272,-3.84500,-20.50800,16.96800
3.4451,451884,0.01758,0.01489,1.04443,-4.15000,-20.44700,16.72400
3.4609,451894,0.02246,0.02881,1.04663,-4.08900,-20.87400,17.45600
3.4609,451904,0.02612,0.02588,1.05103,-3.96700,-20.75200,16.47900
3.4786,451914,0.00830,0.02295,1.05518,-4.02800,-20.69100,15.93000
3.4786,451924,0.01538,0.01392,1.04736,-4.15000,-20.75200,16.29600
3.4930,451934,0.02148,0.01807,1.05713,-4.08900,-20.32500,16.17400
3.5088,451944,0.01929,0.02466,1.04419,-4.57800,-21.36200,16.54100
3.5088,451954,0.02954,0.02368,1.03296,-4.21100,-21.30100,15.99100
3.5247,451964,0.04541,0.02783,1.03979,-3.72300,-21.05700,16.11300
3.5417,451974,0.03784,0.02710,1.03076,-4.33300,-21.17900,16.05200
3.5417,451984,0.04663,0.03076,1.04639,-4.39500,-21.05700,16.66300
3.5567,451994,0.04541,0.02271,1.04199,-4.21100,-20.93500,16.41800
3.5735,452004,0.03979,0.03345,1.03662,-4.27200,-20.38600,16.54100
3.5802,452014,0.03711,0.03979,1.04272,-4.27200,-20.81300,17.70000
3.5923,452024,0.04272,0.02417,1.06250,-3.41800,-20.38600,16.96800
3.5923,452034,0.01831,0.02441,1.03467,-3.90600,-20.69100,17.51700
3.6138,452044,0.02246,0.03076,1.04639,-4.45600,-20.32500,16.17400
3.6178,452054,0.02856,0.03003,1.04102,-3.54000,-19.53100,16.47900
3.6195,452064,0.03052,0.02124,1.05225,-3.78400,-20.14200,16.35700
3.6388,452074,0.02930,0.02930,1.05151,-3.90600,-20.02000,16.17400
3.6554,452084,0.05054,0.04053,1.04419,-3.78400,-20.14200,15.93000
3.6554,452094,0.05225,0.03979,1.04834,-4.08900,-19.65300,15.32000
3.6690,452104,0.05127,0.03516,1.04980,-4.15000,-19.53100,15.13700
3.6690,452114,0.06592,0.02832,1.04858,-4.57800,-18.61600,15.56400
3.6830,452124,0.05322,0.02759,1.04980,-4.21100,-18.92100,15.62500
3.7059,452134,0.06201,0.02002,1.03174,-4.39500,-18.55500,16.11300
3.7079,452144,0.06226,0.01733,1.04126,-4.57800,-17.88300,15.13700
3.7190,452154,0.05786,0.02539,1.02808,-4.45600,-17.51700,15.74700
3.7190,452164,0.06274,0.02588,1.03564,-4.15000,-16.96800,15.13700
3.7465,452174,0.05884,0.01392,1.03784,-4.39500,-17.57800,17.02900
3.7465,452184,0.05249,0.02246,1.03564,-4.27200,-16.29600,16.23500
3.7465,452194,0.05396,0.01904,1.04590,-4.33300,-15.74700,15.32000
3.7651,452204,0.04224,0.02173,1.03369,-3.78400,-15.74700,16.35700
3.7793,452214,0.04663,0.02344,1.04053,-4.15000,-15.44200,15.32000
3.7793,452224,0.04565,0.03027,1.06592,-3.60100,-14.83200,15.56400
3.7944,452234,0.05859,0.04102,1.04492,-3.96700,-14.28200,15.62500
3.7944,452244,0.06104,0.01611,1.05029,-4.45600,-14.22100,16.54100
3.8103,452254,0.06274,0.02979,1.03296,-4.45600,-14.77100,17.27300
3.8263,452264,0.03687,0.03345,1.03345,-4.39500,-13.97700,16.11300
3.8444,452274,0.03809,0.02148,1.05029,-4.39500,-13.36700,15.62500
3.8444,452284,0.04565,0.02808,1.03931,-3.78400,-13.06200,15.80800
3.8584,452294,0.04272,0.03638,1.02686,-3.66200,-13.00000,15.74700
3.8607,452304,0.05737,0.03516,1.03931,-4.27200,-12.45100,16.23500
3.8742,452314,0.06055,0.03955,1.04077,-3.54000,-12.26800,16.11300
3.8902,452324,0.04321,0.02783,1.03857,-3.41800,-11.47500,15.32000
3.8902,452334,0.05249,0.02148,1.05957,-3.90600,-11.23000,16.35700
3.9076,452344,0.05469,0.03711,1.04395,-3.90600,-11.23000,16.60200
3.9076,452354,0.06543,0.03198,1.05469,-3.96700,-10.07100,16.29600
3.9219,452364,0.07422,0.02344,1.03271,-3.84500,-10.98600,15.68600
3.9390,452374,0.05786,0.03809,1.04517,-3.78400,-9.94900,15.74700
3.9462,452384,0.04883,0.03076,1.05420,-3.78400,-9.82700,16.60200
3.9695,452394,0.04102,0.03491,1.04370,-4.45600,-9.58300,15.68600
3.9695,452404,0.03955,0.02002,1.04785,-4.02800,-9.82700,15.99100
3.9695,452414,0.04736,0.03442,1.03979,-4.15000,-9.03300,15.62500
3.9854,452424,0.04175,0.02734,1.05078,-4.21100,-9.21600,16.17400
3.9854,452434,0.03760,0.01855,1.04761,-4.88300,-9.27700,16.54100
4.0019,452444,0.03076,0.01221,1.05298,-4.33300,-8.54500,16.05200
4.0181,452454,0.03052,0.02271,1.03589,-4.08900,-8.66700,16.29600
4.0181,452464,0.03223,0.04297,1.04321,-4.27200,-8.85000,15.86900
4.0321,452474,0.03931,0.02124,1.04321,-3.78400,-8.78900,16.11300
4.0481,452484,0.04004,0.02710,1.03076,-4.02800,-8.78900,15.93000
4.0481,452494,0.03076,0.03564,1.04150,-3.66200,-8.11800,15.93000
4.0638,452504,0.03979,0.02612,1.05249,-3.72300,-8.24000,16.17400
4.0798,452514,0.03760,0.02661,1.04077,-3.96700,-8.91100,17.09000
4.0798,452524,0.02979,0.02979,1.05151,-3.90600,-7.44600,15.44200
4.0957,452534,0.03638,0.04199,1.03857,-4.08900,-9.09400,15.80800
4.0957,452544,0.02075,0.03296,1.05225,-4.27200,-9.27700,16.66300
4.1115,452554,0.02661,0.02856,1.04663,-4.63900,-9.64400,16.54100
4.1274,452564,0.04126,0.02197,1.05664,-4.21100,-9.52100,16.23500
4.1390,452574,0.03711,0.02661,1.04736,-3.90600,-10.19300,16.96800
4.1645,452584,0.02905,0.03369,1.04858,-4.33300,-9.64400,15.99100
4.1665,452594,0.02051,0.02588,1.04370,-3.96700,-9.70500,16.11300
4.1665,452604,0.02271,0.01831,1.05078,-4.33300,-10.13200,16.11300
4.1820,452614,0.01562,0.02808,1.05273,-4.45600,-11.71900,17.09000
4.1862,452624,0.03296,0.02588,1.04053,-4.21100,-11.65800,17.21200
4.1919,452634,0.02197,0.04175,1.04517,-4.51700,-12.08500,16.66300
4.2063,452644,0.01538,0.03857,1.06104,-3.66200,-11.71900,15.80800
4.2063,452654,0.01172,0.02832,1.05225,-3.96700,-11.47500,16.78500
4.2224,452664,0.00732,0.01270,1.05542,-4.27200,-12.93900,16.84600
4.2383,452674,0.01074,0.01807,1.03613,-4.33300,-12.81700,16.41800
4.2540,452684,0.01392,0.02319,1.04590,-3.72300,-13.24500,15.32000
4.2540,452694,0.02368,0.03833,1.04712,-4.02800,-13.06200,15.50300
4.2540,452704,0.01562,0.03442,1.03882,-4.21100,-13.06200,15.99100
4.2698,452714,0.01929,0.03271,1.05225,-4.08900,-13.91600,16.66300
4.2857,452724,0.01929,0.03149,1.04175,-4.08900,-14.52600,15.74700
4.2857,452734,0.02686,0.02490,1.03540,-3.90600,-14.28200,15.68600
4.3014,452744,0.04492,0.03076,1.04321,-4.08900,-14.77100,15.99100
4.3171,452754,0.02319,0.02197,1.03247,-3.41800,-15.38100,16.41800
4.3171,452764,0.03052,0.03418,1.04150,-3.90600,-16.54100,16.17400
4.3391,452774,0.02319,0.02832,1.03564,-3.72300,-16.47900,17.09000
4.3488,452784,0.01733,0.03711,1.03931,-3.60100,-17.33400,17.02900
4.3647,452794,0.01904,0.02808,1.03955,-3.90600,-17.76100,16.84600
4.3647,452804,0.02124,0.02979,1.02124,-4.02800,-17.76100,16.54100
4.3647,452814,0.01440,0.04102,1.05908,-3.90600,-18.00500,15.62500
4.3806,452824,0.01123,0.01025,1.05640,-4.21100,-18.49400,16.78500
4.3965,452834,0.01929,0.03369,1.05054,-4.21100,-18.43300,16.78500
4.4121,452844,0.03003,0.03076,1.04736,-3.66200,-19.71400,16.23500
4.4121,452854,0.02588,0.01733,1.05762,-4.33300,-20.20300,16.11300
4.4280,452864,0.02710,0.02490,1.06616,-4.33300,-19.34800,16.11300
4.4280,452874,0.03955,0.03027,1.05371,-3.84500,-21.05700,16.90700
4.4439,452884,0.04321,0.03149,1.03516,-4.27200,-20.44700,16.72400
4.4617,452894,0.02783,0.02271,1.04272,-4.27200,-20.50800,15.74700
4.4645,452904,0.04321,0.02759,1.03491,-4.08900,-20.69100,15.68600
4.4756,452914,0.02563,0.01685,1.04541,-4.33300,-21.24000,15.93000
4.4914,452924,0.02686,0.03394,1.05151,-4.15000,-20.50800,15.62500
4.4914,452934,0.02710,0.02124,1.04663,-3.60100,-20.93500,16.11300
4.5074,452944,0.02539,0.03955,1.03711,-3.60100,-20.87400,16.35700
4.5548,452989,0.04517,0.03540,1.06152,-4.82200,-21.11800,15.86900
4.5548,452991,0.04517,0.03540,1.06152,-4.82200,-21.11800,15.86900
4.5548,452992,0.04517,0.03540,1.06152,-4.82200,-21.11800,15.86900
4.5548,452994,0.05371,0.02002,1.05054,-3.96700,-20.81300,15.19800
4.5548,452995,0.05371,0.02002,1.05054,-3.96700,-20.81300,15.19800
4.5548,453004,0.06177,0.02515,1.05127,-4.15000,-20.69100,16.54100
4.5708,453014,0.04907,0.05176,1.03955,-4.02800,-22.15600,17.27300
4.5867,453024,0.05151,0.03394,1.04834,-4.88300,-21.60600,16.35700
4.5867,453034,0.05103,0.03882,1.05615,-4.70000,-21.05700,15.86900
4.6028,453044,0.04175,0.03198,1.03540,-4.39500,-20.38600,15.50300
4.6186,453054,0.05811,0.03369,1.02832,-4.15000,-20.87400,15.99100
4.6186,453064,0.06030,0.02734,1.03296,-4.21100,-19.40900,15.62500
4.6345,453074,0.05566,0.03687,1.02319,-3.54000,-19.28700,16.41800
4.6401,453084,0.04712,0.02490,1.04102,-3.96700,-19.59200,16.35700
4.6669,453094,0.06909,0.02637,1.05151,-4.15000,-18.55500,15.93000
4.6669,453104,0.06689,0.03735,1.04785,-3.90600,-19.34800,16.54100
4.6819,453114,0.06104,0.02173,1.05298,-4.08900,-18.67700,16.84600
4.6819,453124,0.07153,0.02930,1.04834,-4.45600,-18.73800,16.17400
4.6978,453134,0.04565,0.02930,1.03979,-4.39500,-18.25000,17.27300
4.6978,453144,0.05371,0.02588,1.04126,-4.27200,-17.02900,16.41800
4.7136,453154,0.07349,0.04932,1.04956,-4.27200,-16.72400,16.72400
4.8259,453164,0.04688,0.01733,1.04175,-4.08900,-15.86900,15.74700
4.8259,453174,0.05713,0.01953,1.03320,-4.27200,-16.41800,16.11300
4.8259,453184,0.05640,0.02319,1.04639,-4.70000,-15.07600,16.78500
4.8259,453194,0.05469,0.03394,1.04199,-3.84500,-14.46500,15.38100
4.8259,453204,0.07104,0.03564,1.02246,-4.33300,-14.89300,16.84600
4.8259,453214,0.07739,0.02539,1.04102,-3.72300,-13.67200,15.93000
4.8259,453224,0.07153,0.04272,1.04150,-4.27200,-13.12300,16.23500
4.8259,453234,0.07031,0.03052,1.05127,-3.66200,-13.24500,16.23500
4.8259,453244,0.06738,0.04272,1.04346,-2.99100,-12.81700,16.84600
4.8259,453254,0.06006,0.02417,1.05640,-3.84500,-11.96300,16.05200
4.8259,453264,0.05298,0.03271,1.04272,-4.33300,-12.02400,16.66300
4.8259,453274,0.05762,0.03613,1.04614,-4.02800,-11.84100,16.78500
4.8416,453284,0.05884,0.03662,1.05249,-3.60100,-10.49800,16.54100
4.8731,453294,0.05273,0.02393,1.05371,-4.45600,-9.88800,15.74700
4.8731,453304,0.05396,0.02979,1.04663,-3.96700,-9.70500,16.23500
4.8731,453314,0.05737,0.03735,1.03882,-4.39500,-8.85000,16.11300
4.8890,453324,0.06787,0.01807,1.04077,-3.72300,-8.36200,15.50300
4.9048,453334,0.06152,0.02954,1.05005,-4.15000,-8.91100,16.35700
4.9048,453344,0.05078,0.02881,1.03149,-4.33300,-8.42300,15.80800
4.9048,453354,0.04297,0.02271,1.04053,-3.78400,-8.42300,16.29600
4.9207,453364,0.04004,0.03223,1.04028,-4.15000,-8.48400,16.35700
4.9367,453374,0.06055,0.02466,1.03516,-4.51700,-8.48400,16.47900
4.9409,453384,0.04199,0.03076,1.04932,-3.54000,-8.17900,15.99100
4.9524,453394,0.04419,0.02710,1.03662,-3.90600,-7.38500,16.17400
4.9678,453404,0.03564,0.02686,1.04370,-4.02800,-7.93500,16.17400
4.9678,453414,0.04639,0.03198,1.03149,-3.66200,-7.50700,15.93000
4.9881,453424,0.03809,0.02783,1.05396,-3.96700,-7.20200,15.50300
5.0067,453434,0.04810,0.01587,1.05786,-4.39500,-6.83600,15.93000
5.0067,453444,0.03955,0.02661,1.05322,-3.72300,-7.32400,17.02900
5.0158,453454,0.04468,0.03784,1.03735,-4.51700,-6.89700,16.05200
5.0158,453464,0.02466,0.03052,1.05322,-4.27200,-7.50700,16.72400
5.0320,453474,0.03809,0.02563,1.04980,-4.51700,-7.38500,16.41800
5.0480,453484,0.03906,0.03271,1.04468,-3.96700,-7.14100,15.56400
5.0480,453494,0.01538,0.02100,1.05005,-3.90600,-7.20200,15.74700
5.0640,453504,0.03296,0.03076,1.03052,-3.78400,-7.14100,15.99100
5.0796,453514,0.01538,0.02856,1.03198,-4.15000,-7.69000,15.32000
5.0796,453524,0.02075,0.02759,1.04395,-4.08900,-8.11800,16.23500
5.1105,453534,0.02563,0.02051,1.04370,-3.78400,-8.60600,16.23500
5.1105,453544,0.03467,0.03125,1.04053,-3.78400,-7.62900,15.56400
5.1183,453554,0.02954,0.03076,1.05688,-3.66200,-8.72800,16.54100
5.1302,453564,0.02808,0.04370,1.05054,-3.90600,-8.97200,16.41800
5.1475,453574,0.02563,0.02197,1.04541,-3.84500,-8.24000,16.17400
5.1485,453584,0.03247,0.02026,1.03076,-3.90600,-9.03300,15.62500
5.1574,453594,0.02393,0.01685,1.04541,-4.15000,-9.15500,15.56400
5.1739,453604,0.02905,0.03467,1.03345,-4.39500,-9.58300,16.96800
5.1739,453614,0.02295,0.02563,1.05322,-4.45600,-9.03300,15.50300
5.1739,453624,0.02979,0.03003,1.03442,-4.02800,-10.25400,16.60200
5.1887,453634,0.01001,0.03296,1.03613,-4.27200,-10.37600,16.78500
5.2048,453644,0.02612,0.02905,1.03662,-4.15000,-10.62000,16.05200
5.2048,453654,0.02124,0.03809,1.04785,-3.54000,-10.49800,15.19800
5.2221,453664,0.00928,0.03076,1.03516,-4.70000,-11.65800,16.05200
5.2372,453674,0.00952,0.02759,1.04956,-3.66200,-12.57300,17.09000
5.2417,453684,0.00659,0.02295,1.04785,-3.84500,-11.96300,15.93000
5.2524,453694,0.01465,0.01978,1.04736,-3.35700,-12.45100,16.78500
5.2683,453704,0.00684,0.03076,1.04614,-3.78400,-12.87800,16.96800
5.2856,453714,0.00415,0.02661,1.05566,-3.41800,-12.63400,15.86900
5.2856,453724,0.01147,0.02734,1.05542,-3.96700,-13.00000,16.41800
5.3002,453734,0.01660,0.04736,1.04980,-3.78400,-12.69500,15.13700
5.3023,453744,0.01001,0.04004,1.05054,-3.66200,-13.18400,15.19800
5.3326,453754,0.02783,0.04224,1.05054,-4.27200,-14.28200,15.62500
5.3326,453764,0.00391,0.03076,1.06519,-4.27200,-13.61100,16.17400
5.3461,453774,0.02148,0.01953,1.04883,-4.82200,-15.19800,16.66300
5.4119,453784,0.01514,0.01733,1.04492,-5.00500,-16.23500,16.72400
5.4119,453794,0.01953,0.01904,1.03491,-4.51700,-16.29600,16.84600
5.4119,453804,0.01758,0.03174,1.03076,-4.15000,-15.13700,15.93000
5.4119,453814,0.01978,0.02539,1.02393,-3.96700,-16.05200,17.09000
5.4119,453824,0.00684,0.02271,1.03296,-3.90600,-16.96800,16.78500
5.4119,453834,0.01978,0.02759,1.03931,-4.27200,-17.21200,16.35700
5.4119,453844,0.01904,0.04028,1.03027,-3.41800,-15.74700,15.25900
5.4119,453854,0.01465,0.02954,1.04785,-3.60100,-16.78500,16.66300
5.4278,453864,0.02222,0.02515,1.04980,-3.29600,-16.90700,16.35700
5.4278,453874,0.01245,0.02832,1.07129,-3.84500,-16.90700,14.83200
5.4437,453884,0.01929,0.02393,1.05542,-4.15000,-17.39500,15.62500
5.4437,453894,0.01953,0.03369,1.06787,-4.57800,-18.00500,15.93000
5.4682,453904,0.00439,0.03223,1.05713,-4.39500,-18.31100,15.74700
5.4912,453914,0.01270,0.03833,1.04663,-4.33300,-18.25000,16.05200
5.4912,453924,0.02856,0.02026,1.05225,-4.21100,-17.88300,15.62500
5.4912,453934,0.00439,0.02197,1.05005,-4.39500,-19.10400,16.05200
5.5071,453944,0.02002,0.04053,1.03735,-4.45600,-19.04300,16.96800
5.5071,453954,0.02856,0.03711,1.03198,-4.21100,-18.86000,16.54100
5.5230,453964,0.04199,0.02637,1.02124,-4.02800,-19.40900,16.41800
5.5387,453974,0.01343,0.02808,1.03589,-3.84500,-19.34800,17.09000
5.5430,453984,0.02148,0.03882,1.03662,-3.84500,-19.77500,15.93000
5.5545,453994,0.02637,0.03516,1.04932,-4.45600,-20.63000,17.63900
5.5705,454004,0.02002,0.02686,1.03857,-3.96700,-20.26400,16.84600
5.6028,454014,0.03198,0.02710,1.03467,-3.72300,-19.77500,17.15100
5.6028,454024,0.02051,0.02539,1.05225,-3.90600,-19.53100,16.17400
5.6028,454034,0.04102,0.03809,1.05054,-4.02800,-19.95800,17.15100
5.6181,454044,0.02417,0.02661,1.05737,-3.66200,-19.47000,16.23500
5.6181,454054,0.03418,0.02197,1.04663,-4.27200,-19.71400,16.72400
5.6208,454064,0.02319,0.03052,1.04663,-4.39500,-19.71400,16.05200
5.6338,454074,0.03271,0.02734,1.04565,-4.76100,-19.59200,16.60200
5.6498,454084,0.03369,0.02710,1.04492,-4.21100,-19.53100,16.17400
5.6498,454094,0.04321,0.02661,1.03491,-4.51700,-20.50800,16.54100
5.6658,454104,0.03467,0.02417,1.03857,-4.51700,-19.16500,15.93000
5.6819,454114,0.04932,0.03271,1.03857,-3.96700,-18.61600,15.56400
5.7138,454124,0.05176,0.03052,1.04053,-4.02800,-19.40900,16.29600
5.7138,454134,0.05200,0.02539,1.04272,-4.02800,-18.73800,15.01500
5.7138,454144,0.04248,0.02710,1.04565,-4.27200,-19.53100,16.54100
5.7138,454154,0.03857,0.01050,1.04370,-3.72300,-18.25000,15.80800
5.7138,454164,0.04126,0.02979,1.05176,-3.60100,-17.63900,15.99100
5.7320,454174,0.04541,0.02563,1.05688,-4.39500,-18.00500,16.47900
5.7461,454184,0.05029,0.04028,1.04199,-4.21100,-18.00500,16.90700
5.7461,454194,0.04175,0.03809,1.06250,-4.33300,-17.33400,16.11300
5.7654,454204,0.03564,0.01562,1.04956,-4.70000,-17.09000,15.62500
5.7787,454214,0.04028,0.04663,1.04053,-4.39500,-16.17400,15.93000
5.7937,454224,0.05322,0.03711,1.03320,-4.27200,-17.15100,16.60200
5.7937,454234,0.04565,0.03345,1.04370,-4.57800,-16.72400,15.80800
5.7937,454244,0.05908,0.02930,1.03906,-4.45600,-15.74700,16.41800
5.8099,454254,0.06030,0.02515,1.02588,-4.27200,-15.68600,15.32000
5.8276,454264,0.05225,0.02466,1.04126,-3.96700,-15.68600,16.11300
5.8415,454274,0.03735,0.02905,1.04077,-4.15000,-15.99100,16.17400
5.8435,454284,0.04907,0.02295,1.03394,-4.08900,-15.62500,16.41800
5.8575,454294,0.04712,0.02344,1.03931,-4.08900,-15.44200,16.41800
5.8575,454304,0.05640,0.02637,1.04321,-3.90600,-15.25900,16.84600
5.8737,454314,0.06079,0.03149,1.04419,-3.78400,-13.61100,15.07600
5.8898,454324,0.05859,0.03052,1.05151,-4.21100,-13.24500,15.56400
5.9087,454334,0.04175,0.03687,1.06128,-4.08900,-14.09900,15.86900
5.9087,454344,0.06055,0.01880,1.05176,-3.96700,-14.22100,16.66300
5.9087,454354,0.04370,0.02954,1.04590,-4.02800,-13.06200,15.32000
5.9215,454364,0.04517,0.02246,1.03296,-4.94400,-13.42800,17.33400
5.9374,454374,0.05737,0.02930,1.03027,-4.15000,-13.06200,16.11300
5.9438,454384,0.05884,0.03149,1.03784,-4.57800,-13.85500,16.90700
5.9532,454394,0.05298,0.01392,1.03589,-4.02800,-12.08500,15.93000
5.9532,454404,0.05200,0.02710,1.02441,-3.84500,-12.93900,16.90700
5.9764,454414,0.03955,0.02661,1.04028,-3.96700,-12.87800,17.09000
5.9854,454424,0.03296,0.02661,1.04443,-3.54000,-12.20700,16.23500
5.9854,454434,0.05200,0.02881,1.04004,-3.66200,-11.53600,16.11300
6.0133,454444,0.04785,0.02710,1.05103,-3.96700,-10.92500,16.17400
6.0174,454454,0.04004,0.02271,1.05078,-4.02800,-11.71900,17.21200
6.0174,454464,0.03027,0.01782,1.04761,-4.15000,-11.10800,16.47900
6.0344,454474,0.04224,0.02319,1.06299,-4.02800,-10.80300,15.68600
6.0440,454484,0.04541,0.03345,1.04736,-3.66200,-10.37600,17.15100
6.0495,454494,0.04614,0.02222,1.04834,-3.47900,-9.88800,15.68600
6.0672,454504,0.04297,0.02490,1.05200,-3.96700,-11.16900,16.29600
6.0713,454514,0.02319,0.01636,1.05908,-3.90600,-9.58300,14.70900
6.0809,454524,0.02539,0.02344,1.06250,-4.57800,-11.29200,16.78500
6.0967,454534,0.04443,0.04639,1.03857,-4.27200,-11.23000,15.80800
6.0967,454544,0.03809,0.03369,1.02319,-4.21100,-10.55900,15.93000
6.1126,454554,0.02661,0.02759,1.05127,-4.39500,-10.80300,16.54100
6.1283,454564,0.04126,0.02124,1.03174,-4.08900,-10.68100,16.60200
6.1283,454574,0.05396,0.02783,1.04224,-3.78400,-10.86400,16.05200
6.1441,454584,0.04858,0.03320,1.03540,-4.27200,-10.25400,16.05200
6.1441,454594,0.03687,0.02588,1.04688,-4.02800,-10.62000,15.62500
6.1601,454604,0.02637,0.02783,1.03540,-3.66200,-10.62000,16.11300
6.1762,454614,0.03662,0.03857,1.04370,-4.33300,-10.55900,16.72400
6.1885,454624,0.03247,0.03076,1.04370,-4.08900,-10.74200,16.05200
6.2081,454634,0.04980,0.03271,1.05054,-4.39500,-11.04700,16.54100
6.2081,454644,0.02222,0.02808,1.05225,-3.96700,-10.07100,16.35700
6.2081,454654,0.02734,0.02905,1.04126,-3.84500,-10.43700,15.38100
6.2241,454664,0.02344,0.02490,1.04517,-4.15000,-12.20700,16.84600
6.2400,454674,0.01929,0.02368,1.04346,-4.63900,-11.78000,17.21200
6.2482,454684,0.00854,0.03394,1.03516,-4.08900,-11.90200,16.35700
6.2557,454694,0.01685,0.03027,1.03735,-4.15000,-12.26800,16.11300
6.2557,454704,0.01294,0.01392,1.03540,-3.66200,-12.51200,16.23500
6.2718,454714,0.03125,0.03882,1.04004,-3.60100,-12.69500,16.05200
6.2876,454724,0.02588,0.02661,1.05469,-4.02800,-12.69500,15.99100
6.3035,454734,0.04785,0.02417,1.05249,-3.54000,-12.39000,15.56400
6.3035,454744,0.03735,0.01855,1.04980,-3.96700,-13.06200,15.99100
6.3194,454754,0.03711,0.03394,1.05664,-3.78400,-12.39000,14.70900
6.3194,454764,0.04492,0.02979,1.05273,-4.39500,-13.36700,16.72400
6.3353,454774,0.04736,0.03320,1.05273,-5.12700,-13.61100,16.54100
6.3466,454784,0.03442,0.02905,1.04468,-4.70000,-13.55000,16.29600
6.3512,454794,0.03491,0.03345,1.04175,-4.45600,-13.30600,16.17400
6.3671,454804,0.02515,0.01685,1.04883,-4.70000,-13.67200,16.41800
6.3671,454814,0.04590,0.02979,1.01440,-4.27200,-12.81700,16.78500
6.3830,454824,0.02246,0.03320,1.02319,-4.21100,-12.26800,16.35700
6.4065,454834,0.02197,0.03296,1.02271,-4.39500,-13.91600,17.21200
6.4065,454844,0.02051,0.03979,1.05054,-3.84500,-14.22100,16.35700
6.4146,454854,0.01831,0.03003,1.04590,-3.84500,-12.93900,15.80800
6.4146,454864,0.01978,0.02612,1.03809,-3.78400,-13.97700,16.23500
6.4463,454874,0.01929,0.02832,1.04614,-4.27200,-13.97700,15.93000
6.4463,454884,0.01709,0.02563,1.04248,-3.78400,-14.40400,16.23500
6.4463,454894,0.03369,0.02637,1.05249,-4.21100,-15.62500,16.54100
6.4619,454904,0.02246,0.03174,1.02197,-3.84500,-16.23500,16.60200
6.4804,454914,0.01733,0.02222,1.02686,-4.33300,-16.05200,16.90700
6.4804,454924,0.01221,0.02124,1.03247,-4.02800,-15.32000,16.17400
6.4934,454934,0.02783,0.02515,1.04688,-4.02800,-15.38100,15.62500
6.5350,454944,0.02661,0.03613,1.03174,-3.96700,-16.35700,16.29600
6.5550,454990,0.04712,0.02588,1.04956,-3.96700,-17.02900,16.05200
6.5550,454992,0.04712,0.02588,1.04956,-3.96700,-17.02900,16.05200
6.5567,454993,0.04688,0.03345,1.06641,-4.39500,-16.78500,15.99100
6.5588,454995,0.04688,0.03345,1.06641,-4.39500,-16.78500,15.99100
6.5588,454996,0.04688,0.03345,1.06641,-4.39500,-16.78500,15.99100
6.5648,455004,0.05493,0.03198,1.05200,-4.57800,-16.72400,16.11300
6.5728,455014,0.06348,0.03418,1.05542,-4.45600,-16.60200,16.54100
6.5889,455024,0.03662,0.01416,1.04590,-4.76100,-17.15100,16.90700
6.5889,455034,0.03418,0.00220,1.04883,-5.00500,-16.60200,16.84600
6.6050,455044,0.03394,0.02856,1.01099,-4.70000,-16.41800,17.82200
6.6050,455054,0.02588,0.02417,1.02246,-4.51700,-16.17400,16.05200
6.6208,455064,0.03833,0.03076,1.02563,-4.02800,-15.86900,16.47900
6.6381,455074,0.01880,0.02515,1.03613,-3.78400,-16.84600,17.39500
6.6451,455084,0.00952,0.03076,1.04346,-3.78400,-17.02900,16.35700
6.6528,455094,0.01343,0.02930,1.04736,-3.78400,-18.00500,17.57800
6.6688,455104,0.00903,0.02515,1.05103,-3.78400,-15.62500,14.77100
6.6722,455114,0.02173,0.03174,1.04395,-3.84500,-17.39500,16.17400
6.6848,455124,0.01489,0.03052,1.05664,-3.96700,-17.15100,15.86900
6.6848,455134,0.02246,0.01880,1.05786,-3.60100,-17.51700,15.74700
6.7168,455144,0.03394,0.03149,1.05103,-4.94400,-17.63900,15.93000
6.7168,455154,0.04980,0.03076,1.03076,-4.21100,-18.12700,16.11300
6.7168,455164,0.04346,0.02271,1.04297,-4.45600,-17.51700,15.99100
6.7327,455174,0.03857,0.02856,1.02295,-4.51700,-17.45600,16.72400
6.7485,455184,0.06006,0.03467,1.02979,-4.39500,-17.45600,16.72400
6.7485,455194,0.05591,0.02563,1.03442,-4.27200,-17.82200,17.02900
6.7645,455204,0.03906,0.01660,1.04077,-4.27200,-17.33400,16.84600
6.7782,455214,0.04346,0.03076,1.02979,-3.78400,-16.23500,16.66300
6.7883,455224,0.04810,0.01685,1.03882,-3.60100,-15.25900,15.62500
6.7960,455234,0.04419,0.01929,1.04541,-3.35700,-14.89300,15.93000
6.8141,455244,0.03882,0.03223,1.05688,-3.23500,-14.64800,15.80800
6.8141,455254,0.04199,0.02368,1.06152,-3.47900,-15.93000,17.21200
6.8276,455264,0.03345,0.02319,1.07593,-3.17400,-15.13700,16.23500
6.8276,455274,0.04126,0.03394,1.08521,-3.84500,-15.38100,16.66300
6.8463,455284,0.04639,0.03491,1.07935,-4.08900,-15.68600,15.62500
6.8463,455294,0.04321,0.03906,1.07593,-4.45600,-15.13700,15.13700
6.8594,455304,0.04395,0.02100,1.06738,-4.82200,-14.83200,14.40400
6.8752,455314,0.03735,0.02832,1.04736,-4.94400,-14.34300,15.80800
6.8752,455324,0.03662,0.01538,1.03491,-5.06600,-15.62500,16.47900
6.8909,455334,0.04150,0.01416,1.00854,-5.37100,-15.93000,17.27300
6.9068,455344,0.05396,0.02734,0.98853,-4.33300,-14.03800,15.19800
6.9227,455354,0.04150,0.02344,1.02051,-3.72300,-13.18400,15.32000
6.9227,455364,0.04297,0.03296,1.01416,-3.17400,-14.16000,16.60200
6.9386,455374,0.04443,0.03027,1.01489,-3.35700,-14.52600,17.21200
6.9464,455384,0.03516,0.03467,1.04199,-2.86900,-14.40400,17.15100
6.9545,455394,0.03638,0.02954,1.06177,-2.99100,-13.97700,16.17400
6.9545,455404,0.02271,0.02466,1.07275,-3.29600,-13.36700,15.62500
6.9703,455414,0.01758,0.03003,1.08618,-3.47900,-13.36700,16.11300
6.9864,455424,0.03271,0.03076,1.06958,-4.21100,-14.58700,16.11300
6.9864,455434,0.03662,0.04028,1.06982,-4.39500,-12.69500,16.23500
7.0223,455444,0.04712,0.02734,1.07153,-4.82200,-13.42800,15.19800
7.0223,455454,0.04614,0.04150,1.04370,-4.88300,-14.09900,15.13700
7.0223,455464,0.05884,0.03345,1.03760,-5.37100,-13.61100,15.80800
7.0343,455474,0.05688,0.03394,1.04346,-5.37100,-14.89300,16.96800
7.0505,455484,0.04932,0.01855,1.03271,-5.06600,-13.24500,16.17400
7.0505,455494,0.06006,0.01782,1.02954,-4.76100,-13.55000,16.11300
7.0725,455504,0.05371,0.02661,1.01416,-4.27200,-13.18400,16.78500
7.0725,455514,0.05151,0.02588,1.01514,-4.02800,-13.55000,17.51700
7.0825,455524,0.05371,0.02515,1.02246,-3.41800,-12.26800,16.72400
7.0985,455534,0.03955,0.02466,1.05078,-3.96700,-13.24500,17.02900
7.0985,455544,0.03784,0.02246,1.05542,-3.11300,-11.71900,15.86900
7.1146,455554,0.02612,0.02637,1.05762,-3.41800,-12.26800,16.60200
7.1146,455564,0.03271,0.02002,1.05420,-3.90600,-11.78000,16.96800
7.1304,455574,0.02686,0.01318,1.06738,-4.27200,-11.41400,15.50300
7.1466,455584,0.02002,0.02466,1.06226,-4.57800,-12.63400,17.27300
7.1466,455594,0.03198,0.01123,1.06714,-4.27200,-12.45100,15.56400
7.1622,455604,0.02075,0.03784,1.04272,-4.70000,-11.53600,15.80800
7.1781,455614,0.04321,0.04102,1.03540,-4.33300,-12.51200,15.68600
7.1802,455624,0.02979,0.04077,1.02905,-4.63900,-12.81700,15.38100
7.1942,455634,0.04858,0.03442,1.05005,-5.18800,-12.57300,15.93000
7.1942,455644,0.03198,0.04736,1.03491,-4.27200,-12.32900,15.74700
7.2260,455654,0.03149,0.03564,1.03564,-4.02800,-13.42800,16.78500
7.2260,455664,0.04175,0.02490,1.02612,-3.54000,-12.26800,15.56400
7.2260,455674,0.03638,0.03809,1.04004,-3.54000,-13.12300,16.35700
7.2467,455684,0.02417,0.03882,1.04468,-3.23500,-12.02400,15.25900
7.2646,455694,0.03394,0.03369,1.06372,-4.02800,-11.90200,15.56400
7.2707,455704,0.04077,0.04565,1.05371,-2.74700,-11.90200,15.07600
7.2782,455714,0.03467,0.03857,1.06079,-4.02800,-12.75600,15.74700
7.2899,455724,0.02222,0.03467,1.05811,-4.51700,-13.06200,17.57800
7.2899,455734,0.01465,0.03198,1.04785,-4.39500,-12.26800,16.17400
7.3061,455744,0.03149,0.01709,1.05713,-4.70000,-12.45100,15.93000
7.3378,455754,0.03564,0.02026,1.05249,-4.63900,-13.36700,17.09000
7.3378,455764,0.03540,0.02905,1.06494,-4.57800,-13.12300,16.23500
7.3378,455774,0.03784,0.03589,1.03467,-4.33300,-12.26800,16.11300
7.3471,455784,0.02124,0.02783,1.05200,-4.45600,-13.00000,16.23500
7.3536,455794,0.03735,0.01660,1.03882,-4.33300,-13.24500,15.74700
7.3536,455804,0.02344,0.01294,1.04395,-4.27200,-13.85500,15.99100
7.3713,455814,0.02832,0.02515,1.02222,-3.90600,-13.42800,16.11300
7.3881,455824,0.03296,0.02808,1.03345,-3.96700,-14.46500,16.41800
7.3984,455834,0.02319,0.02393,1.04053,-4.08900,-15.56400,17.33400
7.4095,455844,0.02612,0.02588,1.03760,-3.78400,-15.62500,17.63900
7.4181,455854,0.04785,0.03345,1.02344,-3.84500,-13.61100,15.44200
7.4325,455864,0.02954,0.02905,1.04639,-4.08900,-13.91600,15.80800
7.4325,455874,0.03003,0.03931,1.05811,-3.84500,-13.97700,16.23500
7.4509,455884,0.02686,0.03247,1.05322,-3.60100,-14.95400,15.19800
7.4629,455894,0.03369,0.03394,1.05688,-4.45600,-14.52600,16.78500
7.4629,455904,0.02563,0.03662,1.05273,-4.45600,-14.95400,16.47900
7.4786,455914,0.02393,0.03125,1.04883,-3.84500,-13.85500,15.25900
7.4873,455924,0.03833,0.02759,1.05273,-4.08900,-13.97700,16.54100
7.4980,455934,0.03345,0.02930,1.04248,-4.70000,-15.01500,16.11300
7.4980,455944,0.03369,0.03735,1.04663,-4.27200,-15.74700,16.96800
7.5110,455954,0.02100,0.03076,1.04224,-4.57800,-15.62500,17.33400
7.5347,455964,0.02759,0.02441,1.03491,-4.27200,-13.79400,15.07600
7.5347,455974,0.01660,0.03467,1.04956,-3.90600,-15.01500,16.05200
7.5498,455984,0.01318,0.04248,1.03271,-3.47900,-15.44200,15.68600
7.5597,455994,0.03345,0.02441,1.05005,-3.72300,-15.62500,15.62500
7.5597,456004,0.02710,0.02783,1.05542,-4.02800,-15.50300,16.41800
7.5746,456014,0.01465,0.03418,1.05151,-4.02800,-15.86900,17.15100
7.5896,456024,0.01953,0.02124,1.06152,-4.08900,-15.13700,16.23500
7.5896,456034,0.02734,0.03516,1.07129,-3.72300,-15.44200,16.17400
7.6077,456044,0.02856,0.03052,1.05566,-4.33300,-14.95400,15.56400
7.6217,456054,0.03345,0.01831,1.03613,-4.51700,-16.35700,16.66300
7.6374,456064,0.03687,0.02783,1.03735,-4.21100,-15.62500,15.44200
7.6374,456074,0.03613,0.01904,1.04517,-4.33300,-16.11300,16.11300
7.6473,456084,0.04126,0.01196,1.03394,-4.39500,-15.80800,15.80800
7.6534,456094,0.03882,0.01929,1.03809,-4.33300,-15.86900,16.60200
7.6691,456104,0.03467,0.02344,1.03735,-4.33300,-15.44200,15.50300
7.6691,456114,0.02563,0.01001,1.05566,-4.02800,-15.74700,16.84600
7.6851,456124,0.04907,0.02637,1.04883,-4.57800,-15.74700,16.78500
7.6851,456134,0.02368,0.01685,1.05908,-3.60100,-15.80800,15.62500
7.7010,456144,0.03979,0.02417,1.05640,-3.72300,-15.68600,16.41800
7.7169,456154,0.03076,0.02148,1.04077,-4.08900,-15.80800,16.35700
7.7356,456164,0.02979,0.03345,1.04492,-4.08900,-15.99100,16.35700
7.7356,456174,0.02734,0.01001,1.05225,-4.21100,-16.11300,15.99100
7.7487,456184,0.03320,0.02759,1.05835,-4.39500,-14.58700,16.11300
7.7487,456194,0.04175,0.02612,1.06030,-3.96700,-15.80800,15.99100
7.7814,456204,0.04419,0.03149,1.04492,-4.21100,-16.11300,16.72400
7.7814,456214,0.03955,0.03809,1.03882,-3.96700,-15.44200,16.11300
7.7814,456224,0.04053,0.03564,1.03442,-4.02800,-14.34300,15.38100
7.7964,456234,0.04395,0.03540,1.04858,-4.27200,-15.25900,15.32000
7.7964,456244,0.02515,0.03076,1.03931,-4.08900,-15.93000,16.41800
7.8146,456254,0.04004,0.04126,1.04810,-3.41800,-14.83200,15.50300
7.8479,456264,0.02686,0.02734,1.05347,-4.15000,-15.32000,15.56400
7.8479,456274,0.03589,0.02783,1.03809,-3.60100,-15.50300,16.11300
7.8479,456284,0.02319,0.02368,1.04199,-3.96700,-15.74700,16.41800
7.8601,456294,0.01929,0.03247,1.05713,-4.02800,-15.86900,17.39500
7.8601,456304,0.03638,0.02026,1.05200,-4.08900,-14.89300,17.02900
7.8761,456314,0.03125,0.04468,1.04150,-5.00500,-15.68600,17.09000
7.8761,456324,0.04932,0.03271,1.05127,-3.96700,-14.64800,17.45600
7.8923,456334,0.04712,0.03564,1.04663,-4.39500,-15.93000,16.96800
7.9087,456344,0.05640,0.01904,1.05591,-4.76100,-14.89300,16.54100
7.9093,456354,0.03540,0.01855,1.04565,-4.63900,-15.50300,16.72400
7.9243,456364,0.03760,0.03247,1.05615,-3.60100,-13.30600,15.44200
7.9404,456374,0.03174,0.03931,1.03125,-4.94400,-14.22100,15.74700
7.9482,456384,0.04712,0.01953,1.04810,-3.84500,-13.85500,15.93000
7.9575,456394,0.04248,0.02759,1.04395,-4.21100,-13.42800,15.38100
7.9575,456404,0.04248,0.03711,1.04028,-3.90600,-14.28200,17.27300
7.9734,456414,0.03149,0.01807,1.03662,-4.33300,-13.85500,17.15100
7.9943,456424,0.03320,0.03052,1.04053,-4.02800,-13.97700,17.27300
7.9943,456434,0.04346,0.02563,1.03491,-3.96700,-13.61100,16.47900
8.0085,456444,0.04272,0.03296,1.06104,-3.96700,-13.91600,17.02900
8.0144,456454,0.03687,0.02930,1.05322,-4.02800,-14.16000,16.35700
8.0194,456464,0.05103,0.02539,1.06030,-3.90600,-12.75600,15.93000
8.0513,456474,0.03687,0.02881,1.06592,-5.18800,-14.34300,16.47900
8.0513,456484,0.04663,0.03882,1.04517,-4.08900,-13.06200,17.02900
8.0513,456494,0.03613,0.03076,1.05298,-5.00500,-14.40400,17.70000
8.0672,456504,0.03491,0.02246,1.05640,-4.08900,-13.06200,15.99100
8.0800,456514,0.03931,0.03857,1.03931,-4.27200,-12.93900,15.80800
8.0862,456524,0.04150,0.02075,1.04126,-4.08900,-12.69500,15.99100
8.1006,456534,0.03345,0.03076,1.04028,-4.08900,-14.40400,16.84600
8.1006,456544,0.04224,0.02661,1.03418,-3.60100,-12.63400,16.11300
8.1151,456554,0.03198,0.04028,1.03906,-3.90600,-12.51200,15.62500
8.1313,456564,0.04150,0.02515,1.04956,-4.21100,-12.87800,16.05200
8.1484,456574,0.02979,0.03149,1.04492,-4.45600,-14.09900,16.35700
8.1484,456584,0.03589,0.02759,1.04761,-4.02800,-13.12300,15.99100
8.1484,456594,0.02515,0.03833,1.04150,-3.84500,-13.12300,16.54100
8.1639,456604,0.04858,0.03271,1.05859,-4.33300,-13.91600,16.35700
8.1797,456614,0.03735,0.02002,1.04590,-5.12700,-13.06200,16.41800
8.1797,456624,0.03638,0.02661,1.06055,-4.15000,-12.26800,15.38100
8.1955,456634,0.03613,0.02563,1.05176,-4.76100,-13.61100,16.66300
8.2174,456644,0.04834,0.02979,1.05566,-3.90600,-12.45100,16.78500
8.2174,456654,0.03760,0.03125,1.04395,-4.21100,-13.06200,16.17400
8.2271,456664,0.04370,0.02441,1.03857,-3.90600,-13.36700,16.41800
8.2491,456674,0.02026,0.02393,1.04736,-4.21100,-12.81700,15.86900
8.2491,456684,0.02319,0.01709,1.04297,-3.96700,-12.63400,15.62500
8.2491,456694,0.03735,0.02612,1.03467,-4.76100,-14.58700,17.45600
8.2586,456704,0.03003,0.03052,1.04028,-4.33300,-13.36700,16.66300
8.2746,456714,0.02832,0.02905,1.05688,-3.72300,-13.36700,17.02900
8.2746,456724,0.02539,0.02954,1.05078,-4.15000,-13.00000,15.44200
8.2912,456734,0.02808,0.03027,1.04053,-3.47900,-13.73300,16.29600
8.3073,456744,0.03003,0.03735,1.04810,-3.84500,-13.48900,16.11300
8.3145,456754,0.03369,0.02881,1.03882,-3.72300,-13.42800,16.84600
8.3230,456764,0.03564,0.03711,1.04297,-4.15000,-14.52600,17.02900
8.3230,456774,0.01416,0.04370,1.05713,-4.82200,-14.52600,17.09000
8.3547,456784,0.03320,0.03149,1.04419,-4.39500,-13.55000,15.93000
8.3547,456794,0.03931,0.02881,1.03955,-4.63900,-13.73300,16.90700
8.3705,456804,0.02710,0.02319,1.03613,-4.02800,-13.79400,16.23500
8.3705,456814,0.03345,0.04810,1.02881,-4.70000,-15.32000,17.02900
8.3864,456824,0.03320,0.02222,1.03809,-3.54000,-13.30600,16.29600
8.3864,456834,0.03223,0.03052,1.05469,-3.29600,-12.87800,15.07600
8.4080,456844,0.02197,0.03198,1.04224,-4.21100,-14.58700,16.84600
8.4181,456854,0.03931,0.02954,1.04297,-3.72300,-13.97700,15.80800
8.4181,456864,0.02637,0.01978,1.04297,-4.33300,-14.89300,16.29600
8.4359,456874,0.03003,0.02637,1.04199,-3.90600,-14.09900,16.05200
8.4547,456884,0.02368,0.03809,1.04932,-4.82200,-15.50300,16.96800
8.4547,456894,0.02539,0.01904,1.04419,-4.15000,-14.64800,16.29600
8.4659,456904,0.02612,0.02588,1.04932,-4.02800,-14.40400,16.90700
8.4659,456914,0.02881,0.02637,1.03906,-3.66200,-14.03800,15.62500
8.4844,456924,0.02319,0.02734,1.05688,-3.96700,-14.46500,15.86900
8.5007,456934,0.03589,0.02539,1.05786,-4.21100,-14.52600,16.96800
8.5007,456944,0.04053,0.02954,1.03442,-4.57800,-14.58700,17.09000
8.5606,456992,0.03931,0.02417,1.03931,-4.15000,-14.28200,16.29600
8.5606,456993,0.04492,0.03247,1.03271,-4.15000,-14.28200,16.29600
8.5606,456994,0.04492,0.03247,1.03271,-4.15000,-14.28200,16.29600
8.5606,456996,0.04492,0.03247,1.03271,-4.15000,-14.28200,16.29600
8.5606,456997,0.04492,0.03247,1.03271,-4.15000,-14.28200,16.29600
8.5606,457004,0.02734,0.02319,1.04077,-3.47900,-13.73300,14.28200
8.5764,457014,0.02930,0.04639,1.03979,-3.96700,-14.40400,16.05200
8.5764,457024,0.03052,0.02075,1.03662,-4.02800,-13.00000,14.46500
8.5923,457034,0.02979,0.02100,1.03760,-3.96700,-15.25900,16.47900
8.6082,457044,0.02148,0.02075,1.05176,-3.84500,-13.61100,15.68600
8.6120,457054,0.02563,0.04590,1.02710,-4.39500,-16.05200,16.66300
8.6242,457064,0.04102,0.03076,1.02271,-4.39500,-15.32000,17.15100
8.6372,457074,0.02710,0.02661,1.04785,-4.88300,-15.56400,17.57800
8.6502,457084,0.03540,0.04224,1.04419,-3.90600,-14.77100,16.54100
8.6720,457094,0.03174,0.04443,1.04004,-3.84500,-13.36700,14.46500
8.6720,457104,0.04907,0.03271,1.03931,-4.02800,-15.50300,16.54100
8.6720,457114,0.03174,0.02832,1.05835,-4.21100,-15.19800,16.11300
8.6881,457124,0.03003,0.02490,1.04175,-4.76100,-15.50300,16.66300
8.6881,457134,0.03198,0.02539,1.03564,-4.27200,-15.19800,16.90700
8.7041,457144,0.02734,0.02637,1.02930,-3.72300,-15.44200,16.47900
8.7041,457154,0.03076,0.02368,1.05225,-4.45600,-15.19800,16.66300
8.7202,457164,0.03906,0.03052,1.03198,-4.08900,-14.83200,16.35700
8.7365,457174,0.02856,0.02637,1.04419,-4.02800,-16.35700,18.00500
8.7365,457184,0.05151,0.04565,1.04639,-4.08900,-15.44200,16.47900
8.7690,457194,0.03857,0.02588,1.04858,-4.39500,-15.25900,16.47900
8.7690,457204,0.05640,0.03540,1.04834,-3.90600,-16.05200,17.51700
8.7690,457214,0.03467,0.02686,1.04468,-4.15000,-15.13700,16.84600
8.7929,457224,0.05420,0.03052,1.04883,-4.15000,-14.64800,15.56400
8.7929,457234,0.03784,0.02686,1.05420,-4.27200,-14.34300,15.62500
8.8008,457244,0.03418,0.02466,1.06323,-4.45600,-14.89300,16.41800
8.8167,457254,0.03223,0.01538,1.04907,-4.33300,-13.97700,15.68600
8.8167,457264,0.03760,0.02783,1.04834,-4.33300,-15.44200,17.02900
8.8328,457274,0.03076,0.03052,1.04199,-4.63900,-14.70900,16.23500
8.8509,457284,0.02344,0.02441,1.04443,-4.33300,-14.83200,17.33400
8.8647,457294,0.04858,0.02441,1.03735,-3.84500,-14.89300,17.02900
8.8647,457304,0.04102,0.01172,1.03735,-4.02800,-14.58700,15.86900
8.8807,457314,0.04272,0.02808,1.03711,-3.72300,-14.52600,16.41800
8.8807,457324,0.04883,0.03589,1.03979,-3.54000,-14.58700,15.56400
8.8964,457334,0.04028,0.03027,1.04175,-3.66200,-14.09900,16.23500
8.8964,457344,0.03296,0.03027,1.04395,-3.72300,-14.64800,17.02900
8.9125,457354,0.03735,0.03052,1.05078,-3.29600,-13.30600,15.74700
8.9286,457364,0.03540,0.02246,1.06763,-4.02800,-14.52600,16.47900
8.9286,457374,0.03174,0.03003,1.05005,-3.47900,-13.61100,15.25900
8.9447,457384,0.03223,0.02661,1.05762,-4.15000,-12.81700,14.83200
8.9606,457394,0.02808,0.03784,1.06030,-4.39500,-12.81700,14.34300
8.9606,457404,0.04492,0.03735,1.05493,-3.66200,-14.40400,15.86900
8.9773,457414,0.04932,0.03638,1.04077,-4.51700,-13.97700,16.23500
8.9773,457424,0.03979,0.02856,1.04956,-4.45600,-14.52600,15.86900
8.9989,457434,0.03882,0.02905,1.03296,-4.02800,-14.34300,16.54100
9.0088,457444,0.05029,0.03589,1.02832,-3.84500,-13.79400,15.56400
9.0141,457454,0.03174,0.02344,1.03076,-3.54000,-13.30600,15.25900
9.0554,457464,0.04150,0.02173,1.02490,-3.66200,-12.51200,14.28200
9.0554,457474,0.04810,0.02832,1.04370,-4.02800,-13.97700,16.60200
9.0554,457484,0.03760,0.04346,1.04517,-3.72300,-14.83200,16.84600
9.1028,457494,0.02637,0.02686,1.05273,-3.35700,-12.75600,15.93000
9.1028,457504,0.02759,0.02588,1.04980,-3.84500,-13.24500,16.35700
9.1028,457514,0.03271,0.02124,1.05078,-3.29600,-12.63400,15.25900
9.1028,457524,0.03467,0.02930,1.04419,-4.15000,-12.57300,15.62500
9.1028,457534,0.02563,0.02197,1.06323,-4.94400,-13.97700,16.84600
9.1028,457544,0.03345,0.01416,1.05176,-3.60100,-13.24500,15.25900
9.1185,457554,0.03906,0.04199,1.02686,-4.33300,-14.22100,15.56400
9.1306,457564,0.03638,0.04126,1.04590,-3.41800,-12.63400,14.95400
9.1344,457574,0.04028,0.03589,1.04663,-4.51700,-15.38100,18.61600
9.1512,457584,0.04102,0.03760,1.03271,-3.72300,-14.16000,16.41800
9.1512,457594,0.03760,0.03296,1.05493,-4.15000,-12.81700,15.80800
9.1711,457604,0.04004,0.02319,1.04834,-3.90600,-13.36700,15.38100
9.1711,457614,0.03735,0.02783,1.04663,-3.54000,-13.42800,16.23500
9.1818,457624,0.04883,0.02905,1.05103,-3.78400,-13.30600,15.93000
9.1978,457634,0.03540,0.01440,1.05420,-3.54000,-11.96300,15.68600
9.1978,457644,0.03003,0.03052,1.04517,-3.66200,-13.42800,16.54100
9.2139,457654,0.03320,0.02661,1.04712,-3.35700,-13.06200,15.44200
9.2139,457664,0.03589,0.01685,1.05664,-3.96700,-13.24500,15.86900
9.2312,457674,0.04028,0.00732,1.04517,-4.39500,-14.83200,17.15100
9.2619,457684,0.03394,0.01904,1.04712,-4.02800,-12.57300,15.25900
9.2635,457694,0.03540,0.04224,1.03857,-3.54000,-14.58700,16.90700
9.2779,457704,0.03369,0.01318,1.05322,-3.96700,-14.89300,17.82200
9.2779,457714,0.02881,0.02490,1.04688,-4.39500,-14.77100,16.96800
9.2938,457724,0.04736,0.05200,1.02661,-4.57800,-14.28200,16.72400
9.2938,457734,0.03027,0.02710,1.04053,-3.84500,-12.69500,14.40400
9.3098,457744,0.03882,0.01538,1.02539,-4.21100,-14.58700,16.41800
9.3098,457754,0.03809,0.02930,1.04175,-4.02800,-13.42800,15.50300
9.3255,457764,0.03296,0.01929,1.04053,-4.51700,-14.34300,16.11300
9.3413,457774,0.03174,0.02759,1.04077,-3.96700,-14.22100,16.41800
9.3476,457784,0.03687,0.03687,1.03687,-3.66200,-13.42800,16.23500
9.3591,457794,0.03760,0.03174,1.05835,-3.66200,-14.16000,16.29600
9.3751,457804,0.03955,0.02466,1.04736,-3.90600,-13.30600,15.86900
9.3751,457814,0.03687,0.01904,1.05640,-4.02800,-14.03800,15.56400
9.3885,457824,0.02271,0.02563,1.05737,-4.15000,-12.26800,15.44200
9.3986,457834,0.01953,0.01807,1.05640,-4.51700,-13.79400,15.99100
9.4084,457844,0.03198,0.02710,1.05469,-4.02800,-13.42800,15.07600
9.4084,457854,0.03052,0.02173,1.04663,-4.57800,-15.44200,17.21200
9.4213,457864,0.03638,0.04175,1.03076,-4.15000,-13.42800,15.13700
9.4364,457874,0.02368,0.01636,1.03638,-4.45600,-14.46500,17.15100
9.4524,457884,0.03540,0.02222,1.03638,-4.27200,-13.55000,15.32000
9.4524,457894,0.03149,0.03979,1.03296,-4.33300,-13.67200,14.52600
9.4682,457904,0.04224,0.03003,1.04321,-4.15000,-14.28200,16.23500
9.4841,457914,0.01294,0.01709,1.04712,-3.35700,-12.63400,14.95400
9.4841,457924,0.04224,0.04785,1.03125,-3.54000,-14.28200,16.29600
9.5001,457934,0.02808,0.03442,1.05054,-3.23500,-13.85500,15.25900
9.5041,457944,0.03638,0.03882,1.05103,-3.60100,-14.52600,17.33400
9.5161,457954,0.03613,0.01685,1.04102,-3.72300,-13.55000,16.41800
9.5161,457964,0.03516,0.03638,1.05737,-4.21100,-15.07600,16.66300
9.5356,457974,0.02734,0.02588,1.05762,-4.57800,-15.25900,16.11300
9.5477,457984,0.02563,0.01855,1.05249,-3.54000,-14.83200,15.86900
9.5529,457994,0.04150,0.02661,1.05298,-4.21100,-14.22100,15.38100
9.5635,458004,0.02466,0.02905,1.05103,-4.45600,-13.55000,15.62500
9.5809,458014,0.02856,0.01489,1.06104,-3.78400,-14.58700,15.74700
9.5809,458024,0.03125,0.03491,1.04297,-3.72300,-14.64800,16.60200
9.5955,458034,0.02832,0.02148,1.04126,-3.90600,-14.09900,15.19800
9.6115,458044,0.04810,0.02539,1.03760,-4.02800,-13.48900,15.07600
9.6115,458054,0.04199,0.03467,1.04053,-3.78400,-13.73300,15.68600
9.6272,458064,0.03320,0.01904,1.04395,-4.51700,-14.46500,15.86900
9.6272,458074,0.05225,0.02515,1.03760,-3.90600,-15.19800,16.90700
9.6442,458084,0.02417,0.01733,1.04590,-4.27200,-14.52600,16.29600
9.6538,458094,0.03735,0.03076,1.04492,-3.96700,-13.67200,15.44200
9.6695,458104,0.02539,0.02319,1.03296,-4.08900,-13.79400,15.80800
9.6907,458114,0.03638,0.02686,1.03491,-3.54000,-12.87800,14.77100
9.6907,458124,0.02905,0.02100,1.03857,-3.90600,-15.19800,17.33400
9.6983,458134,0.02295,0.03760,1.04053,-3.60100,-12.81700,14.64800
9.7113,458144,0.03394,0.02686,1.04883,-3.66200,-14.09900,15.50300
9.7183,458154,0.03223,0.04004,1.04321,-4.27200,-13.85500,16.78500
9.7275,458164,0.04102,0.03076,1.03418,-3.84500,-13.97700,15.74700
9.7358,458174,0.04248,0.03882,1.04224,-4.02800,-14.09900,15.80800
9.7358,458184,0.03052,0.02441,1.04663,-3.60100,-14.89300,15.80800
9.7550,458194,0.02075,0.01807,1.04663,-3.84500,-14.58700,16.35700
9.7695,458204,0.04248,0.03540,1.04004,-3.78400,-13.97700,15.56400
9.7978,458214,0.02515,0.01562,1.04834,-4.45600,-14.77100,16.35700
9.7978,458224,0.04785,0.02100,1.04639,-4.33300,-14.16000,16.66300
9.7978,458234,0.04370,0.02881,1.04663,-3.17400,-13.73300,15.38100
9.7988,458244,0.03540,0.03247,1.04419,-3.35700,-13.24500,15.32000
9.8199,458254,0.03809,0.03613,1.02979,-3.47900,-12.93900,14.83200
9.8312,458264,0.02637,0.02808,1.04346,-3.78400,-14.40400,16.35700
9.8331,458274,0.04932,0.03320,1.04370,-3.60100,-12.69500,15.19800
9.8469,458284,0.04321,0.03687,1.04028,-3.17400,-12.02400,13.91600
9.8539,458294,0.03149,0.02344,1.05249,-4.15000,-13.91600,15.74700
9.8629,458304,0.01831,0.03052,1.05029,-3.96700,-13.18400,15.74700
9.8921,458314,0.03833,0.02295,1.04150,-4.15000,-12.63400,14.70900
9.8921,458324,0.03125,0.03833,1.05444,-4.15000,-13.12300,15.07600
9.8972,458334,0.02979,0.01880,1.04053,-4.63900,-15.19800,17.45600
9.9027,458344,0.03223,0.02881,1.04346,-3.72300,-12.63400,15.50300
9.9235,458354,0.03027,0.04102,1.03711,-3.96700,-14.46500,16.41800
9.9266,458364,0.03687,0.01514,1.04834,-3.60100,-13.91600,16.05200
9.9266,458374,0.03369,0.01636,1.04614,-3.47900,-12.87800,15.32000
9.9424,458384,0.03809,0.03442,1.03003,-3.84500,-13.48900,16.11300
9.9584,458394,0.03296,0.04175,1.04028,-3.66200,-13.67200,15.44200
9.9663,458404,0.03467,0.02051,1.03833,-3.90600,-13.18400,14.89300
9.9740,458414,0.02246,0.01587,1.04834,-4.02800,-13.61100,15.62500
9.9912,458424,0.04443,0.01636,1.04712,-4.57800,-14.40400,16.17400
9.9932,458434,0.04370,0.02734,1.04395,-4.02800,-14.16000,15.80800
10.0081,458444,0.03027,0.02832,1.04443,-3.60100,-13.55000,15.50300
10.0206,458454,0.04688,0.04028,1.03540,-3.60100,-13.55000,15.62500
10.0206,458464,0.04419,0.01758,1.03589,-3.72300,-13.36700,15.68600
10.0366,458474,0.03613,0.02759,1.03516,-4.02800,-14.22100,15.86900
10.0461,458484,0.04346,0.02344,1.04297,-3.60100,-13.36700,15.01500
10.0542,458494,0.03638,0.02026,1.05884,-3.23500,-12.93900,15.01500
10.0704,458504,0.03076,0.02051,1.04175,-3.05200,-11.16900,13.24500
10.0704,458514,0.03906,0.03198,1.04419,-3.90600,-13.79400,15.68600
10.0960,458524,0.02734,0.03174,1.04639,-4.27200,-13.97700,16.72400
10.1001,458534,0.02979,0.02710,1.04761,-4.08900,-11.78000,14.52600
10.1042,458544,0.03882,0.03662,1.03687,-4.08900,-14.64800,18.00500
10.1158,458554,0.03613,0.02148,1.04175,-4.76100,-15.19800,17.51700
10.1158,458564,0.03882,0.03711,1.04590,-4.02800,-14.03800,15.32000
10.1318,458574,0.03076,0.04956,1.03296,-3.66200,-12.26800,14.46500
10.1541,458584,0.02612,0.03735,1.03003,-4.15000,-14.28200,16.29600
10.1633,458594,0.02661,0.03345,1.03589,-3.66200,-12.39000,14.34300
10.1633,458604,0.05225,0.02686,1.04834,-3.84500,-13.91600,15.86900
10.1764,458614,0.04321,0.02466,1.04614,-3.47900,-14.58700,17.27300
10.1943,458624,0.03589,0.03662,1.05591,-4.39500,-15.99100,18.98200
10.1943,458634,0.03442,0.02734,1.04761,-3.96700,-13.79400,15.56400
10.1943,458644,0.03027,0.02637,1.05493,-4.21100,-14.58700,16.84600
10.2103,458654,0.04248,0.03149,1.05493,-4.27200,-14.64800,16.96800
10.2261,458664,0.03369,0.02197,1.04541,-3.96700,-13.85500,16.47900
10.2261,458674,0.04175,0.02344,1.04688,-3.84500,-14.89300,17.94400
10.2541,458684,0.03174,0.02075,1.04712,-3.72300,-13.48900,15.68600
10.2603,458694,0.02417,0.01660,1.04663,-4.57800,-14.83200,17.09000
10.2739,458704,0.04541,0.03882,1.04248,-4.21100,-13.61100,16.23500
10.2739,458714,0.02417,0.02881,1.03149,-3.29600,-12.08500,13.97700
10.2898,458724,0.03369,0.02588,1.04224,-5.00500,-14.70900,16.90700
10.2898,458734,0.03198,0.02246,1.03687,-3.60100,-14.09900,15.74700
10.3058,458744,0.03638,0.01221,1.04614,-4.02800,-13.67200,15.86900
10.3058,458754,0.04199,0.04321,1.03516,-3.60100,-12.45100,14.34300
10.3300,458764,0.03979,0.03638,1.02905,-4.39500,-16.66300,19.04300
10.3376,458774,0.03027,0.02808,1.04785,-3.41800,-12.14600,13.97700
10.3482,458784,0.04419,0.01904,1.03687,-3.47900,-13.42800,15.50300
10.3583,458794,0.04053,0.03198,1.04980,-3.72300,-13.55000,14.89300
10.3671,458804,0.03857,0.03467,1.04468,-4.27200,-15.01500,17.21200
10.3691,458814,0.03882,0.02783,1.06274,-3.84500,-13.97700,14.95400
10.3860,458824,0.03662,0.01636,1.05762,-4.45600,-14.52600,17.39500
10.4010,458834,0.04419,0.03760,1.04785,-4.21100,-14.03800,15.99100
10.4010,458844,0.03711,0.02661,1.03979,-3.96700,-14.58700,16.90700
10.4171,458854,0.03271,0.03149,1.03076,-3.84500,-14.28200,15.62500
10.4171,458864,0.02588,0.02954,1.04614,-4.76100,-15.80800,18.25000
10.4331,458874,0.02954,0.00952,1.04126,-4.45600,-14.28200,16.17400
10.4499,458884,0.03687,0.02148,1.04077,-3.35700,-13.42800,14.83200
10.4544,458894,0.04443,0.03613,1.03564,-3.96700,-14.64800,16.23500
10.4913,458904,0.04858,0.02759,1.04980,-3.29600,-14.28200,16.54100
10.4913,458914,0.03589,0.03125,1.03882,-3.66200,-13.42800,14.52600
10.4913,458924,0.04614,0.01416,1.04321,-3.72300,-14.89300,16.72400
10.5358,458934,0.03394,0.02905,1.04297,-3.84500,-13.73300,15.68600
10.5358,458944,0.03247,0.02881,1.05054,-3.78400,-13.91600,16.17400
10.5622,458992,0.03857,0.04175,1.03394,-4.21100,-14.03800,15.99100
10.5703,458994,0.03857,0.04175,1.03394,-4.21100,-14.03800,15.99100
10.5703,458995,0.03857,0.04175,1.03394,-4.21100,-14.03800,15.99100
10.5703,458997,0.03857,0.04175,1.03394,-4.21100,-14.03800,15.99100
10.5703,458998,0.02783,0.01294,1.04517,-3.96700,-15.13700,16.54100
10.5703,459004,0.03735,0.03149,1.04028,-3.78400,-13.61100,15.50300
10.5919,459014,0.02002,0.02808,1.03882,-4.08900,-14.58700,16.29600
10.5919,459024,0.03320,0.02563,1.03687,-3.60100,-12.45100,14.28200
10.6077,459034,0.04736,0.02026,1.03857,-3.78400,-14.83200,16.05200
10.6077,459044,0.02979,0.02393,1.04126,-3.72300,-12.14600,14.52600
10.6077,459054,0.04688,0.02881,1.02832,-3.54000,-13.67200,15.38100
10.6237,459064,0.04932,0.02563,1.03174,-4.27200,-13.97700,15.93000
10.6396,459074,0.04199,0.01709,1.04199,-4.08900,-14.77100,16.84600
10.6412,459084,0.04224,0.02759,1.03345,-4.57800,-15.25900,17.63900
10.6547,459094,0.03271,0.02856,1.05322,-3.29600,-12.93900,14.03800
10.6705,459104,0.01587,0.03418,1.04834,-3.47900,-13.36700,14.58700
10.6705,459114,0.02734,0.03613,1.03540,-3.96700,-12.87800,14.70900
10.6863,459124,0.03711,0.04077,1.04102,-3.54000,-13.12300,14.03800
10.7024,459134,0.02612,0.02881,1.05029,-4.57800,-14.95400,16.90700
10.7024,459144,0.03809,0.03076,1.04150,-3.96700,-14.70900,16.78500
10.7184,459154,0.02173,0.01489,1.04761,-4.08900,-13.79400,16.05200
10.7184,459164,0.02905,0.02563,1.03906,-4.02800,-13.79400,16.41800
10.7345,459174,0.04517,0.02515,1.05444,-4.15000,-14.16000,15.80800
10.7345,459184,0.03662,0.03931,1.03052,-4.15000,-15.38100,16.78500
10.7554,459194,0.03076,0.04126,1.04248,-4.08900,-13.67200,16.05200
10.7666,459204,0.04614,0.03076,1.05713,-4.15000,-13.61100,15.32000
10.7666,459214,0.04761,0.03174,1.04419,-4.27200,-15.50300,18.55500
10.7826,459224,0.03711,0.03442,1.04053,-3.54000,-13.30600,15.44200
10.7985,459234,0.04517,0.02466,1.04761,-3.90600,-15.25900,17.76100
10.8144,459244,0.04199,0.02710,1.04028,-4.02800,-14.03800,15.80800
10.8159,459254,0.03931,0.03442,1.04321,-3.54000,-13.85500,15.86900
10.8305,459264,0.02637,0.02466,1.05103,-4.02800,-13.30600,15.13700
10.8305,459274,0.04150,0.03833,1.06006,-4.33300,-13.24500,15.74700
10.8464,459284,0.04932,0.01758,1.04541,-4.27200,-13.67200,15.93000
10.8597,459294,0.03760,0.03320,1.04370,-4.88300,-13.42800,15.93000
10.8679,459304,0.03784,0.03809,1.04150,-3.96700,-12.81700,14.64800
10.8775,459314,0.03516,0.02368,1.05933,-4.15000,-14.77100,16.11300
10.8872,459324,0.03320,0.02197,1.03979,-3.96700,-13.06200,14.89300
10.8973,459334,0.02979,0.02759,1.03857,-3.78400,-12.93900,15.19800
10.9104,459344,0.04272,0.04272,1.03296,-3.47900,-12.51200,14.83200
10.9104,459354,0.03784,0.02515,1.03589,-4.21100,-13.36700,15.13700
10.9273,459364,0.02710,0.01782,1.04443,-3.23500,-12.57300,14.70900
10.9273,459374,0.03516,0.03638,1.04370,-3.90600,-12.87800,15.13700
10.9423,459384,0.03296,0.03833,1.05859,-4.02800,-14.95400,17.15100
10.9568,459394,0.03735,0.02515,1.04346,-4.08900,-13.36700,15.93000
10.9568,459404,0.02783,0.02246,1.05493,-4.15000,-13.97700,16.11300
10.9729,459414,0.03418,0.04028,1.04150,-3.60100,-13.73300,15.80800
10.9729,459424,0.03906,0.01685,1.04785,-3.96700,-14.22100,15.93000
10.9890,459434,0.05200,0.01953,1.04102,-4.33300,-14.46500,16.41800
11.0203,459444,0.04639,0.02295,1.04834,-4.21100,-14.16000,16.96800
11.0203,459454,0.03516,0.02148,1.04858,-4.08900,-14.34300,16.60200
11.0231,459464,0.03052,0.01782,1.05444,-4.63900,-13.24500,15.38100
11.0433,459474,0.03198,0.01636,1.06079,-4.02800,-14.09900,16.11300
11.0468,459484,0.02124,0.02759,1.04663,-3.84500,-12.69500,15.07600
11.0562,459494,0.03809,0.02222,1.06104,-3.54000,-13.97700,15.86900
11.0678,459504,0.04150,0.02295,1.04980,-4.27200,-13.42800,15.62500
11.0750,459514,0.03857,0.04297,1.05615,-3.78400,-13.91600,15.44200
11.0835,459524,0.03345,0.03662,1.03271,-3.54000,-13.55000,15.50300
11.0955,459534,0.04053,0.01611,1.04614,-3.78400,-12.75600,14.46500
11.1172,459544,0.03369,0.02319,1.04004,-3.96700,-13.91600,16.54100
11.1172,459554,0.02319,0.00415,1.05420,-3.78400,-13.73300,15.01500
11.1172,459564,0.03711,0.02246,1.04932,-4.02800,-13.73300,15.62500
11.1310,459574,0.03052,0.03589,1.05396,-4.15000,-13.42800,15.44200
11.1520,459584,0.02808,0.02124,1.05713,-4.02800,-13.00000,14.34300
11.1562,459594,0.02026,0.02881,1.04810,-3.96700,-12.93900,15.01500
11.1702,459604,0.03491,0.02930,1.04736,-3.60100,-12.63400,15.13700
11.1771,459614,0.03149,0.03271,1.05884,-3.29600,-12.32900,14.16000
11.1873,459624,0.02246,0.01685,1.04248,-4.51700,-14.77100,17.09000
11.1948,459634,0.04199,0.02515,1.04688,-4.08900,-14.03800,16.96800
11.2108,459644,0.03784,0.02051,1.04419,-3.90600,-13.36700,15.99100
11.2121,459654,0.03540,0.02539,1.05493,-3.47900,-13.55000,15.80800
11.2281,459664,0.03491,0.02686,1.05103,-3.54000,-13.18400,14.95400
11.2391,459674,0.03760,0.01733,1.06201,-3.29600,-11.59700,12.81700
11.2481,459684,0.03491,0.02539,1.03833,-3.96700,-14.95400,17.39500
11.2587,459694,0.03271,0.03784,1.03931,-3.66200,-13.97700,15.56400
11.2656,459704,0.04590,0.03638,1.05713,-3.90600,-13.79400,15.99100
11.2745,459714,0.03076,0.03540,1.03711,-4.08900,-15.99100,18.25000
11.2880,459724,0.02319,0.03149,1.05322,-3.60100,-13.61100,15.19800
11.2906,459734,0.02856,0.02490,1.02710,-3.96700,-13.67200,15.32000
11.3064,459744,0.03076,0.03271,1.04175,-3.96700,-13.85500,15.38100
11.3225,459754,0.03906,0.02222,1.04370,-4.27200,-13.91600,16.05200
11.3225,459764,0.04541,0.01782,1.03931,-3.96700,-14.28200,15.32000
11.3384,459774,0.03394,0.03052,1.04883,-4.45600,-14.77100,16.23500
11.3561,459784,0.03760,0.02881,1.04517,-4.02800,-14.16000,16.72400
11.3581,459794,0.03174,0.02905,1.02905,-4.15000,-13.97700,15.86900
11.3681,459804,0.03076,0.02344,1.04370,-3.84500,-13.18400,15.50300
11.3860,459814,0.02637,0.01514,1.04858,-3.78400,-13.55000,15.68600
11.3860,459824,0.03076,0.02808,1.03784,-4.21100,-13.91600,16.41800
11.3991,459834,0.04419,0.02832,1.03784,-4.15000,-13.61100,15.32000
11.4093,459844,0.03662,0.04419,1.04712,-3.90600,-14.22100,16.78500
11.4326,459854,0.03809,0.02637,1.04858,-3.78400,-14.34300,16.35700
11.4326,459864,0.04102,0.02319,1.05127,-4.70000,-14.46500,16.29600
11.4326,459874,0.03613,0.02734,1.04395,-3.29600,-12.57300,13.48900
11.4485,459884,0.04810,0.02417,1.02686,-4.70000,-15.74700,17.45600
11.4563,459894,0.02881,0.03589,1.04688,-3.90600,-13.85500,15.44200
11.4659,459904,0.04443,0.01245,1.04272,-4.21100,-14.52600,16.23500
11.4659,459914,0.03247,0.02441,1.04761,-4.76100,-14.70900,17.88300
11.4813,459924,0.02734,0.03003,1.05176,-4.21100,-14.28200,16.05200
11.4964,459934,0.03296,0.01953,1.04297,-3.54000,-13.79400,15.44200
11.5083,459944,0.03857,0.02637,1.03467,-3.72300,-13.48900,14.89300
11.5318,459954,0.03687,0.02051,1.04932,-3.96700,-14.22100,16.47900
11.5318,459964,0.02197,0.02417,1.03735,-3.54000,-14.58700,16.60200
11.5364,459974,0.03540,0.03271,1.03369,-3.90600,-15.01500,16.54100
11.5472,459984,0.02490,0.02466,1.04639,-4.02800,-14.09900,16.17400
11.5593,459994,0.04028,0.02930,1.04956,-3.84500,-14.03800,16.29600
11.5593,460004,0.03491,0.03149,1.03271,-4.08900,-14.40400,16.41800
11.5752,460014,0.03906,0.03174,1.04175,-4.15000,-14.22100,15.80800
11.5752,460024,0.03491,0.03247,1.03320,-3.78400,-13.24500,14.95400
11.5913,460034,0.04541,0.02856,1.03589,-4.33300,-14.46500,16.11300
11.6073,460044,0.03418,0.04565,1.04761,-4.08900,-14.28200,16.29600
11.6232,460054,0.02734,0.02197,1.05151,-3.90600,-13.85500,16.05200
11.6232,460064,0.02954,0.04004,1.02515,-4.27200,-14.28200,15.50300
11.6232,460074,0.03979,0.03223,1.04736,-3.29600,-14.03800,15.93000
11.6392,460084,0.03711,0.01855,1.04053,-3.72300,-13.48900,15.44200
11.6573,460094,0.04004,0.03052,1.04297,-3.90600,-13.97700,16.35700
11.6573,460104,0.03833,0.02075,1.05225,-3.66200,-13.30600,15.68600
11.6714,460114,0.01196,0.03418,1.05273,-3.60100,-13.91600,16.05200
11.6874,460124,0.05298,0.02783,1.05518,-3.84500,-14.34300,15.38100
11.6874,460134,0.03809,0.03711,1.03760,-3.35700,-13.30600,14.64800
11.7094,460144,0.03979,0.02710,1.03467,-4.08900,-14.22100,15.19800
11.7192,460154,0.02832,0.03394,1.06030,-3.54000,-13.36700,15.07600
11.7371,460164,0.04053,0.02856,1.05762,-3.78400,-12.14600,13.67200
11.7371,460174,0.02783,0.02344,1.04053,-3.11300,-12.63400,14.03800
11.7502,460184,0.03198,0.01392,1.05493,-3.72300,-13.73300,16.72400
11.7572,460194,0.05981,0.02295,1.03223,-3.90600,-14.70900,16.23500
11.7676,460204,0.04272,0.02881,1.05225,-3.72300,-13.18400,15.25900
11.7676,460214,0.04272,0.02026,1.05298,-3.54000,-12.81700,15.13700
11.7826,460224,0.03809,0.02856,1.04346,-3.78400,-13.79400,16.23500
11.7984,460234,0.04102,0.03442,1.03491,-3.96700,-14.40400,16.05200
11.7984,460244,0.02661,0.01147,1.05151,-4.02800,-14.70900,16.84600
11.8211,460254,0.02319,0.02197,1.04590,-4.08900,-13.61100,15.50300
11.8341,460264,0.03052,0.02563,1.04077,-3.96700,-14.09900,15.80800
11.8341,460274,0.03052,0.03345,1.04004,-3.78400,-13.91600,15.86900
11.8487,460284,0.02441,0.03052,1.03516,-3.78400,-13.48900,15.50300
11.8574,460294,0.04248,0.03271,1.05103,-4.21100,-14.16000,16.35700
11.8739,460304,0.03857,0.03882,1.03833,-4.15000,-15.32000,16.84600
11.8797,460314,0.04663,0.03271,1.04272,-3.84500,-13.06200,15.44200
11.8933,460324,0.03784,0.02002,1.05347,-4.45600,-15.32000,18.06600
11.8933,460334,0.03296,0.02197,1.04028,-3.60100,-12.45100,14.64800
11.8933,460344,0.04443,0.03687,1.05737,-4.21100,-13.73300,15.93000
11.9090,460354,0.03467,0.02905,1.03662,-3.66200,-13.97700,15.74700
11.9407,460364,0.03784,0.01416,1.03491,-3.72300,-13.67200,15.86900
11.9407,460374,0.03979,0.02002,1.05444,-4.63900,-13.97700,16.41800
11.9489,460384,0.04150,0.02881,1.03003,-4.02800,-13.00000,15.74700
11.9602,460394,0.03076,0.02637,1.04443,-3.90600,-12.93900,13.73300
11.9687,460404,0.02271,0.01880,1.05029,-4.02800,-13.73300,15.68600
11.9785,460414,0.04321,0.02148,1.05835,-3.90600,-12.75600,14.03800
11.9888,460424,0.03516,0.01465,1.04150,-3.84500,-13.24500,15.13700
11.9984,460434,0.03760,0.00171,1.06738,-3.96700,-12.57300,15.19800
12.0087,460444,0.03735,0.03369,1.04053,-4.33300,-13.61100,15.68600
12.0174,460454,0.02686,0.01953,1.04590,-3.66200,-14.34300,16.05200
12.0493,460464,0.03979,0.03345,1.05371,-4.02800,-13.24500,15.07600
12.0493,460474,0.02490,0.02979,1.04321,-3.84500,-13.97700,15.19800
12.0493,460484,0.03369,0.03467,1.03882,-4.08900,-14.16000,16.66300
12.0575,460494,0.03760,0.01929,1.03711,-3.66200,-12.39000,14.40400
12.0653,460504,0.04614,0.02490,1.04932,-2.99100,-13.30600,15.25900
12.0807,460514,0.02954,0.02612,1.05493,-4.45600,-14.40400,16.78500
12.0835,460524,0.03491,0.02222,1.05029,-3.35700,-12.81700,15.01500
12.0977,460534,0.03271,0.02734,1.04199,-3.96700,-13.97700,15.50300
12.1081,460544,0.03003,0.01660,1.05200,-4.33300,-15.13700,16.96800
12.1122,460554,0.03271,0.02490,1.03735,-3.47900,-13.42800,15.74700
12.1281,460564,0.02246,0.02710,1.03223,-4.08900,-14.03800,16.17400
12.1440,460574,0.03638,0.03516,1.03540,-4.21100,-14.77100,17.15100
12.1440,460584,0.03760,0.02808,1.05176,-4.08900,-15.13700,16.90700
12.1574,460594,0.03467,0.03613,1.05322,-4.21100,-14.70900,16.23500
12.1758,460604,0.04028,0.03882,1.04810,-3.72300,-13.30600,15.19800
12.1758,460614,0.05249,0.02466,1.04443,-4.21100,-14.46500,16.90700
12.1758,460624,0.01611,0.03223,1.05200,-4.02800,-14.64800,16.47900
12.1962,460634,0.04834,0.02100,1.04663,-4.51700,-13.73300,16.60200
12.2075,460644,0.03662,0.03076,1.05347,-4.39500,-14.83200,16.66300
12.2075,460654,0.02661,0.01318,1.05835,-3.11300,-13.67200,15.38100
12.2235,460664,0.03735,0.02441,1.05298,-3.84500,-13.48900,15.01500
12.2506,460674,0.03711,0.03394,1.03271,-4.02800,-14.28200,15.68600
12.2506,460684,0.04443,0.02490,1.03223,-3.96700,-14.83200,17.27300
12.2627,460694,0.02759,0.02783,1.03931,-4.45600,-13.97700,16.47900
12.2708,460704,0.03711,0.03174,1.03809,-4.21100,-14.58700,15.99100
12.2768,460714,0.03394,0.01978,1.05420,-3.11300,-13.91600,15.38100
12.2867,460724,0.03711,0.02515,1.05029,-3.84500,-13.67200,15.86900
12.2867,460734,0.03662,0.03613,1.03735,-3.96700,-12.45100,14.46500
12.3028,460744,0.02515,0.03076,1.04297,-3.78400,-13.30600,15.62500
12.3189,460754,0.03613,0.03809,1.04883,-3.72300,-13.48900,14.77100
12.3189,460764,0.02759,0.03125,1.03955,-3.47900,-12.14600,14.58700
12.3505,460774,0.03784,0.02710,1.04517,-3.84500,-13.00000,14.77100
12.3505,460784,0.03564,0.02246,1.04590,-4.27200,-13.97700,16.66300
12.3577,460794,0.03467,0.03491,1.03784,-4.70000,-13.85500,15.68600
12.3674,460804,0.03320,0.03613,1.04297,-3.78400,-13.61100,15.38100
12.3674,460814,0.02563,0.02734,1.04712,-4.02800,-13.36700,14.95400
12.3825,460824,0.04150,0.03687,1.04419,-4.39500,-15.07600,16.78500
12.3985,460834,0.02661,0.02100,1.04077,-3.78400,-14.70900,15.93000
12.3985,460844,0.03540,0.02515,1.04761,-4.08900,-14.83200,16.23500
12.4143,460854,0.03516,0.02002,1.05396,-3.05200,-12.69500,14.83200
12.4302,460864,0.03760,0.03442,1.03271,-4.45600,-13.91600,16.29600
12.4487,460874,0.04004,0.03589,1.05371,-4.15000,-13.24500,14.52600
12.4487,460884,0.04126,0.03442,1.03589,-4.51700,-14.34300,16.84600
12.4581,460894,0.04321,0.02783,1.05469,-3.11300,-11.41400,12.81700
12.4666,460904,0.02197,0.02588,1.04785,-3.78400,-13.30600,14.46500
12.4777,460914,0.02979,0.02563,1.04590,-3.47900,-14.16000,16.96800
12.4777,460924,0.04370,0.02856,1.03320,-3.60100,-13.12300,14.89300
12.4936,460934,0.03589,0.02759,1.05176,-4.70000,-14.09900,15.99100
12.4936,460944,0.03931,0.01904,1.04932,-3.96700,-13.61100,15.86900
12.5415,460954,0.02051,0.00806,1.05957,-3.78400,-11.90200,14.03800
12.5582,460995,0.03052,0.01929,1.04907,-3.84500,-14.16000,15.68600
12.5582,460996,0.03320,0.01587,1.04614,-4.76100,-13.48900,16.23500
12.5582,460998,0.03320,0.01587,1.04614,-4.76100,-13.48900,16.23500
12.5582,460999,0.03320,0.01587,1.04614,-4.76100,-13.48900,16.23500
12.5582,461004,0.02686,0.03003,1.05542,-4.08900,-13.00000,15.13700
12.5733,461014,0.03198,0.00903,1.03833,-3.96700,-14.16000,15.44200
12.5890,461024,0.03296,0.01660,1.03638,-3.90600,-13.30600,15.80800
12.5890,461034,0.04150,0.03784,1.04712,-4.02800,-15.19800,18.12700
12.6050,461044,0.03345,0.03027,1.05762,-4.08900,-13.97700,15.93000
12.6050,461054,0.02856,0.03027,1.03198,-4.39500,-13.73300,15.74700
12.6208,461064,0.03809,0.03076,1.03638,-4.15000,-15.38100,17.57800
12.6369,461074,0.03540,0.03052,1.05200,-4.15000,-13.91600,16.72400
12.6581,461084,0.04370,0.03345,1.03564,-3.17400,-13.48900,15.44200
12.6581,461094,0.02002,0.03174,1.05176,-3.72300,-13.12300,15.86900
12.6687,461104,0.02295,0.02734,1.05151,-4.15000,-14.52600,16.35700
12.6846,461114,0.03418,0.02124,1.03442,-4.63900,-15.32000,17.45600
12.6846,461124,0.04883,0.04956,1.03149,-4.27200,-14.77100,16.41800
12.6846,461134,0.03735,0.03198,1.03809,-3.72300,-14.70900,16.66300
12.7004,461144,0.02881,0.02612,1.04443,-3.90600,-12.75600,14.64800
12.7162,461154,0.04224,0.03125,1.03979,-4.08900,-13.97700,14.70900
12.7162,461164,0.03760,0.03906,1.03491,-4.02800,-14.16000,15.86900
12.7322,461174,0.02856,0.02222,1.05322,-3.96700,-13.42800,15.68600
12.7586,461184,0.03027,0.02979,1.03516,-3.90600,-13.79400,15.99100
12.7586,461194,0.03931,0.02319,1.03271,-3.96700,-13.67200,14.95400
12.7662,461204,0.03931,0.01904,1.05273,-3.60100,-13.67200,16.23500
12.7804,461214,0.04004,0.03052,1.04224,-4.70000,-14.16000,16.11300
12.7821,461224,0.02441,0.02734,1.04932,-3.60100,-12.69500,13.91600
12.7956,461234,0.02612,0.02344,1.05029,-4.02800,-13.18400,15.25900
12.7990,461244,0.02417,0.03662,1.05786,-3.66200,-13.06200,15.13700
12.8115,461254,0.04590,0.02271,1.04590,-3.84500,-13.85500,15.62500
12.8273,461264,0.03345,0.02148,1.05762,-4.02800,-14.34300,16.72400
12.8273,461274,0.02979,0.02808,1.04614,-3.84500,-14.03800,16.05200
12.8662,461284,0.04712,0.02393,1.04126,-3.72300,-13.73300,16.05200
12.8662,461294,0.04004,0.03174,1.03662,-3.78400,-13.36700,16.05200
12.8703,461304,0.04883,0.02271,1.04028,-3.29600,-13.67200,15.13700
12.8793,461314,0.02783,0.02075,1.04907,-3.78400,-13.12300,14.95400
12.8893,461324,0.04492,0.02393,1.03857,-3.60100,-13.91600,16.54100
12.8911,461334,0.03662,0.02783,1.04468,-3.47900,-13.36700,14.95400
12.9071,461344,0.04395,0.04053,1.03369,-4.33300,-13.91600,16.17400
12.9232,461354,0.03955,0.02515,1.03809,-4.33300,-14.64800,17.70000
12.9232,461364,0.01929,0.03271,1.04663,-4.27200,-13.79400,16.35700
12.9232,461374,0.04785,0.03027,1.03564,-3.60100,-15.13700,17.63900
12.9390,461384,0.02368,0.02271,1.05566,-4.08900,-14.58700,16.54100
12.9593,461394,0.03271,0.03076,1.04297,-3.90600,-13.91600,16.11300
12.9709,461404,0.03271,0.03149,1.03467,-3.84500,-14.22100,15.50300
12.9709,461414,0.04639,0.03052,1.04370,-3.78400,-13.73300,16.11300
12.9870,461424,0.04028,0.02124,1.03076,-3.96700,-13.85500,15.38100
12.9870,461434,0.03125,0.01782,1.04590,-4.76100,-13.00000,15.50300
13.0087,461444,0.02441,0.02661,1.05273,-4.21100,-13.79400,15.74700
13.0187,461454,0.03003,0.01953,1.04517,-4.08900,-13.97700,15.62500
13.0282,461464,0.03589,0.01807,1.05005,-3.41800,-13.79400,15.93000
13.0345,461474,0.03491,0.03662,1.04785,-4.27200,-13.06200,14.52600
13.0485,461484,0.02808,0.03296,1.03003,-3.66200,-13.55000,15.56400
13.0660,461494,0.04272,0.02539,1.04712,-4.21100,-13.97700,16.23500
13.0660,461504,0.03760,0.02295,1.04761,-3.35700,-12.75600,14.83200
13.0789,461514,0.03516,0.02686,1.04736,-3.96700,-13.36700,15.07600
13.0840,461524,0.01294,0.02612,1.05127,-4.33300,-14.52600,16.96800
13.0987,461534,0.02710,0.02686,1.04150,-3.96700,-13.97700,15.93000
13.0987,461544,0.04370,0.02637,1.05347,-3.96700,-13.18400,14.40400
13.1139,461554,0.02271,0.03760,1.04492,-3.84500,-13.12300,15.74700
13.1139,461564,0.04663,0.03296,1.04785,-3.72300,-13.36700,15.25900
13.1299,461574,0.04614,0.02930,1.03638,-4.08900,-13.79400,15.99100
13.1518,461584,0.03906,0.02734,1.05298,-3.29600,-13.36700,14.77100
13.1716,461594,0.03662,0.00977,1.05249,-3.78400,-13.97700,15.68600
13.1716,461604,0.04028,0.02759,1.04370,-4.08900,-14.58700,16.54100
13.1774,461614,0.03760,0.02246,1.05347,-3.78400,-13.73300,15.50300
13.1774,461624,0.03857,0.02710,1.05298,-3.96700,-13.36700,15.56400
13.1931,461634,0.04663,0.03418,1.04053,-3.66200,-13.97700,15.68600
13.2092,461644,0.03857,0.02051,1.03931,-4.27200,-14.52600,16.90700
13.2092,461654,0.02979,0.01880,1.03711,-3.54000,-13.85500,16.60200
13.2253,461664,0.03149,0.03003,1.03516,-3.72300,-13.55000,16.17400
13.2253,461674,0.02319,0.01929,1.04517,-3.90600,-14.95400,17.09000
13.2598,461684,0.03076,0.02368,1.04468,-3.96700,-14.16000,16.11300
13.2726,461694,0.04565,0.02002,1.03955,-3.72300,-13.36700,15.38100
13.2726,461704,0.02002,0.02417,1.06079,-3.78400,-13.91600,15.74700
13.2726,461714,0.02686,0.02539,1.05005,-3.35700,-14.22100,16.41800
13.2886,461724,0.04834,0.03198,1.04419,-3.60100,-13.18400,14.77100
13.2886,461734,0.03198,0.03931,1.04639,-4.08900,-14.22100,15.93000
13.3047,461744,0.02905,0.03076,1.05225,-3.54000,-13.67200,15.74700
13.3223,461754,0.04248,0.02344,1.03516,-4.02800,-14.40400,16.11300
13.3223,461764,0.03931,0.03052,1.04541,-4.02800,-14.52600,16.90700
13.3364,461774,0.05322,0.02490,1.04272,-3.90600,-13.97700,15.74700
13.3516,461784,0.04419,0.03442,1.04126,-3.78400,-12.39000,14.64800
13.3617,461794,0.02563,0.03174,1.02808,-3.90600,-14.22100,16.05200
13.3678,461804,0.03394,0.04175,1.03784,-3.78400,-13.61100,15.93000
13.3678,461814,0.03833,0.02124,1.05615,-3.96700,-13.91600,15.62500
13.3851,461824,0.02026,0.02051,1.04932,-4.27200,-13.91600,16.41800
13.3996,461834,0.04077,0.02441,1.04956,-3.78400,-13.85500,15.44200
13.4110,461844,0.03296,0.02734,1.05371,-3.72300,-14.34300,15.80800
13.4155,461854,0.03247,0.02539,1.05493,-4.21100,-14.52600,15.86900
13.4155,461864,0.03564,0.02490,1.05591,-3.78400,-13.91600,16.60200
13.4316,461874,0.03784,0.04419,1.04565,-3.72300,-14.64800,16.17400
13.4475,461884,0.04468,0.03394,1.04980,-3.72300,-13.24500,14.83200
13.4475,461894,0.04614,0.03271,1.04712,-3.54000,-13.91600,14.89300
13.4672,461904,0.05054,0.02734,1.04834,-3.96700,-13.61100,15.80800
13.4672,461914,0.04419,0.02417,1.04248,-3.72300,-14.22100,16.72400
13.4793,461924,0.03394,0.02612,1.04224,-3.78400,-13.85500,15.38100
13.4952,461934,0.03394,0.03345,1.04419,-4.21100,-14.34300,15.86900
13.4952,461944,0.01953,0.02954,1.04858,-4.08900,-13.55000,14.52600
13.5110,461954,0.02563,0.02197,1.05786,-4.08900,-14.22100,15.62500
13.5311,461964,0.03564,0.04004,1.03833,-3.66200,-14.09900,15.99100
13.5384,461974,0.03076,0.04663,1.04004,-3.60100,-13.67200,15.56400
13.5490,461984,0.03125,0.02954,1.04663,-4.27200,-15.07600,17.21200
13.5600,461994,0.03760,0.03052,1.03760,-3.84500,-14.40400,16.66300
13.5747,462004,0.03687,0.03223,1.04419,-4.02800,-14.16000,15.99100
13.5747,462014,0.03784,0.03125,1.04443,-4.02800,-13.73300,15.68600
13.5907,462024,0.03809,0.03003,1.03687,-3.96700,-14.64800,15.86900
13.5907,462034,0.02710,0.03662,1.03076,-3.41800,-13.12300,15.01500
13.6067,462044,0.04614,0.01904,1.05762,-4.15000,-13.12300,14.64800
13.6206,462054,0.03369,0.02686,1.03540,-3.60100,-13.91600,16.17400
13.6226,462064,0.02856,0.01782,1.04688,-4.51700,-15.25900,17.15100
13.6385,462074,0.03174,0.02930,1.04370,-3.72300,-13.79400,15.99100
13.6385,462084,0.02808,0.02905,1.05762,-3.96700,-12.87800,15.44200
13.6542,462094,0.03809,0.03467,1.05005,-3.47900,-13.55000,15.56400
13.6701,462104,0.03638,0.02734,1.04785,-4.27200,-14.89300,15.99100
13.6701,462114,0.02734,0.04004,1.03613,-3.90600,-12.14600,14.03800
13.6860,462124,0.02832,0.02759,1.04883,-3.60100,-13.24500,15.32000
13.7020,462134,0.02783,0.04175,1.04175,-3.96700,-14.64800,16.41800
13.7020,462144,0.02979,0.03491,1.03979,-3.78400,-14.03800,15.74700
13.7179,462154,0.03589,0.03931,1.03687,-3.90600,-13.12300,14.09900
13.7179,462164,0.03784,0.02026,1.04565,-2.99100,-14.09900,15.62500
13.8459,462174,0.04663,0.02930,1.04541,-3.47900,-14.28200,16.11300
13.8459,462184,0.03857,0.01978,1.06128,-4.08900,-14.83200,15.86900
13.8459,462194,0.02368,0.02759,1.03662,-4.27200,-14.46500,16.23500
13.8459,462204,0.03418,0.03760,1.04028,-3.72300,-13.48900,15.44200
13.8459,462214,0.03687,0.01855,1.04272,-3.84500,-14.16000,16.60200
13.8459,462224,0.02612,0.02051,1.05029,-3.90600,-13.85500,15.68600
13.8459,462234,0.03540,0.03345,1.02563,-4.21100,-13.79400,15.56400
13.8459,462244,0.03711,0.02710,1.03198,-3.78400,-13.91600,15.80800
13.8459,462254,0.02905,0.02295,1.04248,-4.08900,-13.30600,15.93000
13.8459,462264,0.03442,0.02197,1.05371,-3.90600,-13.48900,15.93000
13.8459,462274,0.02637,0.02563,1.04956,-4.02800,-14.77100,16.66300
13.8459,462284,0.03174,0.03076,1.04834,-3.78400,-13.97700,15.80800
13.8602,462294,0.04102,0.01855,1.04224,-4.15000,-14.46500,15.86900
13.8619,462304,0.03076,0.00610,1.07227,-3.78400,-13.30600,14.64800
13.8776,462314,0.04077,0.02344,1.04858,-4.02800,-14.46500,16.47900
13.8776,462324,0.02148,0.02197,1.03687,-3.96700,-14.40400,16.60200
13.8935,462334,0.02979,0.02808,1.05347,-3.78400,-13.24500,15.80800
13.9095,462344,0.03442,0.03052,1.04492,-3.90600,-13.91600,16.54100
13.9095,462354,0.02881,0.01758,1.03833,-4.15000,-14.03800,15.93000
13.9254,462364,0.04053,0.04004,1.04004,-4.21100,-13.97700,16.23500
13.9254,462374,0.03613,0.02979,1.04102,-3.66200,-13.97700,16.29600
13.9415,462384,0.03076,0.03516,1.04150,-4.08900,-13.91600,15.93000
13.9576,462394,0.02686,0.02686,1.04688,-3.90600,-13.00000,15.62500
13.9603,462404,0.03711,0.04150,1.04810,-4.02800,-14.89300,16.78500
13.9893,462414,0.03540,0.02515,1.05005,-4.39500,-14.40400,16.60200
13.9893,462424,0.03784,0.02856,1.04834,-4.02800,-14.22100,16.17400
13.9893,462434,0.03003,0.02100,1.05493,-3.29600,-13.61100,15.74700
14.0086,462444,0.03149,0.02881,1.05225,-3.72300,-14.95400,16.60200
14.0175,462454,0.03076,0.01343,1.04321,-3.66200,-13.55000,14.83200
14.0211,462464,0.02197,0.02222,1.04224,-3.78400,-13.61100,16.54100
14.0420,462474,0.02832,0.02905,1.03955,-3.96700,-13.48900,15.62500
14.0490,462484,0.03467,0.03223,1.05371,-4.08900,-13.36700,15.25900
14.0531,462494,0.04272,0.02759,1.04688,-4.15000,-14.09900,16.05200
14.0603,462504,0.03271,0.03638,1.03394,-3.90600,-14.28200,16.47900
14.0849,462514,0.04395,0.03223,1.05176,-3.60100,-13.18400,15.86900
14.0849,462524,0.03564,0.02417,1.04443,-4.02800,-13.91600,16.17400
14.1008,462534,0.04297,0.03809,1.03540,-3.72300,-13.91600,15.62500
14.1008,462544,0.03223,0.03711,1.03906,-3.41800,-13.91600,15.80800
14.1169,462554,0.03369,0.02368,1.04053,-3.84500,-13.85500,15.38100
14.1250,462564,0.04492,0.03979,1.02051,-3.54000,-13.73300,15.50300
14.1346,462574,0.02173,0.03735,1.04272,-4.45600,-13.91600,16.05200
14.1484,462584,0.04736,0.03540,1.03833,-3.90600,-13.48900,15.50300
14.2019,462594,0.03271,0.03394,1.05054,-4.08900,-14.95400,16.72400
14.2019,462604,0.02881,0.03516,1.04370,-4.02800,-13.42800,15.68600
14.2019,462614,0.04785,0.02856,1.03833,-4.15000,-13.24500,15.19800
14.2019,462624,0.03149,0.03809,1.04639,-3.72300,-13.97700,16.05200
14.2019,462634,0.04346,0.03027,1.05298,-4.33300,-13.67200,15.80800
14.2019,462644,0.05005,0.02075,1.04004,-4.21100,-14.40400,15.80800
14.2200,462654,0.03027,0.02930,1.04224,-3.84500,-13.61100,15.62500
14.2287,462664,0.04590,0.01953,1.03882,-3.05200,-13.18400,15.50300
14.2397,462674,0.02661,0.02002,1.05469,-4.45600,-15.07600,17.15100
14.2483,462684,0.03223,0.03198,1.03149,-4.08900,-14.22100,17.21200
14.2627,462694,0.02832,0.02759,1.04688,-3.72300,-14.28200,16.05200
14.2687,462704,0.03735,0.03857,1.04272,-3.84500,-14.09900,16.05200
14.2736,462714,0.03076,0.03076,1.03369,-3.60100,-13.55000,15.44200
14.2917,462724,0.03687,0.03149,1.03320,-3.84500,-13.06200,15.07600
14.2917,462734,0.02856,0.01318,1.03931,-4.33300,-14.09900,15.86900
14.3043,462744,0.03467,0.04395,1.04785,-3.78400,-14.28200,16.05200
14.3043,462754,0.02051,0.01929,1.04663,-4.08900,-14.22100,16.29600
14.3205,462764,0.04199,0.03174,1.04932,-3.84500,-13.85500,16.29600
14.3403,462774,0.02808,0.02026,1.03687,-4.15000,-14.46500,15.93000
14.3489,462784,0.03662,0.01538,1.04077,-4.63900,-14.64800,15.74700
14.3524,462794,0.02490,0.02637,1.05835,-4.57800,-14.34300,16.35700
14.3713,462804,0.02783,0.04150,1.04175,-3.96700,-13.61100,15.44200
14.3713,462814,0.03198,0.01636,1.04639,-4.02800,-14.28200,16.72400
14.3944,462824,0.02734,0.01855,1.04102,-3.54000,-13.67200,15.93000
14.3989,462834,0.03345,0.03662,1.03955,-4.02800,-15.25900,17.15100
14.4113,462844,0.01709,0.03076,1.05298,-3.78400,-13.36700,15.74700
14.4148,462854,0.03516,0.02856,1.05029,-4.21100,-13.36700,15.38100
14.4148,462864,0.02368,0.01587,1.04077,-3.90600,-14.58700,15.56400
14.4305,462874,0.03442,0.03589,1.04858,-3.47900,-12.87800,14.83200
14.4545,462884,0.04492,0.02954,1.05298,-3.66200,-13.36700,14.83200
14.4585,462894,0.03467,0.03125,1.04834,-4.02800,-14.22100,16.60200
14.4703,462904,0.03394,0.02588,1.03418,-3.90600,-14.03800,15.25900
14.4781,462914,0.03394,0.02661,1.04956,-3.41800,-13.73300,15.44200
14.4940,462924,0.02783,0.02393,1.05225,-4.45600,-13.36700,15.13700
14.4940,462934,0.01562,0.02808,1.04224,-3.54000,-13.61100,15.25900
14.4940,462944,0.05029,0.01660,1.03809,-4.02800,-13.30600,15.38100
14.5098,462954,0.03174,0.02759,1.03979,-3.72300,-14.28200,16.54100
14.5604,462995,0.03320,0.04077,1.04712,-4.27200,-14.34300,16.78500
14.5604,462997,0.03320,0.04077,1.04712,-4.27200,-14.34300,16.78500
14.5604,462998,0.03320,0.04077,1.04712,-4.27200,-14.34300,16.78500
14.5604,463000,0.03320,0.04077,1.04712,-4.27200,-14.34300,16.78500
14.5604,463004,0.03296,0.04077,1.04126,-4.02800,-14.22100,16.35700
14.5734,463014,0.03174,0.03369,1.04102,-4.02800,-13.97700,15.74700
14.5887,463024,0.04102,0.02881,1.05347,-4.02800,-13.97700,16.29600
14.6050,463034,0.03320,0.02905,1.04712,-3.78400,-13.55000,15.50300
14.6055,463044,0.02905,0.01611,1.05249,-3.60100,-14.22100,15.62500
14.6055,463054,0.05151,0.03613,1.04102,-4.08900,-14.52600,16.17400
14.6206,463064,0.04346,0.01978,1.05078,-4.08900,-13.91600,15.44200
14.6366,463074,0.02881,0.02808,1.04590,-3.90600,-13.55000,16.05200
14.6366,463084,0.03369,0.02808,1.04443,-4.02800,-13.91600,15.44200
14.6526,463094,0.03589,0.02417,1.02759,-3.78400,-13.30600,15.80800
14.6685,463104,0.03564,0.03882,1.04199,-3.72300,-13.85500,15.93000
14.6685,463114,0.03467,0.02295,1.03223,-4.27200,-13.97700,16.17400
14.6888,463124,0.03149,0.01660,1.04858,-4.08900,-14.58700,17.57800
14.7022,463134,0.04248,0.04370,1.05005,-3.96700,-12.93900,14.89300
14.7022,463144,0.02539,0.02783,1.05029,-4.02800,-13.97700,15.44200
14.7162,463154,0.03589,0.03247,1.04199,-3.66200,-14.34300,15.99100
14.7322,463164,0.03198,0.02637,1.04834,-4.57800,-13.48900,15.99100
14.7322,463174,0.02026,0.02100,1.03247,-3.60100,-13.79400,15.74700
14.7481,463184,0.04297,0.03442,1.03540,-4.02800,-14.40400,16.41800
14.7481,463194,0.01807,0.01343,1.05786,-3.72300,-13.24500,14.34300
14.7643,463204,0.02075,0.03076,1.05444,-3.84500,-14.16000,15.74700
14.7804,463214,0.02441,0.02441,1.03540,-3.90600,-14.46500,16.17400
14.7804,463224,0.03613,0.02881,1.04468,-4.08900,-14.28200,16.29600
14.7964,463234,0.04980,0.02002,1.03711,-3.72300,-13.61100,15.80800
14.7964,463244,0.04272,0.02295,1.05322,-4.02800,-13.48900,15.44200
14.8124,463254,0.03223,0.03833,1.04028,-3.78400,-13.55000,15.56400
14.8284,463264,0.04150,0.02905,1.05298,-3.72300,-13.00000,14.70900
14.8284,463274,0.02759,0.02075,1.03760,-4.45600,-14.34300,17.51700
14.8443,463284,0.05151,0.04321,1.04346,-3.90600,-13.48900,16.17400
14.8443,463294,0.02637,0.02979,1.04199,-3.84500,-13.91600,16.29600
14.8607,463304,0.04004,0.02686,1.05273,-4.08900,-13.61100,15.01500
14.8762,463314,0.03833,0.01880,1.05396,-3.90600,-13.55000,15.68600
14.8762,463324,0.02661,0.03198,1.04761,-4.15000,-13.06200,15.25900
14.9080,463334,0.03027,0.02490,1.04346,-4.76100,-14.89300,16.47900
14.9080,463344,0.03516,0.03809,1.04712,-4.15000,-14.28200,15.68600
14.9080,463354,0.02368,0.02441,1.04858,-3.72300,-12.93900,14.89300
14.9242,463364,0.03369,0.03418,1.03687,-4.08900,-14.64800,16.17400
14.9400,463374,0.02856,0.02441,1.03613,-4.08900,-13.18400,15.07600
14.9400,463384,0.04150,0.03516,1.03931,-4.51700,-14.64800,16.78500
14.9559,463394,0.04980,0.03296,1.03979,-3.41800,-12.93900,14.03800
14.9608,463404,0.03369,0.02490,1.04419,-3.54000,-13.55000,15.80800
14.9716,463414,0.02515,0.02563,1.05176,-3.54000,-13.85500,16.47900
14.9877,463424,0.03467,0.02881,1.04639,-4.27200,-14.22100,16.29600
15.0079,463434,0.03442,0.03003,1.04272,-4.27200,-13.73300,15.38100
15.0079,463444,0.02686,0.03125,1.05225,-4.02800,-14.16000,15.74700
15.0194,463454,0.04126,0.03442,1.04907,-4.63900,-14.52600,17.02900
15.0194,463464,0.04370,0.02905,1.06030,-3.60100,-12.57300,15.19800
15.0353,463474,0.03540,0.03223,1.04614,-4.27200,-14.52600,15.93000
15.0493,463484,0.04688,0.03662,1.04248,-3.72300,-13.97700,15.19800
15.0510,463494,0.03979,0.03198,1.04248,-3.90600,-14.09900,15.56400
15.0671,463504,0.04492,0.02466,1.04492,-3.66200,-12.63400,14.89300
15.0671,463514,0.03687,0.02637,1.03223,-4.39500,-14.89300,17.33400
15.0830,463524,0.03662,0.00928,1.05688,-3.60100,-14.46500,16.23500
15.0991,463534,0.04199,0.02734,1.04614,-3.35700,-13.67200,15.68600
15.1150,463544,0.05615,0.03979,1.03979,-3.84500,-13.91600,15.44200
15.1150,463554,0.03027,0.03809,1.03540,-3.90600,-14.83200,16.96800
15.1311,463564,0.04834,0.03564,1.03711,-4.15000,-14.58700,17.02900
15.1311,463574,0.02319,0.03784,1.05273,-3.96700,-14.09900,16.72400
15.1473,463584,0.02026,0.02979,1.04761,-3.96700,-12.81700,14.09900
15.1473,463594,0.03125,0.02051,1.05566,-4.33300,-13.61100,15.44200
15.1631,463604,0.01880,0.02734,1.05176,-3.96700,-14.28200,15.93000
15.1792,463614,0.02808,0.02490,1.04199,-3.90600,-13.18400,14.64800
15.1952,463624,0.03760,0.02734,1.03857,-4.02800,-13.55000,15.38100
15.1952,463634,0.02661,0.01880,1.05054,-4.63900,-14.77100,17.15100
15.2113,463644,0.03809,0.03271,1.02856,-3.54000,-14.34300,16.47900
15.2113,463654,0.04834,0.03369,1.04102,-4.02800,-14.52600,16.47900
15.2273,463664,0.03491,0.01685,1.04028,-4.08900,-14.70900,16.60200
15.2273,463674,0.02344,0.03418,1.04126,-3.96700,-13.30600,15.38100
15.2431,463684,0.04053,0.03345,1.05176,-4.21100,-14.89300,17.39500
15.2616,463694,0.03833,0.03638,1.03931,-4.27200,-14.83200,17.51700
15.2616,463704,0.04346,0.02979,1.03857,-3.29600,-13.48900,15.01500
15.2748,463714,0.03247,0.03027,1.04834,-3.72300,-13.91600,16.11300
15.2748,463724,0.03833,0.02197,1.05225,-4.39500,-15.44200,17.94400
15.2906,463734,0.03662,0.03052,1.04956,-4.08900,-14.46500,15.93000
15.3227,463744,0.03394,0.03638,1.05078,-3.90600,-14.46500,15.99100
15.3227,463754,0.04077,0.02051,1.06177,-3.66200,-13.55000,14.83200
15.3227,463764,0.03442,0.02686,1.04932,-3.90600,-12.39000,14.16000
15.3385,463774,0.03296,0.04517,1.04492,-3.41800,-13.12300,14.70900
15.3501,463784,0.02783,0.01465,1.04883,-3.66200,-13.61100,15.07600
15.3546,463794,0.03174,0.02173,1.04907,-3.41800,-12.87800,14.89300
15.3618,463804,0.03906,0.02734,1.04443,-3.96700,-14.09900,16.29600
15.3705,463814,0.02710,0.01904,1.04834,-3.47900,-13.79400,15.68600
15.3863,463824,0.03809,0.03491,1.02393,-3.66200,-13.85500,15.32000
15.3863,463834,0.02930,0.02490,1.04639,-4.02800,-14.83200,16.47900
15.4177,463844,0.02661,0.03271,1.03564,-3.96700,-14.22100,15.68600
15.4177,463854,0.02832,0.02954,1.04663,-4.08900,-14.40400,16.47900
15.4177,463864,0.02930,0.02271,1.05005,-3.54000,-13.00000,15.74700
15.4338,463874,0.03247,0.02148,1.02808,-3.90600,-13.30600,15.56400
15.4498,463884,0.03589,0.03223,1.03296,-4.15000,-14.03800,15.93000
15.4498,463894,0.02173,0.03662,1.04883,-3.47900,-13.55000,15.50300
15.4689,463904,0.03027,0.03711,1.04761,-4.51700,-14.16000,16.17400
15.4689,463914,0.02954,0.02930,1.04175,-4.21100,-14.09900,15.38100
15.4815,463924,0.03638,0.02954,1.04541,-4.02800,-13.67200,15.38100
15.4975,463934,0.04736,0.04102,1.04004,-3.96700,-13.91600,15.99100
15.4975,463944,0.02808,0.03711,1.04419,-3.66200,-14.77100,16.41800
15.5290,463954,0.02661,0.02173,1.05371,-3.72300,-13.61100,15.62500
15.5306,463964,0.02710,0.02368,1.04175,-3.78400,-15.07600,16.90700
15.5306,463974,0.03198,0.04175,1.04297,-4.02800,-13.55000,15.44200
15.5504,463984,0.05298,0.02734,1.05005,-3.72300,-13.61100,16.23500
15.5545,463994,0.03247,0.02856,1.03613,-4.45600,-14.22100,16.23500
15.5624,464004,0.03516,0.02197,1.03589,-3.84500,-14.09900,15.07600
15.5765,464014,0.03882,0.02197,1.05176,-3.78400,-13.12300,15.07600
15.5765,464024,0.03223,0.02734,1.03662,-4.39500,-14.58700,17.39500
15.5924,464034,0.02539,0.02734,1.03833,-3.72300,-13.55000,15.86900
15.6084,464044,0.03223,0.02856,1.04199,-4.45600,-14.09900,16.05200
15.6243,464054,0.03735,0.02173,1.06128,-3.96700,-13.91600,15.86900
15.6243,464064,0.03882,0.03149,1.05688,-3.84500,-13.61100,15.99100
15.6243,464074,0.03052,0.01978,1.03809,-4.08900,-13.48900,15.68600
15.6403,464084,0.03174,0.02173,1.05542,-3.60100,-13.55000,15.93000
15.6564,464094,0.03296,0.03198,1.03809,-3.78400,-13.36700,14.95400
15.6626,464104,0.03198,0.03369,1.03955,-4.21100,-13.36700,15.68600
15.6722,464114,0.03320,0.02222,1.04980,-3.78400,-13.48900,15.32000
15.6881,464124,0.03174,0.01514,1.05273,-4.39500,-14.95400,16.96800
15.6881,464134,0.05078,0.02832,1.04883,-4.39500,-13.73300,15.99100
15.7041,464144,0.03247,0.04126,1.04419,-3.66200,-13.91600,16.35700
15.7200,464154,0.03076,0.02148,1.03564,-3.60100,-12.93900,14.89300
15.7200,464164,0.03491,0.04102,1.04077,-3.29600,-13.30600,15.07600
15.7358,464174,0.03809,0.02783,1.04395,-3.60100,-13.24500,15.56400
15.7480,464184,0.03076,0.02710,1.04736,-4.45600,-13.91600,15.68600
15.7626,464194,0.03369,0.03076,1.05298,-4.15000,-14.16000,16.72400
15.7684,464204,0.02197,0.01562,1.05591,-3.60100,-13.36700,15.38100
15.7835,464214,0.03809,0.04736,1.03418,-3.54000,-13.73300,14.95400
15.7895,464224,0.05005,0.03296,1.05127,-4.08900,-13.61100,14.95400
15.8014,464234,0.03735,0.02539,1.04443,-3.54000,-13.61100,15.19800
15.8014,464244,0.04419,0.02979,1.04443,-3.90600,-13.73300,14.95400
15.8313,464254,0.03394,0.02930,1.04175,-3.60100,-13.79400,16.47900
15.8313,464264,0.03906,0.02930,1.04443,-4.15000,-13.91600,15.99100
15.8313,464274,0.04077,0.02710,1.03320,-3.84500,-13.79400,16.11300
15.8471,464284,0.03809,0.01855,1.04395,-3.41800,-14.03800,15.86900
15.8471,464294,0.03442,0.02661,1.04443,-3.60100,-13.85500,16.17400
15.8683,464304,0.01611,0.03149,1.05078,-4.08900,-13.67200,16.35700
15.8786,464314,0.02979,0.02954,1.05835,-3.72300,-14.03800,16.29600
15.8786,464324,0.03760,0.02417,1.04517,-4.02800,-13.79400,15.99100
15.8947,464334,0.03247,0.02954,1.06201,-4.08900,-13.48900,15.50300
15.9109,464344,0.03760,0.01514,1.04712,-3.84500,-13.61100,15.99100
15.9109,464354,0.03271,0.02563,1.04956,-3.90600,-14.70900,15.93000
15.9270,464364,0.04272,0.03540,1.04688,-3.78400,-12.87800,14.77100
15.9270,464374,0.03955,0.02295,1.04175,-3.41800,-12.39000,14.77100
15.9429,464384,0.04102,0.02319,1.03760,-2.99100,-12.81700,14.58700
15.9589,464394,0.02905,0.04150,1.03906,-3.90600,-13.36700,15.44200
15.9633,464404,0.03442,0.03076,1.05542,-3.72300,-13.79400,14.77100
15.9761,464414,0.03589,0.02002,1.03638,-3.96700,-13.67200,16.17400
15.9761,464424,0.03833,0.02490,1.02026,-3.72300,-13.18400,15.56400
16.0084,464434,0.04028,0.03149,1.05322,-3.66200,-12.45100,14.77100
16.0123,464444,0.02612,0.01929,1.04956,-3.96700,-13.42800,14.95400
16.0190,464454,0.03491,0.02637,1.04199,-3.72300,-13.55000,15.68600
16.0376,464464,0.03906,0.03540,1.05273,-3.90600,-13.79400,15.44200
16.0376,464474,0.03735,0.03711,1.04639,-4.02800,-13.73300,15.38100
16.0376,464484,0.02295,0.02905,1.04224,-3.90600,-13.97700,16.60200
16.0584,464494,0.02710,0.02783,1.04053,-4.39500,-14.09900,16.60200
16.0690,464504,0.03052,0.03418,1.05249,-4.15000,-13.91600,15.86900
16.0849,464514,0.03882,0.02954,1.05664,-3.47900,-13.61100,15.44200
16.0849,464524,0.04004,0.02368,1.03931,-4.08900,-14.77100,15.25900
16.0849,464534,0.03589,0.03149,1.04907,-4.15000,-14.09900,16.47900
16.1010,464544,0.03369,0.02124,1.04688,-3.96700,-13.91600,15.62500
16.1171,464554,0.03882,0.03589,1.04541,-4.15000,-13.85500,16.47900
16.1332,464564,0.03223,0.03076,1.04541,-3.96700,-13.79400,16.05200
16.1332,464574,0.03687,0.02393,1.04785,-4.02800,-13.91600,16.11300
16.1332,464584,0.02856,0.01392,1.04614,-4.33300,-14.89300,16.11300
16.1493,464594,0.03760,0.02344,1.04321,-4.02800,-13.48900,15.32000
16.1654,464604,0.02856,0.02051,1.05420,-3.78400,-13.36700,15.62500
16.1654,464614,0.02979,0.02100,1.04102,-3.60100,-13.79400,16.23500
16.1813,464624,0.03003,0.02905,1.04907,-3.72300,-13.12300,16.17400
16.1972,464634,0.02417,0.01636,1.04761,-3.96700,-13.97700,16.23500
16.1972,464644,0.02075,0.02905,1.05518,-4.21100,-14.16000,16.23500
16.2133,464654,0.03223,0.02051,1.04663,-3.60100,-12.81700,14.34300
16.2415,464664,0.04077,0.02832,1.03906,-4.15000,-14.83200,17.02900
16.2415,464674,0.04150,0.03271,1.03784,-4.33300,-13.36700,14.70900
16.2511,464684,0.03052,0.03418,1.03369,-3.60100,-14.03800,16.17400
16.2607,464694,0.04224,0.03564,1.06201,-3.78400,-14.52600,16.54100
16.2640,464704,0.03174,0.02368,1.04199,-4.08900,-14.28200,16.05200
16.2783,464714,0.04126,0.04102,1.02124,-4.02800,-14.22100,15.62500
16.2783,464724,0.03271,0.03320,1.04126,-3.72300,-14.28200,16.60200
16.2928,464734,0.03027,0.03784,1.05103,-3.84500,-13.85500,15.99100
16.3089,464744,0.03809,0.03125,1.02417,-4.08900,-13.48900,15.99100
16.3089,464754,0.03369,0.02539,1.04370,-4.63900,-14.40400,15.56400
16.3250,464764,0.03369,0.03418,1.04370,-3.54000,-13.91600,15.50300
16.3449,464774,0.04736,0.01855,1.03223,-3.66200,-12.51200,15.01500
16.3507,464784,0.03345,0.02637,1.04492,-4.33300,-14.03800,16.84600
16.3583,464794,0.04297,0.02954,1.04077,-4.57800,-14.52600,16.05200
16.3725,464804,0.03833,0.03394,1.07227,-3.84500,-13.12300,15.50300
16.3725,464814,0.03296,0.02100,1.04419,-4.33300,-13.73300,15.93000
16.3883,464824,0.02661,0.03345,1.05542,-4.08900,-13.91600,16.17400
16.3883,464834,0.04980,0.03809,1.05469,-3.90600,-13.73300,15.44200
16.4121,464844,0.03687,0.03271,1.05103,-4.21100,-14.16000,16.47900
16.4202,464854,0.04419,0.02344,1.06323,-3.60100,-13.24500,15.44200
16.4202,464864,0.03735,0.02734,1.04419,-3.41800,-13.73300,15.74700
16.4373,464874,0.03735,0.03027,1.03491,-3.84500,-13.55000,15.93000
16.4373,464884,0.04175,0.03149,1.03491,-3.47900,-13.42800,16.05200
16.4615,464894,0.02783,0.02563,1.04370,-3.78400,-13.91600,15.38100
16.4675,464904,0.03540,0.01172,1.03589,-3.90600,-14.28200,15.80800
16.4768,464914,0.03687,0.03076,1.04346,-3.96700,-13.79400,16.29600
16.4932,464924,0.02759,0.02246,1.03687,-3.47900,-13.12300,15.50300
16.4988,464934,0.02783,0.03003,1.05200,-4.63900,-13.79400,15.25900
16.5133,464944,0.02856,0.02148,1.03979,-4.08900,-13.85500,15.80800
16.5567,464954,0.03540,0.02393,1.03638,-4.57800,-13.67200,16.05200
16.5609,464997,0.03076,0.02417,1.04468,-4.02800,-13.79400,15.50300
16.5616,464998,0.03076,0.02417,1.04468,-4.02800,-13.79400,15.50300
16.5648,464999,0.03076,0.02417,1.04468,-4.02800,-13.79400,15.50300
16.5648,465001,0.03345,0.02759,1.04175,-4.27200,-14.58700,16.66300
16.5648,465004,0.03345,0.02759,1.04175,-4.27200,-14.58700,16.66300
16.5777,465014,0.03760,0.02686,1.05444,-4.15000,-13.36700,15.86900
16.5777,465024,0.03955,0.02832,1.03247,-3.47900,-14.22100,15.93000
16.5926,465034,0.03223,0.03223,1.05078,-3.72300,-15.07600,16.47900
16.6091,465044,0.03687,0.02808,1.04785,-4.02800,-13.85500,15.62500
16.6091,465054,0.03223,0.03320,1.05493,-3.66200,-14.28200,16.84600
16.6241,465064,0.02734,0.02441,1.03809,-4.02800,-14.52600,16.60200
16.6402,465074,0.02515,0.01074,1.04395,-3.47900,-13.91600,15.68600
16.6402,465084,0.04004,0.03296,1.03784,-4.39500,-14.89300,16.72400
16.6576,465094,0.04443,0.03467,1.03613,-3.90600,-14.03800,15.32000
16.6651,465104,0.02539,0.01953,1.05737,-4.33300,-14.46500,16.29600
16.6716,465114,0.05225,0.03906,1.04272,-3.17400,-13.97700,15.68600
16.6886,465124,0.03418,0.02808,1.04224,-4.02800,-14.09900,16.11300
16.7036,465134,0.03589,0.03564,1.03638,-3.96700,-14.09900,16.17400
16.7036,465144,0.03540,0.02295,1.04224,-3.90600,-13.30600,15.56400
16.7036,465154,0.03223,0.02588,1.06226,-3.66200,-14.34300,15.80800
16.7194,465164,0.03149,0.01733,1.04565,-3.66200,-14.03800,16.05200
16.7354,465174,0.03076,0.02808,1.04224,-4.02800,-13.55000,15.68600
16.7512,465184,0.03467,0.03003,1.04565,-4.39500,-14.09900,15.80800
16.7512,465194,0.02710,0.02759,1.04102,-3.96700,-13.61100,16.05200
16.7669,465204,0.03271,0.04395,1.05273,-4.27200,-14.52600,16.66300
16.7669,465214,0.03467,0.02197,1.04272,-3.96700,-13.85500,16.11300
16.7828,465224,0.01855,0.02051,1.04614,-3.78400,-14.22100,16.41800
16.7988,465234,0.03027,0.02637,1.05542,-3.54000,-13.18400,15.32000
16.7988,465244,0.01953,0.02466,1.04370,-3.78400,-14.34300,16.66300
16.8461,465254,0.03931,0.03027,1.04175,-4.51700,-14.40400,16.60200
16.8461,465264,0.03540,0.03223,1.03955,-4.27200,-14.03800,16.17400
16.8461,465274,0.03125,0.02197,1.04590,-4.33300,-14.03800,15.86900
16.8461,465284,0.03125,0.02612,1.04663,-4.33300,-13.79400,15.74700
16.8461,465294,0.03809,0.03882,1.03906,-4.02800,-13.97700,16.29600
16.8654,465304,0.03613,0.02197,1.04443,-4.02800,-14.09900,16.47900
16.8779,465314,0.02954,0.03076,1.03296,-3.66200,-13.79400,15.68600
16.8779,465324,0.04004,0.02979,1.03589,-3.54000,-14.03800,15.44200
16.8938,465334,0.02026,0.02783,1.05225,-3.66200,-14.34300,16.47900
16.9097,465344,0.03418,0.03271,1.05249,-3.96700,-13.79400,16.29600
16.9256,465354,0.03125,0.03271,1.04810,-4.02800,-14.16000,16.41800
16.9256,465364,0.01685,0.01392,1.05615,-4.27200,-14.95400,16.11300
16.9369,465374,0.04175,0.02295,1.04907,-4.02800,-13.97700,15.99100
16.9575,465384,0.03589,0.03491,1.03687,-4.15000,-14.34300,15.99100
16.9575,465394,0.03247,0.03345,1.04077,-4.33300,-13.79400,15.93000
16.9662,465404,0.04224,0.02148,1.03687,-3.54000,-13.61100,15.50300
16.9734,465414,0.04370,0.01953,1.04688,-3.60100,-13.18400,14.70900
16.9894,465424,0.04761,0.01636,1.03564,-3.54000,-13.55000,15.25900
16.9894,465434,0.05347,0.03418,1.04028,-4.02800,-13.97700,15.99100
17.0090,465444,0.03516,0.02563,1.04126,-3.72300,-13.24500,15.56400
17.0210,465454,0.03906,0.01758,1.05176,-4.15000,-13.91600,15.62500
17.0289,465464,0.03369,0.03760,1.05957,-4.45600,-13.36700,15.32000
17.0420,465474,0.02368,0.03418,1.03320,-3.78400,-13.48900,14.83200
17.0630,465484,0.04492,0.02563,1.04004,-3.90600,-14.46500,16.23500
17.0664,465494,0.04028,0.02441,1.04346,-4.15000,-14.40400,15.93000
17.0682,465504,0.02710,0.02612,1.05127,-3.90600,-14.03800,16.78500
17.0682,465514,0.02881,0.03345,1.05762,-3.72300,-13.85500,15.93000
17.0860,465524,0.03564,0.04590,1.04077,-4.15000,-14.58700,16.23500
17.0998,465534,0.03296,0.03467,1.05298,-4.15000,-13.12300,15.38100
17.0998,465544,0.02612,0.01758,1.04102,-3.72300,-13.12300,14.34300
17.1188,465554,0.02490,0.03247,1.05469,-4.51700,-15.25900,17.45600
17.1268,465564,0.03149,0.03418,1.05786,-4.08900,-13.06200,15.80800
17.1308,465574,0.03955,0.03394,1.05005,-4.02800,-14.09900,15.99100
17.1626,465584,0.03442,0.03369,1.04272,-4.33300,-15.13700,15.93000
17.1668,465594,0.03882,0.02319,1.02930,-3.78400,-14.58700,16.23500
17.1668,465604,0.03467,0.02856,1.03931,-3.60100,-14.83200,16.35700
17.1783,465614,0.01611,0.02271,1.04443,-4.21100,-13.97700,15.62500
17.1783,465624,0.03687,0.02344,1.05566,-3.72300,-14.34300,16.05200
17.1943,465634,0.03784,0.04419,1.04956,-3.78400,-14.09900,15.68600
17.2099,465644,0.03369,0.02979,1.04028,-3.47900,-13.91600,15.38100
17.2099,465654,0.03540,0.02246,1.04224,-3.60100,-13.67200,16.05200
17.2261,465664,0.03442,0.02417,1.03687,-3.66200,-13.00000,14.64800
17.2261,465674,0.04053,0.02490,1.04102,-3.84500,-14.03800,15.74700
17.2422,465684,0.02515,0.03296,1.04883,-3.84500,-13.06200,14.77100
17.2671,465694,0.04761,0.02979,1.05664,-4.33300,-14.52600,16.72400
17.2671,465704,0.02954,0.03076,1.05005,-3.84500,-13.48900,15.74700
17.2764,465714,0.04712,0.02930,1.02588,-3.66200,-13.00000,15.68600
17.2900,465724,0.03735,0.01831,1.04785,-3.72300,-14.40400,16.41800
17.2948,465734,0.03418,0.02515,1.03540,-4.45600,-13.55000,16.23500
17.3072,465744,0.03394,0.02271,1.05249,-3.72300,-13.73300,15.62500
17.3219,465754,0.03638,0.02881,1.03857,-4.02800,-13.30600,15.86900
17.3279,465764,0.04395,0.02832,1.04517,-3.96700,-15.07600,17.39500
17.3378,465774,0.04370,0.01245,1.05176,-3.84500,-13.55000,15.25900
17.3694,465784,0.03418,0.02612,1.04810,-3.72300,-14.16000,16.05200
17.3694,465794,0.04565,0.03149,1.05225,-4.02800,-13.61100,15.99100
17.3694,465804,0.02881,0.01831,1.04956,-3.35700,-14.09900,16.29600
17.3853,465814,0.03516,0.03784,1.03491,-3.84500,-14.83200,16.84600
17.3853,465824,0.04199,0.03003,1.04248,-4.15000,-13.85500,15.74700
17.3853,465834,0.02710,0.01855,1.04199,-3.72300,-13.79400,16.11300
17.4119,465844,0.03662,0.03687,1.04663,-3.72300,-13.73300,15.68600
17.4170,465854,0.03076,0.01709,1.04443,-3.96700,-14.09900,15.62500
17.4170,465864,0.04077,0.02271,1.05298,-4.21100,-13.61100,15.50300
17.4330,465874,0.02515,0.02563,1.04419,-3.96700,-14.03800,15.80800
17.4488,465884,0.03174,0.03125,1.04224,-3.84500,-13.30600,16.05200
17.4702,465894,0.03564,0.02344,1.05249,-4.02800,-14.28200,15.38100
17.4702,465904,0.03564,0.02417,1.05615,-4.02800,-14.09900,15.50300
17.4808,465914,0.03418,0.03320,1.03906,-4.08900,-14.03800,16.29600
17.4808,465924,0.02539,0.03003,1.04102,-3.11300,-13.67200,15.56400
17.4967,465934,0.04150,0.03027,1.03589,-3.29600,-14.34300,15.50300
17.4967,465944,0.04785,0.02075,1.05103,-3.60100,-14.03800,16.54100
17.5140,465954,0.04419,0.02222,1.05127,-3.84500,-13.42800,15.19800
17.5285,465964,0.02979,0.02295,1.04419,-3.35700,-14.28200,15.93000
17.5285,465974,0.03516,0.03271,1.04199,-3.84500,-13.97700,15.93000
17.5443,465984,0.03931,0.02417,1.04517,-3.84500,-14.34300,17.02900
17.5759,465994,0.03149,0.03784,1.05054,-3.66200,-14.03800,16.29600
17.5759,466004,0.03442,0.02539,1.05103,-4.45600,-13.85500,15.99100
17.5759,466014,0.03589,0.02441,1.05298,-4.08900,-13.91600,16.11300
17.5759,466024,0.04590,0.03589,1.04785,-3.90600,-13.79400,15.38100
17.5917,466034,0.03613,0.03906,1.04761,-4.21100,-13.24500,15.74700
17.6078,466044,0.03882,0.03052,1.04028,-3.78400,-13.67200,15.86900
17.6078,466054,0.04492,0.03540,1.03979,-3.29600,-13.48900,15.56400
17.6238,466064,0.03638,0.02759,1.03662,-3.60100,-13.79400,15.56400
17.6398,466074,0.03418,0.03247,1.06299,-4.33300,-14.95400,16.84600
17.6398,466084,0.04272,0.02246,1.04565,-3.96700,-14.40400,15.93000
17.6717,466094,0.02490,0.02734,1.04126,-3.72300,-13.61100,15.68600
17.6717,466104,0.02612,0.03345,1.04297,-3.60100,-14.34300,15.07600
17.6717,466114,0.03931,0.02588,1.04565,-3.47900,-14.34300,15.93000
17.6876,466124,0.03735,0.04346,1.04810,-3.17400,-13.67200,15.32000
17.6919,466134,0.04492,0.02173,1.04517,-4.02800,-14.03800,15.19800
17.7033,466144,0.04956,0.02686,1.04492,-4.02800,-13.61100,15.50300
17.7192,466154,0.03125,0.02368,1.05542,-4.08900,-13.30600,16.17400
17.7192,466164,0.03296,0.03174,1.05273,-4.15000,-14.52600,16.11300
17.7352,466174,0.03442,0.02783,1.04419,-3.72300,-14.28200,16.72400
17.7352,466184,0.02441,0.02588,1.03882,-3.84500,-13.79400,15.99100
17.7510,466194,0.03906,0.03223,1.04980,-4.02800,-14.83200,16.41800
17.7690,466204,0.03418,0.02637,1.04370,-3.54000,-14.46500,16.54100
17.7690,466214,0.03320,0.03125,1.04248,-3.47900,-14.70900,16.72400
17.7836,466224,0.03662,0.02441,1.03931,-3.90600,-13.79400,15.25900
17.7986,466234,0.02490,0.02734,1.05493,-4.02800,-14.34300,15.68600
17.7986,466244,0.03955,0.02588,1.05981,-3.72300,-13.91600,15.56400
17.8173,466254,0.04541,0.02148,1.03809,-3.66200,-13.91600,16.23500
17.8303,466264,0.03027,0.03296,1.04053,-4.15000,-14.16000,16.35700
17.8461,466274,0.04297,0.02759,1.03784,-4.39500,-13.55000,15.44200
17.8461,466284,0.02490,0.02930,1.05347,-3.84500,-14.46500,16.05200
17.8461,466294,0.02734,0.03052,1.06055,-3.84500,-13.79400,15.74700
17.8781,466304,0.04126,0.03223,1.03467,-3.84500,-14.28200,15.99100
17.8781,466314,0.03052,0.02979,1.03418,-3.96700,-14.58700,16.78500
17.8781,466324,0.03345,0.02588,1.04248,-3.66200,-14.22100,16.23500
17.8941,466334,0.03906,0.02344,1.04126,-3.60100,-14.52600,16.23500
17.9083,466344,0.03784,0.02881,1.03491,-3.66200,-14.16000,15.13700
17.9101,466354,0.03027,0.02808,1.04541,-3.96700,-14.83200,16.90700
17.9257,466364,0.03857,0.03857,1.04834,-3.17400,-14.34300,16.11300
17.9257,466374,0.03516,0.03882,1.04980,-3.84500,-14.03800,15.99100
17.9419,466384,0.03320,0.00977,1.05005,-3.90600,-13.30600,16.29600
17.9582,466394,0.02100,0.03735,1.04565,-3.60100,-13.73300,15.93000
17.9741,466404,0.02466,0.03076,1.03540,-4.27200,-14.16000,16.41800
17.9741,466414,0.02539,0.02368,1.03931,-4.08900,-14.40400,15.80800
17.9741,466424,0.03516,0.02124,1.04932,-3.96700,-13.55000,15.62500
17.9903,466434,0.04077,0.01074,1.03003,-3.96700,-13.85500,15.44200
18.0093,466444,0.03052,0.02686,1.05249,-4.08900,-13.55000,15.56400
18.0093,466454,0.04199,0.02466,1.05078,-3.90600,-14.46500,15.80800
18.0217,466464,0.02954,0.02612,1.04736,-4.21100,-14.70900,16.29600
18.0376,466474,0.04053,0.02539,1.04175,-4.33300,-13.97700,15.80800
18.0376,466484,0.03442,0.03247,1.03735,-3.96700,-14.28200,16.60200
18.0536,466494,0.03662,0.02148,1.05322,-4.21100,-14.46500,16.66300
18.0536,466504,0.03467,0.03589,1.04419,-3.96700,-14.64800,15.74700
18.0853,466514,0.04199,0.02905,1.04688,-4.08900,-14.03800,15.68600
18.0853,466524,0.02661,0.03247,1.05298,-4.02800,-13.79400,15.50300
18.1013,466534,0.03149,0.02905,1.04419,-3.66200,-13.18400,15.62500
18.1013,466544,0.03223,0.02295,1.05420,-3.66200,-14.16000,16.35700
18.1174,466554,0.04077,0.03638,1.03076,-4.15000,-14.46500,16.29600
18.1174,466564,0.03784,0.01172,1.03003,-3.35700,-13.79400,15.80800
18.1331,466574,0.03442,0.02881,1.05640,-3.96700,-13.91600,16.11300
18.1492,466584,0.03247,0.03296,1.01758,-5.00500,-13.97700,15.56400
18.1492,466594,0.02783,0.04272,1.03931,-3.72300,-14.22100,15.68600
18.1652,466604,0.03320,0.02856,1.04712,-3.90600,-14.58700,16.11300
18.1810,466614,0.02393,0.02271,1.04590,-4.08900,-13.79400,15.32000
18.1810,466624,0.03662,0.02441,1.04565,-4.08900,-13.91600,16.11300
18.1971,466634,0.03882,0.03076,1.03662,-4.02800,-14.22100,15.93000
18.2132,466644,0.02954,0.03027,1.04614,-3.66200,-14.34300,15.68600
18.2132,466654,0.03149,0.02661,1.05225,-4.27200,-14.09900,15.74700
18.2292,466664,0.03540,0.04126,1.04980,-3.72300,-13.79400,15.32000
18.2292,466674,0.03784,0.03369,1.04175,-3.72300,-14.03800,15.38100
18.2491,466684,0.03394,0.03223,1.05151,-3.35700,-13.48900,15.25900
18.2582,466694,0.03369,0.02124,1.06104,-4.15000,-13.61100,16.05200
18.2612,466704,0.03149,0.03271,1.03809,-4.02800,-14.46500,15.93000
18.2775,466714,0.03247,0.01660,1.05713,-3.47900,-14.16000,15.56400
18.2775,466724,0.03491,0.02710,1.04199,-3.72300,-13.73300,15.56400
18.2935,466734,0.04565,0.03809,1.03125,-4.33300,-14.70900,16.17400
18.3091,466744,0.02759,0.01489,1.04468,-3.78400,-14.03800,16.23500
18.3091,466754,0.02783,0.02686,1.04736,-3.35700,-12.75600,14.22100
18.3253,466764,0.03687,0.02808,1.03613,-3.78400,-14.16000,15.80800
18.3253,466774,0.02563,0.01392,1.05542,-4.33300,-14.09900,16.23500
18.3520,466784,0.03052,0.03491,1.03955,-3.60100,-14.09900,15.93000
18.3582,466794,0.03320,0.02271,1.04468,-3.47900,-13.73300,16.05200
18.3622,466804,0.04639,0.01514,1.04517,-4.08900,-14.46500,16.23500
18.3885,466814,0.04614,0.01831,1.03589,-4.27200,-14.77100,16.96800
18.3885,466824,0.03296,0.03149,1.05200,-3.96700,-14.03800,16.29600
18.3885,466834,0.03345,0.03027,1.04761,-3.90600,-14.40400,16.17400
18.4044,466844,0.03760,0.03564,1.04517,-4.15000,-13.97700,15.93000
18.4202,466854,0.03589,0.03564,1.05566,-4.15000,-13.97700,15.62500
18.4222,466864,0.03564,0.03564,1.03149,-3.90600,-13.61100,15.99100
18.4363,466874,0.02808,0.03638,1.04907,-3.90600,-14.64800,15.99100
18.4522,466884,0.03979,0.02319,1.04419,-4.27200,-13.42800,15.38100
18.4522,466894,0.03003,0.01929,1.05200,-4.39500,-14.03800,16.47900
18.4681,466904,0.02466,0.02759,1.05835,-3.72300,-14.03800,15.44200
18.4851,466914,0.02832,0.01855,1.05371,-3.35700,-13.67200,15.38100
18.4999,466924,0.04346,0.02539,1.04614,-3.60100,-13.42800,15.74700
18.4999,466934,0.02783,0.02173,1.03687,-3.90600,-13.18400,15.68600
18.5007,466944,0.04858,0.02271,1.04883,-3.60100,-14.22100,16.05200
18.5159,466954,0.02734,0.02441,1.05493,-4.27200,-14.16000,16.60200
18.5516,466997,0.05005,0.02271,1.04712,-3.41800,-13.24500,15.38100
18.5632,466999,0.05005,0.02271,1.04712,-3.41800,-13.24500,15.38100
18.5632,467000,0.03345,0.02905,1.04077,-4.15000,-14.03800,15.25900
18.5632,467002,0.03345,0.02905,1.04077,-4.15000,-14.03800,15.25900
18.5632,467004,0.03345,0.02905,1.04077,-4.15000,-14.03800,15.25900
18.5790,467014,0.03833,0.03052,1.04834,-4.33300,-13.91600,16.05200
18.5947,467024,0.02417,0.02832,1.03198,-4.27200,-13.85500,15.62500
18.5947,467034,0.04541,0.01538,1.04712,-4.15000,-14.83200,16.84600
18.5947,467044,0.02539,0.02466,1.05640,-4.21100,-14.40400,16.60200
18.6108,467054,0.03198,0.03271,1.05835,-3.78400,-14.16000,16.90700
18.6268,467064,0.04688,0.02515,1.03931,-3.41800,-13.97700,16.05200
18.6268,467074,0.02856,0.03223,1.05273,-3.54000,-14.28200,16.41800
18.6427,467084,0.04688,0.04102,1.03979,-3.41800,-13.91600,15.99100
18.6587,467094,0.02710,0.03687,1.05444,-3.96700,-13.48900,16.23500
18.6587,467104,0.03491,0.03027,1.05396,-4.27200,-14.58700,17.27300
18.6746,467114,0.02612,0.03052,1.04126,-3.90600,-13.18400,14.89300
18.6906,467124,0.04150,0.02100,1.03662,-3.96700,-13.79400,15.86900
18.6906,467134,0.02710,0.03418,1.03394,-4.33300,-14.28200,15.80800
18.7066,467144,0.02905,0.02808,1.06348,-3.84500,-14.16000,16.11300
18.7220,467154,0.04150,0.02075,1.05518,-3.84500,-13.91600,15.74700
18.7220,467164,0.04224,0.03906,1.03027,-4.21100,-14.16000,16.17400
18.7381,467174,0.03735,0.01660,1.04321,-4.08900,-13.73300,15.32000
18.7381,467184,0.04272,0.03271,1.04248,-3.78400,-14.34300,16.35700
18.7539,467194,0.04077,0.03516,1.03149,-4.21100,-14.89300,16.23500
18.7729,467204,0.03931,0.02808,1.02051,-3.72300,-14.16000,16.11300
18.7783,467214,0.03638,0.03174,1.04199,-4.08900,-14.64800,16.23500
18.8030,467224,0.02686,0.02197,1.04590,-3.78400,-14.16000,16.29600
18.8062,467234,0.02173,0.02075,1.04980,-3.96700,-13.55000,15.93000
18.8099,467244,0.03491,0.03394,1.05078,-4.08900,-14.16000,17.02900
18.8222,467254,0.03125,0.02148,1.06055,-4.21100,-14.58700,16.35700
18.8298,467264,0.03833,0.02124,1.03564,-4.15000,-13.61100,15.86900
18.8343,467274,0.03052,0.03662,1.04077,-4.15000,-14.40400,16.17400
18.8466,467284,0.02124,0.02637,1.05542,-3.84500,-14.28200,16.11300
18.8466,467294,0.04907,0.03149,1.04297,-4.39500,-13.85500,15.80800
18.8709,467304,0.03540,0.02734,1.04565,-4.08900,-15.32000,16.66300
18.8779,467314,0.03027,0.03247,1.04492,-4.27200,-14.09900,16.11300
18.8829,467324,0.03296,0.02808,1.03467,-3.90600,-14.03800,15.99100
18.8946,467334,0.05200,0.02954,1.04150,-3.96700,-14.03800,16.11300
18.8946,467344,0.03735,0.02905,1.05127,-4.02800,-13.79400,15.80800
18.9120,467354,0.02173,0.02954,1.04980,-3.96700,-14.03800,16.41800
18.9330,467364,0.03882,0.04175,1.03223,-4.21100,-13.67200,16.11300
18.9418,467374,0.04028,0.02979,1.03394,-4.39500,-14.16000,15.86900
18.9418,467384,0.03882,0.02588,1.04395,-4.08900,-14.03800,16.11300
18.9578,467394,0.03076,0.01953,1.04810,-4.27200,-13.91600,15.86900
18.9578,467404,0.04053,0.03662,1.03467,-3.11300,-13.18400,15.19800
18.9763,467414,0.03394,0.01147,1.04297,-4.70000,-14.52600,16.90700
18.9896,467424,0.03369,0.01538,1.05786,-3.72300,-13.55000,15.93000
19.0086,467434,0.03662,0.02295,1.05298,-4.33300,-14.22100,16.72400
19.0086,467444,0.03638,0.02832,1.05737,-3.72300,-13.85500,15.62500
19.0192,467454,0.02490,0.03662,1.03979,-4.45600,-14.64800,15.93000
19.0212,467464,0.04297,0.02734,1.03857,-4.15000,-14.40400,16.17400
19.0369,467474,0.03784,0.04736,1.05249,-4.15000,-13.85500,16.11300
19.0369,467484,0.02856,0.02173,1.05542,-4.15000,-14.46500,16.41800
19.0529,467494,0.04077,0.02490,1.04102,-3.96700,-13.91600,15.86900
19.0843,467504,0.04224,0.02441,1.05078,-3.72300,-15.38100,16.84600
19.0843,467514,0.03882,0.02393,1.04419,-3.54000,-13.85500,16.05200
19.0883,467524,0.03394,0.03687,1.04199,-4.27200,-13.97700,16.17400
19.1022,467534,0.03955,0.03076,1.06177,-4.21100,-13.42800,16.05200
19.1022,467544,0.04443,0.03198,1.04590,-3.84500,-13.48900,15.68600
19.1161,467554,0.03418,0.02686,1.03882,-3.72300,-14.03800,15.80800
19.1338,467564,0.03540,0.02075,1.04199,-3.84500,-14.09900,16.47900
19.1338,467574,0.03003,0.02124,1.04077,-3.84500,-14.28200,16.41800
19.1478,467584,0.02832,0.03223,1.04663,-3.90600,-14.28200,16.17400
19.1478,467594,0.02808,0.02124,1.04297,-4.21100,-14.28200,16.47900
19.1636,467604,0.02710,0.02954,1.04297,-4.33300,-14.64800,16.05200
19.1724,467614,0.02539,0.02734,1.04224,-3.78400,-13.55000,16.11300
19.1796,467624,0.04395,0.03198,1.05469,-4.15000,-14.64800,16.72400
19.2109,467634,0.03589,0.01343,1.03784,-4.08900,-13.30600,15.32000
19.2109,467644,0.02905,0.03345,1.04517,-4.08900,-13.61100,15.56400
19.2109,467654,0.02417,0.03711,1.04761,-3.78400,-12.93900,15.50300
19.2268,467664,0.02466,0.02563,1.03809,-3.96700,-13.85500,15.93000
19.2268,467674,0.03711,0.02783,1.05396,-3.96700,-14.34300,16.17400
19.2426,467684,0.02661,0.02856,1.04126,-4.02800,-14.52600,15.99100
19.2648,467694,0.02832,0.03198,1.03662,-3.60100,-13.36700,14.83200
19.2688,467704,0.03638,0.03320,1.03516,-3.78400,-13.48900,15.56400
19.2786,467714,0.02832,0.03711,1.04077,-4.08900,-14.34300,16.17400
19.2886,467724,0.03564,0.03906,1.05005,-4.02800,-14.46500,16.90700
19.2904,467734,0.02393,0.03296,1.06006,-3.47900,-12.81700,15.13700
19.3061,467744,0.04248,0.02051,1.04663,-3.72300,-13.91600,16.23500
19.3061,467754,0.03955,0.02661,1.05200,-4.08900,-14.22100,16.11300
19.3218,467764,0.03662,0.03052,1.03491,-3.60100,-13.48900,15.62500
19.3391,467774,0.03589,0.03076,1.05518,-4.45600,-13.73300,15.50300
19.3522,467784,0.03931,0.01904,1.04077,-4.15000,-13.97700,15.50300
19.3538,467794,0.03760,0.03564,1.04248,-3.84500,-13.91600,16.35700
19.4224,467804,0.04297,0.03662,1.03516,-4.02800,-14.89300,16.54100
19.4224,467814,0.02856,0.03027,1.04150,-4.08900,-14.40400,16.54100
19.4224,467824,0.03906,0.02759,1.03491,-4.21100,-13.79400,15.56400
19.4224,467834,0.02954,0.03027,1.04761,-4.02800,-14.40400,16.29600
19.4224,467844,0.02783,0.01978,1.05566,-4.02800,-14.77100,16.60200
19.4224,467854,0.03784,0.03198,1.05054,-3.72300,-13.48900,15.56400
19.4224,467864,0.04761,0.02197,1.05640,-3.78400,-14.52600,16.05200
19.4344,467874,0.04541,0.03760,1.05396,-3.47900,-13.30600,14.95400
19.4505,467884,0.02637,0.02808,1.05176,-3.66200,-13.67200,15.07600
19.4505,467894,0.03687,0.04712,1.03394,-3.60100,-13.91600,15.74700
19.4662,467904,0.04346,0.03442,1.04858,-4.27200,-13.24500,15.80800
19.4736,467914,0.03442,0.03491,1.04248,-4.88300,-14.34300,16.29600
19.4821,467924,0.01929,0.02417,1.04272,-3.96700,-13.30600,15.80800
19.4978,467934,0.03638,0.03467,1.03540,-3.90600,-14.52600,16.78500
19.5146,467944,0.04736,0.02100,1.04956,-3.78400,-13.48900,15.44200
19.5146,467954,0.04419,0.03564,1.03809,-4.08900,-13.42800,15.44200
19.5146,467964,0.04663,0.02563,1.04224,-3.29600,-13.61100,15.68600
19.5303,467974,0.03418,0.02954,1.04321,-3.78400,-13.85500,15.56400
19.5461,467984,0.02563,0.02954,1.05981,-4.27200,-14.77100,16.47900
19.5522,467994,0.01416,0.02075,1.04102,-4.08900,-14.09900,16.23500
19.5618,468004,0.03198,0.03931,1.03442,-4.15000,-14.34300,16.17400
19.5775,468014,0.02515,0.02539,1.04761,-4.02800,-14.22100,15.80800
19.5854,468024,0.02588,0.02271,1.05103,-3.78400,-13.42800,15.56400
19.5935,468034,0.04150,0.03076,1.04272,-3.66200,-14.16000,16.11300
19.6097,468044,0.03076,0.03125,1.04297,-4.33300,-14.09900,16.41800
19.6097,468054,0.02612,0.03076,1.05688,-3.47900,-14.28200,16.23500
19.6257,468064,0.03394,0.03442,1.03906,-3.84500,-12.87800,14.40400
19.6257,468074,0.02441,0.03174,1.05127,-3.96700,-13.67200,15.86900
19.6416,468084,0.03198,0.03320,1.03345,-4.02800,-14.64800,16.05200
19.6582,468094,0.02783,0.02563,1.04077,-4.27200,-13.36700,15.44200
19.6737,468104,0.04346,0.02979,1.03784,-4.02800,-14.16000,16.05200
19.6737,468114,0.04126,0.03491,1.03638,-4.02800,-14.03800,15.74700
19.6893,468124,-0.00391,0.00342,1.04272,-4.08900,-13.61100,15.07600
19.6993,468134,0.02222,0.01587,1.03955,-3.78400,-13.36700,16.11300
19.7112,468144,0.02661,0.01709,1.04053,-3.84500,-14.40400,15.56400
19.7210,468154,0.03223,0.02734,1.05054,-3.90600,-14.03800,15.93000
19.7210,468164,0.01782,0.02930,1.03979,-3.84500,-13.97700,15.56400
19.7375,468174,0.01294,0.03125,1.02197,-3.60100,-13.67200,15.56400
19.7440,468184,0.06128,0.03662,1.04468,-3.35700,-13.61100,15.50300
19.7533,468194,0.05591,0.03027,1.05786,-3.96700,-14.28200,16.66300
19.7702,468204,0.03125,0.00366,1.06128,-3.47900,-14.22100,16.23500
19.7738,468214,0.04834,0.03174,1.04395,-4.21100,-13.73300,15.19800
19.7885,468224,0.05664,0.03223,1.02222,-4.45600,-14.22100,16.05200
19.7885,468234,0.01489,0.02490,1.05615,-4.39500,-14.28200,15.74700
19.8083,468244,0.03223,0.02930,1.03320,-4.02800,-14.09900,16.41800
19.8184,468254,0.03271,0.02319,1.04126,-4.15000,-13.61100,15.38100
19.8184,468264,0.02710,0.03003,1.04761,-3.72300,-13.48900,15.44200
19.8326,468274,0.02100,0.03320,1.04126,-3.72300,-14.16000,16.23500
19.8489,468284,0.02466,0.03149,1.03955,-3.41800,-13.24500,15.38100
19.8489,468294,0.04077,0.02539,1.05347,-3.66200,-14.52600,16.05200
19.8651,468304,0.03882,0.02515,1.03809,-3.78400,-13.42800,15.74700
19.8745,468314,0.02344,0.02148,1.05054,-3.78400,-12.75600,14.64800
19.8820,468324,0.03931,0.03125,1.03247,-4.51700,-15.13700,17.02900
19.8971,468334,0.03198,0.03052,1.06079,-4.45600,-14.09900,15.80800
19.9128,468344,0.04053,0.04028,1.04370,-3.96700,-14.28200,15.68600
19.9128,468354,0.04834,0.03149,1.03540,-4.08900,-13.67200,15.74700
19.9288,468364,0.04736,0.03076,1.04932,-3.60100,-14.46500,17.02900
19.9308,468374,0.03833,0.02759,1.03638,-4.02800,-14.16000,15.62500
19.9448,468384,0.03564,0.03979,1.03198,-4.02800,-13.67200,15.56400
19.9448,468394,0.03198,0.01953,1.05444,-4.02800,-13.73300,16.17400
19.9632,468404,0.04663,0.02881,1.04102,-3.47900,-13.85500,15.86900
19.9765,468414,0.04834,0.02808,1.05371,-3.96700,-14.58700,16.11300
19.9765,468424,0.04077,0.03076,1.04321,-3.78400,-13.30600,15.62500
19.9945,468434,0.02734,0.03076,1.04858,-4.15000,-14.28200,16.66300
20.0103,468444,0.03735,0.01880,1.03784,-4.15000,-13.85500,16.17400
20.0243,468454,0.03320,0.03442,1.03711,-4.08900,-13.97700,15.99100
20.0243,468464,0.02368,0.02759,1.06494,-4.15000,-14.46500,15.68600
20.0243,468474,0.02930,0.02661,1.05298,-3.90600,-14.46500,16.11300
20.0400,468484,0.02539,0.03711,1.05005,-4.15000,-14.16000,15.80800
20.0561,468494,0.01904,0.02100,1.05200,-3.90600,-14.03800,16.41800
20.0561,468504,0.03735,0.03979,1.03784,-3.84500,-14.22100,16.29600
20.0752,468514,0.04663,0.03076,1.03882,-4.08900,-14.16000,16.35700
20.0881,468524,0.03003,0.03882,1.04712,-3.96700,-14.34300,16.96800
20.0922,468534,0.04199,0.05200,1.03687,-4.08900,-13.73300,15.99100
20.1042,468544,0.03735,0.02954,1.04199,-3.60100,-13.61100,14.95400
20.1353,468554,0.02563,0.03174,1.04565,-3.90600,-13.55000,15.19800
20.1353,468564,0.03320,0.03711,1.04175,-4.39500,-15.13700,16.54100
20.1353,468574,0.04883,0.01807,1.05908,-3.66200,-14.03800,15.86900
20.1353,468584,0.04395,0.03345,1.03979,-3.72300,-13.97700,15.93000
20.1511,468594,0.03149,0.01636,1.05493,-3.90600,-13.97700,15.93000
20.1669,468604,0.02710,0.02417,1.05103,-3.60100,-13.36700,14.95400
20.1752,468614,0.01440,0.01733,1.05737,-4.08900,-13.79400,15.74700
20.1828,468624,0.03491,0.02930,1.03369,-3.96700,-14.09900,16.05200
20.1992,468634,0.02905,0.03198,1.04224,-3.84500,-14.34300,16.29600
20.1992,468644,0.03149,0.03027,1.03296,-3.60100,-13.48900,15.44200
20.2149,468654,0.02686,0.03174,1.03809,-3.96700,-14.28200,16.47900
20.2307,468664,0.03076,0.02759,1.02637,-3.96700,-13.79400,15.38100
20.2307,468674,0.02783,0.02490,1.03882,-3.84500,-13.73300,15.99100
20.2466,468684,0.04248,0.04004,1.03809,-3.35700,-13.97700,15.74700
20.2626,468694,0.03296,0.02173,1.04272,-4.15000,-14.28200,16.23500
20.2646,468704,0.04907,0.03076,1.03809,-3.96700,-14.83200,16.41800
20.2784,468714,0.04395,0.02637,1.05103,-3.90600,-14.64800,16.78500
20.2784,468724,0.03442,0.03442,1.04712,-3.78400,-13.18400,14.89300
20.2962,468734,0.04077,0.03003,1.05664,-3.66200,-13.55000,15.62500
20.2962,468744,0.03711,0.03076,1.05249,-3.96700,-14.03800,16.35700
20.3103,468754,0.03809,0.03638,1.03711,-4.45600,-14.03800,16.54100
20.3263,468764,0.03149,0.02319,1.03149,-4.08900,-14.46500,15.99100
20.3263,468774,0.01465,0.02832,1.04248,-3.96700,-13.18400,15.32000
20.3422,468784,0.05908,0.02563,1.04272,-4.27200,-14.03800,16.23500
20.3582,468794,0.04053,0.02026,1.05249,-4.21100,-14.40400,16.35700
20.3582,468804,0.03027,0.01636,1.05859,-3.96700,-13.79400,15.74700
20.3752,468814,0.04639,0.02539,1.03979,-3.72300,-12.57300,15.07600
20.4057,468824,0.03540,0.02368,1.03857,-4.21100,-14.28200,16.29600
20.4057,468834,0.03882,0.02588,1.05127,-4.33300,-14.40400,15.74700
20.4140,468844,0.03979,0.03076,1.03516,-3.84500,-14.40400,15.44200
20.4140,468854,0.03613,0.02637,1.04565,-3.78400,-13.30600,15.13700
20.4377,468864,0.02197,0.02783,1.06055,-4.02800,-14.40400,16.23500
20.4377,468874,0.02490,0.02612,1.05835,-3.78400,-13.24500,15.99100
20.4377,468884,0.02686,0.01440,1.04956,-3.35700,-14.40400,15.62500
20.4536,468894,0.04028,0.04761,1.04761,-4.02800,-13.79400,16.05200
20.4536,468904,0.04419,0.01733,1.05347,-3.78400,-13.55000,15.44200
20.4776,468914,0.03467,0.03711,1.04565,-3.47900,-13.18400,15.25900
20.4866,468924,0.02710,0.02051,1.05273,-4.27200,-13.97700,15.86900
20.5010,468934,0.03784,0.02515,1.03003,-4.57800,-14.09900,16.23500
20.5010,468944,0.03320,0.02075,1.05493,-4.33300,-13.91600,16.29600
20.5169,468954,0.01978,0.02539,1.04834,-4.21100,-14.22100,15.80800
20.5760,468998,0.02905,0.03491,1.05054,-3.78400,-13.85500,15.56400
20.5806,469000,0.02881,0.03369,1.05835,-3.90600,-13.48900,15.07600
20.5806,469001,0.02881,0.03369,1.05835,-3.90600,-13.48900,15.07600
20.5806,469003,0.02881,0.03369,1.05835,-3.90600,-13.48900,15.07600
20.5806,469004,0.02881,0.03369,1.05835,-3.90600,-13.48900,15.07600
20.5806,469014,0.03564,0.03491,1.06177,-3.60100,-13.24500,14.83200
20.5806,469024,0.04224,0.02197,1.06421,-3.90600,-13.61100,15.44200
20.5989,469034,0.04468,0.03491,1.04932,-3.66200,-14.22100,15.74700
20.6086,469044,0.03296,0.03125,1.04956,-3.96700,-13.97700,14.89300
20.6133,469054,0.04956,0.02930,1.02686,-4.21100,-14.64800,16.05200
20.6280,469064,0.06738,0.02295,1.03833,-4.33300,-14.40400,15.38100
20.6441,469074,0.05054,0.02173,1.03955,-4.45600,-14.89300,16.72400
20.6441,469084,0.04443,0.02710,1.03296,-3.90600,-13.61100,15.80800
20.6601,469094,0.03955,0.02856,1.02637,-4.27200,-14.22100,16.90700
20.6601,469104,0.02490,0.01562,1.03540,-3.90600,-13.12300,16.11300
20.6792,469114,0.04053,0.03247,1.03662,-3.60100,-14.16000,17.45600
20.6792,469124,0.02563,0.02637,1.05762,-3.66200,-14.03800,17.39500
20.6923,469134,0.00098,0.01807,1.04883,-3.66200,-12.87800,15.68600
20.7083,469144,0.01514,0.04004,1.05664,-3.90600,-13.79400,16.05200
20.7083,469154,0.01538,0.02539,1.05591,-3.54000,-14.28200,16.05200
20.7241,469164,0.03052,0.02930,1.04907,-3.90600,-14.70900,16.41800
20.7402,469174,0.03442,0.03467,1.05249,-4.02800,-14.34300,14.95400
20.7402,469184,0.03687,0.04468,1.05933,-4.08900,-14.46500,15.74700
20.7559,469194,0.04907,0.03955,1.04517,-4.63900,-13.85500,15.25900
20.7767,469204,0.05054,0.02710,1.02417,-4.08900,-14.52600,15.86900
20.7767,469214,0.04932,0.02539,1.04639,-4.51700,-14.46500,15.86900
20.7878,469224,0.04834,0.03540,1.03540,-3.78400,-14.28200,16.29600
20.7878,469234,0.06030,0.02490,1.02905,-4.33300,-14.16000,16.54100
20.8039,469244,0.03833,0.03857,1.03809,-3.84500,-13.97700,15.99100
20.8198,469254,0.04688,0.03613,1.04663,-3.84500,-14.28200,16.17400
20.8218,469264,0.03589,0.04224,1.04761,-3.72300,-13.42800,15.38100
20.8515,469274,0.03833,0.03784,1.03760,-3.96700,-13.61100,15.62500
20.8515,469284,0.01855,0.02686,1.05493,-4.76100,-14.52600,16.29600
20.8515,469294,0.02954,0.02271,1.04175,-3.78400,-14.28200,16.54100
20.8675,469304,0.04639,0.03320,1.03735,-3.90600,-13.55000,16.41800
20.8769,469314,0.03979,0.03027,1.03735,-4.39500,-13.67200,16.41800
20.8923,469324,0.03394,0.03052,1.04443,-3.96700,-13.97700,16.17400
20.8994,469334,0.02368,0.01514,1.03931,-3.90600,-13.73300,15.80800
20.9134,469344,0.03979,0.02417,1.03198,-4.27200,-13.42800,15.86900
20.9172,469354,0.02588,0.02466,1.04370,-3.78400,-13.97700,15.32000
20.9272,469364,0.03223,0.03394,1.05249,-4.08900,-13.79400,15.93000
20.9470,469374,0.04150,0.01953,1.03662,-4.21100,-14.52600,15.44200
20.9470,469384,0.04492,0.01929,1.03003,-4.63900,-14.64800,16.29600
20.9470,469394,0.03711,0.02563,1.04126,-4.45600,-14.28200,16.23500
20.9656,469404,0.04736,0.02881,1.05127,-3.96700,-14.34300,16.29600
20.9786,469414,0.02173,0.02808,1.03760,-3.90600,-13.30600,15.62500
21.0422,469424,0.02637,0.01562,1.03345,-3.96700,-14.46500,15.56400
21.0422,469434,0.02075,0.02637,1.04224,-3.84500,-14.03800,15.13700
21.0422,469444,0.03809,0.02612,1.05493,-4.21100,-14.70900,15.56400
21.0422,469454,0.04248,0.03589,1.03662,-3.78400,-14.40400,16.05200
21.0422,469464,0.06128,0.04102,1.05103,-3.78400,-13.24500,15.32000
21.0591,469474,0.04053,0.02710,1.06201,-4.15000,-13.06200,14.70900
21.0618,469484,0.04419,0.03345,1.05591,-4.45600,-13.97700,16.29600
21.0624,469494,0.03174,0.03125,1.06128,-4.02800,-14.03800,15.68600
21.0711,469504,0.04517,0.03223,1.05298,-4.27200,-13.67200,16.47900
21.0821,469514,0.04639,0.02466,1.02808,-4.08900,-12.75600,15.62500
21.0999,469524,0.03784,0.03271,1.03296,-4.15000,-13.79400,16.35700
21.1021,469534,0.02271,0.02930,1.04443,-4.45600,-15.13700,16.41800
21.1087,469544,0.02246,0.02734,1.04321,-3.90600,-13.73300,17.39500
21.1190,469554,0.01392,0.04175,1.03857,-3.17400,-14.64800,16.17400
21.1208,469564,0.02759,0.02051,1.04321,-3.23500,-14.03800,16.17400
21.1362,469574,0.02271,0.03320,1.04907,-3.66200,-13.97700,15.74700
21.1600,469584,0.02783,0.04663,1.05835,-3.41800,-14.70900,15.68600
21.1600,469594,0.01562,0.03906,1.06006,-3.11300,-14.46500,15.32000
21.1685,469604,0.02539,0.02783,1.05713,-4.45600,-14.58700,15.74700
21.1982,469614,0.03516,0.03296,1.04932,-4.21100,-14.83200,16.11300
21.1982,469624,0.04736,0.01025,1.05835,-4.15000,-13.61100,15.07600
21.1982,469634,0.04028,0.02295,1.05249,-4.08900,-14.28200,15.74700
21.2031,469644,0.05249,0.02173,1.04517,-4.39500,-15.44200,16.96800
21.2188,469654,0.05298,0.03271,1.04492,-4.70000,-14.46500,16.54100
21.2188,469664,0.05127,0.01685,1.03125,-4.15000,-14.34300,16.41800
21.2299,469674,0.05713,0.02612,1.04346,-4.76100,-13.42800,16.17400
21.2616,469684,0.03711,0.03125,1.03711,-3.72300,-13.85500,15.50300
21.2616,469694,0.02954,0.01245,1.04370,-3.78400,-13.79400,16.17400
21.2616,469704,0.02905,0.02832,1.02368,-3.47900,-13.30600,15.80800
21.2779,469714,0.02246,0.02344,1.04370,-3.35700,-13.06200,15.19800
21.2779,469724,0.02759,0.02319,1.04517,-3.66200,-14.09900,16.29600
21.3021,469734,0.02856,0.01611,1.04346,-3.35700,-12.93900,15.80800
21.3096,469744,0.03052,0.02051,1.05811,-3.72300,-13.97700,15.80800
21.3192,469754,0.02148,0.02832,1.06201,-3.35700,-14.16000,15.44200
21.3272,469764,0.03149,0.02075,1.04956,-3.90600,-14.28200,16.47900
21.3393,469774,0.05518,0.02661,1.04565,-4.33300,-13.36700,15.32000
21.3569,469784,0.03857,0.02979,1.04199,-3.96700,-14.16000,16.23500
21.3569,469794,0.03687,0.03540,1.03271,-4.15000,-13.67200,15.93000
21.3783,469804,0.04224,0.02930,1.04663,-4.02800,-13.91600,15.13700
21.3783,469814,0.04199,0.02930,1.02856,-4.39500,-14.70900,16.60200
21.3885,469824,0.02979,0.03149,1.04199,-4.08900,-13.85500,16.54100
21.3885,469834,0.04419,0.03467,1.04419,-3.54000,-14.64800,16.72400
21.4046,469844,0.06226,0.03003,1.03540,-3.72300,-13.61100,15.99100
21.4153,469854,0.04053,0.02979,1.04199,-3.90600,-14.52600,16.54100
21.4205,469864,0.03882,0.03467,1.05176,-4.08900,-13.79400,15.56400
21.4361,469874,0.03711,0.03271,1.05054,-3.78400,-13.48900,15.74700
21.4361,469884,0.03662,0.02539,1.04175,-3.90600,-13.85500,16.29600
21.4683,469894,0.03076,0.03687,1.04980,-4.21100,-14.28200,16.41800
21.4691,469904,0.02905,0.02539,1.05225,-3.54000,-13.36700,16.17400
21.4784,469914,0.02808,0.03027,1.06177,-4.21100,-13.18400,15.86900
21.4897,469924,0.03564,0.03320,1.04883,-4.27200,-13.61100,15.38100
21.4997,469934,0.03784,0.02466,1.05298,-4.39500,-13.36700,15.62500
21.4997,469944,0.03076,0.02637,1.04688,-4.21100,-14.03800,15.93000
21.5155,469954,0.04688,0.02734,1.05298,-3.90600,-12.81700,15.01500
21.5155,469964,0.03125,0.01978,1.04321,-3.54000,-13.48900,15.86900
21.5315,469974,0.03198,0.02368,1.04175,-4.21100,-13.30600,15.38100
21.5474,469984,0.03418,0.03223,1.03638,-3.96700,-14.16000,16.54100
21.5633,469994,0.03198,0.02588,1.03833,-3.60100,-13.79400,15.56400
21.5633,470004,0.03052,0.02954,1.03809,-4.02800,-13.24500,15.50300
21.5786,470014,0.04468,0.01367,1.04956,-3.41800,-13.18400,16.05200
21.5928,470024,0.04224,0.01343,1.04077,-4.08900,-13.85500,15.07600
21.6048,470034,0.03467,0.02344,1.04077,-3.54000,-13.12300,15.62500
21.6055,470044,0.02954,0.02954,1.05273,-3.41800,-13.85500,15.80800
21.6106,470054,0.02979,0.03540,1.04004,-4.02800,-14.16000,16.29600
21.6271,470064,0.03857,0.02026,1.04492,-3.84500,-13.00000,16.11300
21.6271,470074,0.03687,0.01978,1.05005,-3.96700,-13.06200,15.25900
21.6496,470084,0.04248,0.02783,1.05835,-3.72300,-13.12300,15.86900
21.6594,470094,0.03833,0.03638,1.03662,-4.15000,-13.18400,15.44200
21.6594,470104,0.05273,0.02075,1.03906,-3.90600,-13.12300,15.50300
21.6789,470114,0.02441,0.01758,1.03760,-3.84500,-13.30600,16.05200
21.6789,470124,0.02954,0.02881,1.05835,-3.35700,-12.93900,16.11300
21.6911,470134,0.04297,0.04370,1.03638,-4.02800,-13.06200,15.50300
21.7070,470144,0.02075,0.03174,1.03784,-3.66200,-13.73300,16.47900
21.7070,470154,0.03711,0.02563,1.04663,-4.15000,-13.97700,15.44200
21.7227,470164,0.02759,0.03223,1.04175,-4.27200,-13.42800,15.56400
21.7386,470174,0.03809,0.02734,1.04297,-4.02800,-14.34300,15.38100
21.7386,470184,0.03027,0.02686,1.03076,-3.72300,-12.69500,14.58700
21.7709,470194,0.05444,0.02539,1.02930,-3.35700,-12.81700,15.99100
21.7709,470204,0.04346,0.01929,1.04858,-3.47900,-13.30600,15.50300
21.7789,470214,0.03320,0.02905,1.05908,-3.84500,-13.91600,16.29600
21.7867,470224,0.03711,0.02808,1.04565,-3.72300,-13.67200,15.68600
21.7867,470234,0.03882,0.02954,1.03809,-4.02800,-13.67200,16.60200
21.8025,470244,0.04907,0.02539,1.04688,-3.84500,-13.36700,15.13700
21.8186,470254,0.03442,0.01562,1.04663,-4.27200,-13.00000,16.35700
21.8186,470264,0.04028,0.03247,1.04199,-3.72300,-13.24500,16.35700
21.8368,470274,0.02808,0.02686,1.04395,-3.96700,-13.30600,16.11300
21.8503,470284,0.02710,0.05103,1.03564,-4.57800,-14.40400,16.90700
21.8503,470294,0.02686,0.04102,1.03345,-4.21100,-13.48900,15.86900
21.8664,470304,0.02710,0.02319,1.03271,-3.96700,-14.46500,16.90700
21.8664,470314,0.02832,0.01953,1.03857,-3.66200,-13.06200,15.07600
21.8875,470324,0.02417,0.03320,1.03271,-3.96700,-13.73300,16.54100
21.8983,470334,0.03003,0.03516,1.04248,-3.90600,-14.03800,16.17400
21.8983,470344,0.03735,0.03174,1.04614,-3.41800,-13.73300,15.99100
21.9141,470354,0.04541,0.04102,1.04565,-3.78400,-13.30600,15.25900
21.9298,470364,0.04297,0.03418,1.03516,-3.66200,-14.83200,16.54100
21.9298,470374,0.03662,0.02661,1.05518,-3.54000,-13.61100,15.56400
21.9484,470384,0.03491,0.02100,1.05054,-3.96700,-14.77100,15.38100
21.9484,470394,0.03516,0.04004,1.04810,-4.63900,-14.03800,15.32000
21.9813,470404,0.02734,0.04565,1.04395,-3.90600,-14.58700,16.54100
21.9813,470414,0.02344,0.01953,1.06665,-4.33300,-14.64800,15.44200
21.9813,470424,0.03809,0.04102,1.03711,-3.96700,-14.52600,16.23500
21.9944,470434,0.02490,0.01978,1.04248,-4.39500,-15.25900,16.41800
21.9944,470444,0.02173,0.02515,1.04272,-3.84500,-14.22100,15.68600
22.0116,470454,0.02124,0.03271,1.03687,-3.54000,-14.70900,16.78500
22.0249,470464,0.03052,0.02979,1.02466,-3.66200,-14.46500,15.38100
22.0249,470474,0.03955,0.02417,1.04858,-3.41800,-14.28200,16.41800
22.0500,470484,0.03174,0.02441,1.05615,-3.78400,-14.28200,16.17400
22.0797,470494,0.03052,0.03833,1.05273,-3.47900,-14.40400,15.56400
22.0797,470504,0.03955,0.03198,1.04297,-4.15000,-14.40400,15.32000
22.0797,470514,0.03369,0.01855,1.04272,-3.90600,-14.64800,15.74700
22.0893,470524,0.02710,0.03320,1.05249,-4.21100,-14.03800,15.44200
22.0893,470534,0.04395,0.01929,1.06567,-3.47900,-14.58700,15.32000
22.1067,470544,0.02954,0.02222,1.03296,-4.45600,-15.19800,16.29600
22.1214,470554,0.03076,0.01440,1.02881,-4.33300,-14.03800,15.68600
22.1214,470564,0.02930,0.03809,1.04102,-4.08900,-15.01500,16.05200
22.1375,470574,0.03638,0.02246,1.03052,-4.27200,-15.62500,16.54100
22.1375,470584,0.03076,0.02954,1.04639,-4.08900,-15.38100,15.99100
22.1533,470594,0.03467,0.03369,1.03345,-4.08900,-15.44200,15.80800
22.1693,470604,0.04370,0.03271,1.03271,-3.66200,-14.52600,15.25900
22.1693,470614,0.03076,0.01953,1.04663,-4.27200,-15.38100,16.47900
22.1853,470624,0.02759,0.03247,1.04883,-3.72300,-13.85500,14.77100
22.1853,470634,0.04346,0.02124,1.04956,-3.66200,-14.34300,15.13700
22.2012,470644,0.03223,0.03320,1.05029,-3.41800,-14.34300,15.56400
22.2170,470654,0.04639,0.03271,1.05688,-3.84500,-13.97700,15.93000
22.2170,470664,0.05176,0.03564,1.05176,-4.33300,-14.46500,16.54100
22.2327,470674,0.05640,0.04858,1.05005,-4.39500,-13.97700,16.90700
22.2531,470684,0.04834,0.02954,1.04175,-3.96700,-13.06200,15.74700
22.2531,470694,0.04272,0.03931,1.04077,-3.84500,-13.00000,16.17400
22.2797,470704,0.04272,0.03369,1.03149,-4.21100,-12.81700,16.72400
22.2797,470714,0.03223,0.02661,1.03369,-4.02800,-12.69500,16.17400
22.2797,470724,0.03491,0.02783,1.03760,-3.96700,-12.81700,16.54100
22.2957,470734,0.00732,0.02563,1.03149,-4.63900,-13.00000,15.93000
22.3116,470744,0.01147,0.03027,1.03540,-3.96700,-12.20700,15.19800
22.3116,470754,0.03247,0.02734,1.03198,-3.78400,-12.63400,15.50300
22.3277,470764,0.02783,0.03247,1.05054,-3.41800,-11.71900,15.01500
22.3277,470774,0.05713,0.03003,1.05566,-3.72300,-12.51200,15.07600
22.3435,470784,0.05518,0.03174,1.05200,-3.84500,-12.02400,15.50300
22.3593,470794,0.04932,0.01343,1.04346,-3.54000,-12.39000,15.74700
22.3593,470804,0.05518,0.03394,1.04858,-3.60100,-11.59700,15.56400
22.3799,470814,0.04614,0.03931,1.04468,-4.27200,-11.35300,16.17400
22.3799,470824,0.02856,0.01709,1.05200,-4.33300,-12.02400,16.78500
22.3911,470834,0.03345,0.03271,1.03613,-4.33300,-11.35300,16.17400
22.4070,470844,0.02905,0.02832,1.04321,-4.27200,-11.29200,16.05200
22.4164,470854,0.02515,0.02124,1.05566,-3.78400,-9.76600,15.62500
22.4230,470864,0.03589,0.02563,1.05396,-3.66200,-10.74200,15.07600
22.4386,470874,0.01489,0.02148,1.03809,-4.27200,-11.23000,15.86900
22.4386,470884,0.02515,0.03394,1.03955,-4.02800,-10.49800,15.68600
22.4545,470894,0.03882,0.02002,1.03979,-4.02800,-10.74200,15.13700
22.4545,470904,0.03076,0.03809,1.02515,-4.15000,-11.16900,15.13700
22.4799,470914,0.05078,0.03589,1.04346,-3.54000,-11.29200,16.66300
22.4866,470924,0.03784,0.03784,1.03125,-3.11300,-9.94900,14.58700
22.4866,470934,0.03149,0.02466,1.04907,-3.41800,-11.23000,16.35700
22.5668,470944,0.04370,0.02808,1.03906,-4.33300,-11.47500,16.41800
22.5668,470954,0.01465,0.02563,1.04932,-3.90600,-11.90200,16.60200
22.5668,470999,0.00391,0.02246,1.06860,-4.57800,-13.00000,16.78500
22.5668,471001,0.00391,0.02246,1.06860,-4.57800,-13.00000,16.78500
22.5668,471002,0.00391,0.02246,1.06860,-4.57800,-13.00000,16.78500
22.5668,471004,0.00391,0.02246,1.06860,-4.57800,-13.00000,16.78500
22.5668,471005,0.00830,0.02710,1.05225,-3.29600,-11.90200,15.13700
22.5826,471014,0.03662,0.03687,1.04541,-3.96700,-12.87800,15.74700
22.5826,471024,0.02368,0.02295,1.03711,-4.39500,-13.55000,15.86900
22.5983,471034,0.02686,0.02417,1.04004,-3.90600,-12.32900,15.80800
22.5983,471044,0.04565,0.04175,1.04785,-4.21100,-11.96300,15.50300
22.6196,471054,0.04419,0.02319,1.04419,-3.66200,-12.26800,15.74700
22.6317,471064,0.03052,0.03662,1.04883,-3.54000,-12.20700,15.62500
22.6418,471074,0.03540,0.03687,1.03540,-3.84500,-12.69500,15.56400
22.6613,471084,0.02368,0.03076,1.03955,-3.35700,-12.26800,15.25900
22.6613,471094,0.01929,0.03638,1.03760,-3.84500,-12.87800,16.60200
22.6613,471104,-0.00122,0.02051,1.04492,-3.47900,-12.93900,15.74700
22.6931,471114,0.00146,0.02832,1.04053,-3.78400,-12.93900,15.86900
22.6931,471124,0.01709,0.02734,1.05078,-3.54000,-13.91600,16.11300
22.6931,471134,0.01367,0.01855,1.03760,-3.72300,-13.36700,16.05200
22.7088,471144,0.02759,0.02832,1.04541,-3.60100,-13.67200,14.64800
22.7088,471154,0.01392,0.02686,1.04443,-4.27200,-15.19800,15.68600
22.7288,471164,0.00928,0.04199,1.05859,-4.33300,-15.44200,16.17400
22.7288,471174,0.03833,0.02490,1.04468,-4.21100,-15.50300,15.80800
22.7406,471184,0.03613,0.03564,1.04517,-4.27200,-15.68600,15.62500
22.7565,471194,0.01782,0.02930,1.04565,-4.02800,-15.44200,16.29600
22.7681,471204,0.02417,0.02075,1.04248,-3.90600,-15.32000,15.62500
22.7785,471214,0.02148,0.03564,1.03345,-3.54000,-15.56400,15.99100
22.7876,471224,0.03638,0.03125,1.04126,-3.47900,-14.89300,15.13700
22.8036,471234,0.02368,0.02173,1.04810,-3.72300,-16.29600,15.32000
22.8036,471244,0.02759,0.03711,1.04980,-3.54000,-15.32000,15.07600
22.8197,471254,0.01685,0.03345,1.04565,-3.66200,-15.62500,15.62500
22.8197,471264,0.02246,0.02905,1.05591,-3.11300,-14.77100,15.25900
22.8356,471274,0.04199,0.03638,1.03882,-3.23500,-16.05200,15.32000
22.8491,471284,0.03320,0.03931,1.06079,-4.08900,-16.78500,16.29600
22.8592,471294,0.01099,0.02759,1.06030,-4.08900,-16.35700,16.05200
22.8707,471304,0.02197,0.01953,1.06372,-4.21100,-15.93000,15.86900
22.8707,471314,0.02954,0.04077,1.05103,-3.78400,-16.35700,15.68600
22.8991,471324,0.02075,0.02637,1.04907,-3.90600,-16.17400,16.17400
22.8991,471334,0.03076,0.04028,1.03076,-4.02800,-16.29600,14.77100
22.8991,471344,0.02588,0.03418,1.04175,-4.08900,-16.60200,15.56400
22.9150,471354,0.04492,0.00977,1.06030,-3.84500,-16.54100,14.77100
22.9150,471364,0.03076,0.02856,1.03198,-3.96700,-17.63900,17.45600
22.9308,471374,0.03247,0.02319,1.03979,-3.90600,-17.39500,16.47900
22.9468,471384,0.02905,0.01880,1.03589,-3.90600,-16.84600,16.35700
22.9643,471394,0.02661,0.02954,1.05322,-4.02800,-16.96800,15.62500
22.9823,471404,0.04297,0.02954,1.04224,-3.23500,-16.96800,16.05200
22.9823,471414,0.03589,0.01709,1.04932,-3.72300,-16.96800,16.05200
22.9943,471424,0.02979,0.02002,1.04395,-3.90600,-16.72400,15.50300
23.0209,471434,0.04126,0.03198,1.04443,-3.17400,-16.29600,15.74700
23.0209,471444,0.03760,0.02905,1.05103,-4.15000,-17.15100,15.68600
23.0260,471454,0.03027,0.02759,1.04688,-4.51700,-16.78500,15.62500
23.0260,471464,0.03906,0.02588,1.06445,-3.90600,-17.15100,16.11300
23.0260,471474,0.03223,0.03418,1.04370,-3.78400,-15.19800,14.83200
23.0417,471484,0.04565,0.02197,1.04028,-4.21100,-16.23500,15.25900
23.0578,471494,0.03418,0.02295,1.03833,-4.63900,-15.86900,15.99100
23.0578,471504,0.05420,0.03662,1.04346,-4.33300,-16.41800,16.35700
23.0769,471514,0.04785,0.03467,1.03003,-4.39500,-16.54100,17.02900
23.1056,471524,0.04199,0.02490,1.05176,-3.78400,-15.74700,15.56400
23.1056,471534,0.04004,0.02881,1.03076,-3.66200,-15.74700,15.99100
23.1056,471544,0.04688,0.04688,1.03491,-3.17400,-15.19800,16.47900
23.1217,471554,0.03320,0.04077,1.05713,-3.90600,-15.44200,16.17400
23.1252,471564,0.03125,0.02319,1.04810,-4.02800,-14.70900,15.80800
23.1378,471574,0.04492,0.02734,1.05933,-3.60100,-13.97700,15.01500
23.1378,471584,0.02344,0.02856,1.06860,-4.08900,-15.56400,16.47900
23.1555,471594,0.03247,0.04175,1.05762,-3.84500,-15.62500,16.96800
23.1555,471604,0.05298,0.02783,1.04395,-4.21100,-14.34300,16.35700
23.1696,471614,0.05078,0.03320,1.04639,-4.21100,-14.46500,15.80800
23.2017,471624,0.05176,0.03589,1.03003,-4.21100,-14.34300,16.23500
23.2017,471634,0.05811,0.01807,1.04126,-4.15000,-13.24500,15.86900
23.2017,471644,0.05273,0.03784,1.02905,-4.02800,-13.36700,15.07600
23.2183,471654,0.02539,0.02319,1.03638,-3.66200,-13.00000,15.62500
23.2343,471664,0.03809,0.00928,1.02368,-3.78400,-12.87800,16.41800
23.2343,471674,0.03540,0.01733,1.04883,-3.29600,-12.57300,16.23500
23.2501,471684,0.03979,0.03833,1.03638,-4.08900,-13.36700,16.17400
23.2501,471694,0.03564,0.03735,1.06641,-3.23500,-12.02400,15.68600
23.2660,471704,0.03735,0.02295,1.05347,-4.21100,-12.93900,16.78500
23.2660,471714,0.02588,0.03125,1.06519,-3.29600,-11.53600,15.13700
23.2827,471724,0.03589,0.02441,1.05127,-3.54000,-11.35300,15.68600
23.2978,471734,0.04175,0.01978,1.05786,-3.72300,-10.98600,14.83200
23.2978,471744,0.03955,0.03394,1.05078,-3.78400,-12.32900,15.44200
23.3200,471754,0.03711,0.02124,1.03857,-3.90600,-12.32900,16.11300
23.3399,471764,0.04980,0.02515,1.04297,-4.27200,-11.78000,16.29600
23.3404,471774,0.02539,0.03027,1.03564,-4.27200,-11.71900,15.44200
23.3486,471784,0.03076,0.03540,1.03247,-4.15000,-11.23000,15.74700
23.3598,471794,0.04907,0.02612,1.04150,-3.66200,-11.23000,15.32000
23.3688,471804,0.03271,0.02881,1.03540,-3.41800,-12.02400,15.62500
23.3816,471814,0.02563,0.02930,1.04541,-3.35700,-11.04700,14.77100
23.3930,471824,0.03052,0.03003,1.05469,-3.72300,-10.92500,15.99100
23.4078,471834,0.03931,0.03857,1.05737,-3.35700,-10.86400,15.80800
23.4078,471844,0.04688,0.03418,1.04761,-4.15000,-11.47500,16.41800
23.4167,471854,0.03979,0.03125,1.05347,-3.84500,-10.62000,15.74700
23.4238,471864,0.03027,0.01318,1.05273,-3.84500,-10.98600,16.35700
23.4405,471874,0.03174,0.03442,1.05688,-4.08900,-11.84100,16.23500
23.4415,471884,0.03125,0.02734,1.04248,-4.39500,-11.47500,16.17400
23.4564,471894,0.02344,0.03076,1.05859,-4.08900,-10.55900,16.66300
23.4564,471904,0.01147,0.01758,1.05518,-3.96700,-10.86400,15.86900
23.4756,471914,0.02710,0.01831,1.04004,-4.39500,-11.35300,15.93000
23.4922,471924,0.03027,0.03613,1.02905,-3.96700,-10.55900,15.19800
23.5024,471934,0.02515,0.02783,1.03906,-3.66200,-11.29200,16.60200
23.5024,471944,0.01514,0.02832,1.03931,-3.72300,-10.49800,14.83200
23.5187,471954,0.02441,0.02197,1.03589,-3.72300,-10.74200,15.93000
23.5187,471964,0.02173,0.02832,1.03833,-3.35700,-11.41400,16.29600
23.5392,471974,0.01758,0.02979,1.04150,-3.35700,-11.78000,14.89300
23.5470,471984,0.00635,0.02637,1.04077,-4.02800,-12.26800,15.80800
23.5547,471994,0.00586,0.02686,1.06396,-4.02800,-11.84100,16.11300
23.5666,472004,0.02368,0.02441,1.05444,-3.84500,-12.45100,15.93000
23.5802,472014,0.01587,0.04028,1.04370,-4.02800,-12.57300,16.11300
23.5979,472024,0.03003,0.02856,1.06421,-3.96700,-11.71900,14.95400
23.6099,472034,0.02197,0.03076,1.05518,-4.45600,-13.00000,16.35700
23.6099,472044,0.03345,0.03516,1.03809,-4.02800,-12.32900,15.62500
23.6238,472054,0.02759,0.02905,1.03662,-4.02800,-12.87800,15.62500
23.6309,472064,0.02588,0.03369,1.03784,-4.08900,-13.30600,15.56400
23.6315,472074,0.02808,0.02197,1.04346,-3.96700,-12.63400,16.11300
23.6455,472084,0.02930,0.02368,1.03882,-3.90600,-13.18400,16.11300
23.6455,472094,0.04150,0.02051,1.02612,-3.84500,-13.67200,15.62500
23.6690,472104,0.00903,0.03589,1.03638,-3.29600,-12.93900,16.17400
23.6791,472114,0.01733,0.01489,1.04468,-3.60100,-13.12300,15.62500
23.6927,472124,0.01611,0.03247,1.04590,-3.84500,-13.36700,16.29600
23.6927,472134,0.01270,0.02368,1.04590,-3.72300,-13.61100,15.56400
23.7084,472144,0.01880,0.04663,1.05762,-3.41800,-13.24500,16.11300
23.7084,472154,0.01489,0.02490,1.05615,-3.60100,-14.28200,15.32000
23.7243,472164,0.02148,0.02393,1.05127,-3.78400,-13.24500,15.01500
23.7411,472174,0.02490,0.03198,1.05884,-3.66200,-13.85500,15.86900
23.7492,472184,0.02222,0.03882,1.04785,-3.72300,-14.16000,15.68600
23.7582,472194,0.01514,0.03320,1.04810,-4.27200,-14.77100,15.80800
23.7683,472204,0.03296,0.03369,1.03906,-4.39500,-13.73300,15.01500
23.7884,472214,0.03247,0.02075,1.02832,-4.63900,-15.13700,15.93000
23.7884,472224,0.01660,0.01611,1.02759,-4.27200,-15.38100,16.41800
23.7884,472234,0.01733,0.02368,1.03271,-3.96700,-15.56400,16.17400
23.8212,472244,0.01611,0.02710,1.03149,-4.08900,-15.86900,15.80800
23.8212,472254,0.03540,0.03906,1.03125,-4.15000,-15.56400,16.47900
23.8212,472264,0.01758,0.03345,1.03906,-3.54000,-14.58700,16.11300
23.8373,472274,0.01709,0.02661,1.04126,-3.90600,-15.25900,16.72400
23.8534,472284,0.02319,0.01953,1.04004,-2.99100,-14.46500,15.25900
23.8534,472294,0.02124,0.03467,1.05273,-3.17400,-15.07600,15.32000
23.8694,472304,0.01562,0.01807,1.05737,-3.78400,-14.89300,15.74700
23.8694,472314,0.03784,0.04639,1.05127,-3.84500,-15.44200,16.11300
23.8863,472324,0.03076,0.03491,1.04956,-4.15000,-14.95400,16.05200
23.9023,472334,0.03174,0.04028,1.05469,-4.45600,-15.25900,15.32000
23.9183,472344,0.03760,0.04614,1.04175,-4.45600,-16.47900,16.72400
23.9183,472354,0.02393,0.03540,1.02734,-4.57800,-15.99100,16.11300
23.9288,472364,0.03052,0.03931,1.03784,-4.15000,-16.47900,16.90700
23.9404,472374,0.03076,0.04248,1.03076,-3.96700,-16.11300,16.66300
23.9485,472384,0.02686,0.02686,1.03345,-3.96700,-14.95400,15.86900
23.9661,472394,0.02930,0.03174,1.03076,-3.96700,-16.23500,15.38100
23.9661,472404,0.01709,0.02173,1.04639,-4.27200,-16.05200,15.86900
23.9830,472414,0.02686,0.04688,1.04395,-3.41800,-15.38100,15.56400
23.9830,472424,0.02441,0.02856,1.05640,-3.41800,-14.83200,14.89300
23.9979,472434,0.02148,0.02588,1.04712,-3.35700,-14.52600,14.77100
24.0151,472444,0.03296,0.02295,1.05981,-3.35700,-13.97700,15.62500
24.0231,472454,0.01904,0.03149,1.06543,-3.17400,-14.16000,14.89300
24.0292,472464,0.04053,0.02075,1.06128,-3.90600,-14.95400,16.41800
24.0292,472474,0.04395,0.02759,1.04248,-4.08900,-15.07600,15.93000
24.0548,472484,0.01709,0.01636,1.05078,-3.84500,-15.01500,16.05200
24.0610,472494,0.03979,0.03857,1.03906,-3.78400,-15.62500,16.35700
24.0610,472504,0.03223,0.02856,1.04419,-4.08900,-14.22100,15.68600
24.0789,472514,0.03418,0.03149,1.04175,-4.33300,-14.28200,15.62500
24.0850,472524,0.03418,0.02271,1.04077,-4.21100,-14.77100,15.74700
24.0939,472534,0.02783,0.02881,1.04102,-3.60100,-14.09900,14.83200
24.1090,472544,0.03735,0.02612,1.02490,-3.35700,-14.03800,15.56400
24.1247,472554,0.03564,0.02075,1.03784,-2.86900,-13.36700,14.34300
24.1247,472564,0.04761,0.03003,1.02515,-3.29600,-14.22100,15.32000
24.1323,472574,0.02710,0.03320,1.05176,-4.15000,-14.40400,16.05200
24.1505,472584,0.03516,0.04248,1.05176,-3.66200,-14.03800,16.11300
24.1558,472594,0.03345,0.02173,1.04468,-3.29600,-14.46500,16.05200
24.1558,472604,0.02515,0.02637,1.06323,-3.72300,-13.12300,15.25900
24.1718,472614,0.03247,0.02441,1.04834,-4.15000,-13.61100,16.11300
24.1878,472624,0.03003,0.04590,1.04175,-4.70000,-12.93900,15.93000
24.1878,472634,0.04028,0.03125,1.04419,-4.33300,-14.03800,16.84600
24.2037,472644,0.04004,0.02441,1.05103,-4.45600,-13.18400,15.93000
24.2200,472654,0.03027,0.03662,1.02881,-3.96700,-13.18400,15.80800
24.2200,472664,0.04004,0.02661,1.02246,-4.27200,-13.85500,16.90700
24.2400,472674,0.03857,0.02783,1.03784,-4.15000,-12.51200,15.32000
24.2436,472684,0.03271,0.02856,1.02271,-3.90600,-12.81700,15.32000
24.2535,472694,0.03271,0.03271,1.03271,-3.84500,-12.51200,15.50300
24.2745,472704,0.04150,0.03516,1.04077,-3.54000,-12.81700,15.25900
24.2786,472714,0.02563,0.02148,1.03735,-3.66200,-12.93900,16.11300
24.2892,472724,0.03882,0.03809,1.04297,-3.90600,-13.30600,16.60200
24.2991,472734,0.01685,0.01831,1.07031,-3.72300,-12.08500,15.68600
24.3091,472744,0.01221,0.02588,1.06250,-4.02800,-12.75600,15.44200
24.3310,472754,0.01416,0.03296,1.07666,-3.47900,-11.41400,15.38100
24.3310,472764,0.03564,0.03442,1.04810,-3.72300,-12.57300,15.56400
24.3310,472774,0.04663,0.03027,1.05933,-3.47900,-11.59700,15.07600
24.3470,472784,0.03271,0.03491,1.03979,-4.15000,-11.71900,15.62500
24.3544,472794,0.03540,0.03003,1.03979,-3.84500,-11.47500,15.32000
24.3631,472804,0.01733,0.02710,1.03906,-4.15000,-12.32900,15.50300
24.3791,472814,0.03223,0.03491,1.04199,-4.15000,-12.45100,16.17400
24.3833,472824,0.01880,0.03003,1.04956,-3.54000,-11.65800,15.01500
24.3950,472834,0.02417,0.02051,1.03638,-4.39500,-12.32900,16.05200
24.3950,472844,0.02710,0.03003,1.03491,-3.84500,-12.08500,16.66300
24.4172,472854,0.02368,0.03394,1.03491,-4.15000,-12.45100,15.99100
24.4267,472864,0.02393,0.03491,1.04785,-4.27200,-12.26800,16.11300
24.4267,472874,0.01270,0.02124,1.04199,-4.02800,-12.08500,16.11300
24.4429,472884,0.01147,0.02539,1.05005,-4.08900,-11.23000,15.01500
24.4588,472894,0.01465,0.03320,1.05396,-3.96700,-11.35300,15.50300
24.4588,472904,0.01221,0.02661,1.04907,-3.35700,-11.59700,15.44200
24.4768,472914,0.01465,0.03955,1.04272,-4.02800,-12.93900,16.35700
24.4833,472924,0.01318,0.03003,1.04614,-4.33300,-12.69500,16.41800
24.4905,472934,0.01514,0.02075,1.05640,-3.78400,-11.29200,14.58700
24.5066,472944,0.03149,0.02246,1.06274,-4.15000,-11.78000,14.64800
24.5066,472954,0.03223,0.03271,1.04688,-3.78400,-11.59700,15.01500
24.5549,473000,0.03833,0.03442,1.03589,-4.57800,-12.63400,16.29600
24.5549,473002,0.03833,0.03442,1.03589,-4.57800,-12.63400,16.29600
24.5549,473003,0.03833,0.03442,1.03589,-4.08900,-12.26800,16.05200
24.5549,473005,0.03418,0.03760,1.01782,-4.08900,-12.26800,16.05200
24.5705,473006,0.03418,0.03760,1.01782,-4.08900,-12.26800,16.05200
24.5705,473014,0.02563,0.02612,1.03369,-3.90600,-13.06200,16.23500
24.5864,473024,0.02319,0.03467,1.02930,-4.15000,-11.41400,15.74700
24.5864,473034,0.01465,0.03540,1.03198,-3.54000,-12.14600,16.11300
24.6094,473044,-0.00146,0.03516,1.03125,-3.66200,-12.51200,16.05200
24.6182,473054,0.01025,0.02637,1.04858,-3.47900,-12.26800,15.86900
24.6402,473064,0.00146,0.02808,1.05664,-3.72300,-12.57300,16.47900
24.6449,473074,0.00684,0.04590,1.04810,-3.72300,-12.39000,15.68600
24.6490,473084,0.00854,0.03589,1.06299,-4.33300,-13.42800,16.47900
24.6544,473094,0.01343,0.03735,1.06934,-4.21100,-13.48900,14.95400
24.6648,473104,0.01025,0.02466,1.04883,-4.39500,-13.24500,15.38100
24.6756,473114,0.01758,0.02905,1.04443,-4.39500,-13.79400,15.68600
24.6858,473124,0.01196,0.03076,1.04395,-4.82200,-13.55000,15.93000
24.6965,473134,0.02319,0.01660,1.04297,-4.21100,-13.79400,15.99100
24.6965,473144,0.02783,0.03613,1.04736,-4.15000,-14.22100,15.68600
24.7204,473154,0.03687,0.02637,1.04248,-4.08900,-14.95400,16.23500
24.7439,473164,0.04321,0.03711,1.01538,-3.90600,-14.28200,15.80800
24.7439,473174,0.03638,0.03979,1.03638,-4.02800,-13.42800,15.07600
24.7439,473184,0.02441,0.02954,1.03857,-3.05200,-13.18400,16.11300
24.7439,473194,0.02954,0.03613,1.05957,-3.05200,-13.48900,15.56400
24.7597,473204,0.02051,0.01611,1.06055,-3.23500,-14.34300,15.68600
24.7754,473214,0.02661,0.03003,1.05273,-3.35700,-13.55000,16.17400
24.7849,473224,0.01343,0.01440,1.07422,-3.96700,-13.36700,15.62500
24.7915,473234,0.02832,0.03076,1.05859,-3.72300,-14.03800,16.60200
24.8075,473244,0.01001,0.01196,1.07983,-4.51700,-14.64800,15.68600
24.8075,473254,0.03174,0.03882,1.05103,-4.45600,-14.34300,16.17400
24.8252,473264,0.00757,0.02905,1.03711,-4.88300,-13.55000,15.25900
24.8403,473274,0.01123,0.02002,1.03394,-4.57800,-15.01500,16.11300
24.8403,473284,0.00391,0.03076,1.03149,-4.51700,-14.28200,15.01500
24.8564,473294,0.02881,0.02563,1.03174,-4.33300,-13.97700,15.68600
24.8724,473304,0.01782,0.02417,1.02271,-3.60100,-15.07600,15.62500
24.8724,473314,0.01636,0.01636,1.04175,-4.08900,-15.13700,16.47900
24.8883,473324,0.00610,0.02417,1.04102,-3.17400,-15.50300,15.44200
24.8883,473334,0.01343,0.03247,1.03809,-2.93000,-14.83200,16.11300
24.9042,473344,0.02002,0.02222,1.04736,-3.11300,-14.09900,15.44200
24.9042,473354,0.02393,0.03003,1.07935,-2.93000,-15.74700,15.86900
24.9201,473364,0.02441,0.03833,1.07031,-3.66200,-15.56400,15.50300
24.9361,473374,0.02539,0.02124,1.06543,-3.90600,-15.32000,15.13700
24.9361,473384,0.02979,0.03955,1.05688,-3.90600,-15.19800,15.74700
24.9520,473394,0.02124,0.02905,1.07764,-4.57800,-14.83200,15.01500
24.9692,473404,0.04321,0.02661,1.05762,-4.45600,-15.32000,15.62500
24.9692,473414,0.03613,0.02100,1.04395,-4.45600,-15.74700,15.80800
24.9856,473424,0.02246,0.02612,1.03760,-4.21100,-15.86900,16.11300
24.9856,473434,0.02930,0.03125,1.03076,-5.00500,-15.99100,16.90700
24.9996,473444,0.02490,0.01855,1.03857,-3.84500,-15.74700,16.47900
25.0226,473454,0.02197,0.02368,1.03174,-4.02800,-15.56400,17.15100
25.0232,473464,0.02148,0.04053,1.02856,-3.54000,-15.86900,15.80800
25.0470,473474,0.01733,0.03809,1.03467,-4.21100,-15.74700,16.60200
25.0470,473484,0.01221,0.02710,1.02759,-3.35700,-15.86900,15.86900
25.0554,473494,0.01611,0.02783,1.05151,-3.90600,-16.23500,16.60200
25.0645,473504,0.00000,0.03662,1.06030,-3.35700,-15.19800,15.56400
25.0790,473514,0.00195,0.03369,1.03979,-3.54000,-15.99100,15.62500
25.0855,473524,0.01099,0.02563,1.05298,-3.72300,-15.25900,15.44200
25.0951,473534,0.01660,0.02271,1.05127,-3.72300,-16.23500,15.01500
25.0951,473544,0.01929,0.03125,1.06348,-3.96700,-16.29600,14.95400
25.1123,473554,0.03076,0.00659,1.06030,-4.33300,-16.05200,15.62500
25.1269,473564,0.04858,0.02710,1.04541,-4.02800,-16.11300,15.19800
25.1513,473574,0.04150,0.02344,1.03076,-4.21100,-15.56400,15.68600
25.1513,473584,0.04517,0.03564,1.02661,-4.15000,-16.05200,16.84600
25.1586,473594,0.04150,0.02954,1.03540,-4.08900,-15.74700,16.23500
25.1606,473604,0.05322,0.02148,1.03540,-3.41800,-14.89300,15.38100
25.1746,473614,0.02905,0.02661,1.03979,-3.54000,-15.44200,15.93000
25.1859,473624,0.03540,0.02930,1.03662,-3.54000,-14.95400,16.47900
25.1903,473634,0.03198,0.02979,1.03711,-3.66200,-14.64800,15.44200
25.2060,473644,0.02441,0.02954,1.05029,-3.41800,-14.70900,16.66300
25.2184,473654,0.02148,0.03052,1.05835,-3.29600,-14.52600,15.56400
25.2297,473664,0.01465,0.02319,1.06714,-3.54000,-14.64800,16.11300
25.2557,473674,0.02344,0.04175,1.05029,-3.96700,-14.52600,16.17400
25.2557,473684,0.01343,0.03394,1.04932,-4.15000,-14.34300,15.86900
25.2557,473694,0.02686,0.03442,1.04297,-4.57800,-14.77100,15.74700
25.2696,473704,0.04395,0.03882,1.03760,-4.27200,-14.77100,15.01500
25.2696,473714,0.03125,0.02881,1.03198,-5.00500,-15.01500,16.35700
25.2860,473724,0.02417,0.01270,1.05225,-4.45600,-14.16000,15.25900
25.2860,473734,0.03320,0.01904,1.02832,-4.27200,-14.16000,15.86900
25.3016,473744,0.03271,0.02515,1.03564,-4.08900,-13.91600,15.13700
25.3176,473754,0.02295,0.02295,1.03564,-3.90600,-14.16000,16.11300
25.3176,473764,0.04810,0.03906,1.02417,-3.60100,-14.52600,16.35700
25.3349,473774,0.03711,0.01587,1.03271,-3.54000,-14.34300,16.35700
25.3575,473784,0.03027,0.03125,1.05029,-3.54000,-14.22100,16.11300
25.3575,473794,0.04028,0.02881,1.05786,-3.05200,-13.67200,15.68600
25.3669,473804,0.03955,0.02637,1.05273,-3.72300,-13.97700,15.99100
25.3863,473814,0.03418,0.03711,1.08252,-3.72300,-13.18400,15.86900
25.3863,473824,0.02783,0.03125,1.07349,-4.15000,-12.87800,15.38100
25.3997,473834,0.04785,0.02856,1.06274,-3.72300,-12.75600,15.62500
25.4015,473844,0.05737,0.02173,1.05518,-4.51700,-12.57300,16.11300
25.4178,473854,0.03931,0.01636,1.04810,-4.88300,-13.24500,16.96800
25.4178,473864,0.04272,0.02026,1.05005,-4.94400,-13.06200,15.74700
25.4451,473874,0.04175,0.02661,1.03394,-4.21100,-12.87800,15.68600
25.4451,473884,0.03027,0.01440,1.01489,-4.15000,-12.93900,15.62500
25.4451,473894,0.01978,0.03320,1.02026,-3.60100,-12.26800,15.01500
25.4611,473904,0.02710,0.03271,1.04077,-3.47900,-11.96300,15.25900
25.4776,473914,0.01123,0.02661,1.02539,-3.11300,-12.45100,15.32000
25.4865,473924,0.01221,0.02393,1.03979,-3.17400,-11.65800,15.62500
25.4931,473934,0.02271,0.01099,1.05298,-3.11300,-12.26800,13.85500
25.5090,473944,0.03613,0.03076,1.06519,-3.72300,-12.32900,15.25900
25.5175,473954,0.02905,0.04565,1.04614,-3.72300,-12.63400,15.50300
25.5248,473964,0.04053,0.03589,1.05688,-3.96700,-13.55000,15.99100
25.5366,473974,0.03052,0.02515,1.04834,-4.02800,-12.14600,14.77100
25.5555,473984,0.02515,0.02905,1.06445,-3.66200,-12.93900,16.41800
25.5565,473994,0.04810,0.02393,1.05396,-4.15000,-12.02400,15.44200
25.5565,474004,0.03076,0.03076,1.05005,-4.21100,-12.69500,14.58700
25.5722,474014,0.03979,0.02075,1.03198,-4.02800,-12.20700,15.56400
25.5883,474024,0.02808,0.03540,1.03223,-4.21100,-12.26800,15.86900
25.5883,474034,0.03638,0.01123,1.04199,-4.33300,-12.45100,16.23500
25.6100,474044,0.02490,0.02905,1.02661,-4.33300,-13.12300,16.60200
25.6288,474054,0.03296,0.03662,1.02246,-4.08900,-13.00000,16.84600
25.6288,474064,0.00464,0.02222,1.04224,-2.99100,-11.65800,15.86900
25.6398,474074,0.01782,0.02539,1.05151,-3.47900,-12.69500,16.29600
25.6618,474084,0.02856,0.02710,1.05298,-2.99100,-12.69500,16.66300
25.6679,474094,0.03247,0.03149,1.05908,-3.60100,-12.45100,15.32000
25.6725,474104,0.00977,0.03857,1.06030,-3.84500,-12.26800,15.68600
25.6725,474114,0.02417,0.02832,1.05078,-4.02800,-12.81700,16.23500
25.6870,474124,0.02808,0.02075,1.05591,-3.96700,-12.93900,15.38100
25.6973,474134,0.01660,0.01611,1.05542,-4.39500,-12.69500,15.50300
25.6973,474144,0.03662,0.02686,1.05664,-4.27200,-13.79400,15.38100
25.7211,474154,0.02563,0.03760,1.03149,-4.15000,-13.67200,15.74700
25.7298,474164,0.01538,0.03955,1.04150,-4.39500,-14.16000,16.05200
25.7298,474174,0.03247,0.02051,1.02539,-3.90600,-12.69500,14.34300
25.7448,474184,0.04761,0.03247,1.03467,-3.29600,-12.75600,15.07600
25.7608,474194,0.03735,0.02515,1.03809,-3.96700,-13.73300,15.50300
25.7608,474204,0.01074,0.01636,1.03247,-3.60100,-13.48900,15.25900
25.7791,474214,0.03296,0.02954,1.05151,-3.35700,-13.79400,16.05200
25.7927,474224,0.03003,0.02344,1.02612,-3.41800,-13.67200,16.54100
25.7927,474234,0.02075,0.02539,1.04443,-3.29600,-13.18400,15.99100
25.8087,474244,0.03027,0.04321,1.06689,-3.84500,-13.85500,15.80800
25.8302,474254,0.01392,0.02930,1.05200,-3.72300,-14.16000,14.52600
25.8302,474264,0.03149,0.03223,1.06104,-3.47900,-14.58700,15.50300
25.8322,474274,0.01660,0.04077,1.05713,-3.90600,-13.79400,16.41800
25.8402,474284,0.04126,0.04419,1.04370,-4.21100,-13.97700,16.29600
25.8724,474294,0.03149,0.02979,1.04663,-4.39500,-13.48900,15.25900
25.8724,474304,0.01050,0.03198,1.04419,-3.90600,-15.25900,15.93000
25.8724,474314,0.03247,0.02881,1.03906,-4.21100,-15.19800,15.25900
25.8877,474324,0.02002,0.02368,1.03076,-4.15000,-15.32000,15.32000
25.8877,474334,0.02246,0.02417,1.03247,-4.02800,-14.64800,15.38100
25.9034,474344,0.03125,0.03369,1.04004,-4.21100,-16.41800,16.23500
25.9192,474354,0.03174,0.03784,1.03369,-3.17400,-14.77100,14.58700
25.9192,474364,0.02002,0.01611,1.04370,-3.35700,-15.62500,14.77100
25.9354,474374,0.03076,0.03369,1.05054,-3.17400,-15.50300,15.13700
25.9354,474384,0.02734,0.03931,1.04688,-3.23500,-15.44200,15.86900
25.9674,474394,0.02075,0.02783,1.04858,-3.90600,-16.41800,15.86900
25.9674,474404,0.03711,0.01294,1.05615,-3.90600,-16.11300,16.66300
25.9674,474414,0.03687,0.02393,1.06030,-3.96700,-16.11300,16.17400
25.9878,474424,0.03345,0.02222,1.05566,-3.90600,-15.50300,15.56400
26.0016,474434,0.04102,0.02466,1.04907,-4.63900,-16.35700,16.90700
26.0016,474444,0.03467,0.02051,1.04248,-4.21100,-16.84600,17.09000
26.0151,474454,0.01855,0.02759,1.03564,-4.21100,-16.41800,16.17400
26.0151,474464,0.02295,0.02759,1.03369,-4.15000,-16.17400,15.80800
26.0311,474474,0.03076,0.02393,1.04468,-3.90600,-16.29600,16.41800
26.0469,474484,0.03760,0.02832,1.03491,-3.78400,-17.09000,16.90700
26.0629,474494,0.02686,0.03857,1.02734,-3.66200,-16.23500,15.50300
26.0629,474504,0.03076,0.03296,1.03979,-3.78400,-16.90700,16.17400
26.0789,474514,0.02881,0.02783,1.03784,-3.17400,-16.11300,15.50300
26.0886,474524,0.02515,0.02905,1.06470,-3.66200,-15.99100,14.83200
26.0950,474534,0.03076,0.01978,1.05688,-3.47900,-17.02900,15.32000
26.1108,474544,0.03418,0.03906,1.05078,-3.29600,-16.05200,15.99100
26.1108,474554,0.02686,0.03223,1.06128,-3.66200,-15.80800,15.62500
26.1261,474564,0.04272,0.04248,1.03076,-4.02800,-15.68600,14.95400
26.1261,474574,0.04370,0.04932,1.04639,-4.27200,-15.74700,15.13700
26.1421,474584,0.03369,0.03003,1.04785,-3.96700,-15.68600,15.56400
26.1582,474594,0.04907,0.03223,1.03955,-4.45600,-16.05200,16.11300
26.1741,474604,0.04395,0.02588,1.05054,-4.15000,-15.44200,15.56400
26.1741,474614,0.04102,0.02441,1.05249,-4.33300,-15.07600,16.05200
26.1901,474624,0.02661,0.01343,1.03711,-3.96700,-15.25900,15.68600
26.1901,474634,0.03687,0.02246,1.03516,-4.15000,-15.07600,15.68600
26.2061,474644,0.04639,0.02759,1.03979,-3.78400,-14.95400,15.07600
26.2061,474654,0.04370,0.02832,1.05347,-3.54000,-15.38100,16.60200
26.2221,474664,0.01855,0.01709,1.04126,-3.23500,-15.44200,16.54100
26.2381,474674,0.03003,0.01465,1.04321,-3.47900,-13.91600,16.11300
26.2381,474684,0.03711,0.02441,1.05176,-3.66200,-15.44200,16.17400
26.2539,474694,0.04004,0.02661,1.04834,-3.72300,-14.77100,15.62500
26.2696,474704,0.03076,0.02515,1.06543,-3.60100,-14.40400,14.46500
26.2696,474714,0.02856,0.02295,1.04590,-3.66200,-14.09900,15.50300
26.2887,474724,0.04517,0.03320,1.05957,-3.54000,-12.93900,14.52600
26.3036,474734,0.04004,0.01416,1.04614,-4.08900,-13.97700,15.13700
26.3036,474744,0.03589,0.02612,1.05103,-4.51700,-14.03800,15.38100
26.3172,474754,0.05347,0.02490,1.03955,-4.45600,-13.36700,14.95400
26.3172,474764,0.02271,0.02271,1.03369,-4.45600,-13.85500,16.23500
26.3331,474774,0.03735,0.02319,1.02271,-4.27200,-14.95400,16.41800
26.3491,474784,0.04785,0.03174,1.03003,-4.15000,-14.28200,16.11300
26.3572,474794,0.04834,0.03613,1.04443,-3.96700,-13.24500,15.44200
26.3888,474804,0.02808,0.04468,1.04517,-3.54000,-12.87800,14.64800
26.3888,474814,0.03882,0.03320,1.04395,-3.23500,-12.51200,15.62500
26.3888,474824,0.02759,0.02881,1.03906,-3.11300,-12.14600,15.01500
26.3967,474834,0.03833,0.01587,1.05127,-4.02800,-12.32900,15.32000
26.3967,474844,0.03979,0.02563,1.05664,-3.84500,-12.26800,14.70900
26.4182,474854,0.03979,0.02856,1.05371,-3.84500,-13.30600,16.17400
26.4440,474864,0.02930,0.03271,1.07129,-4.08900,-12.69500,14.95400
26.4440,474874,0.05151,0.03467,1.05713,-4.45600,-12.32900,15.38100
26.4440,474884,0.02954,0.02759,1.05151,-4.45600,-12.57300,16.05200
26.4440,474894,0.03613,0.02539,1.04541,-3.96700,-12.02400,14.77100
26.4786,474904,0.04175,0.03345,1.04419,-4.21100,-11.78000,15.50300
26.4786,474914,0.03979,0.02222,1.03271,-3.47900,-12.45100,15.32000
26.4886,474924,0.04224,0.04517,1.03491,-4.33300,-12.45100,16.11300
26.4918,474934,0.03857,0.03345,1.03857,-3.66200,-11.90200,14.70900
26.5080,474944,0.04517,0.02930,1.03735,-3.78400,-12.39000,15.93000
26.5080,474954,0.04272,0.03052,1.02759,-3.35700,-11.59700,14.52600
26.5563,475001,0.02026,0.02881,1.05054,-4.27200,-12.02400,16.05200
26.5563,475003,0.04492,0.03174,1.06006,-3.84500,-11.35300,16.41800
26.5563,475004,0.04492,0.03174,1.06006,-3.84500,-11.35300,16.41800
26.5881,475006,0.04492,0.03174,1.06006,-3.84500,-11.35300,16.41800
26.5881,475007,0.04492,0.03174,1.06006,-3.84500,-11.35300,16.41800
26.5881,475014,0.03076,0.02466,1.05835,-3.60100,-11.96300,14.70900
26.5881,475024,0.02441,0.01660,1.05200,-4.27200,-12.81700,16.17400
26.5897,475034,0.03076,0.02466,1.05957,-3.90600,-10.98600,14.28200
26.6087,475044,0.03687,0.02344,1.04297,-3.78400,-11.47500,15.07600
26.6186,475054,0.04028,0.04443,1.02759,-4.57800,-12.93900,16.17400
26.6209,475064,0.03223,0.02539,1.04419,-4.15000,-12.08500,15.32000
26.6355,475074,0.04004,0.02100,1.03564,-4.08900,-13.42800,15.86900
26.6355,475084,0.03882,0.03320,1.03809,-3.84500,-12.57300,16.23500
26.6512,475094,0.02686,0.02197,1.05273,-4.15000,-12.20700,16.05200
26.6690,475104,0.02490,0.03149,1.05151,-3.41800,-12.26800,15.99100
26.6898,475114,0.03662,0.02881,1.04590,-3.96700,-12.08500,16.23500
26.6898,475124,0.02930,0.02002,1.05884,-3.54000,-12.81700,15.44200
26.6997,475134,0.02490,0.02832,1.05444,-4.15000,-12.39000,15.50300
26.6997,475144,0.04175,0.02124,1.06372,-3.54000,-12.45100,14.40400
26.7160,475154,0.02002,0.02759,1.05493,-3.96700,-12.26800,14.58700
26.7160,475164,0.03735,0.03052,1.05591,-4.45600,-12.51200,15.68600
26.7388,475174,0.02686,0.03540,1.04736,-3.90600,-12.57300,15.68600
26.7484,475184,0.01709,0.03174,1.04932,-4.39500,-12.81700,15.25900
26.7484,475194,0.04224,0.03174,1.03149,-4.15000,-12.75600,14.52600
26.7641,475204,0.03491,0.01221,1.03564,-4.21100,-13.36700,14.52600
26.7798,475214,0.03979,0.02173,1.03882,-3.72300,-13.42800,16.17400
26.7901,475224,0.02515,0.03076,1.03809,-4.08900,-13.18400,14.83200
26.7958,475234,0.01562,0.02710,1.03735,-3.41800,-13.73300,15.62500
26.7958,475244,0.02612,0.02881,1.04639,-3.60100,-13.48900,15.68600
26.8115,475254,0.03662,0.03223,1.04565,-3.72300,-13.79400,15.01500
26.8276,475264,0.02490,0.02441,1.04712,-3.47900,-13.36700,15.25900
26.8276,475274,0.01758,0.02637,1.04102,-4.08900,-13.18400,14.83200
26.8434,475284,0.03198,0.03809,1.04639,-3.90600,-13.61100,16.23500
26.8592,475294,0.02588,0.02539,1.04785,-3.54000,-14.22100,15.80800
26.8681,475304,0.02686,0.02637,1.05493,-4.15000,-14.28200,16.54100
26.8922,475314,0.02637,0.03735,1.03320,-3.66200,-13.67200,15.32000
26.8922,475324,0.03003,0.03271,1.04492,-3.54000,-14.34300,15.86900
26.8922,475334,0.02417,0.03369,1.04370,-4.21100,-14.52600,15.38100
26.9067,475344,0.03003,0.03003,1.03198,-3.66200,-15.50300,16.23500
26.9067,475354,0.03149,0.02856,1.03589,-3.54000,-14.46500,14.70900
26.9542,475364,0.03076,0.02979,1.04053,-3.72300,-14.58700,15.80800
26.9542,475374,0.03271,0.03271,1.03296,-3.60100,-14.58700,15.19800
26.9542,475384,0.05054,0.03442,1.05151,-3.60100,-15.25900,15.93000
26.9542,475394,0.04419,0.03369,1.03516,-3.66200,-14.40400,14.95400
26.9542,475404,0.04761,0.03345,1.04785,-3.96700,-15.62500,15.86900
26.9703,475414,0.02148,0.03271,1.03735,-3.84500,-14.40400,15.32000
26.9907,475424,0.02759,0.03052,1.06689,-3.84500,-14.89300,15.32000
26.9907,475434,0.02588,0.02222,1.05396,-3.96700,-14.03800,14.83200
27.0135,475444,0.02539,0.03369,1.04443,-4.08900,-15.19800,15.68600
27.0200,475454,0.03076,0.03589,1.03345,-3.72300,-15.01500,15.56400
27.0244,475464,0.02686,0.04224,1.02832,-4.21100,-14.83200,15.74700
27.0337,475474,0.02417,0.02026,1.02832,-3.90600,-15.19800,16.66300
27.0337,475484,0.02979,0.02563,1.03906,-3.66200,-14.89300,15.01500
27.0569,475494,0.03296,0.03247,1.05298,-3.84500,-15.44200,15.68600
27.0656,475504,0.01709,0.02246,1.04102,-3.96700,-15.32000,15.93000
27.0656,475514,0.02832,0.03320,1.04517,-3.54000,-14.34300,15.07600
27.0906,475524,0.04028,0.02954,1.04688,-3.35700,-14.83200,14.40400
27.0976,475534,0.04370,0.02808,1.04956,-3.60100,-15.38100,15.44200
27.0976,475544,0.03174,0.02515,1.05103,-3.72300,-15.19800,15.44200
27.1137,475554,0.03687,0.02832,1.06055,-4.02800,-14.77100,15.19800
27.1297,475564,0.01929,0.03516,1.04565,-3.96700,-15.32000,15.32000
27.1297,475574,0.02881,0.02295,1.05249,-4.08900,-15.62500,15.99100
27.1456,475584,0.03784,0.03857,1.05103,-4.33300,-14.58700,16.11300
27.1456,475594,0.03442,0.02637,1.05933,-4.45600,-15.32000,15.86900
27.1702,475604,0.02979,0.03540,1.05566,-4.02800,-15.44200,15.19800
27.1785,475614,0.04224,0.02856,1.05029,-3.84500,-15.01500,15.68600
27.1935,475624,0.04834,0.02710,1.04663,-4.02800,-16.05200,16.84600
27.1935,475634,0.03564,0.03076,1.03882,-4.02800,-13.91600,14.95400
27.2093,475644,0.04395,0.02832,1.03320,-3.90600,-14.22100,14.83200
27.2093,475654,0.04932,0.03809,1.03955,-3.60100,-14.16000,15.68600
27.2254,475664,0.04102,0.02710,1.05347,-3.66200,-14.52600,16.23500
27.2254,475674,0.04077,0.02441,1.04590,-3.23500,-13.55000,14.46500
27.2414,475684,0.04785,0.03516,1.02881,-4.33300,-14.77100,15.80800
27.2575,475694,0.04077,0.03491,1.04956,-3.84500,-14.22100,15.99100
27.2575,475704,0.03125,0.02002,1.05615,-3.54000,-13.42800,15.13700
27.2734,475714,0.04858,0.02759,1.04565,-3.72300,-13.85500,14.70900
27.3021,475724,0.03662,0.03027,1.05444,-3.47900,-13.36700,14.89300
27.3021,475734,0.03491,0.03320,1.02393,-4.21100,-13.79400,15.32000
27.3092,475744,0.01001,0.02759,1.05444,-4.15000,-13.48900,16.41800
27.3152,475754,0.05762,0.02344,1.03809,-3.96700,-14.03800,15.13700
27.3212,475764,0.03564,0.01978,1.03979,-3.96700,-15.38100,16.29600
27.3531,475774,0.04541,0.03442,1.03320,-4.70000,-13.55000,15.93000
27.3531,475784,0.04126,0.03931,1.03345,-3.78400,-13.79400,15.68600
27.3566,475794,0.04712,0.02734,1.03320,-3.41800,-13.67200,15.68600
27.3691,475804,0.04492,0.02710,1.04224,-3.90600,-13.42800,16.17400
27.3691,475814,0.04126,0.01221,1.05078,-4.02800,-14.83200,16.66300
27.3853,475824,0.05176,0.03369,1.03638,-3.35700,-13.06200,15.93000
27.4010,475834,0.04785,0.01489,1.04834,-3.29600,-13.55000,15.62500
27.4010,475844,0.03882,0.02832,1.04712,-2.93000,-12.14600,14.28200
27.4188,475854,0.04077,0.02661,1.03174,-4.02800,-13.36700,16.47900
27.4328,475864,0.02930,0.02075,1.04688,-3.35700,-12.69500,15.50300
27.4328,475874,0.01587,0.03247,1.04297,-4.02800,-13.30600,15.86900
27.4487,475884,0.03076,0.03711,1.05322,-4.27200,-12.69500,15.32000
27.5919,475894,0.03516,0.02905,1.05981,-3.66200,-12.63400,15.86900
27.5919,475904,0.02515,0.02954,1.04565,-4.27200,-13.12300,15.62500
27.5919,475914,0.02686,0.03540,1.01636,-4.33300,-12.75600,15.62500
27.5919,475924,0.02417,0.02368,1.04443,-4.21100,-13.18400,15.74700
27.5919,475934,0.04541,0.02075,1.05347,-4.51700,-12.57300,16.23500
27.5919,475944,0.03906,0.02661,1.03955,-3.60100,-12.75600,15.19800
27.5919,475954,0.01831,0.02246,1.05298,-3.41800,-13.30600,15.93000
27.5919,475964,0.04663,0.03735,1.02905,-3.84500,-14.09900,16.11300
27.5919,475974,0.04541,0.02344,1.02979,-3.66200,-12.51200,15.13700
27.5919,475984,0.04468,0.03540,1.05225,-3.29600,-12.51200,15.19800
27.5919,475994,0.04126,0.04199,1.04419,-3.90600,-14.34300,16.54100
27.5919,476004,0.02637,0.04126,1.05493,-3.72300,-13.73300,16.23500
27.5919,476014,0.02930,0.04224,1.04956,-4.08900,-13.55000,15.62500
27.5919,476024,0.03735,0.02295,1.06372,-3.90600,-13.67200,15.62500
27.6115,476034,0.03174,0.03418,1.04688,-4.08900,-12.57300,15.32000
27.6115,476044,0.02759,0.03491,1.04004,-3.60100,-12.69500,14.83200
27.6175,476054,0.04004,0.03735,1.04663,-3.72300,-13.42800,15.50300
27.6229,476064,0.03638,0.02954,1.04199,-4.33300,-13.48900,15.68600
27.6386,476074,0.02515,0.03296,1.02661,-4.33300,-13.67200,14.70900
27.6386,476084,0.03540,0.03076,1.03955,-4.39500,-14.09900,15.50300
27.6545,476094,0.03833,0.03003,1.02954,-3.96700,-13.91600,16.05200
27.6703,476104,0.04736,0.02759,1.06299,-4.02800,-14.16000,15.86900
27.6813,476114,0.03638,0.03955,1.03613,-4.02800,-14.46500,15.99100
27.6862,476124,0.03223,0.02441,1.04346,-4.08900,-13.73300,15.25900
27.7132,476134,0.03369,0.02710,1.05591,-3.29600,-13.42800,15.07600
27.7132,476144,0.02271,0.03223,1.03760,-4.21100,-14.58700,15.93000
27.7282,476154,0.02686,0.02979,1.03931,-3.23500,-14.34300,15.86900
27.7282,476164,0.01562,0.03027,1.04980,-4.02800,-13.18400,15.38100
27.7413,476174,0.02563,0.02759,1.04468,-3.72300,-13.91600,14.83200
27.7491,476184,0.02930,0.03784,1.04321,-4.15000,-13.85500,15.32000
27.7491,476194,0.02344,0.02661,1.05249,-4.02800,-13.55000,14.83200
27.7650,476204,0.02759,0.02441,1.02954,-4.08900,-14.58700,15.32000
27.7704,476214,0.03076,0.02661,1.05054,-4.15000,-14.46500,15.74700
27.7922,476224,0.03052,0.02930,1.03955,-4.39500,-15.38100,15.74700
27.8125,476234,0.03589,0.02393,1.03589,-3.84500,-13.48900,14.64800
27.8125,476244,0.02515,0.02515,1.03711,-3.96700,-14.77100,15.93000
27.8125,476254,0.02588,0.02075,1.05518,-3.96700,-13.97700,15.25900
27.8293,476264,0.04321,0.03516,1.04248,-4.27200,-15.56400,16.11300
27.8293,476274,0.04248,0.01904,1.03491,-4.02800,-13.73300,15.13700
27.8444,476284,0.04077,0.03223,1.04590,-3.35700,-14.70900,15.86900
27.8617,476294,0.03760,0.01807,1.04712,-3.66200,-14.64800,15.80800
27.8679,476304,0.02148,0.03125,1.04370,-4.02800,-15.50300,15.99100
27.8775,476314,0.02197,0.03760,1.04321,-4.15000,-15.50300,15.32000
27.8902,476324,0.02051,0.01636,1.04419,-4.02800,-14.64800,15.32000
27.8990,476334,0.00928,0.02686,1.05078,-3.90600,-14.28200,15.19800
27.9169,476344,0.01709,0.02661,1.03638,-4.15000,-14.83200,14.77100
27.9190,476354,0.03369,0.02710,1.03931,-3.96700,-15.19800,15.74700
27.9378,476364,0.03833,0.03882,1.05127,-4.08900,-14.64800,15.50300
27.9428,476374,0.04980,0.03223,1.04639,-3.47900,-14.58700,15.86900
27.9496,476384,0.04541,0.03809,1.03125,-3.84500,-14.52600,15.38100
27.9541,476394,0.04053,0.03125,1.02905,-3.96700,-14.83200,15.07600
27.9541,476404,0.03882,0.02539,1.04346,-3.66200,-14.28200,15.19800
27.9708,476414,0.04907,0.02271,1.05371,-3.54000,-14.16000,14.95400
27.9874,476424,0.05151,0.02368,1.04199,-4.02800,-15.74700,16.17400
27.9976,476434,0.01904,0.01953,1.05200,-3.66200,-15.38100,15.99100
28.0202,476444,0.04712,0.02246,1.03613,-3.47900,-14.89300,16.23500
28.0202,476454,0.04395,0.03711,1.03979,-4.02800,-15.50300,16.66300
28.0254,476464,0.03589,0.03540,1.04932,-3.90600,-15.01500,15.93000
28.0484,476474,0.04175,0.04175,1.03271,-3.66200,-15.74700,16.54100
28.0484,476484,0.03735,0.02905,1.03711,-3.96700,-13.73300,15.19800
28.0574,476494,0.02734,0.02075,1.04248,-4.08900,-14.58700,15.50300
28.0664,476504,0.04346,0.01074,1.04004,-4.08900,-14.28200,15.68600
28.0664,476514,0.03979,0.03931,1.04272,-4.02800,-14.16000,15.80800
28.0824,476524,0.04346,0.01196,1.05664,-3.47900,-13.67200,14.77100
28.0983,476534,0.05835,0.03027,1.03931,-3.41800,-13.12300,14.95400
28.1143,476544,0.03955,0.01685,1.04297,-3.84500,-13.24500,15.44200
28.1143,476554,0.03784,0.03394,1.04004,-4.21100,-14.95400,16.47900
28.1143,476564,0.05225,0.01904,1.05347,-3.54000,-13.91600,14.77100
28.1302,476574,0.03955,0.03296,1.04297,-4.33300,-13.79400,15.62500
28.1461,476584,0.03906,0.03198,1.04956,-4.27200,-13.73300,15.19800
28.1461,476594,0.04419,0.03613,1.05151,-3.66200,-13.24500,15.44200
28.1618,476604,0.03271,0.01758,1.05176,-4.02800,-13.91600,15.38100
28.1774,476614,0.03833,0.02832,1.04736,-4.27200,-13.12300,15.50300
28.1869,476624,0.04346,0.01782,1.05786,-3.60100,-12.45100,14.64800
28.1930,476634,0.03906,0.02588,1.05444,-3.96700,-13.67200,15.68600
28.2246,476644,0.04956,0.03516,1.04688,-3.29600,-13.42800,14.22100
28.2246,476654,0.04468,0.03296,1.03955,-4.08900,-13.73300,15.56400
28.2246,476664,0.03516,0.03857,1.04248,-4.15000,-13.00000,15.32000
28.2246,476674,0.02661,0.02759,1.03589,-3.90600,-13.30600,15.93000
28.2406,476684,0.03271,0.01807,1.05615,-4.27200,-13.18400,15.99100
28.2564,476694,0.04004,0.02881,1.04980,-3.54000,-12.69500,15.93000
28.2564,476704,0.03809,0.03638,1.02490,-4.39500,-12.51200,15.86900
28.2724,476714,0.03857,0.02905,1.03345,-4.08900,-11.96300,15.13700
28.2881,476724,0.02832,0.02295,1.05225,-3.78400,-13.06200,15.19800
28.2933,476734,0.02515,0.02661,1.05054,-3.90600,-12.51200,15.25900
28.3038,476744,0.03979,0.03760,1.06201,-3.72300,-12.69500,16.17400
28.3198,476754,0.03369,0.03809,1.03955,-4.45600,-12.69500,16.11300
28.3198,476764,0.03076,0.02930,1.04736,-3.90600,-11.35300,15.32000
28.3412,476774,0.03247,0.02783,1.04614,-3.78400,-12.20700,15.80800
28.3589,476784,0.03394,0.02856,1.03857,-3.96700,-12.63400,16.84600
28.3589,476794,0.01611,0.01465,1.05151,-3.96700,-12.26800,14.95400
28.3727,476804,0.02808,0.03809,1.04419,-4.02800,-12.26800,14.58700
28.3788,476814,0.03857,0.01807,1.04810,-3.78400,-11.96300,15.13700
28.3933,476824,0.02173,0.02661,1.05615,-4.15000,-12.26800,15.68600
28.3979,476834,0.03784,0.02686,1.03296,-3.78400,-12.32900,15.07600
28.4015,476844,0.04810,0.03540,1.04614,-3.96700,-11.96300,15.19800
28.4296,476854,0.04053,0.03784,1.03979,-3.84500,-12.93900,15.68600
28.4296,476864,0.03955,0.02686,1.03149,-3.41800,-12.63400,14.58700
28.4311,476874,0.03076,0.03027,1.04175,-3.96700,-12.81700,15.86900
28.4452,476884,0.02832,0.02075,1.04785,-3.29600,-12.08500,14.83200
28.4452,476894,0.02954,0.02393,1.05225,-4.51700,-12.75600,15.13700
28.4650,476904,0.02344,0.01514,1.05542,-3.96700,-13.30600,15.99100
28.4804,476914,0.02002,0.02661,1.05664,-4.08900,-12.81700,15.68600
28.4804,476924,0.03174,0.03149,1.04443,-3.78400,-12.57300,15.13700
28.4935,476934,0.01782,0.01611,1.04297,-3.84500,-13.42800,14.83200
28.5088,476944,0.02026,0.01196,1.06348,-4.45600,-13.42800,15.56400
28.5408,476954,0.03467,0.01660,1.04980,-4.15000,-12.57300,15.44200
28.5677,477002,0.03198,0.02637,1.03955,-3.72300,-13.73300,15.44200
28.5727,477004,0.03198,0.02637,1.03955,-3.72300,-13.73300,15.44200
28.5727,477005,0.03198,0.02637,1.03955,-3.72300,-13.73300,15.44200
28.5727,477007,0.03198,0.02637,1.03955,-3.72300,-13.73300,15.44200
28.5727,477008,0.01050,0.02661,1.04346,-3.84500,-13.91600,15.74700
28.5787,477014,0.01660,0.01807,1.05933,-3.17400,-12.26800,14.40400
28.5976,477024,0.01562,0.03003,1.04199,-3.54000,-13.73300,15.13700
28.5996,477034,0.03052,0.03369,1.04272,-3.84500,-14.16000,16.05200
28.6046,477044,0.03027,0.01904,1.04883,-4.08900,-13.85500,15.74700
28.6207,477054,0.02930,0.04175,1.04541,-3.84500,-13.73300,15.86900
28.6207,477064,0.02246,0.02808,1.05103,-4.27200,-14.58700,15.99100
28.6366,477074,0.03882,0.02930,1.05005,-3.66200,-13.79400,15.56400
28.6366,477084,0.02075,0.01831,1.04785,-3.90600,-13.24500,15.19800
28.6628,477094,0.03076,0.02856,1.05396,-3.47900,-14.64800,15.68600
28.6686,477104,0.02393,0.02759,1.05225,-4.15000,-14.52600,15.62500
28.6686,477114,0.03442,0.02417,1.03906,-4.39500,-14.77100,15.38100
28.6880,477124,0.02588,0.01514,1.05859,-3.41800,-13.67200,15.07600
28.7011,477134,0.02441,0.02881,1.04907,-4.21100,-14.77100,16.05200
28.7011,477144,0.03198,0.03320,1.05542,-4.08900,-14.22100,15.56400
28.7163,477154,0.02588,0.02271,1.05029,-4.33300,-14.77100,15.56400
28.7322,477164,0.01318,0.02783,1.04028,-4.08900,-15.93000,16.47900
28.7322,477174,0.03394,0.01758,1.05981,-3.60100,-15.93000,15.56400
28.7480,477184,0.03247,0.02271,1.04565,-3.05200,-14.28200,14.46500
28.7641,477194,0.03711,0.02856,1.04004,-4.15000,-14.95400,15.93000
28.7641,477204,0.04492,0.03906,1.04517,-3.84500,-15.13700,15.68600
28.7802,477214,0.03540,0.03296,1.03979,-4.27200,-14.46500,15.07600
28.7888,477224,0.02930,0.02954,1.04077,-3.96700,-14.83200,15.32000
28.7959,477234,0.03394,0.03467,1.04248,-4.51700,-16.11300,17.27300
28.7959,477244,0.02783,0.03052,1.05078,-3.60100,-14.58700,15.25900
28.8120,477254,0.03760,0.02368,1.03809,-4.08900,-15.01500,15.68600
28.8282,477264,0.03638,0.03906,1.04785,-4.21100,-14.46500,14.58700
28.8282,477274,0.02710,0.02612,1.04932,-4.21100,-15.25900,15.74700
28.8442,477284,0.03979,0.02173,1.04736,-4.33300,-15.13700,14.89300
28.8601,477294,0.04077,0.03223,1.04785,-3.78400,-14.40400,14.95400
28.8601,477304,0.04102,0.03320,1.02515,-3.72300,-15.25900,16.05200
28.8759,477314,0.04224,0.03052,1.05054,-3.96700,-14.89300,15.80800
28.8759,477324,0.04248,0.03174,1.04541,-3.60100,-15.32000,15.99100
28.8940,477334,0.01880,0.04614,1.04492,-3.54000,-14.09900,14.95400
28.9081,477344,0.04028,0.02881,1.05298,-4.02800,-14.77100,15.93000
28.9081,477354,0.03052,0.03076,1.05566,-4.21100,-15.25900,15.38100
28.9401,477364,0.04688,0.04102,1.05200,-3.84500,-15.19800,15.32000
28.9401,477374,0.05444,0.02686,1.04590,-3.47900,-14.46500,14.46500
28.9401,477384,0.03711,0.03174,1.05225,-4.08900,-14.83200,16.23500
28.9573,477394,0.03516,0.03076,1.04004,-3.72300,-14.89300,15.38100
28.9573,477404,0.04517,0.03003,1.03223,-4.57800,-14.34300,15.80800
28.9721,477414,0.03076,0.02441,1.04590,-4.15000,-15.19800,14.77100
28.9879,477424,0.04468,0.03345,1.05664,-3.84500,-14.77100,16.17400
28.9944,477434,0.03076,0.03369,1.04468,-3.78400,-14.28200,15.32000
29.0062,477444,0.03687,0.02661,1.04321,-3.54000,-13.73300,15.50300
29.0195,477454,0.03638,0.03125,1.04297,-3.66200,-14.03800,14.83200
29.0354,477464,0.05444,0.04102,1.04370,-4.08900,-14.95400,15.68600
29.0354,477474,0.04443,0.01514,1.04761,-4.15000,-15.07600,15.25900
29.0354,477484,0.03662,0.02637,1.04712,-3.41800,-13.61100,15.19800
29.0578,477494,0.03174,0.02563,1.06445,-3.23500,-13.55000,14.34300
29.0674,477504,0.03784,0.02856,1.03516,-4.15000,-14.03800,15.07600
29.0674,477514,0.02905,0.01929,1.04639,-4.57800,-13.85500,15.74700
29.0833,477524,0.04370,0.02637,1.05103,-3.96700,-12.93900,14.22100
29.0993,477534,0.03198,0.02246,1.02979,-3.96700,-14.22100,16.05200
29.1149,477544,0.06128,0.02930,1.03687,-3.72300,-13.97700,16.17400
29.1209,477554,0.04541,0.02368,1.05371,-3.96700,-13.12300,15.68600
29.1626,477564,0.04517,0.03638,1.03906,-4.33300,-14.22100,15.62500
29.1626,477574,0.03662,0.02124,1.03760,-3.66200,-12.69500,14.40400
29.1626,477584,0.03857,0.02856,1.04053,-3.90600,-13.12300,15.19800
29.1626,477594,0.02539,0.04248,1.05396,-3.78400,-14.22100,16.60200
29.1626,477604,0.04688,0.03223,1.04712,-4.02800,-13.61100,15.32000
29.1922,477614,0.04321,0.02637,1.04810,-3.41800,-14.22100,15.50300
29.1922,477624,0.03174,0.02588,1.04468,-4.21100,-13.91600,16.05200
29.2107,477634,0.03223,0.03418,1.04150,-3.47900,-13.30600,15.44200
29.2107,477644,0.04102,0.02124,1.04834,-4.15000,-13.36700,15.01500
29.2107,477654,0.02637,0.02515,1.05762,-3.78400,-14.09900,16.11300
29.2311,477664,0.03564,0.03809,1.04468,-3.90600,-12.87800,14.46500
29.2441,477674,0.04102,0.03589,1.04663,-3.54000,-13.12300,15.19800
29.2441,477684,0.03076,0.01904,1.03979,-3.47900,-13.18400,15.13700
29.2587,477694,0.03345,0.02271,1.05005,-3.84500,-13.36700,16.05200
29.2587,477704,0.03345,0.03540,1.04004,-3.90600,-13.48900,15.93000
29.2747,477714,0.04053,0.02832,1.04224,-4.21100,-14.16000,16.17400
29.2747,477724,0.04834,0.02808,1.03589,-3.47900,-13.30600,16.47900
29.3079,477734,0.04858,0.02222,1.04272,-3.90600,-13.48900,15.68600
29.3084,477744,0.03394,0.03613,1.04492,-4.08900,-13.67200,15.86900
29.3084,477754,0.03516,0.03320,1.04614,-3.90600,-13.36700,15.93000
29.3231,477764,0.04272,0.02100,1.04541,-3.72300,-13.00000,15.50300
29.3388,477774,0.03760,0.02124,1.04126,-3.60100,-13.06200,15.38100
29.3577,477784,0.03735,0.02246,1.04956,-4.02800,-13.12300,15.44200
29.3577,477794,0.03076,0.03052,1.03369,-3.78400,-13.06200,15.56400
29.3577,477804,0.03076,0.02295,1.03613,-3.60100,-14.70900,16.35700
29.3706,477814,0.05103,0.02539,1.04980,-3.96700,-13.06200,15.56400
29.3863,477824,0.04834,0.03687,1.04150,-4.21100,-13.48900,15.38100
29.3954,477834,0.05151,0.03882,1.04395,-4.21100,-14.58700,15.44200
29.4019,477844,0.03076,0.01758,1.03906,-4.02800,-13.67200,14.83200
29.4192,477854,0.04858,0.03320,1.03857,-3.84500,-13.79400,15.19800
29.4192,477864,0.04688,0.03125,1.03369,-3.72300,-13.85500,15.68600
29.4496,477874,0.03076,0.02441,1.05103,-3.90600,-14.03800,15.07600
29.4496,477884,0.03809,0.02173,1.04736,-3.90600,-14.09900,14.77100
29.4496,477894,0.03027,0.02222,1.04272,-3.78400,-13.97700,15.19800
29.4655,477904,0.02344,0.02563,1.03857,-3.29600,-14.16000,15.56400
29.4655,477914,0.03467,0.02539,1.04395,-3.54000,-14.34300,14.89300
29.4812,477924,0.02197,0.01270,1.05396,-4.02800,-15.13700,15.56400
29.4971,477934,0.02832,0.03271,1.05029,-3.72300,-14.77100,15.99100
29.4971,477944,0.02734,0.01978,1.05176,-3.96700,-14.70900,15.13700
29.5130,477954,0.04639,0.02295,1.06030,-4.02800,-15.80800,16.84600
29.5287,477964,0.05737,0.02295,1.05981,-4.39500,-15.80800,16.60200
29.5601,477974,0.03613,0.03296,1.04785,-4.15000,-15.56400,16.17400
29.5601,477984,0.05469,0.04004,1.05078,-4.08900,-15.93000,16.35700
29.5601,477994,0.03345,0.02930,1.04028,-3.60100,-14.95400,15.32000
29.5601,478004,0.03174,0.02759,1.04248,-3.66200,-15.86900,16.23500
29.5761,478014,0.03516,0.02222,1.02734,-4.27200,-14.70900,14.70900
29.5761,478024,0.02173,0.01562,1.03857,-4.21100,-15.99100,15.50300
29.5956,478034,0.04663,0.01538,1.05249,-3.78400,-15.80800,15.93000
29.6098,478044,0.03271,0.01758,1.04004,-3.47900,-15.93000,15.38100
29.6098,478054,0.03955,0.03076,1.04736,-4.33300,-16.17400,14.70900
29.6239,478064,0.04028,0.03540,1.03442,-3.90600,-15.68600,15.50300
29.6397,478074,0.04492,0.01416,1.05737,-3.66200,-15.93000,15.01500
29.6554,478084,0.03784,0.03491,1.04370,-3.66200,-16.41800,15.56400
29.6554,478094,0.03369,0.02124,1.04688,-3.72300,-16.17400,15.07600
29.6554,478104,0.05493,0.02319,1.05054,-3.60100,-16.41800,15.93000
29.6925,478114,0.05542,0.03809,1.03418,-4.08900,-15.68600,15.44200
29.6925,478124,0.04224,0.02222,1.04590,-3.84500,-16.78500,16.35700
29.6979,478134,0.03760,0.02783,1.04126,-3.90600,-15.86900,15.32000
29.7052,478144,0.03247,0.03198,1.03735,-4.21100,-16.78500,15.38100
29.7186,478154,0.04907,0.04785,1.03760,-3.96700,-15.50300,14.95400
29.7186,478164,0.05054,0.04199,1.03296,-3.47900,-16.05200,15.38100
29.7347,478174,0.05713,0.02124,1.04565,-3.84500,-16.29600,16.23500
29.7506,478184,0.04541,0.01758,1.03638,-3.78400,-15.50300,14.70900
29.7506,478194,0.05493,0.02930,1.04736,-4.51700,-16.29600,16.23500
29.7664,478204,0.04614,0.02222,1.02905,-3.72300,-14.77100,13.97700
29.7708,478214,0.04297,0.03198,1.03687,-3.78400,-15.74700,15.68600
29.7833,478224,0.04370,0.02832,1.04980,-3.66200,-15.50300,15.62500
29.7982,478234,0.04321,0.03076,1.06006,-4.02800,-15.93000,15.25900
29.7982,478244,0.04004,0.03931,1.05225,-4.33300,-16.11300,16.17400
29.8141,478254,0.05078,0.01660,1.05762,-4.08900,-14.09900,15.50300
29.8302,478264,0.04590,0.03931,1.03223,-3.66200,-13.73300,14.46500
29.8460,478274,0.04297,0.03369,1.05054,-3.96700,-15.44200,16.05200
29.8638,478284,0.06592,0.02515,1.04395,-4.21100,-14.58700,14.58700
29.8638,478294,0.04126,0.02246,1.05078,-4.02800,-14.16000,14.46500
29.8638,478304,0.05103,0.02710,1.04541,-3.78400,-14.03800,16.29600
29.8800,478314,0.05200,0.02783,1.04590,-3.54000,-13.85500,15.44200
29.8800,478324,0.04688,0.02344,1.04175,-3.90600,-14.40400,15.56400
29.8955,478334,0.04663,0.02686,1.04395,-4.57800,-14.46500,17.09000
29.9096,478344,0.04980,0.02002,1.04248,-4.21100,-13.24500,15.56400
29.9096,478354,0.04785,0.03052,1.04150,-4.21100,-13.61100,16.05200
29.9252,478364,0.04004,0.02686,1.04663,-4.21100,-13.73300,15.80800
29.9409,478374,0.04517,0.02344,1.03589,-3.84500,-12.75600,15.44200
29.9409,478384,0.03320,0.02148,1.03955,-3.90600,-13.00000,15.32000
29.9569,478394,0.04541,0.02563,1.04614,-4.33300,-12.87800,15.80800
29.9569,478404,0.04639,0.03296,1.05127,-3.96700,-11.10800,15.01500
29.9726,478414,0.05762,0.03564,1.03442,-4.08900,-11.59700,15.80800
29.9964,478424,0.05151,0.02490,1.05322,-3.90600,-11.71900,16.54100
29.9964,478434,0.03320,0.02393,1.04932,-4.02800,-11.78000,15.50300
30.0042,478444,0.05347,0.02759,1.05591,-3.78400,-11.16900,16.17400
30.0196,478454,0.04248,0.03125,1.04810,-4.15000,-10.01000,15.68600
30.0258,478464,0.04712,0.04175,1.04639,-3.29600,-9.94900,14.95400
30.0361,478474,0.05347,0.02710,1.03809,-3.29600,-9.15500,14.34300
30.0361,478484,0.04565,0.00830,1.05444,-3.72300,-9.39900,15.13700
30.0679,478494,0.03223,0.02832,1.05566,-3.90600,-9.76600,15.62500
30.0679,478504,0.03613,0.03296,1.03345,-4.33300,-8.78900,15.01500
30.0679,478514,0.05273,0.03247,1.05200,-3.17400,-8.30100,14.46500
30.0838,478524,0.03613,0.02490,1.03784,-4.27200,-8.78900,15.44200
30.0989,478534,0.03784,0.03613,1.04736,-4.08900,-7.38500,15.32000
30.0989,478544,0.04004,0.04468,1.03369,-3.72300,-8.48400,16.05200
30.1146,478554,0.02783,0.03662,1.04517,-3.96700,-7.81200,15.68600
30.1146,478564,0.03345,0.04272,1.04517,-4.02800,-7.44600,16.54100
30.1304,478574,0.03003,0.02002,1.05078,-3.78400,-7.14100,15.44200
30.1539,478584,0.03271,0.02344,1.04614,-3.66200,-7.75100,15.56400
30.1731,478594,0.02417,0.02637,1.04980,-3.41800,-6.89700,15.32000
30.1731,478604,0.02588,0.01758,1.05054,-3.90600,-7.01900,15.07600
30.1847,478614,0.02344,0.01831,1.05469,-3.90600,-6.59200,16.11300
30.1924,478624,0.02246,0.03906,1.04468,-3.41800,-5.73700,15.74700
30.1991,478634,0.03027,0.02466,1.03906,-3.78400,-6.04200,14.77100
30.2089,478644,0.03296,0.01709,1.04297,-4.27200,-5.85900,15.01500
30.2182,478654,0.03516,0.02441,1.05029,-3.60100,-4.94400,14.58700
30.2263,478664,0.03418,0.02710,1.03760,-3.96700,-4.94400,15.38100
30.2388,478674,0.02686,0.03003,1.05151,-4.27200,-5.06600,15.07600
30.2388,478684,0.02417,0.02539,1.05322,-4.45600,-5.37100,16.05200
30.2710,478694,0.01831,0.01733,1.04858,-3.41800,-4.82200,15.93000
30.2710,478704,0.02246,0.03320,1.03882,-3.66200,-4.21100,15.56400
30.2745,478714,0.02148,0.03979,1.03809,-4.27200,-3.84500,14.77100
30.2870,478724,0.02173,0.04297,1.03955,-4.15000,-4.08900,15.44200
30.2963,478734,0.01416,0.02515,1.05054,-3.60100,-3.96700,16.11300
30.3112,478744,0.01245,0.02783,1.04614,-3.96700,-4.15000,15.68600
30.3188,478754,0.00928,0.02734,1.04712,-3.78400,-2.86900,14.28200
30.3248,478764,0.01660,0.03076,1.03540,-4.08900,-2.44100,14.22100
30.3361,478774,-0.00098,0.03076,1.04297,-3.66200,-3.66200,15.44200
30.3361,478784,0.00366,0.03735,1.04443,-3.78400,-4.08900,16.05200
30.4822,478794,-0.00391,0.03906,1.04248,-3.11300,-2.86900,14.89300
30.4822,478804,-0.00122,0.02344,1.05273,-4.39500,-3.05200,14.64800
30.4822,478814,-0.01050,0.02441,1.03833,-4.57800,-3.54000,15.44200
30.4822,478824,-0.00195,0.02930,1.04370,-4.02800,-3.35700,14.52600
30.4822,478834,-0.00586,0.02637,1.03809,-3.96700,-3.05200,14.58700
30.4822,478844,-0.00366,0.02686,1.04761,-3.78400,-3.29600,15.38100
30.4822,478854,-0.03052,0.00928,1.06592,-3.60100,-4.27200,15.80800
30.4822,478864,-0.00488,0.02441,1.05298,-3.84500,-4.57800,16.05200
30.4822,478874,-0.00952,0.02100,1.06787,-3.78400,-4.21100,15.93000
30.4822,478884,0.00024,0.02222,1.03271,-4.02800,-4.33300,15.32000
30.4822,478894,-0.03394,0.03003,1.04736,-3.78400,-4.15000,14.83200
30.4822,478904,-0.02588,0.01514,1.03979,-3.54000,-5.06600,15.25900
30.4822,478914,-0.02637,0.03540,1.03345,-4.02800,-6.10400,16.23500
30.4822,478924,-0.03784,0.02930,1.05347,-3.41800,-6.77500,15.80800
30.4966,478934,-0.01880,0.01440,1.04272,-3.72300,-6.40900,15.13700
30.5082,478944,-0.00488,0.03345,1.04565,-4.08900,-7.38500,15.99100
30.5131,478954,-0.03076,0.02271,1.06177,-4.33300,-7.69000,16.60200
30.5585,478964,-0.00513,0.04150,1.05103,-4.02800,-6.83600,14.58700
30.5719,479005,-0.05176,0.02173,1.04321,-4.21100,-10.01000,15.74700
30.5719,479006,-0.05176,0.02173,1.04321,-4.21100,-10.01000,15.74700
30.5719,479008,-0.02930,0.02759,1.03491,-4.70000,-9.88800,15.80800
30.5719,479009,-0.02930,0.02759,1.03491,-4.70000,-9.88800,15.80800
30.5719,479014,-0.03394,0.02979,1.04224,-4.39500,-10.13200,16.47900
30.5883,479024,-0.04663,0.03174,1.02905,-3.96700,-10.80300,16.35700
30.6044,479034,-0.03857,0.02710,1.03711,-3.35700,-10.43700,15.01500
30.6044,479044,-0.03540,0.03003,1.04565,-3.96700,-11.71900,15.13700
30.6206,479054,-0.03516,0.02905,1.04590,-3.66200,-13.36700,16.72400
30.6206,479064,-0.02393,0.03345,1.05322,-3.11300,-12.45100,14.46500
30.6363,479074,-0.02881,0.02319,1.04810,-3.29600,-13.30600,15.13700
30.6363,479084,-0.03687,0.01855,1.06665,-2.93000,-14.03800,15.68600
30.6523,479094,-0.04663,0.03638,1.05811,-3.72300,-14.95400,15.13700
30.6839,479104,-0.04126,0.03345,1.05444,-3.66200,-15.86900,15.50300
30.6839,479114,-0.03369,0.02344,1.05884,-2.99100,-15.68600,16.11300
30.6839,479124,-0.03076,0.03076,1.05664,-3.72300,-16.17400,15.44200
30.7000,479134,-0.02783,0.02881,1.04810,-4.45600,-17.94400,15.68600
30.7106,479144,-0.00952,0.03662,1.05029,-4.15000,-18.43300,15.68600
30.7156,479154,-0.02124,0.01343,1.04761,-3.96700,-18.61600,15.38100
30.7156,479164,-0.01953,0.02319,1.04346,-4.08900,-20.02000,15.80800
30.7315,479174,-0.02344,0.03052,1.05273,-4.27200,-20.63000,15.80800
30.7476,479184,-0.02686,0.02173,1.03320,-4.33300,-21.11800,16.05200
30.7476,479194,-0.01245,0.03174,1.04321,-4.08900,-21.91200,16.47900
30.7793,479204,-0.00781,0.03247,1.03613,-3.66200,-21.48400,16.23500
30.7793,479214,-0.02466,0.03857,1.03760,-3.41800,-21.79000,15.86900
30.7793,479224,-0.01221,0.03760,1.05029,-3.35700,-22.94900,16.54100
30.7979,479234,-0.02075,0.01855,1.05469,-4.15000,-22.58300,15.38100
30.8111,479244,-0.03223,0.02979,1.04224,-3.78400,-23.80400,15.19800
30.8111,479254,-0.02979,0.02466,1.05078,-3.90600,-25.08500,16.84600
30.8271,479264,-0.03296,0.01880,1.05420,-3.60100,-25.39100,15.86900
30.8271,479274,-0.01953,0.02686,1.04175,-3.60100,-26.42800,16.90700
30.8430,479284,-0.02441,0.02930,1.03955,-4.02800,-25.51300,15.44200
30.8591,479294,-0.01758,0.03833,1.03638,-4.39500,-27.22200,15.56400
30.8591,479304,-0.01929,0.02271,1.04077,-4.39500,-27.52700,16.54100
30.8798,479314,-0.01294,0.01636,1.05200,-4.08900,-27.83200,15.44200
30.8798,479324,0.01782,0.03687,1.04199,-3.96700,-28.01500,15.38100
30.8981,479334,0.00342,0.02637,1.04639,-3.47900,-28.50300,14.77100
30.9080,479344,0.03027,0.03003,1.03638,-3.66200,-29.29700,14.95400
30.9080,479354,0.00610,0.03467,1.04810,-3.72300,-29.23600,15.56400
30.9226,479364,0.01855,0.02686,1.03345,-3.05200,-29.05300,14.46500
30.9387,479374,0.01929,0.03345,1.06421,-3.84500,-29.17500,15.25900
30.9387,479384,0.02563,0.03052,1.04810,-3.84500,-29.17500,15.93000
30.9548,479394,0.01855,0.02832,1.06323,-3.35700,-29.66300,16.11300
30.9548,479404,0.01538,0.02856,1.05640,-3.78400,-30.02900,16.29600
30.9708,479414,0.02637,0.02856,1.03735,-3.90600,-29.78500,15.93000
30.9869,479424,0.01855,0.02417,1.04834,-4.21100,-28.99200,16.23500
30.9980,479434,0.02441,0.02832,1.03442,-4.02800,-29.78500,16.29600
31.0027,479444,0.02393,0.01416,1.05396,-4.15000,-29.35800,16.96800
31.0188,479454,0.01587,0.01880,1.04883,-4.21100,-28.99200,16.05200
31.0188,479464,0.04517,0.03003,1.04321,-4.15000,-30.15100,15.80800
31.0347,479474,0.04224,0.01953,1.04321,-3.84500,-28.62500,15.13700
31.0347,479484,0.04907,0.03882,1.03687,-3.72300,-29.11400,15.56400
31.0589,479494,0.04785,0.02417,1.06177,-3.72300,-28.74800,15.38100
31.0666,479504,0.04370,0.04126,1.03394,-3.29600,-28.87000,15.50300
31.0823,479514,0.06909,0.03394,1.04980,-4.02800,-28.13700,16.60200
31.0823,479524,0.05078,0.02832,1.03052,-3.66200,-27.89300,16.11300
31.0983,479534,0.05249,0.03491,1.03735,-4.02800,-28.32000,16.84600
31.0983,479544,0.05566,0.01196,1.03394,-3.41800,-26.55000,15.62500
31.1218,479554,0.07251,0.03149,1.05713,-3.96700,-25.14600,14.70900
31.1298,479564,0.07520,0.02808,1.04370,-3.47900,-24.59700,15.50300
31.1452,479574,0.05957,0.02051,1.05713,-3.90600,-23.86500,15.68600
31.1452,479584,0.08105,0.04199,1.05371,-3.41800,-21.91200,14.77100
31.1610,479594,0.10547,0.04395,1.04663,-4.45600,-21.36200,14.70900
31.2559,479604,0.10034,0.02490,1.05884,-3.60100,-20.56900,15.62500
31.2559,479614,0.09082,0.03394,1.04175,-4.88300,-22.88800,17.51700
31.2559,479624,0.09570,0.02124,1.04980,-3.96700,-19.53100,16.54100
31.2559,479634,0.06519,0.02710,1.04248,-3.60100,-18.37200,16.96800
31.2559,479644,0.05249,0.02563,1.04834,-4.33300,-18.00500,17.02900
31.2559,479654,0.07129,0.03491,1.02979,-3.96700,-17.21200,17.21200
31.2559,479664,0.04980,0.03369,1.03687,-3.90600,-16.54100,16.05200
31.2559,479674,0.05835,0.02661,1.03174,-3.96700,-15.56400,16.29600
31.2559,479684,0.05054,0.03394,1.03955,-3.72300,-14.46500,14.95400
31.2720,479694,0.06104,0.02710,1.04688,-3.96700,-15.56400,16.78500
31.2720,479704,0.05957,0.03979,1.05591,-4.45600,-13.85500,15.38100
31.2720,479714,0.07495,0.03149,1.04321,-3.84500,-13.06200,15.07600
31.2877,479724,0.08179,0.03442,1.04492,-3.29600,-13.30600,15.62500
31.2991,479734,0.08643,0.02490,1.04590,-3.90600,-11.78000,14.83200
31.3036,479744,0.08691,0.03638,1.03369,-3.23500,-10.31500,14.77100
31.3197,479754,0.08887,0.02954,1.04590,-3.78400,-10.55900,15.56400
31.3197,479764,0.07739,0.01782,1.03491,-4.08900,-9.52100,16.23500
31.3374,479774,0.08008,0.02002,1.04077,-4.08900,-8.42300,15.44200
31.3374,479784,0.07715,0.03003,1.04419,-4.15000,-8.24000,15.93000
31.3586,479794,0.07007,0.03052,1.04175,-3.84500,-7.50700,15.44200
31.3673,479804,0.06152,0.02539,1.05225,-3.47900,-6.22600,14.40400
31.3673,479814,0.07935,0.02930,1.06470,-3.41800,-6.04200,15.01500
31.3833,479824,0.07495,0.02832,1.05054,-3.84500,-6.89700,16.17400
31.3999,479834,0.06665,0.01733,1.05225,-3.96700,-6.10400,14.46500
31.3999,479844,0.05908,0.02417,1.05078,-3.60100,-4.33300,14.58700
31.4207,479854,0.06079,0.01709,1.05103,-4.45600,-6.53100,16.17400
31.4207,479864,0.06055,0.01660,1.04932,-4.15000,-4.82200,15.44200
31.4312,479874,0.06006,0.03564,1.02783,-4.21100,-5.24900,16.05200
31.4469,479884,0.05200,0.03833,1.04370,-4.15000,-4.76100,16.35700
31.4469,479894,0.04321,0.04126,1.03906,-4.39500,-4.70000,15.80800
31.4627,479904,0.03467,0.03076,1.03320,-4.08900,-4.94400,15.56400
31.4831,479914,0.04248,0.04053,1.04248,-3.78400,-4.82200,15.38100
31.5000,479924,0.03540,0.03564,1.05054,-3.78400,-4.51700,14.52600
31.5000,479934,0.03442,0.03125,1.04028,-3.84500,-5.85900,15.80800
31.5000,479944,0.03760,0.03979,1.05322,-4.08900,-5.43200,14.52600
31.5100,479954,0.06689,0.02881,1.04761,-4.39500,-5.61500,14.89300
31.5261,479964,0.06396,0.03711,1.04712,-4.21100,-5.61500,14.70900
31.5388,479974,0.03882,0.02368,1.06299,-3.66200,-5.31000,15.32000
31.5419,479984,0.04541,0.02344,1.04834,-4.33300,-5.37100,16.47900
31.5593,479994,0.07324,0.04468,1.05273,-4.33300,-5.55400,16.66300
31.5593,480004,0.05029,0.03076,1.02637,-4.33300,-4.70000,15.44200
31.5728,480014,0.02173,0.04004,1.02661,-3.60100,-4.70000,16.54100
31.5999,480024,0.03662,0.02637,1.03564,-4.15000,-5.43200,16.35700
31.5999,480034,0.01147,0.03638,1.04077,-3.84500,-5.00500,16.41800
31.6044,480044,0.02393,0.02417,1.02930,-3.72300,-5.12700,16.41800
31.6044,480054,0.01001,0.02393,1.04248,-3.60100,-4.51700,15.44200
31.6203,480064,0.01660,0.02686,1.04150,-3.66200,-5.43200,15.74700
31.6363,480074,0.01465,0.02856,1.04932,-3.66200,-6.65300,15.74700
31.6363,480084,0.01294,0.03223,1.04858,-3.23500,-6.16500,14.22100
31.6524,480094,0.02881,0.03003,1.05762,-3.72300,-7.14100,15.50300
31.6688,480104,0.02686,0.01807,1.06104,-3.90600,-8.72800,15.80800
31.6688,480114,0.02930,0.03223,1.03931,-3.96700,-8.17900,15.56400
31.6847,480124,0.01978,0.02905,1.05176,-3.66200,-8.42300,16.05200
31.7002,480134,0.01465,0.03198,1.04883,-3.72300,-8.91100,15.99100
31.7161,480144,0.00879,0.03784,1.04663,-3.72300,-9.21600,15.80800
31.7161,480154,0.00439,0.02026,1.03784,-3.96700,-9.15500,16.47900
31.7278,480164,0.01099,0.01831,1.03516,-3.96700,-9.76600,15.07600
31.7318,480174,0.00903,0.02124,1.03564,-3.84500,-10.19300,14.52600
31.7476,480184,0.00464,0.02271,1.04541,-3.54000,-10.01000,15.01500
31.7476,480194,0.00781,0.03564,1.03735,-3.78400,-10.13200,14.46500
31.7635,480204,0.01489,0.02710,1.04297,-3.29600,-11.47500,15.13700
31.7804,480214,0.01270,0.02979,1.05005,-3.47900,-11.78000,15.50300
31.7804,480224,0.03882,0.03784,1.05566,-4.15000,-12.45100,15.62500
31.8148,480234,0.01001,0.03076,1.04834,-4.02800,-13.48900,16.23500
31.8148,480244,0.00366,0.02808,1.05151,-4.21100,-13.97700,16.17400
31.8207,480254,0.00171,0.04028,1.04053,-4.02800,-13.36700,15.62500
31.8277,480264,0.00220,0.02637,1.05591,-4.27200,-14.64800,16.54100
31.8277,480274,-0.00342,0.03394,1.05273,-4.21100,-14.70900,15.44200
31.8436,480284,0.00049,0.04199,1.05396,-4.15000,-15.44200,15.44200
31.8595,480294,0.02344,0.03613,1.04736,-4.15000,-16.96800,15.62500
31.8595,480304,0.01270,0.03442,1.05200,-4.33300,-17.45600,15.56400
31.8753,480314,0.01636,0.03345,1.03735,-4.57800,-17.82200,15.13700
31.9071,480324,0.01392,0.03271,1.04956,-4.45600,-19.40900,16.41800
31.9071,480334,0.01099,0.02563,1.03857,-4.15000,-19.22600,15.99100
31.9071,480344,0.02563,0.02441,1.03223,-3.96700,-19.40900,16.41800
31.9071,480354,0.01489,0.03076,1.04419,-3.47900,-19.83600,15.38100
31.9231,480364,0.01074,0.01294,1.03955,-4.02800,-19.77500,15.44200
31.9387,480374,0.00464,0.02539,1.04150,-3.84500,-20.75200,15.19800
31.9387,480384,0.01172,0.01318,1.05566,-3.90600,-20.99600,16.05200
31.9547,480394,0.02002,0.02612,1.04712,-4.02800,-21.17900,16.41800
31.9547,480404,0.00195,0.04272,1.06104,-2.99100,-20.14200,15.50300
31.9706,480414,0.00537,0.02441,1.05762,-3.66200,-21.48400,15.68600
31.9865,480424,0.02222,0.02588,1.04468,-4.51700,-22.64400,16.05200
32.0022,480434,0.01392,0.02881,1.05444,-4.70000,-22.33900,15.86900
32.0022,480444,0.03125,0.02441,1.04419,-4.51700,-22.52200,15.56400
32.0174,480454,0.02783,0.03418,1.04883,-4.45600,-22.76600,15.68600
32.0174,480464,0.04199,0.02393,1.02661,-4.33300,-22.94900,15.93000
32.0332,480474,0.06055,0.03662,1.03516,-4.08900,-23.07100,16.84600
32.0332,480484,0.05029,0.03516,1.03857,-4.02800,-23.13200,17.02900
32.0494,480494,0.04907,0.03711,1.03516,-3.90600,-22.70500,15.62500
32.0653,480504,0.04907,0.03125,1.03809,-3.96700,-22.52200,15.32000
32.0653,480514,0.04175,0.02954,1.04077,-3.90600,-22.15600,16.05200
32.0893,480524,0.04565,0.01587,1.05664,-3.23500,-22.03400,16.23500
32.0980,480534,0.04565,0.01318,1.05420,-3.72300,-20.81300,14.77100
32.1131,480544,0.04395,0.03882,1.06152,-3.72300,-22.64400,16.78500
32.1131,480554,0.04102,0.03369,1.06421,-4.02800,-22.03400,15.99100
32.1292,480564,0.03613,0.02563,1.04712,-4.70000,-22.40000,16.66300
32.1292,480574,0.04663,0.02222,1.05273,-4.45600,-21.05700,15.13700
32.1449,480584,0.05298,0.03149,1.05005,-4.08900,-21.91200,16.47900
32.1449,480594,0.04834,0.02368,1.03662,-3.90600,-20.50800,15.19800
32.1608,480604,0.05688,0.03271,1.03467,-4.51700,-21.05700,16.29600
32.1809,480614,0.05518,0.03125,1.03418,-4.08900,-20.81300,16.60200
32.1890,480624,0.05566,0.02466,1.04810,-4.15000,-20.02000,16.29600
32.1989,480634,0.07227,0.03125,1.05151,-3.96700,-19.77500,15.68600
32.2085,480644,0.05615,0.02832,1.03345,-3.78400,-18.25000,16.05200
32.2085,480654,0.05737,0.02588,1.03369,-3.90600,-18.12700,16.29600
32.2295,480664,0.05005,0.01489,1.02295,-3.54000,-17.82200,16.11300
32.2404,480674,0.04688,0.03491,1.04907,-3.66200,-17.82200,16.78500
32.2404,480684,0.06714,0.04370,1.03882,-3.72300,-17.21200,16.60200
32.2565,480694,0.05322,0.03638,1.04956,-4.15000,-16.84600,16.29600
32.2722,480704,0.06665,0.03589,1.05200,-3.47900,-14.64800,14.46500
32.2882,480714,0.05005,0.02319,1.06128,-3.90600,-15.01500,15.93000
32.2882,480724,0.06714,0.04224,1.04688,-4.08900,-14.64800,15.07600
32.3040,480734,0.06372,0.02612,1.05811,-4.15000,-14.16000,16.29600
32.3197,480744,0.06543,0.02539,1.02979,-4.08900,-12.45100,14.83200
32.3197,480754,0.06470,0.01904,1.04492,-4.27200,-12.14600,15.56400
32.3197,480764,0.06079,0.02808,1.03369,-4.57800,-11.78000,15.38100
32.3357,480774,0.06177,0.02856,1.04590,-3.90600,-10.68100,14.89300
32.3357,480784,0.06641,0.03125,1.02100,-3.66200,-10.62000,15.25900
32.3591,480794,0.07202,0.03467,1.03149,-3.84500,-10.13200,16.05200
32.3676,480804,0.05127,0.02222,1.03857,-3.11300,-8.78900,13.85500
32.3676,480814,0.05347,0.03491,1.03394,-3.72300,-10.74200,16.05200
32.3835,480824,0.05591,0.02295,1.04712,-3.54000,-8.48400,14.83200
32.3994,480834,0.04419,0.02197,1.04321,-3.96700,-8.17900,15.62500
32.4217,480844,0.05933,0.04028,1.04956,-3.72300,-7.56800,15.62500
32.4217,480854,0.05518,0.02979,1.04492,-3.66200,-8.48400,16.54100
32.4313,480864,0.05322,0.02344,1.04712,-3.78400,-5.98100,14.70900
32.4388,480874,0.03687,0.02588,1.05054,-4.27200,-7.62900,16.23500
32.4497,480884,0.04688,0.04468,1.04492,-4.45600,-6.89700,15.50300
32.4628,480894,0.04346,0.02393,1.04834,-5.06600,-6.59200,15.50300
32.4720,480904,0.04834,0.02612,1.05908,-4.82200,-6.95800,16.11300
32.4773,480914,0.04443,0.02100,1.04468,-4.57800,-5.79800,14.64800
32.4900,480924,0.05322,0.02368,1.02710,-4.33300,-5.55400,15.99100
32.4987,480934,0.04956,0.02686,1.03833,-3.96700,-5.06600,15.38100
32.5083,480944,0.05908,0.02051,1.02979,-4.27200,-5.43200,15.74700
32.5248,480954,0.05054,0.02100,1.03516,-3.29600,-4.70000,16.17400
32.5248,480964,0.05640,0.03564,1.03052,-3.54000,-4.21100,16.05200
32.5702,481005,0.02979,0.02905,1.05151,-3.11300,-4.15000,15.68600
32.5720,481007,0.02515,0.03711,1.06470,-3.11300,-4.08900,16.17400
32.5720,481008,0.02515,0.03711,1.06470,-3.11300,-4.08900,16.17400
32.5731,481010,0.02515,0.03711,1.06470,-3.11300,-4.08900,16.17400
32.5731,481014,0.02344,0.02979,1.04736,-3.41800,-4.51700,16.23500
32.5887,481024,0.02100,0.02197,1.05957,-3.66200,-5.37100,16.23500
32.5973,481034,0.02393,0.03491,1.05518,-3.66200,-4.27200,15.19800
32.6035,481044,0.01978,0.02734,1.05518,-3.78400,-3.78400,14.58700
32.6194,481054,0.02100,0.03320,1.05078,-4.51700,-4.94400,15.68600
32.6194,481064,0.01782,0.04346,1.04907,-3.90600,-5.00500,15.07600
32.6361,481074,0.02075,0.03613,1.03638,-4.39500,-5.37100,15.93000
32.6520,481084,0.03125,0.02832,1.03662,-4.63900,-5.18800,15.25900
32.6520,481094,0.02954,0.03711,1.03662,-4.15000,-4.63900,15.56400
32.6678,481104,0.02563,0.03564,1.05737,-4.02800,-3.96700,14.89300
32.6678,481114,0.01758,0.03687,1.02563,-4.02800,-4.94400,15.56400
32.6837,481124,-0.00586,0.02344,1.04834,-3.84500,-4.63900,15.56400
32.7037,481134,-0.00195,0.03467,1.05151,-3.60100,-4.57800,14.34300
32.7037,481144,-0.00415,0.03003,1.05347,-3.90600,-5.12700,15.32000
32.7160,481154,0.00269,0.02832,1.04688,-4.02800,-5.92000,15.56400
32.7160,481164,-0.00513,0.02441,1.06909,-3.35700,-5.55400,14.89300
32.7387,481174,0.00464,0.02393,1.04248,-4.02800,-5.92000,14.83200
32.7478,481184,0.00220,0.02905,1.03271,-3.54000,-5.73700,15.38100
32.7636,481194,-0.00854,0.02881,1.04712,-4.33300,-6.16500,14.83200
32.7664,481204,-0.01196,0.01782,1.05151,-3.84500,-6.83600,15.32000
32.7799,481214,0.01196,0.01636,1.03735,-3.60100,-7.32400,15.50300
32.7799,481224,-0.01538,0.02173,1.03613,-3.17400,-7.38500,15.99100
32.7953,481234,-0.00537,0.03369,1.02417,-3.29600,-7.01900,14.58700
32.8037,481244,0.00635,0.01367,1.05664,-3.54000,-7.26300,14.95400
32.8271,481254,-0.00659,0.02979,1.03882,-2.99100,-8.24000,16.17400
32.8271,481264,-0.00610,0.03296,1.04907,-3.11300,-7.99600,15.13700
32.8271,481274,-0.00098,0.02930,1.05640,-2.99100,-7.50700,14.52600
32.8590,481284,-0.01123,0.02637,1.06470,-3.54000,-8.60600,15.19800
32.8590,481294,-0.00439,0.03467,1.06348,-3.66200,-9.52100,16.84600
32.8590,481304,-0.01050,0.03076,1.06226,-4.27200,-9.52100,16.35700
32.8785,481314,-0.00342,0.04175,1.06763,-4.45600,-9.58300,16.11300
32.8899,481324,-0.02100,0.04565,1.04321,-4.82200,-9.88800,15.80800
32.8909,481334,-0.01270,0.04028,1.03784,-4.57800,-9.88800,16.41800
32.9087,481344,-0.02539,0.03882,1.04541,-4.15000,-9.39900,15.93000
32.9393,481354,-0.02783,0.02515,1.03516,-4.57800,-10.37600,15.32000
32.9393,481364,-0.02075,0.03394,1.03125,-4.21100,-10.86400,15.86900
32.9393,481374,-0.01123,0.02173,1.02100,-3.90600,-11.84100,14.83200
32.9393,481384,-0.01025,0.01807,1.03418,-3.90600,-13.42800,17.39500
32.9559,481394,-0.00537,0.01465,1.03418,-3.54000,-13.48900,16.29600
32.9559,481404,-0.01367,0.02710,1.05249,-3.23500,-13.97700,16.17400
32.9718,481414,-0.01953,0.03076,1.07178,-3.05200,-11.41400,15.44200
32.9875,481424,-0.00488,0.02979,1.04077,-3.96700,-12.63400,15.93000
32.9875,481434,-0.02563,0.03735,1.04053,-3.66200,-12.75600,16.05200
33.0054,481444,-0.02612,0.03735,1.05615,-3.54000,-13.00000,16.47900
33.0346,481454,-0.04175,0.01416,1.05981,-3.84500,-13.61100,16.17400
33.0346,481464,-0.03076,0.02808,1.03711,-3.60100,-14.09900,16.60200
33.0346,481474,-0.02710,0.02100,1.05249,-4.45600,-14.89300,16.60200
33.0504,481484,-0.02588,0.01221,1.04028,-3.35700,-13.61100,14.46500
33.0504,481494,-0.01440,0.01709,1.04639,-3.84500,-13.85500,15.56400
33.0662,481504,0.00977,0.02905,1.04883,-3.96700,-13.97700,14.52600
33.0823,481514,0.00659,0.02563,1.06494,-4.39500,-15.32000,16.11300
33.0823,481524,0.00244,0.02173,1.05200,-4.39500,-15.38100,15.80800
33.0981,481534,-0.01367,0.00659,1.05176,-3.96700,-15.86900,16.90700
33.1044,481544,-0.00781,0.03076,1.03833,-4.27200,-15.68600,17.15100
33.1141,481554,0.01245,0.03784,1.04565,-4.08900,-15.80800,16.72400
33.1302,481564,-0.01172,0.04419,1.05249,-4.51700,-15.25900,16.41800
33.1302,481574,-0.01782,0.01636,1.04443,-4.45600,-16.96800,16.96800
33.1472,481584,-0.04150,0.03027,1.02954,-3.54000,-16.23500,16.96800
33.1616,481594,-0.04614,0.02319,1.02930,-4.02800,-17.57800,17.21200
33.1616,481604,-0.05273,0.03125,1.03320,-3.41800,-16.54100,16.11300
33.1776,481614,-0.04419,0.02661,1.05273,-3.35700,-17.21200,15.74700
33.1776,481624,-0.02002,0.04468,1.05127,-2.93000,-16.96800,13.91600
33.1934,481634,-0.02905,0.04077,1.03882,-3.35700,-17.57800,14.77100
33.2113,481644,-0.00122,0.03638,1.04492,-3.47900,-17.76100,15.25900
33.2113,481654,0.01343,0.03003,1.03174,-3.54000,-18.25000,15.32000
33.2419,481664,0.01636,0.02808,1.04102,-3.54000,-18.61600,16.23500
33.2419,481674,-0.00732,0.02979,1.04541,-3.60100,-17.94400,16.35700
33.2477,481684,-0.00659,0.03564,1.05151,-3.29600,-18.37200,15.80800
33.2576,481694,-0.02197,0.03296,1.03809,-3.66200,-18.55500,16.23500
33.2576,481704,-0.02026,0.03735,1.04565,-2.93000,-18.86000,16.90700
33.2735,481714,-0.03003,0.02563,1.05737,-3.11300,-18.73800,15.80800
33.2898,481724,-0.01514,0.02710,1.04150,-3.23500,-18.06600,15.50300
33.2898,481734,-0.00781,0.01782,1.05542,-2.86900,-17.76100,15.86900
33.3051,481744,-0.02393,0.03809,1.05835,-3.23500,-18.37200,14.77100
33.3208,481754,0.00464,0.05005,1.04834,-2.93000,-18.86000,15.25900
33.3367,481764,-0.00146,0.02271,1.04590,-2.56300,-18.61600,15.01500
33.3367,481774,0.00781,0.03076,1.02148,-2.19700,-18.43300,15.62500
33.3487,481784,0.01196,0.02588,1.03125,-3.29600,-18.37200,15.99100
33.3593,481794,0.01733,0.02759,1.04858,-3.17400,-18.61600,16.90700
33.4012,481804,0.00659,0.02197,1.04102,-2.99100,-18.79900,16.23500
33.4012,481814,-0.01318,0.02173,1.04980,-3.29600,-18.25000,16.23500
33.4012,481824,-0.00269,0.03906,1.07031,-3.47900,-18.55500,15.68600
33.4012,481834,-0.00488,0.04077,1.06274,-3.47900,-19.16500,16.78500
33.4053,481844,-0.01611,0.04028,1.07031,-4.02800,-18.92100,15.32000
33.4224,481854,-0.01050,0.03784,1.06665,-4.51700,-18.79900,15.80800
33.4224,481864,0.00171,0.03247,1.05908,-4.57800,-18.37200,14.70900
33.4322,481874,-0.00903,0.02197,1.05957,-5.18800,-18.49400,15.56400
33.4480,481884,0.01855,0.03662,1.03564,-5.31000,-19.34800,16.35700
33.4480,481894,0.02271,0.01782,1.02686,-5.00500,-17.88300,14.77100
33.4640,481904,0.02051,0.02295,1.05347,-4.57800,-18.55500,15.44200
33.4640,481914,0.02319,0.03662,1.03833,-4.39500,-19.04300,15.50300
33.4851,481924,0.00757,0.03271,1.02686,-4.51700,-18.67700,16.35700
33.4959,481934,0.02905,0.04297,1.03833,-3.41800,-17.82200,15.68600
33.5115,481944,0.01270,0.02466,1.03906,-4.27200,-18.12700,16.66300
33.5115,481954,0.02026,0.02979,1.05493,-3.47900,-17.82200,15.86900
33.5275,481964,0.01904,0.03076,1.04614,-3.41800,-17.88300,17.27300
33.5435,481974,0.01294,0.03198,1.04224,-3.84500,-16.72400,15.93000
33.5435,481984,0.01074,0.02271,1.05688,-3.29600,-16.47900,15.50300
33.5593,481994,0.00293,0.03809,1.05786,-3.66200,-16.90700,15.07600
33.5752,482004,0.01489,0.03296,1.05151,-3.96700,-16.41800,15.50300
33.5752,482014,0.02124,0.03174,1.05762,-4.08900,-16.96800,15.68600
33.5752,482024,0.02344,0.04248,1.03784,-3.84500,-16.17400,15.44200
33.5912,482034,0.02002,0.04395,1.03613,-4.33300,-17.39500,16.35700
33.6092,482044,0.01929,0.04883,1.01514,-3.84500,-16.23500,15.44200
33.6271,482054,0.01001,0.02832,1.03296,-3.54000,-16.05200,16.11300
33.6311,482064,0.02271,0.03369,1.02832,-3.23500,-16.11300,16.41800
33.6547,482074,0.02515,0.03784,1.03491,-3.84500,-16.23500,16.41800
33.6547,482084,0.02856,0.02637,1.05542,-2.99100,-16.23500,16.23500
33.6547,482094,0.01367,0.03564,1.05347,-3.47900,-16.41800,15.99100
33.6547,482104,0.02734,0.03125,1.05005,-3.41800,-14.89300,15.56400
33.6704,482114,0.02539,0.01782,1.05420,-3.54000,-15.74700,16.23500
33.6862,482124,0.04077,0.02783,1.07275,-3.23500,-15.44200,15.93000
33.7019,482134,0.03198,0.03442,1.03809,-3.47900,-14.83200,15.93000
33.7058,482144,0.02417,0.04077,1.05029,-3.90600,-15.19800,15.38100
33.7200,482154,0.01685,0.04395,1.05640,-4.27200,-16.17400,17.15100
33.7200,482164,0.02637,0.03735,1.03198,-3.54000,-14.22100,14.95400
33.7515,482174,0.00879,0.02979,1.03613,-3.54000,-14.40400,14.95400
33.7515,482184,-0.00562,0.02368,1.04419,-4.02800,-14.83200,15.01500
33.7515,482194,-0.00049,0.03369,1.03662,-4.02800,-14.16000,15.19800
33.7655,482204,0.00708,0.02393,1.04590,-3.47900,-14.83200,14.89300
33.7718,482214,0.02783,0.03491,1.02930,-3.96700,-15.01500,15.56400
33.7824,482224,0.03052,0.03320,1.02930,-4.33300,-14.64800,14.83200
33.8130,482234,0.02441,0.04126,1.04956,-4.08900,-14.64800,15.56400
33.8130,482244,0.02637,0.04224,1.03320,-3.90600,-14.16000,15.01500
33.8130,482254,0.03027,0.04932,1.04004,-3.96700,-14.77100,16.35700
33.8449,482264,0.02783,0.04321,1.03076,-4.15000,-14.40400,15.44200
33.8449,482274,0.01709,0.03516,1.05444,-4.70000,-13.85500,15.44200
33.8609,482284,0.01465,0.03296,1.05249,-4.08900,-13.06200,14.22100
33.8609,482294,0.01929,0.03345,1.04028,-4.02800,-13.61100,15.99100
33.8609,482304,0.02393,0.02515,1.03345,-4.08900,-13.79400,15.93000
33.8768,482314,0.01416,0.02979,1.03296,-4.08900,-14.09900,16.41800
33.8768,482324,0.01099,0.02954,1.03003,-4.57800,-14.28200,16.17400
33.8925,482334,0.02783,0.03442,1.03711,-4.15000,-13.61100,16.47900
33.9082,482344,0.00781,0.03882,1.03467,-4.21100,-13.48900,16.11300
33.9082,482354,0.02148,0.04199,1.03540,-3.90600,-14.58700,16.90700
33.9243,482364,0.02271,0.02905,1.03247,-3.17400,-14.58700,16.29600
33.9243,482374,0.02319,0.03345,1.03418,-3.54000,-13.48900,15.38100
33.9576,482384,0.03223,0.02661,1.05518,-3.17400,-12.32900,15.19800
33.9576,482394,0.03198,0.03271,1.05713,-3.11300,-13.24500,15.74700
33.9576,482404,0.00854,0.02905,1.06226,-3.54000,-13.30600,15.62500
33.9794,482414,0.02075,0.03760,1.06079,-3.41800,-13.42800,15.99100
33.9878,482424,0.01465,0.02515,1.06128,-3.41800,-13.12300,16.11300
33.9878,482434,0.01221,0.04663,1.05298,-3.72300,-13.06200,16.23500
34.0068,482444,0.01245,0.04370,1.06421,-4.02800,-13.00000,15.80800
34.0184,482454,-0.01294,0.03833,1.04077,-4.27200,-12.93900,15.50300
34.0199,482464,-0.02075,0.02783,1.06201,-4.51700,-13.12300,15.32000
34.0357,482474,0.04395,0.02930,1.03491,-5.06600,-12.81700,15.50300
34.0615,482484,0.03613,0.02808,1.02002,-3.72300,-12.57300,15.50300
34.0615,482494,0.01636,0.03076,1.03784,-4.27200,-13.42800,17.02900
34.0673,482504,0.01514,0.02710,1.02515,-3.66200,-13.67200,16.41800
34.0673,482514,0.02466,0.03418,1.01514,-3.11300,-13.00000,15.13700
34.0830,482524,0.01025,0.02075,1.03369,-3.60100,-12.32900,14.95400
34.0988,482534,0.02222,0.02637,1.03369,-2.93000,-12.87800,15.80800
34.1070,482544,0.01343,0.03662,1.04077,-3.11300,-13.36700,16.17400
34.1146,482554,0.02588,0.04077,1.06055,-2.99100,-12.81700,15.38100
34.1146,482564,0.02246,0.02979,1.05469,-3.41800,-12.81700,15.07600
34.1307,482574,0.02124,0.03735,1.04321,-3.54000,-12.45100,15.01500
34.1620,482584,0.01489,0.03223,1.05444,-3.90600,-12.81700,16.35700
34.1620,482594,0.01611,0.02759,1.03394,-3.35700,-12.20700,15.32000
34.1620,482604,0.01807,0.03711,1.03271,-3.84500,-12.81700,16.54100
34.1880,482614,0.01538,0.03955,1.03369,-3.96700,-13.42800,16.60200
34.1880,482624,0.02197,0.03955,1.04004,-3.17400,-12.63400,16.05200
34.1936,482634,0.01465,0.03174,1.04834,-3.66200,-13.06200,15.68600
34.2093,482644,0.02002,0.03149,1.05908,-3.54000,-13.30600,16.23500
34.2093,482654,0.01001,0.04150,1.04663,-3.78400,-12.75600,15.01500
34.2253,482664,0.02344,0.04736,1.06006,-3.96700,-12.69500,16.41800
34.2253,482674,0.00952,0.04150,1.06885,-4.15000,-13.24500,15.38100
34.2585,482684,0.01562,0.04736,1.06201,-4.57800,-13.55000,16.11300
34.2585,482694,0.00586,0.03223,1.05908,-5.18800,-12.87800,15.38100
34.2730,482704,0.02271,0.05518,1.05054,-5.00500,-12.87800,15.44200
34.2730,482714,0.01465,0.03931,1.04370,-4.45600,-12.26800,15.86900
34.2892,482724,0.00903,0.04028,1.03662,-4.02800,-13.06200,15.74700
34.2997,482734,0.02417,0.01978,1.03369,-4.57800,-13.06200,15.38100
34.3081,482744,0.00073,0.04663,1.02441,-4.21100,-13.91600,15.50300
34.3081,482754,0.02417,0.03076,1.04907,-4.08900,-13.06200,15.25900
34.3210,482764,0.00879,0.04028,1.04126,-3.60100,-12.14600,14.70900
34.3367,482774,0.01855,0.02783,1.03027,-3.41800,-12.81700,14.95400
34.3367,482784,0.01660,0.01880,1.04272,-3.90600,-14.34300,16.23500
34.3692,482794,0.01953,0.04004,1.03442,-3.35700,-13.79400,16.41800
34.3692,482804,0.02393,0.02197,1.04736,-3.17400,-13.42800,15.80800
34.3692,482814,0.01709,0.03223,1.04419,-3.41800,-13.73300,15.62500
34.3856,482824,0.00610,0.04126,1.05981,-3.96700,-14.34300,16.72400
34.3856,482834,0.00781,0.03687,1.06104,-4.45600,-13.12300,15.68600
34.4083,482844,0.01074,0.03003,1.06055,-4.21100,-12.93900,15.99100
34.4182,482854,0.00366,0.02222,1.07300,-4.45600,-14.83200,17.15100
34.4228,482864,0.00586,0.03467,1.06763,-4.33300,-15.13700,17.09000
34.4342,482874,0.00635,0.03149,1.04443,-4.70000,-14.52600,16.41800
34.4342,482884,0.00977,0.01562,1.05225,-4.45600,-14.77100,15.99100
34.4499,482894,0.01221,0.02124,1.04907,-4.39500,-14.95400,15.50300
34.4661,482904,0.01733,0.02930,1.04639,-4.27200,-15.68600,15.99100
34.4862,482914,0.01221,0.03174,1.05273,-4.27200,-14.83200,15.74700
34.4862,482924,0.01978,0.03271,1.04419,-4.70000,-14.70900,15.07600
34.5003,482934,0.00586,0.03735,1.04736,-4.88300,-16.41800,16.41800
34.5090,482944,0.01660,0.02246,1.06177,-4.63900,-15.44200,15.50300
34.5141,482954,-0.00244,0.02563,1.06128,-4.57800,-16.29600,16.84600
34.5300,482964,0.00854,0.02637,1.04053,-4.39500,-16.47900,15.93000
34.5619,483006,0.01270,0.03442,1.01807,-4.08900,-16.29600,15.07600
34.5619,483008,0.01270,0.03442,1.01807,-4.08900,-16.29600,15.07600
34.5619,483009,0.01270,0.03442,1.01807,-4.08900,-16.29600,15.07600
34.5619,483011,0.01270,0.03442,1.01807,-4.08900,-16.29600,15.07600
34.5776,483014,0.01733,0.02637,1.02856,-3.60100,-17.39500,15.38100
34.5776,483024,0.03467,0.04053,1.01660,-3.29600,-17.33400,15.68600
34.5937,483034,0.01074,0.03687,1.02368,-3.11300,-17.45600,15.38100
34.6094,483044,0.02148,0.02002,1.02954,-2.62500,-18.43300,15.44200
34.6094,483054,0.02368,0.03589,1.03760,-2.93000,-18.55500,16.29600
34.6251,483064,0.01880,0.03418,1.05420,-2.31900,-18.00500,16.17400
34.6411,483074,0.02515,0.04614,1.06543,-2.74700,-18.37200,16.17400
34.6442,483084,0.04028,0.04102,1.08203,-2.86900,-18.06600,15.80800
34.6727,483094,0.04150,0.03467,1.06885,-3.23500,-19.16500,16.47900
34.6727,483104,0.02881,0.05664,1.06958,-3.23500,-18.55500,16.84600
34.6727,483114,0.03149,0.04565,1.06299,-4.21100,-19.10400,16.17400
34.6909,483124,0.02124,0.03955,1.05664,-4.51700,-19.65300,16.90700
34.7135,483134,0.01147,0.03662,1.04785,-4.88300,-20.02000,17.57800
34.7135,483144,0.00635,0.01758,1.04663,-4.39500,-19.95800,15.68600
34.7192,483154,0.01147,0.02905,1.04199,-4.33300,-19.77500,15.93000
34.7294,483164,0.01880,0.02515,1.01807,-4.15000,-19.22600,15.93000
34.7371,483174,0.02100,0.03076,1.03442,-4.08900,-20.14200,16.72400
34.7534,483184,0.03320,0.02490,1.02588,-3.96700,-20.20300,15.80800
34.7592,483194,0.02686,0.02808,1.03882,-3.54000,-20.20300,16.05200
34.7667,483204,0.03613,0.03882,1.05640,-3.60100,-20.81300,16.72400
34.7861,483214,0.02881,0.03174,1.04565,-2.99100,-20.08100,15.74700
34.7861,483224,0.02783,0.02417,1.06128,-3.35700,-20.08100,15.74700
34.8035,483234,0.04053,0.02075,1.05811,-3.84500,-19.34800,14.64800
34.8035,483244,0.03320,0.03564,1.05347,-3.47900,-18.73800,15.68600
34.8144,483254,0.03418,0.02930,1.05591,-3.41800,-19.95800,15.74700
34.8297,483264,0.04761,0.02173,1.05908,-4.15000,-18.86000,14.58700
34.8297,483274,0.03833,0.03687,1.06519,-4.21100,-20.44700,16.41800
34.8462,483284,0.04077,0.03662,1.05518,-4.76100,-19.65300,15.38100
34.8569,483294,0.04590,0.03979,1.03296,-4.94400,-21.05700,17.51700
34.8786,483304,0.05444,0.03955,1.04736,-4.70000,-19.89700,16.54100
34.8786,483314,0.03296,0.03540,1.02905,-5.24900,-20.02000,16.23500
34.8786,483324,0.04468,0.03369,1.02344,-4.76100,-18.79900,16.05200
34.8946,483334,0.04102,0.02002,1.03882,-3.72300,-18.92100,15.86900
34.9100,483344,0.04785,0.02441,1.02661,-3.90600,-19.22600,16.96800
34.9100,483354,0.04150,0.03589,1.02051,-3.54000,-19.53100,16.11300
34.9262,483364,0.02954,0.02637,1.02539,-3.90600,-18.86000,17.02900
34.9423,483374,0.04663,0.03540,1.02661,-3.05200,-18.73800,16.17400
34.9423,483384,0.04663,0.03467,1.02930,-2.56300,-17.88300,15.56400
34.9584,483394,0.04858,0.02222,1.05688,-2.62500,-18.18800,15.68600
34.9758,483404,0.06226,0.03149,1.03882,-3.41800,-18.12700,15.74700
34.9758,483414,0.04956,0.03394,1.05908,-3.11300,-16.29600,14.64800
34.9902,483424,0.06323,0.04272,1.06323,-3.66200,-17.94400,15.86900
35.0103,483434,0.04956,0.03906,1.05981,-3.47900,-17.51700,16.17400
35.0103,483444,0.04980,0.03369,1.07007,-3.47900,-17.45600,15.93000
35.0192,483454,0.05127,0.02881,1.04419,-3.84500,-16.60200,15.62500
35.0227,483464,0.06177,0.02173,1.05713,-4.02800,-16.78500,15.74700
35.0413,483474,0.05908,0.04028,1.04785,-4.21100,-17.27300,16.60200
35.0481,483484,0.05713,0.03027,1.04565,-4.08900,-15.99100,15.93000
35.0606,483494,0.05591,0.03833,1.03613,-3.78400,-15.99100,15.50300
35.0702,483504,0.06274,0.03564,1.04126,-4.33300,-16.23500,16.35700
35.0861,483514,0.05908,0.03296,1.03394,-4.33300,-15.74700,16.23500
35.0861,483524,0.06104,0.02612,1.04321,-3.96700,-15.07600,15.74700
35.1021,483534,0.05786,0.02808,1.05713,-3.84500,-14.89300,16.84600
35.1103,483544,0.05615,0.04663,1.04297,-4.02800,-14.89300,15.93000
35.1180,483554,0.04785,0.03662,1.05664,-4.27200,-14.95400,17.09000
35.1200,483564,0.03271,0.03857,1.04028,-4.08900,-13.97700,16.41800
35.1376,483574,0.05957,0.04517,1.04346,-4.02800,-14.28200,15.86900
35.1499,483584,0.04810,0.03882,1.04517,-3.78400,-13.24500,15.13700
35.1499,483594,0.04419,0.03125,1.05811,-4.51700,-14.16000,16.29600
35.1698,483604,0.05737,0.04370,1.03833,-4.39500,-14.89300,17.33400
35.1867,483614,0.05420,0.03857,1.04126,-3.84500,-13.18400,15.13700
35.1867,483624,0.05127,0.02539,1.04712,-4.51700,-13.91600,15.86900
35.1984,483634,0.05957,0.03003,1.04028,-4.33300,-12.26800,15.19800
35.2141,483644,0.06958,0.03931,1.03979,-4.02800,-12.32900,15.32000
35.2141,483654,0.06738,0.03931,1.03589,-3.96700,-12.14600,14.95400
35.2289,483664,0.04639,0.03516,1.02808,-3.54000,-11.10800,14.77100
35.2289,483674,0.05127,0.02563,1.04688,-3.96700,-12.75600,16.41800
35.2501,483684,0.05103,0.04126,1.03711,-3.54000,-10.62000,15.25900
35.2501,483694,0.05640,0.03003,1.04541,-3.78400,-11.41400,15.68600
35.2643,483704,0.06152,0.02979,1.04712,-4.15000,-11.47500,16.60200
35.2905,483714,0.05908,0.02832,1.06714,-4.08900,-11.84100,17.02900
35.2905,483724,0.04614,0.03955,1.06445,-4.21100,-11.04700,15.80800
35.2959,483734,0.04736,0.02441,1.06006,-4.21100,-10.49800,16.60200
35.3107,483744,0.04541,0.03442,1.05591,-4.70000,-9.82700,15.74700
35.3107,483754,0.04175,0.03296,1.04395,-4.82200,-10.55900,16.11300
35.3277,483764,0.04565,0.02222,1.04175,-4.63900,-10.92500,15.74700
35.3413,483774,0.03784,0.02368,1.03052,-4.88300,-11.04700,15.99100
35.3413,483784,0.03662,0.03320,1.02637,-4.08900,-10.43700,16.05200
35.3581,483794,0.04370,0.02881,1.02588,-4.33300,-10.13200,15.13700
35.3606,483804,0.05371,0.02856,1.03174,-4.02800,-11.41400,16.35700
35.3878,483814,0.06006,0.03564,1.02295,-4.27200,-10.98600,16.23500
35.3878,483824,0.04321,0.04199,1.03320,-3.66200,-9.33800,15.25900
35.3989,483834,0.05273,0.03003,1.03760,-3.84500,-11.16900,16.05200
35.4067,483844,0.03711,0.04688,1.04468,-3.41800,-10.68100,16.29600
35.4204,483854,0.04810,0.02783,1.04590,-3.54000,-10.55900,16.47900
35.4268,483864,0.03394,0.03076,1.05054,-3.35700,-9.15500,15.86900
35.4363,483874,0.03052,0.03247,1.05518,-3.41800,-10.07100,15.38100
35.4363,483884,0.04468,0.03467,1.04785,-3.41800,-10.31500,15.93000
35.4524,483894,0.03076,0.03076,1.05518,-3.84500,-9.58300,15.56400
35.4779,483904,0.02881,0.03247,1.03516,-3.41800,-10.13200,15.99100
35.5116,483914,0.03735,0.04150,1.03735,-3.11300,-10.13200,15.68600
35.5116,483924,0.03516,0.04517,1.03784,-3.35700,-10.31500,15.80800
35.5116,483934,0.03687,0.02417,1.05396,-3.78400,-10.68100,15.86900
35.5116,483944,0.02563,0.05176,1.05640,-4.21100,-11.04700,16.90700
35.5178,483954,0.04150,0.04297,1.04565,-4.15000,-10.55900,15.86900
35.5178,483964,0.03662,0.05347,1.05908,-4.08900,-11.29200,15.74700
35.5329,483974,0.03003,0.02637,1.06616,-3.96700,-10.01000,15.50300
35.5486,483984,0.03467,0.03857,1.04468,-3.90600,-10.07100,14.58700
35.5644,483994,0.03125,0.03369,1.05518,-4.76100,-10.98600,14.89300
35.5644,484004,0.02563,0.02441,1.04883,-4.33300,-9.76600,14.58700
35.5644,484014,0.01855,0.02002,1.02612,-4.94400,-10.86400,15.25900
35.6026,484024,0.02686,0.02930,1.04077,-4.51700,-11.04700,16.17400
35.6026,484034,0.03662,0.02490,1.02197,-4.33300,-12.14600,16.17400
35.6094,484044,0.01562,0.03198,1.00415,-4.08900,-12.08500,16.54100
35.6234,484054,0.02344,0.03247,1.02319,-3.41800,-11.59700,16.17400
35.6286,484064,0.03711,0.02588,1.01733,-3.41800,-11.78000,15.99100
35.6286,484074,0.02930,0.02783,1.01733,-3.29600,-12.75600,16.54100
35.6467,484084,0.03467,0.04370,1.02271,-2.99100,-12.39000,16.11300
35.6467,484094,0.03491,0.04150,1.02271,-2.01400,-11.29200,14.89300
35.6601,484104,0.03198,0.03638,1.05713,-2.07500,-11.71900,16.47900
35.6763,484114,0.02319,0.03320,1.04565,-2.25800,-11.41400,15.38100
35.7111,484124,0.02051,0.03857,1.07861,-2.68600,-12.26800,16.11300
35.7111,484134,0.02051,0.03931,1.06152,-2.56300,-11.47500,15.25900
35.7111,484144,0.02637,0.03369,1.05884,-3.11300,-11.78000,14.95400
35.7246,484154,0.02051,0.04419,1.07031,-3.41800,-13.79400,15.74700
35.7300,484164,0.02026,0.04077,1.04492,-3.29600,-12.26800,14.52600
35.7381,484174,0.01953,0.05225,1.02588,-3.41800,-13.18400,14.83200
35.7481,484184,0.01636,0.04736,1.00269,-3.05200,-13.91600,15.93000
35.7590,484194,0.03223,0.02612,1.00757,-2.56300,-13.61100,15.62500
35.7590,484204,0.03467,0.03271,1.00269,-1.95300,-13.91600,15.32000
35.7753,484214,0.04077,0.05054,1.00391,-1.16000,-14.03800,15.86900
35.7890,484224,0.02539,0.04321,1.01025,-0.91600,-13.73300,14.40400
35.8050,484234,0.03540,0.03613,1.00977,-0.42700,-14.03800,15.74700
35.8075,484244,0.03052,0.04956,1.03687,-0.61000,-13.79400,15.68600
35.8207,484254,0.03687,0.06152,1.05981,-0.30500,-13.97700,14.58700
35.8346,484264,0.02637,0.03516,1.06323,0.36600,-13.06200,14.28200
35.8404,484274,0.01855,0.04785,1.05664,-0.06100,-13.48900,14.95400
35.8484,484284,0.01855,0.05908,1.06201,-0.48800,-13.97700,15.93000
35.8521,484294,0.02173,0.03735,1.05786,-0.79300,-13.79400,15.62500
35.8682,484304,0.02026,0.03027,1.06494,-0.67100,-13.85500,15.56400
35.8707,484314,0.02417,0.04028,1.03564,-0.54900,-12.93900,14.70900
35.9003,484324,0.00806,0.01880,1.04932,0.12200,-12.45100,13.79400
35.9003,484334,0.02539,0.04443,1.04077,-1.22100,-14.40400,15.74700
35.9003,484344,0.06787,0.05225,1.05103,-1.03800,-15.19800,16.60200
35.9186,484354,0.05103,0.05835,1.05176,-0.67100,-14.58700,15.25900
35.9331,484364,0.02271,0.03394,1.04224,-0.54900,-13.48900,15.56400
35.9331,484374,0.03174,0.03345,1.06152,-0.61000,-13.61100,16.60200
35.9508,484384,0.03516,0.03833,1.05591,-0.97700,-14.22100,15.68600
35.9567,484394,0.02197,0.04199,1.05371,-1.09900,-14.34300,16.84600
35.9693,484404,0.01270,0.04834,1.04565,-1.16000,-15.01500,17.57800
35.9769,484414,0.03174,0.05615,1.04541,-1.52600,-14.28200,17.21200
35.9813,484424,0.02686,0.04126,1.05078,-1.34300,-13.97700,17.33400
35.9953,484434,0.00464,0.05225,1.05078,-0.97700,-12.20700,16.17400
36.0152,484444,0.01685,0.05737,1.05737,-1.64800,-13.36700,16.05200
36.0216,484454,0.01611,0.04663,1.04907,-1.89200,-12.81700,15.25900
36.0302,484464,0.00000,0.03149,1.06445,-1.52600,-12.39000,16.05200
36.0302,484474,0.04419,0.05029,1.06055,-1.34300,-13.61100,16.05200
36.0479,484484,0.03931,0.05273,1.07153,-0.67100,-12.02400,15.50300
36.0626,484494,0.05127,0.04688,1.09131,-1.03800,-11.59700,15.25900
36.0725,484504,0.01587,0.05225,1.10132,-1.22100,-10.80300,14.89300
36.0755,484514,0.02686,0.05396,1.10229,-1.46500,-12.14600,15.86900
36.0905,484524,0.01709,0.06079,1.10864,-2.38000,-11.47500,16.66300
36.1120,484534,0.10815,0.06641,1.18091,-2.74700,-14.58700,16.60200
36.1120,484544,0.10303,0.13647,1.10425,-2.99100,-7.93500,16.66300
36.1120,484554,0.06128,-0.02930,1.13623,-3.54000,-10.86400,15.93000
36.1271,484564,-0.08594,0.11865,1.04321,-4.27200,-5.06600,15.80800
36.1384,484574,-0.05566,0.03735,1.07397,-4.94400,-11.10800,15.44200
36.1384,484584,0.07690,0.13525,1.11011,-4.57800,-9.21600,15.32000
36.1617,484594,0.02588,0.09912,1.10254,-4.82200,-10.55900,16.11300
36.1691,484604,0.12378,0.05737,1.13306,-4.94400,-11.16900,15.50300
36.1781,484614,0.02710,0.02954,1.11060,-6.10400,-10.68100,16.78500
36.1879,484624,0.00952,0.02979,1.07690,-5.92000,-8.60600,14.89300
36.2123,484634,-0.00024,0.04834,1.06982,-5.49300,-10.01000,17.45600
36.2123,484644,0.03857,0.05103,1.07080,-5.12700,-9.70500,16.78500
36.2182,484654,0.00635,0.05811,1.06372,-4.94400,-8.24000,15.74700
36.2182,484664,0.00464,0.04712,1.06348,-6.04200,-9.64400,16.54100
36.2357,484674,-0.03027,0.05103,1.04175,-5.61500,-9.15500,16.66300
36.2503,484684,0.01196,0.03882,1.05298,-6.34800,-9.09400,15.13700
36.2561,484694,0.01733,0.04443,1.02319,-5.24900,-7.93500,15.13700
36.2663,484704,0.01343,0.02979,1.03955,-4.94400,-7.81200,14.95400
36.2800,484714,0.01416,0.04541,1.01294,-5.49300,-9.70500,17.02900
36.2881,484724,0.02612,0.04590,1.02417,-5.79800,-8.60600,16.66300
36.3150,484734,-0.00366,0.05957,1.02954,-5.37100,-8.60600,15.80800
36.3150,484744,0.00098,0.03882,1.01807,-5.43200,-8.11800,16.11300
36.3150,484754,0.01147,0.04053,1.01025,-5.12700,-7.56800,16.35700
36.3296,484764,-0.00146,0.03516,1.02295,-4.82200,-7.69000,15.99100
36.3372,484774,0.00317,0.04541,1.01855,-5.31000,-7.81200,16.84600
36.3473,484784,-0.00610,0.04175,1.02393,-4.88300,-6.77500,15.44200
36.3618,484794,0.00464,0.05151,1.01099,-4.94400,-7.20200,15.44200
36.3618,484804,-0.00830,0.05786,1.01587,-4.39500,-6.83600,16.54100
36.3777,484814,-0.00635,0.05078,1.01880,-4.94400,-6.77500,16.23500
36.3899,484824,-0.01562,0.06030,1.02148,-4.70000,-6.34800,16.11300
36.3935,484834,-0.02710,0.05176,1.02075,-4.76100,-5.12700,15.13700
36.4128,484844,-0.01855,0.04370,1.02686,-5.00500,-5.18800,15.38100
36.4128,484854,-0.01953,0.05518,1.00537,-5.55400,-5.12700,15.56400
36.4255,484864,-0.04199,0.04492,1.01074,-5.24900,-6.28700,15.99100
36.4255,484874,-0.04639,0.04492,1.01343,-5.12700,-6.16500,16.54100
36.4411,484884,-0.03687,0.03418,1.00391,-4.15000,-3.96700,13.73300
36.4572,484894,-0.05127,0.05615,1.01758,-4.39500,-5.73700,16.35700
36.4572,484904,-0.06055,0.04932,1.01587,-4.51700,-5.79800,16.54100
36.4767,484914,-0.05127,0.04761,1.02490,-4.63900,-4.57800,14.95400
36.4891,484924,-0.03174,0.05591,1.01831,-4.15000,-5.12700,15.32000
36.4946,484934,-0.05176,0.05664,1.03589,-3.66200,-4.82200,15.44200
36.5124,484944,-0.03833,0.06201,1.04150,-4.70000,-5.67600,17.33400
36.5209,484954,-0.03906,0.06470,1.03345,-3.41800,-2.93000,14.22100
36.5240,484964,-0.06519,0.06006,1.04810,-4.08900,-3.05200,14.95400
36.5692,485008,-0.06934,0.06152,1.06763,-5.06600,-4.15000,15.56400
36.5692,485009,-0.06934,0.06152,1.06763,-5.06600,-4.15000,15.56400
36.5692,485010,-0.06934,0.06152,1.06763,-5.06600,-4.15000,15.56400
36.5692,485012,-0.05737,0.04980,1.06006,-4.57800,-0.91600,12.51200
36.5692,485014,-0.05737,0.04980,1.06006,-4.57800,-0.91600,12.51200
36.5853,485024,-0.04175,0.06177,1.04639,-5.37100,-3.78400,16.05200
36.5853,485034,-0.09424,0.05298,1.06299,-5.43200,-3.11300,15.25900
36.6143,485044,-0.03857,0.10083,1.02026,-5.49300,2.01400,13.24500
36.6218,485054,0.01367,0.00049,1.04834,-5.00500,-1.64800,14.52600
36.6318,485064,-0.05908,0.04810,1.03442,-5.06600,-1.58700,14.28200
36.6375,485074,-0.01538,-0.02075,1.05591,-4.70000,-1.58700,14.40400
36.6497,485084,-0.09375,0.09326,1.01367,-4.02800,-2.38000,15.50300
36.6497,485094,-0.28418,0.00659,1.10840,-4.57800,-7.08000,11.35300
36.6693,485104,0.22876,0.21631,1.13281,-3.60100,-4.63900,11.41400
36.6821,485114,0.13379,0.03369,0.93579,-4.70000,-1.09900,13.79400
36.6821,485124,-0.04932,0.11890,1.04053,-3.84500,0.67100,14.89300
36.6982,485134,0.08667,-0.00854,0.98486,-3.72300,0.79300,15.93000
36.7244,485144,0.00659,0.02466,1.07153,-3.29600,-0.67100,20.44700
36.7244,485154,0.04907,0.03076,1.06689,-3.41800,0.48800,19.34800
36.7283,485164,0.01270,0.02881,1.06201,-3.35700,1.22100,19.34800
36.7403,485174,-0.07275,0.06787,1.08057,-3.11300,2.74700,18.73800
36.7503,485184,-0.10791,0.05200,1.07861,-3.84500,-1.40400,21.17900
36.8735,485194,-0.13892,0.05811,1.08984,-4.33300,0.61000,19.16500
36.8735,485204,-0.14648,0.03076,1.08667,-4.33300,0.36600,18.61600
36.8735,485214,-0.12744,0.05762,1.09131,-3.90600,2.13600,14.58700
36.8735,485224,-0.08130,0.04834,1.06689,-4.63900,1.34300,15.07600
36.8735,485234,-0.10815,0.05542,1.09253,-4.51700,0.85400,15.68600
36.8735,485244,-0.08447,0.05664,1.08960,-4.33300,1.77000,15.01500
36.8735,485254,-0.07397,0.05518,1.07056,-5.24900,1.95300,14.40400
36.8735,485264,-0.08203,0.04858,1.08350,-5.85900,1.16000,17.02900
36.8735,485274,-0.08276,0.06323,1.07349,-6.28700,0.79300,16.96800
36.8735,485284,-0.10205,0.03735,1.06689,-6.22600,1.34300,16.78500
36.8735,485294,-0.13257,0.03369,1.06958,-7.44600,-1.03800,19.34800
36.8735,485304,-0.09741,0.05469,1.04688,-7.75100,0.67100,16.90700
36.8799,485314,-0.10962,0.04272,1.02173,-8.72800,-0.97700,18.12700
36.8895,485324,-0.11792,0.04224,1.00513,-9.03300,1.77000,15.56400
36.9008,485334,-0.08740,0.01782,0.95728,-9.33800,2.07500,14.95400
36.9061,485344,-0.10254,0.03442,0.97144,-7.99600,2.25800,14.09900
36.9266,485354,-0.08569,0.05591,0.93994,-8.42300,0.54900,17.51700
36.9266,485364,-0.09082,0.03271,0.93799,-7.75100,2.62500,15.50300
36.9445,485374,-0.09302,0.03369,0.90576,-8.17900,-1.34300,19.16500
36.9494,485384,-0.11353,0.03271,0.92041,-6.04200,1.16000,17.88300
36.9596,485394,-0.11060,0.01929,0.90454,-6.16500,0.61000,17.70000
36.9695,485404,-0.11523,0.04175,0.90576,-5.85900,0.73200,17.63900
36.9807,485414,-0.11450,0.02148,0.93433,-5.61500,2.50200,16.47900
36.9929,485424,-0.14453,0.02515,0.90234,-5.43200,0.73200,17.51700
36.9993,485434,-0.12036,0.01880,0.91699,-4.45600,0.85400,17.33400
37.0089,485444,-0.14380,0.02612,0.91040,-4.45600,1.22100,16.84600
37.0257,485454,-0.12891,0.03076,0.92700,-2.99100,1.58700,15.93000
37.0311,485464,-0.11694,0.03076,0.91772,-2.31900,1.70900,15.93000
37.0392,485474,-0.13354,0.03638,0.93677,-1.83100,0.85400,17.94400
37.0499,485484,-0.13501,0.04272,0.97412,-0.30500,0.30500,18.49400
37.0499,485494,-0.13281,0.04541,0.99927,-0.61000,-1.52600,20.26400
37.0638,485504,-0.16626,0.04565,1.04761,-0.24400,1.40400,17.88300
37.0760,485514,-0.17505,0.05054,1.06665,-1.28200,0.24400,19.10400
37.1029,485524,-0.19702,0.04492,1.08057,-1.58700,0.85400,18.49400
37.1053,485534,-0.20776,0.05835,1.08838,-2.01400,1.40400,16.72400
37.1072,485544,-0.21753,0.05786,1.09326,-2.93000,1.89200,16.72400
37.1318,485554,-0.21265,0.05713,1.11060,-3.41800,0.85400,17.39500
37.1318,485564,-0.23389,0.05396,1.09570,-5.61500,1.34300,15.93000
37.1376,485574,-0.07886,0.08594,0.98755,-6.22600,9.27700,15.44200
37.1483,485584,-0.07837,-0.03711,1.08545,-5.37100,20.50800,16.23500
37.1590,485594,-0.40186,0.04443,0.93042,-3.66200,-13.24500,18.37200
37.1732,485604,-0.30151,-0.05322,1.08716,-0.36600,-1.83100,13.18400
37.1761,485614,-0.10913,0.06128,1.10083,-0.18300,-2.38000,10.37600
37.1884,485624,-0.16211,0.04810,1.07617,-2.01400,-2.62500,14.64800
37.1952,485634,-0.13013,0.02979,1.00879,-5.67600,-7.81200,15.50300
37.2103,485644,-0.15259,0.02612,0.97510,-6.71400,-2.50200,15.38100
37.2232,485654,0.50488,-0.08032,0.82739,-6.40900,2.19700,16.66300
37.2232,485664,-0.29517,0.06348,0.79297,-1.34300,-2.31900,18.12700
37.2389,485674,-0.20630,0.00342,0.85522,-1.16000,0.36600,16.60200
37.2389,485684,-0.11255,0.03125,0.84961,2.07500,-0.85400,16.66300
37.2600,485694,-0.21240,0.06592,0.94629,4.88300,0.12200,15.50300
37.2600,485704,-0.28271,0.07617,0.84888,3.35700,-5.18800,19.47000
37.2706,485714,-0.25854,0.50903,2.11597,19.28700,16.84600,23.56000
37.2867,485724,-0.45435,-0.08887,2.54004,25.87900,-54.07700,23.74300
37.2999,485734,-0.59277,0.36987,2.31763,23.56000,-6.34800,12.81700
37.3061,485744,-0.06714,0.74756,1.83228,9.09400,-2.38000,21.79000
37.3187,485754,-0.08618,0.37036,2.30835,-12.45100,-2.31900,21.11800
37.3377,485764,-0.17334,0.01538,1.49902,-21.79000,-2.99100,11.29200
37.3377,485774,-0.26172,-0.00708,1.11377,-24.29200,-2.74700,9.88800
37.3507,485784,0.19531,0.10962,0.71973,-23.07100,6.53100,12.39000
37.3589,485794,0.26099,-0.10693,0.94238,-23.01000,0.36600,17.21200
37.3664,485804,-0.38672,0.01025,0.92017,-13.30600,-6.04200,15.93000
37.3713,485814,0.07886,0.07812,0.48486,-11.65800,-12.57300,13.24500
37.3865,485824,-0.08398,-0.03516,0.61279,-7.26300,-11.96300,16.17400
37.3982,485834,0.03198,0.07324,1.06299,-0.12200,-8.05700,18.18800
37.4112,485844,-0.31372,-0.00928,1.14014,-0.61000,3.84500,18.25000
37.4183,485854,-0.32666,0.16211,1.01465,0.91600,3.96700,16.72400
37.4351,485864,-0.31274,0.11816,1.10107,-3.05200,-3.41800,20.08100
37.4351,485874,-0.33179,0.01318,0.73218,-6.59200,0.85400,18.73800
37.4462,485884,-0.25000,-0.09131,1.26221,-5.18800,-5.00500,18.49400
37.4624,485894,-0.47241,0.01123,1.05078,-5.98100,-7.93500,17.82200
37.4624,485904,-0.19409,0.01392,0.95850,-4.88300,-8.66700,14.22100
37.4789,485914,-0.17163,0.02051,1.04590,-3.72300,-6.89700,14.34300
37.4888,485924,-0.19092,0.03076,1.03857,-3.54000,-0.79300,12.63400
37.5013,485934,-0.18555,0.01636,0.92773,-3.72300,-1.77000,14.03800
37.5083,485944,-0.26074,-0.00195,0.99512,-4.33300,-5.37100,16.66300
37.5196,485954,-0.28223,-0.05322,1.03174,-3.66200,-4.51700,14.77100
37.5321,485964,-0.41333,-0.01392,1.32202,-4.70000,-0.42700,15.07600
37.5321,485974,-0.18774,0.14648,1.25464,-8.48400,-0.79300,16.66300
37.5467,485984,-0.18970,0.08496,1.24902,-11.04700,-1.46500,17.15100
37.5575,485994,-0.35962,0.12061,1.13062,-14.40400,-0.79300,16.47900
37.5659,486004,-0.43311,0.08472,0.96436,-14.70900,-9.58300,15.80800
37.5767,486014,-0.45239,-0.01611,0.78564,-12.69500,-10.80300,16.05200
37.5894,486024,-0.30908,0.08643,0.73389,-8.48400,-12.69500,12.39000
37.5894,486034,-0.29517,0.02319,0.77905,-4.51700,-12.63400,13.30600
37.6119,486044,-0.18921,-0.01392,0.84863,-2.68600,-8.17900,14.28200
37.6199,486054,-0.21509,0.03638,0.90845,-0.18300,-6.34800,15.56400
37.6297,486064,-0.20020,0.02393,1.02563,1.16000,-5.79800,16.78500
37.6456,486074,-0.22632,0.06372,1.09058,0.85400,-5.61500,17.27300
37.6535,486084,-0.27979,0.07812,1.11597,0.79300,-9.88800,16.78500
37.6535,486094,-0.24683,0.07495,1.13184,-0.85400,-14.77100,19.40900
37.6694,486104,-0.25195,0.08472,1.15234,-2.68600,-14.89300,21.60600
37.6823,486114,-0.28711,0.06055,1.14697,-4.63900,-11.04700,18.92100
37.6857,486124,-0.34570,0.02173,1.08350,-7.56800,-13.91600,19.59200
37.6857,486134,-0.38281,0.02100,1.02344,-7.50700,-12.57300,18.55500
37.7029,486144,-0.33081,0.02661,1.00342,-7.69000,-14.03800,16.23500
37.7178,486154,-0.32788,0.00024,1.03467,-7.56800,-10.98600,14.64800
37.7279,486164,-0.22461,0.01855,1.00537,-7.75100,-12.93900,15.01500
37.7495,486174,-0.26074,0.04053,0.89136,-7.01900,-16.60200,16.05200
37.7495,486184,-0.23779,0.02588,0.90820,-5.37100,-17.57800,15.56400
37.7534,486194,-0.24219,0.03345,0.94336,-3.78400,-16.66300,14.34300
37.7652,486204,-0.22925,0.03906,0.97998,-2.74700,-15.74700,14.77100
37.7730,486214,-0.21265,0.03198,0.98804,-2.38000,-16.05200,16.41800
37.7845,486224,-0.22192,0.02734,1.02124,-2.38000,-14.95400,16.11300
37.7970,486234,-0.21924,0.01465,1.10913,-2.31900,-14.03800,16.47900
37.8052,486244,-0.25220,0.01538,1.09082,-3.72300,-13.48900,15.80800
37.8146,486254,-0.29077,-0.00024,1.06885,-4.15000,-14.77100,17.39500
37.8352,486264,-0.30957,0.03247,1.04199,-5.12700,-16.47900,16.47900
37.8447,486274,-0.31030,0.04175,1.06396,-5.43200,-15.62500,16.29600
37.8516,486284,-0.31128,0.03467,1.05713,-6.10400,-14.89300,15.19800
37.8564,486294,-0.30127,0.03979,1.00781,-6.95800,-17.39500,15.86900
37.8695,486304,-0.31274,0.03955,0.98315,-6.89700,-17.39500,15.50300
37.8783,486314,-0.29443,0.05493,0.98730,-7.20200,-19.53100,15.99100
37.8783,486324,-0.27832,0.03760,0.95703,-5.43200,-19.10400,14.64800
37.8924,486334,-0.24756,0.03271,0.94409,-4.57800,-21.11800,15.13700
37.9088,486344,-0.22583,0.03638,0.95044,-4.70000,-22.94900,16.96800
37.9145,486354,-0.20898,0.01685,0.97607,-3.29600,-20.75200,16.17400
37.9268,486364,-0.20923,0.01978,0.99805,-2.74700,-19.40900,16.17400
37.9457,486374,-0.21606,0.00830,0.99683,-2.56300,-19.59200,16.72400
37.9457,486384,-0.22461,0.02319,1.02759,-2.13600,-19.47000,18.37200
37.9567,486394,-0.26562,0.01929,1.07349,-2.62500,-19.53100,17.45600
37.9567,486404,-0.26392,0.02466,1.07788,-2.99100,-21.72900,19.71400
37.9737,486414,-0.27856,0.04614,1.06836,-3.72300,-19.65300,18.12700
37.9887,486424,-0.29614,0.03589,1.08521,-5.06600,-18.92100,16.66300
37.9942,486434,-0.31104,0.04419,1.07495,-4.70000,-18.00500,14.89300
38.0064,486444,-0.30078,0.02490,1.06201,-5.24900,-18.49400,14.46500
38.0149,486454,-0.27173,0.03271,0.99951,-6.83600,-18.86000,14.58700
38.0218,486464,-0.25439,0.02002,0.97070,-6.34800,-20.02000,15.38100
38.0527,486474,-0.24829,0.01221,0.96143,-5.31000,-18.49400,12.93900
38.0527,486484,-0.20630,0.01025,0.95166,-4.51700,-20.38600,16.11300
38.0527,486494,-0.21021,0.00537,0.95776,-3.72300,-19.89700,16.60200
38.0684,486504,-0.19849,0.01709,0.97437,-3.41800,-19.71400,17.63900
38.0684,486514,-0.22925,0.02612,1.03418,-2.25800,-18.43300,18.49400
38.0843,486524,-0.21777,0.04517,1.02954,-2.62500,-17.57800,17.70000
38.1002,486534,-0.24219,0.02686,1.06665,-2.93000,-18.37200,17.94400
38.1002,486544,-0.26978,0.03760,1.07056,-3.11300,-14.52600,15.01500
38.1172,486554,-0.25928,0.05542,1.08447,-4.76100,-17.51700,17.82200
38.1172,486564,-0.27222,0.03467,1.07251,-4.88300,-13.24500,13.61100
38.1478,486574,-0.26978,0.01978,1.03394,-5.98100,-14.70900,15.74700
38.1478,486584,-0.26807,0.02979,1.01123,-5.92000,-14.58700,15.13700
38.1478,486594,-0.25098,0.03955,1.00732,-6.40900,-15.01500,15.93000
38.1699,486604,-0.23755,0.04468,0.97485,-5.92000,-14.34300,15.01500
38.1784,486614,-0.22852,0.03711,0.94995,-5.73700,-15.56400,16.84600
38.1899,486624,-0.22583,0.03687,0.94971,-4.70000,-15.68600,17.57800
38.1977,486634,-0.21948,0.04321,0.96729,-3.47900,-14.28200,17.70000
38.2106,486644,-0.22778,0.03589,0.96899,-2.93000,-13.06200,15.62500
38.2149,486654,-0.23047,0.03369,0.99414,-2.01400,-12.45100,16.11300
38.2276,486664,-0.25098,0.03809,1.01538,-2.68600,-13.85500,18.25000
38.2607,486674,-0.23926,0.04175,1.05664,-2.93000,-14.64800,19.47000
38.2607,486684,-0.24561,0.02246,1.04736,-3.29600,-13.79400,18.18800
38.2607,486694,-0.26831,0.02417,1.06396,-3.60100,-13.67200,18.25000
38.2607,486704,-0.26660,0.03369,1.06226,-4.21100,-13.73300,18.25000
38.2751,486714,-0.26074,0.02637,1.06909,-4.88300,-13.24500,17.51700
38.2891,486724,-0.26758,0.02539,1.04077,-5.31000,-11.90200,15.93000
38.2989,486734,-0.27808,0.02808,1.01831,-4.82200,-11.78000,14.77100
38.3096,486744,-0.23535,0.03491,0.98511,-5.24900,-11.35300,14.58700
38.3387,486754,-0.26416,0.02661,0.97046,-4.51700,-11.53600,14.95400
38.3387,486764,-0.26221,0.02588,0.98608,-4.33300,-12.08500,14.89300
38.3387,486774,-0.25342,0.01221,0.96436,-4.08900,-13.97700,17.15100
38.3611,486784,-0.23853,0.02637,0.97949,-2.74700,-14.83200,18.67700
38.3611,486794,-0.24902,0.01440,1.00415,-2.01400,-12.51200,15.68600
38.3611,486804,-0.22729,0.03247,1.01465,-2.44100,-14.16000,17.45600
38.3783,486814,-0.24048,0.03540,1.04224,-2.38000,-13.12300,16.66300
38.3925,486824,-0.24951,0.02588,1.03857,-2.31900,-12.14600,16.35700
38.4009,486834,-0.26050,0.02588,1.07324,-3.05200,-12.93900,16.60200
38.4107,486844,-0.25488,0.03687,1.09082,-3.66200,-12.39000,16.05200
38.4187,486854,-0.25586,0.03760,1.07153,-4.70000,-12.32900,15.80800
38.4253,486864,-0.25928,0.03784,1.05786,-4.88300,-13.61100,16.90700
38.4379,486874,-0.28711,0.03247,1.02441,-5.67600,-12.45100,15.62500
38.4521,486884,-0.27905,0.02539,1.02466,-6.22600,-15.13700,17.82200
38.4521,486894,-0.25439,0.03076,0.99780,-6.10400,-15.62500,19.10400
38.4672,486904,-0.28369,0.01978,0.98779,-5.67600,-15.25900,16.96800
38.4672,486914,-0.25415,0.03320,0.97632,-4.27200,-13.06200,14.03800
38.4898,486924,-0.24780,0.04004,0.96484,-3.41800,-13.97700,15.38100
38.4993,486934,-0.23511,0.01660,0.97729,-3.05200,-13.30600,13.79400
38.5118,486944,-0.23193,0.03369,0.97754,-3.17400,-13.61100,14.89300
38.5196,486954,-0.23608,0.03247,1.00391,-3.35700,-15.44200,17.27300
38.5313,486964,-0.23828,0.03271,1.01562,-2.38000,-15.19800,17.33400
38.5658,487008,-0.28174,0.02563,1.05981,-4.82200,-17.09000,19.47000
38.5658,487010,-0.28662,0.02124,1.04712,-4.21100,-14.58700,15.99100
38.5658,487011,-0.28662,0.02124,1.04712,-4.21100,-14.58700,15.99100
38.5816,487013,-0.28662,0.02124,1.04712,-4.21100,-14.58700,15.99100
38.5816,487014,-0.28662,0.02124,1.04712,-4.21100,-14.58700,15.99100
38.5816,487024,-0.27271,0.02295,1.03345,-5.67600,-17.76100,18.98200
38.5961,487034,-0.27100,0.03369,1.02832,-5.06600,-16.60200,17.02900
38.5961,487044,-0.26831,0.02075,1.01611,-4.94400,-16.17400,16.66300
38.6156,487054,-0.24756,0.01123,0.99097,-4.70000,-15.25900,15.13700
38.6314,487064,-0.23853,0.01758,0.99023,-3.72300,-15.62500,15.07600
38.6394,487074,-0.22339,0.02856,0.99341,-3.96700,-15.86900,15.32000
38.6455,487084,-0.24585,0.01611,1.00342,-3.84500,-15.68600,15.74700
38.6593,487094,-0.23364,0.02319,1.00806,-4.57800,-18.31100,20.14200
38.6593,487104,-0.23901,0.02148,1.02002,-2.86900,-13.73300,14.40400
38.6770,487114,-0.25146,0.02734,1.03174,-3.17400,-14.58700,16.72400
38.6770,487124,-0.26465,0.03955,1.04126,-3.41800,-16.23500,18.37200
38.6933,487134,-0.27026,0.03223,1.05200,-3.41800,-15.68600,16.72400
38.7074,487144,-0.28101,0.04248,1.04150,-4.15000,-15.07600,15.62500
38.7158,487154,-0.26440,0.03149,1.04102,-4.70000,-16.84600,16.60200
38.7238,487164,-0.27686,0.02588,1.03564,-4.94400,-15.93000,16.54100
38.7446,487174,-0.26343,0.03857,1.02075,-5.67600,-16.66300,17.39500
38.7486,487184,-0.25488,0.03052,0.99585,-4.33300,-15.50300,15.07600
38.7577,487194,-0.25488,0.02637,0.98853,-5.06600,-16.66300,16.96800
38.7577,487204,-0.23389,0.03931,0.99561,-4.70000,-17.76100,17.76100
38.7860,487214,-0.23267,0.01929,0.98828,-3.29600,-16.72400,16.66300
38.7889,487224,-0.23096,0.03809,0.99561,-3.60100,-16.35700,16.11300
38.7889,487234,-0.23633,0.03833,1.02026,-3.17400,-16.60200,16.96800
38.8100,487244,-0.22217,0.02905,1.02979,-2.93000,-16.96800,17.63900
38.8201,487254,-0.24829,0.03174,1.04053,-3.54000,-16.41800,18.49400
38.8201,487264,-0.26440,0.03613,1.04443,-3.90600,-17.94400,18.73800
38.8360,487274,-0.26465,0.02808,1.05396,-3.11300,-12.57300,14.40400
38.8360,487284,-0.25098,0.03857,1.05737,-3.29600,-14.64800,16.41800
38.8735,487294,-0.27319,0.03076,1.04321,-4.82200,-15.50300,16.90700
38.8735,487304,-0.26855,0.02661,1.03638,-5.12700,-15.32000,16.54100
38.8735,487314,-0.26294,0.02612,1.03784,-4.94400,-14.83200,16.05200
38.8840,487324,-0.25684,0.02490,1.01147,-5.00500,-13.48900,15.50300
38.8999,487334,-0.24878,0.01953,1.00513,-5.98100,-15.80800,17.15100
38.8999,487344,-0.23682,0.04053,0.99463,-4.57800,-13.67200,15.13700
38.9189,487354,-0.23730,0.03589,1.00391,-4.63900,-13.30600,15.44200
38.9189,487364,-0.23901,0.01660,0.99463,-5.12700,-15.38100,17.76100
38.9345,487374,-0.24780,0.02905,0.99854,-3.84500,-12.57300,14.28200
38.9488,487384,-0.22925,0.02051,0.98877,-4.08900,-14.77100,16.90700
38.9503,487394,-0.23828,0.03076,0.98730,-3.66200,-14.40400,18.00500
38.9781,487404,-0.22803,0.02686,0.97949,-3.66200,-14.58700,17.94400
38.9781,487414,-0.23511,0.02905,1.01196,-1.89200,-12.93900,16.23500
38.9841,487424,-0.24878,0.02466,1.03784,-2.44100,-15.01500,18.67700
38.9978,487434,-0.24316,0.03662,1.04639,-2.38000,-14.40400,17.88300
39.0119,487444,-0.27832,0.05005,1.05396,-3.05200,-14.70900,17.94400
39.0161,487454,-0.26685,0.03320,1.06274,-4.08900,-14.52600,16.84600
39.0302,487464,-0.28638,0.03564,1.05737,-3.54000,-12.75600,15.44200
39.0420,487474,-0.25781,0.03809,1.05469,-4.70000,-12.81700,15.44200
39.0450,487484,-0.26099,0.03223,1.06177,-6.10400,-15.38100,17.70000
39.0595,487494,-0.25830,0.04077,1.04053,-6.53100,-14.83200,16.60200
39.0790,487504,-0.24951,0.04102,1.01367,-6.34800,-13.79400,15.74700
39.0810,487514,-0.23511,0.03296,1.00928,-5.98100,-14.03800,17.09000
39.0890,487524,-0.22437,0.03394,0.99268,-6.04200,-13.42800,16.23500
39.0985,487534,-0.23340,0.03223,0.98828,-4.76100,-12.39000,15.68600
39.1071,487544,-0.24316,0.02002,0.98535,-4.57800,-12.51200,16.84600
39.1167,487554,-0.23804,0.03076,0.98315,-4.27200,-12.08500,15.93000
39.1268,487564,-0.24951,0.03564,0.98828,-4.76100,-13.73300,17.94400
39.1400,487574,-0.27148,0.02612,1.00195,-3.78400,-13.42800,16.72400
39.1521,487584,-0.27295,0.02588,1.00952,-3.41800,-13.30600,16.23500
39.1588,487594,-0.26147,0.03687,1.02832,-3.54000,-13.97700,16.66300
39.1815,487604,-0.26904,0.01904,1.03052,-3.05200,-13.61100,16.05200
39.1815,487614,-0.26392,0.01904,1.04468,-3.23500,-14.34300,16.23500
39.1913,487624,-0.25122,0.03174,1.01636,-3.72300,-14.03800,15.68600
39.1993,487634,-0.23828,0.02856,1.03369,-3.84500,-14.52600,16.84600
39.2090,487644,-0.24072,0.02612,1.01709,-3.78400,-14.58700,16.84600
39.2191,487654,-0.24805,0.02563,1.02881,-4.39500,-14.58700,17.39500
39.2259,487664,-0.23364,0.03516,1.03076,-4.02800,-15.25900,18.25000
39.2394,487674,-0.23486,0.03491,1.04224,-4.33300,-12.69500,15.44200
39.2526,487684,-0.25195,0.04126,1.04565,-4.63900,-13.91600,17.70000
39.2611,487694,-0.26245,0.03174,1.05298,-5.12700,-14.52600,16.60200
39.2879,487704,-0.26685,0.02295,1.04712,-5.43200,-12.81700,15.99100
39.2879,487714,-0.28394,0.02075,1.05469,-5.67600,-12.75600,15.07600
39.2905,487724,-0.27563,0.02173,1.04272,-6.10400,-14.83200,16.84600
39.2998,487734,-0.25903,0.02588,1.01001,-5.98100,-13.91600,14.95400
39.3104,487744,-0.26416,0.04810,0.99438,-6.22600,-14.58700,16.47900
39.3194,487754,-0.26172,0.03955,0.98193,-6.77500,-14.83200,16.11300
39.3293,487764,-0.23999,0.03687,0.97144,-5.73700,-14.95400,16.11300
39.3293,487774,-0.23730,0.03711,0.97729,-4.76100,-15.13700,16.66300
39.3508,487784,-0.23291,0.03223,0.97559,-4.70000,-14.28200,16.05200
39.3703,487794,-0.22485,0.04077,0.97583,-3.35700,-15.74700,18.06600
39.3703,487804,-0.23730,0.03882,0.98315,-2.74700,-14.83200,16.54100
39.3781,487814,-0.23926,0.03320,1.00903,-2.56300,-14.40400,16.78500
39.3977,487824,-0.25439,0.02466,1.03442,-2.86900,-14.77100,16.84600
39.4003,487834,-0.27686,0.04053,1.04517,-2.99100,-15.13700,16.47900
39.4074,487844,-0.26758,0.04443,1.05688,-3.96700,-15.93000,17.15100
39.4169,487854,-0.27637,0.03369,1.03735,-4.15000,-15.86900,16.66300
39.4272,487864,-0.27368,0.04346,1.04736,-4.70000,-14.70900,15.50300
39.4391,487874,-0.26318,0.04346,1.00659,-4.39500,-15.93000,16.41800
39.4412,487884,-0.26050,0.02637,1.00952,-4.45600,-15.99100,17.39500
39.4555,487894,-0.24194,0.04492,0.98657,-4.33300,-15.80800,16.54100
39.4637,487904,-0.22827,0.02686,0.97388,-3.60100,-15.86900,16.54100
39.4879,487914,-0.23950,0.04004,0.99658,-3.96700,-15.80800,16.90700
39.4907,487924,-0.22852,0.02393,1.00562,-3.60100,-16.60200,18.55500
39.4941,487934,-0.23706,0.02588,1.02588,-2.99100,-15.93000,17.88300
39.5096,487944,-0.23315,0.03540,1.03491,-3.35700,-15.07600,17.39500
39.5194,487954,-0.26392,0.01929,1.05811,-3.54000,-15.44200,17.63900
39.5194,487964,-0.25391,0.02832,1.05908,-4.15000,-14.22100,16.66300
39.5353,487974,-0.27441,0.03442,1.06519,-5.06600,-15.38100,18.25000
39.5512,487984,-0.26807,0.04102,1.04736,-5.18800,-14.22100,17.09000
39.5512,487994,-0.28076,0.03589,1.02222,-5.37100,-15.56400,17.15100
39.5664,488004,-0.26611,0.04150,1.01587,-5.61500,-16.41800,17.94400
39.5825,488014,-0.27905,0.01733,1.00073,-5.55400,-14.89300,15.80800
39.5825,488024,-0.27368,0.02466,0.98657,-5.24900,-16.60200,16.66300
39.5985,488034,-0.25293,0.02124,0.97241,-4.94400,-16.96800,18.06600
39.5985,488044,-0.22754,0.01416,0.97827,-4.02800,-15.44200,15.38100
39.6211,488054,-0.21973,0.03052,0.98535,-3.05200,-16.41800,16.96800
39.6301,488064,-0.22729,0.03369,0.99878,-2.93000,-16.35700,17.76100
39.6340,488074,-0.22461,0.02905,1.01587,-2.99100,-14.64800,16.23500
39.6495,488084,-0.23975,0.03223,1.03125,-2.44100,-15.13700,17.02900
39.6515,488094,-0.25317,0.03027,1.02905,-3.35700,-14.89300,17.70000
39.6620,488104,-0.26050,0.02344,1.03589,-3.05200,-14.64800,17.27300
39.6937,488114,-0.26221,0.02490,1.03271,-2.56300,-13.79400,16.05200
39.6937,488124,-0.27319,0.03613,1.03857,-3.72300,-15.86900,17.39500
39.6949,488134,-0.26636,0.03979,1.02930,-3.72300,-15.56400,17.76100
39.7107,488144,-0.27466,0.02783,1.01904,-3.60100,-16.05200,16.66300
39.7176,488154,-0.26709,0.03516,1.00806,-4.08900,-15.25900,15.19800
39.7254,488164,-0.26685,0.02832,1.00513,-4.02800,-14.83200,15.80800
39.7392,488174,-0.24951,0.03027,1.01489,-3.29600,-15.25900,16.96800
39.7413,488184,-0.24414,0.02734,1.02002,-3.78400,-15.38100,16.41800
39.7571,488194,-0.24023,0.03662,1.00293,-3.72300,-14.89300,15.38100
39.7729,488204,-0.24438,0.03564,1.01465,-3.72300,-15.44200,17.51700
39.7900,488214,-0.24023,0.03857,1.01001,-2.99100,-14.40400,16.78500
39.7900,488224,-0.26636,0.02661,1.01831,-3.41800,-14.95400,16.90700
39.8051,488234,-0.24780,0.02832,1.03784,-3.41800,-14.52600,17.21200
39.8051,488244,-0.26782,0.04907,1.00977,-3.54000,-15.13700,17.51700
39.8212,488254,-0.27319,0.03906,1.02051,-3.90600,-14.95400,17.57800
39.8383,488264,-0.27637,0.02930,1.02100,-3.78400,-14.40400,16.29600
39.8437,488274,-0.27417,0.02222,1.02783,-3.60100,-14.09900,15.32000
39.8498,488284,-0.28711,0.03076,1.02173,-4.21100,-14.34300,15.44200
39.8613,488294,-0.26440,0.03564,1.03662,-3.78400,-15.01500,15.62500
39.8690,488304,-0.24634,0.02563,1.02002,-3.90600,-15.38100,15.93000
39.8690,488314,-0.24658,0.01978,1.02295,-3.78400,-15.07600,15.50300
39.9100,488324,-0.22778,0.02271,0.99780,-3.66200,-14.64800,15.68600
39.9100,488334,-0.22656,0.03223,0.98389,-3.66200,-15.38100,16.90700
39.9111,488344,-0.22656,0.04980,0.99170,-3.05200,-14.64800,16.05200
39.9221,488354,-0.23779,0.02686,0.99536,-3.05200,-14.46500,16.35700
39.9221,488364,-0.24146,0.02661,1.01367,-2.19700,-14.52600,16.84600
39.9385,488374,-0.24146,0.03418,1.01343,-3.29600,-15.62500,18.67700
39.9508,488384,-0.26587,0.03247,1.01636,-2.25800,-15.01500,17.57800
39.9585,488394,-0.25488,0.03516,1.00610,-2.01400,-14.22100,17.15100
39.9830,488404,-0.26172,0.03418,1.01953,-2.07500,-13.73300,16.47900
39.9830,488414,-0.26709,0.03418,1.01147,-1.89200,-14.03800,15.99100
39.9991,488424,-0.25073,0.03052,1.01807,-2.93000,-14.16000,16.35700
39.9991,488434,-0.25220,0.02124,1.01636,-2.31900,-14.58700,16.05200
39.9991,488444,-0.24365,0.02026,1.00073,-2.01400,-14.64800,16.17400
40.0195,488454,-0.23730,0.04956,0.99365,-1.52600,-14.28200,16.66300
40.0300,488464,-0.25146,0.03979,0.98218,-1.58700,-14.89300,16.72400
40.0329,488474,-0.25269,0.02368,0.98657,-0.79300,-15.01500,17.57800
40.0504,488484,-0.24365,0.02612,0.99414,-0.36600,-15.80800,16.35700
40.0504,488494,-0.22607,0.03833,0.98828,0.30500,-15.50300,17.51700
40.0699,488504,-0.23267,0.03418,0.99585,0.67100,-14.89300,15.44200
40.0803,488514,-0.23633,0.04907,0.99805,0.54900,-17.33400,18.67700
40.1097,488524,-0.23926,0.03564,1.02124,0.85400,-16.72400,17.51700
40.1097,488534,-0.24121,0.05737,1.03906,0.79300,-16.47900,18.31100
40.1097,488544,-0.24976,0.04346,1.04004,0.48800,-16.47900,17.76100
40.1158,488554,-0.25635,0.04907,1.05078,-0.24400,-15.93000,17.39500
40.1270,488564,-0.25317,0.04614,1.05151,-0.91600,-16.72400,18.06600
40.1311,488574,-0.27490,0.06250,1.03833,-1.22100,-16.66300,17.27300
40.1485,488584,-0.26367,0.04468,1.02930,-1.03800,-16.23500,16.84600
40.1589,488594,-0.25586,0.05908,1.03687,-1.22100,-17.02900,17.27300
40.1690,488604,-0.24658,0.04688,1.02441,-1.70900,-16.66300,17.51700
40.1786,488614,-0.27295,0.03394,1.04907,-1.89200,-18.06600,17.15100
40.2051,488624,-0.24414,0.04565,1.03906,-1.46500,-18.06600,16.47900
40.2051,488634,-0.24463,0.05322,0.99927,-1.89200,-16.90700,15.62500
40.2086,488644,-0.24756,0.04272,1.01392,-1.16000,-18.31100,16.11300
40.2200,488654,-0.25049,0.04321,1.02002,-0.91600,-17.45600,15.50300
40.2224,488664,-0.23022,0.05225,1.00122,-1.46500,-19.65300,17.70000
40.2369,488674,-0.22266,0.04541,1.00244,-0.91600,-19.89700,17.88300
40.2534,488684,-0.22144,0.04517,1.01001,-0.91600,-19.95800,18.31100
40.2601,488694,-0.25000,0.05103,1.05396,-0.18300,-20.38600,19.77500
40.2694,488704,-0.25732,0.05493,1.07129,-0.36600,-21.79000,19.47000
40.2694,488714,-0.29785,0.06323,1.11768,-0.12200,-20.93500,18.67700
40.2911,488724,-0.27612,0.05225,1.12842,-0.42700,-21.72900,17.88300
40.3084,488734,-0.31201,0.05786,1.13501,-2.01400,-21.36200,16.90700
40.3084,488744,-0.28613,0.05420,1.14551,-1.95300,-22.46100,16.78500
40.3169,488754,-0.26587,0.04614,1.15308,-3.66200,-21.66700,15.38100
40.3297,488764,-0.24902,0.06665,1.18237,-4.45600,-22.09500,14.22100
40.3344,488774,-0.24097,0.03442,1.17969,-4.94400,-22.70500,16.35700
40.3661,488784,-0.22290,0.02441,1.07715,-6.10400,-23.19300,16.23500
40.3661,488794,-0.28906,0.05859,1.15576,-6.10400,-22.52200,16.29600
40.3661,488804,-0.24023,0.05298,1.09204,-7.38500,-23.98700,17.21200
40.3800,488814,-0.23853,0.03564,1.12280,-6.34800,-24.17000,15.99100
40.3800,488824,-0.24414,0.06519,1.04150,-6.40900,-24.84100,15.74700
40.4132,488834,-0.26611,0.02319,1.05835,-6.16500,-23.74300,15.50300
40.4132,488844,-0.27148,0.02563,1.09912,-5.18800,-24.23100,15.68600
40.4245,488854,-0.19897,0.08569,1.06982,-5.12700,-25.20800,14.89300
40.4305,488864,-0.18921,0.02930,1.09888,-5.61500,-25.45200,16.17400
40.4305,488874,-0.18604,0.08203,1.06470,-5.61500,-26.55000,14.83200
40.4435,488884,-0.17676,0.07129,1.08374,-5.24900,-24.90200,15.25900
40.4587,488894,-0.21826,0.06396,1.09009,-5.37100,-24.04800,15.07600
40.4752,488904,-0.18213,0.05518,1.07471,-6.71400,-25.94000,16.66300
40.4752,488914,-0.20898,0.05908,1.06836,-7.26300,-26.73300,17.51700
40.4914,488924,-0.19873,0.05811,1.05444,-7.01900,-25.94000,16.41800
40.5076,488934,-0.18604,0.05591,1.04834,-7.56800,-26.67200,17.45600
40.5076,488944,-0.19922,0.04541,1.02002,-7.26300,-26.85500,15.74700
40.5183,488954,-0.21606,0.05249,1.01318,-7.26300,-26.18400,16.17400
40.5248,488964,-0.18896,0.03662,1.00659,-6.40900,-25.87900,15.19800
40.5721,489009,-0.17041,0.03809,0.98682,-5.43200,-27.71000,15.56400
40.5721,489011,-0.17041,0.03809,0.98682,-5.43200,-27.71000,15.56400
40.5721,489012,-0.17041,0.03809,0.98682,-5.43200,-27.71000,15.56400
40.5721,489014,-0.17041,0.03809,0.98682,-5.43200,-27.71000,15.56400
40.5721,489015,-0.17041,0.03809,0.98682,-5.49300,-28.13700,16.47900
40.5867,489024,-0.17920,0.03613,0.99048,-5.06600,-27.83200,16.90700
40.6032,489034,-0.16333,0.04785,0.98511,-4.63900,-26.97800,15.32000
40.6032,489044,-0.15796,0.03931,0.98975,-5.18800,-26.79400,14.89300
40.6196,489054,-0.15820,0.03564,0.98999,-4.82200,-27.95400,15.68600
40.6307,489064,-0.16748,0.05176,0.99121,-4.45600,-28.38100,15.68600
40.6414,489074,-0.17285,0.04150,0.98730,-4.70000,-29.35800,17.76100
40.6552,489084,-0.18091,0.04102,1.00635,-4.21100,-28.38100,15.74700
40.6552,489094,-0.18066,0.03857,1.00488,-4.02800,-28.19800,16.47900
40.6672,489104,-0.18213,0.05151,1.00708,-4.02800,-28.68700,16.66300
40.6822,489114,-0.16309,0.05469,1.01733,-4.27200,-28.25900,14.83200
40.6857,489124,-0.16455,0.05298,1.00879,-4.45600,-29.72400,14.95400
40.6995,489134,-0.14917,0.06299,1.01733,-4.27200,-29.41900,15.07600
40.7212,489144,-0.13550,0.04150,1.03003,-4.27200,-28.68700,14.28200
40.7212,489154,-0.12866,0.04712,1.01978,-4.27200,-29.72400,17.02900
40.7322,489164,-0.14062,0.05444,1.00073,-4.70000,-30.64000,17.82200
40.7436,489174,-0.11694,0.03638,1.03711,-4.57800,-28.68700,16.66300
40.7491,489184,-0.13062,0.05103,1.02100,-4.39500,-29.29700,17.33400
40.7491,489194,-0.14746,0.06128,1.03467,-4.27200,-28.74800,16.23500
40.7650,489204,-0.15454,0.04370,1.03906,-5.31000,-29.11400,16.90700
40.7795,489214,-0.16992,0.04077,1.01611,-5.49300,-28.99200,14.89300
40.7807,489224,-0.16089,0.03491,1.01562,-6.04200,-28.80900,14.40400
40.7950,489234,-0.14185,0.04004,0.99829,-6.16500,-30.70100,14.89300
40.8107,489244,-0.14771,0.03271,0.98975,-6.10400,-29.54100,13.61100
40.8107,489254,-0.13184,0.03540,0.97046,-6.04200,-29.72400,13.18400
40.8302,489264,-0.09302,0.05176,0.97949,-5.85900,-31.37200,15.38100
40.8341,489274,-0.07617,0.05249,0.97021,-5.67600,-29.90700,13.91600
40.8539,489284,-0.07300,0.04907,0.96484,-5.61500,-29.35800,14.46500
40.8597,489294,-0.06812,0.05298,0.97778,-5.37100,-27.89300,15.38100
40.8689,489304,-0.07471,0.05054,0.94556,-5.67600,-29.78500,16.35700
40.8807,489314,-0.09497,0.05542,0.95483,-5.55400,-29.60200,16.23500
40.8888,489324,-0.11816,0.04565,0.96216,-5.06600,-29.54100,15.50300
40.8939,489334,-0.10010,0.05176,0.93066,-5.43200,-29.96800,15.32000
40.9224,489344,-0.09717,0.04321,0.93726,-5.73700,-29.23600,13.79400
40.9224,489354,-0.07788,0.04370,0.92603,-5.61500,-29.60200,13.36700
40.9235,489364,-0.05518,0.03809,0.90942,-5.06600,-29.90700,12.75600
40.9390,489374,-0.04175,0.03125,0.93262,-4.21100,-30.02900,14.89300
40.9402,489384,-0.01196,0.03467,0.90869,-4.02800,-29.84600,14.22100
40.9531,489394,-0.02344,0.03662,0.91968,-3.11300,-29.29700,14.95400
40.9691,489404,-0.04175,0.02295,0.95508,-3.29600,-28.74800,15.74700
40.9691,489414,-0.01489,0.04663,0.94897,-3.96700,-29.35800,16.78500
40.9849,489424,-0.06104,0.02393,0.94214,-4.57800,-28.50300,16.05200
40.9849,489434,-0.05444,0.02783,0.91992,-4.76100,-29.78500,15.62500
41.0254,489444,-0.06519,0.00854,0.90845,-4.21100,-29.29700,15.44200
41.0254,489454,-0.04395,0.01953,0.92603,-2.07500,-29.17500,14.52600
41.0298,489464,-0.03027,0.00659,0.92017,-0.73200,-28.93100,16.11300
41.0388,489474,-0.01855,0.01758,0.95605,-0.73200,-28.74800,15.99100
41.0494,489484,-0.02393,0.02002,1.01538,0.06100,-28.32000,17.63900
41.0494,489494,-0.04883,0.04077,1.04468,0.18300,-28.32000,18.31100
41.0676,489504,-0.07153,0.02783,1.08130,-0.24400,-27.16100,17.09000
41.0780,489514,-0.08301,0.03076,1.09937,-2.68600,-26.61100,17.88300
41.0815,489524,-0.11792,0.03149,1.08374,-5.12700,-27.40500,16.47900
41.0974,489534,-0.10132,0.03003,1.06250,-5.37100,-27.77100,15.80800
41.1225,489544,0.27246,0.06274,0.75854,-5.79800,-23.01000,15.44200
41.1225,489554,0.08594,-0.21948,0.92432,-4.33300,-19.04300,14.83200
41.1329,489564,1.08545,-0.04883,0.69189,-4.08900,-5.55400,12.26800
41.1390,489574,-0.24023,0.00317,1.26196,8.54500,-31.18900,18.25000
41.1544,489584,-0.27637,0.22754,0.82959,2.50200,-21.30100,18.86000
41.1592,489594,-0.15186,0.06152,0.85596,1.64800,-20.56900,17.39500
41.1690,489604,0.23901,-0.04712,1.41382,4.27200,-25.51300,19.40900
41.1829,489614,-0.45044,0.05273,0.89771,-0.67100,-36.56000,23.25400
41.1900,489624,0.30420,0.02466,0.84424,2.62500,-45.95900,20.56900
41.2001,489634,-0.06982,-0.03271,1.20288,-4.27200,-26.91700,18.73800
41.2096,489644,0.46509,-0.00659,1.11963,15.38100,0.06100,18.98200
41.2228,489654,-0.02588,0.24170,2.07007,16.05200,-20.20300,35.82800
41.2289,489664,-0.68799,0.07446,1.29370,5.12700,-19.10400,22.46100
41.2414,489674,-0.35913,0.23535,1.77344,1.46500,-23.56000,18.18800
41.3017,489684,-0.47607,-0.02856,1.56812,-5.73700,-16.23500,14.28200
41.3017,489694,-0.40283,0.09155,1.42456,-8.66700,-32.77600,10.19300
41.3017,489704,-0.06958,0.11011,1.00317,-16.78500,-32.22700,6.59200
41.3017,489714,-0.16089,0.08521,0.97656,-15.25900,-30.94500,7.81200
41.3017,489724,-0.15698,0.15186,0.77979,-14.09900,-31.00600,7.62900
41.3017,489734,0.30103,0.02686,0.79126,-9.39900,-34.85100,10.86400
41.3343,489744,0.06128,-0.10693,0.87573,-9.58300,-21.60600,14.52600
41.3343,489754,-0.03174,-0.12378,0.76270,-7.20200,-6.83600,13.55000
41.3343,489764,0.32715,0.00513,0.86572,-0.79300,-24.41400,14.58700
41.3387,489774,-0.20825,0.00879,0.90186,0.06100,-18.55500,17.09000
41.3485,489784,-0.04761,0.03467,0.82739,-1.03800,-27.03900,16.23500
41.3607,489794,-0.02466,0.02124,0.99390,1.34300,-23.13200,15.19800
41.3663,489804,-0.10474,0.11328,0.87012,2.13600,-23.43800,15.50300
41.3663,489814,-0.09619,0.08569,0.87915,2.38000,-31.86000,13.97700
41.3843,489824,0.00732,0.16772,1.12646,7.50700,-36.19400,14.22100
41.4000,489834,-0.04590,0.07202,1.17432,5.12700,-35.64500,14.46500
41.4000,489844,0.10840,0.05273,1.35693,3.54000,-29.78500,14.52600
41.4342,489854,-0.07983,0.14526,1.39233,-0.12200,-28.56400,15.62500
41.4342,489864,-0.01001,0.08984,1.40063,-3.29600,-28.07600,14.58700
41.4386,489874,0.04248,0.08765,1.40576,-7.14100,-26.91700,14.58700
41.4461,489884,-0.12061,0.09180,1.20703,-11.71900,-27.22200,15.19800
41.4618,489894,-0.01855,0.05200,1.23145,-12.14600,-29.78500,16.11300
41.4618,489904,0.03857,0.04810,1.21240,-12.32900,-28.74800,15.07600
41.4776,489914,0.01196,0.03369,1.04663,-10.62000,-28.56400,13.79400
41.4884,489924,0.00610,0.04395,1.12231,-8.85000,-26.18400,14.16000
41.4997,489934,-0.06299,0.07495,1.00024,-8.72800,-24.71900,13.85500
41.5103,489944,0.05396,0.00684,1.21216,-9.09400,-27.10000,13.61100
41.5183,489954,0.02588,0.06079,1.13257,-10.07100,-28.44200,13.00000
41.5370,489964,-0.01807,0.08691,1.05566,-10.98600,-28.25900,13.12300
41.5396,489974,0.03589,0.02124,1.06299,-11.10800,-27.28300,12.08500
41.5504,489984,0.08179,0.04346,1.06250,-11.04700,-28.44200,12.87800
41.5657,489994,0.03052,0.04346,0.97266,-10.31500,-25.26900,12.81700
41.5683,490004,0.05127,-0.00171,1.00220,-9.03300,-25.94000,12.87800
41.5778,490014,0.09692,0.05908,1.01074,-8.85000,-29.29700,15.25900
41.5876,490024,0.07739,0.06519,1.01123,-7.38500,-26.85500,14.22100
41.5876,490034,0.08105,0.04712,1.01123,-7.93500,-28.19800,14.89300
41.6035,490044,0.03906,0.03442,0.97241,-7.93500,-27.58800,13.73300
41.6196,490054,0.05688,0.04956,0.96973,-7.32400,-27.22200,12.93900
41.6495,490064,0.06738,0.03516,0.96484,-7.32400,-27.83200,13.91600
41.6506,490074,0.09009,0.03271,0.96704,-6.65300,-28.19800,13.36700
41.6506,490084,0.08374,0.04175,0.96094,-6.83600,-27.77100,14.58700
41.6665,490094,0.08105,0.03589,0.97461,-6.89700,-27.89300,14.70900
41.6684,490104,0.08618,0.04175,0.95630,-5.79800,-27.58800,14.22100
41.6759,490114,0.08154,0.04663,0.94800,-5.67600,-27.64900,14.77100
41.6853,490124,0.08667,0.04614,0.96094,-5.00500,-25.63500,13.42800
41.6987,490134,0.09180,0.03613,0.98145,-5.79800,-26.91700,15.50300
41.6987,490144,0.10156,0.03906,0.96924,-4.76100,-24.84100,14.16000
41.7170,490154,0.10083,0.03516,0.99365,-4.45600,-25.87900,14.34300
41.7414,490164,0.10083,0.04541,0.98975,-5.49300,-25.14600,14.09900
41.7414,490174,0.10156,0.02393,0.97412,-5.24900,-25.45200,14.22100
41.7512,490184,0.11841,0.04199,0.97510,-5.12700,-26.36700,15.32000
41.7592,490194,0.10669,0.04150,0.98462,-4.82200,-25.26900,15.19800
41.7695,490204,0.09546,0.06055,0.98975,-4.57800,-26.36700,15.74700
41.7796,490214,0.08911,0.03833,1.00977,-4.88300,-25.81800,15.62500
41.7796,490224,0.10864,0.05859,0.99365,-3.84500,-25.45200,16.60200
41.7949,490234,0.08740,0.05347,0.99292,-4.94400,-26.06200,17.09000
41.8109,490244,0.09106,0.05347,0.99707,-3.47900,-24.71900,14.40400
41.8169,490254,0.09839,0.05786,1.00879,-3.60100,-25.51300,15.44200
41.8474,490264,0.11255,0.04468,1.00830,-3.96700,-24.96300,15.01500
41.8474,490274,0.09644,0.04785,1.01978,-3.84500,-25.39100,15.93000
41.8498,490284,0.11792,0.04541,1.00977,-4.33300,-24.53600,15.56400
41.8597,490294,0.09985,0.04492,1.00781,-4.02800,-24.10900,15.62500
41.8682,490304,0.11035,0.03711,1.02173,-3.29600,-23.86500,15.68600
41.8788,490314,0.12158,0.04834,1.03394,-2.25800,-23.19300,16.05200
41.8904,490324,0.10767,0.04590,1.03857,-1.95300,-21.60600,14.77100
41.8984,490334,0.09863,0.05640,1.05664,-2.62500,-23.56000,16.41800
41.9066,490344,0.10400,0.03955,1.07959,-2.74700,-23.37600,16.60200
41.9186,490354,0.08936,0.04517,1.10059,-2.99100,-21.79000,15.56400
41.9271,490364,0.12378,0.04199,1.09326,-3.96700,-22.27800,15.74700
41.9423,490374,0.14185,0.03564,1.08350,-4.88300,-21.05700,14.46500
41.9423,490384,0.13965,0.03589,1.07764,-5.73700,-22.15600,15.32000
41.9548,490394,0.13257,0.02148,1.06812,-6.16500,-21.42300,16.17400
41.9719,490404,0.14844,0.02979,1.03442,-6.77500,-22.46100,17.02900
41.9719,490414,0.13818,0.02783,1.02856,-6.22600,-21.60600,17.15100
41.9888,490424,0.12134,0.01294,1.00830,-5.37100,-20.32500,18.73800
41.9987,490434,0.11157,0.03467,0.99634,-4.57800,-19.59200,17.09000
42.0094,490444,0.10425,0.03467,1.01270,-4.08900,-19.47000,17.15100
42.0183,490454,0.11108,0.02539,1.02100,-3.23500,-19.16500,17.33400
42.0243,490464,0.10913,0.02393,1.03809,-3.23500,-18.37200,16.29600
42.0390,490474,0.12354,0.03931,1.02881,-3.54000,-18.92100,17.21200
42.0502,490484,0.11426,0.02295,1.05127,-3.47900,-18.43300,16.60200
42.0502,490494,0.11377,0.02319,1.02368,-4.08900,-18.37200,15.93000
42.0769,490504,0.11328,0.03076,1.03394,-4.27200,-19.28700,17.27300
42.0816,490514,0.11914,0.02368,1.04175,-4.33300,-17.27300,16.05200
42.0886,490524,0.13745,0.02515,1.05127,-4.39500,-17.76100,17.02900
42.0985,490534,0.13501,0.01953,1.03369,-4.70000,-16.90700,16.41800
42.1101,490544,0.14014,0.01807,1.02026,-4.76100,-17.02900,17.21200
42.1138,490554,0.12207,0.03076,1.02759,-5.18800,-16.96800,18.73800
42.1300,490564,0.12915,0.02441,1.01904,-5.18800,-16.35700,17.88300
42.1458,490574,0.11548,0.03613,0.99048,-5.31000,-15.99100,18.00500
42.1458,490584,0.10571,0.01807,0.99854,-5.55400,-16.47900,17.76100
42.1458,490594,0.11230,0.02686,0.98706,-5.18800,-14.83200,16.29600
42.1770,490604,0.10986,0.01245,0.99048,-4.51700,-16.11300,17.94400
42.1770,490614,0.10889,0.02661,0.99805,-3.35700,-15.19800,17.45600
42.1893,490624,0.11646,0.02588,0.97949,-4.02800,-14.70900,18.12700
42.1987,490634,0.11377,0.01733,0.98804,-2.74700,-13.73300,16.78500
42.2150,490644,0.13306,0.01440,0.99707,-2.25800,-13.91600,17.09000
42.2268,490654,0.11060,0.02075,1.01880,-2.25800,-12.45100,16.29600
42.2268,490664,0.12866,0.02051,1.02905,-2.19700,-12.81700,17.76100
42.2586,490674,0.12939,0.03638,1.04590,-2.80800,-12.45100,17.33400
42.2586,490684,0.11865,0.02002,1.05127,-3.41800,-12.14600,17.88300
42.2586,490694,0.10303,0.01782,1.04199,-4.02800,-11.78000,18.86000
42.2689,490704,0.09497,0.01807,1.04102,-5.18800,-12.63400,19.95800
42.2766,490714,0.08374,0.01465,1.02832,-5.61500,-11.59700,18.37200
42.2947,490724,0.07422,0.00220,0.99951,-7.32400,-12.14600,18.37200
42.3009,490734,0.07568,-0.01440,0.96899,-6.59200,-11.71900,17.45600
42.3083,490744,0.08154,-0.00879,0.93896,-5.43200,-10.92500,15.50300
42.3220,490754,0.09375,-0.02905,0.93750,-4.08900,-11.10800,15.44200
42.3251,490764,0.11255,-0.03833,0.92603,-2.68600,-10.86400,15.99100
42.3383,490774,0.12329,-0.04175,0.94971,-1.95300,-10.98600,14.95400
42.3488,490784,0.12866,-0.03833,0.97168,-1.03800,-12.14600,16.29600
42.3627,490794,0.13892,-0.05273,0.97949,-0.48800,-10.68100,16.47900
42.3677,490804,0.15015,-0.03516,0.97974,0.18300,-10.49800,15.99100
42.3853,490814,0.15356,-0.05249,1.01758,0.42700,-9.64400,15.62500
42.3913,490824,0.16040,-0.02588,1.03833,0.42700,-10.31500,18.37200
42.3996,490834,0.14282,-0.03394,1.04443,1.09900,-9.33800,17.51700
42.3996,490844,0.14111,-0.02588,1.07104,0.48800,-9.39900,18.61600
42.4154,490854,0.12158,-0.03027,1.09009,0.48800,-7.93500,17.82200
42.4360,490864,0.12500,-0.01807,1.11133,-0.06100,-7.62900,17.82200
42.4360,490874,0.11548,-0.00708,1.13721,-1.28200,-7.38500,18.37200
42.4503,490884,0.09497,-0.00171,1.15112,-3.29600,-7.62900,18.12700
42.4503,490894,0.09106,-0.01172,1.14697,-4.57800,-7.20200,17.70000
42.4637,490904,0.08521,-0.00879,1.11890,-6.34800,-5.55400,15.99100
42.4817,490914,0.07568,-0.01636,1.07080,-7.69000,-6.77500,16.54100
42.4817,490924,0.08887,-0.01074,1.03394,-7.50700,-7.32400,16.60200
42.4960,490934,0.08472,-0.01562,0.97998,-7.08000,-7.50700,17.76100
42.4960,490944,0.07080,0.00195,0.95459,-4.15000,-6.95800,15.86900
42.5132,490954,0.07251,0.01245,0.95752,-1.64800,-7.99600,15.62500
42.5277,490964,0.06494,0.01343,0.99414,-0.12200,-7.44600,16.05200
42.5759,491010,0.13062,0.09009,1.20483,2.31900,-7.81200,15.68600
42.5759,491012,0.13062,0.09009,1.20483,2.31900,-7.81200,15.68600
42.5759,491014,0.13062,0.09009,1.20483,2.31900,-7.81200,15.68600
42.5759,491015,0.13086,0.09497,1.24878,1.64800,-7.44600,15.86900
42.5759,491016,0.13086,0.09497,1.24878,1.64800,-7.44600,15.86900
42.5922,491024,0.13110,0.09424,1.25928,0.18300,-6.83600,16.17400
42.5953,491034,0.13818,0.08594,1.23535,-2.50200,-6.71400,16.05200
42.6082,491044,0.14160,0.08984,1.21143,-4.63900,-6.28700,17.88300
42.6258,491054,0.14453,0.08984,1.20752,-6.10400,-6.28700,19.40900
42.6258,491064,0.09644,0.08447,1.21094,-7.75100,-5.73700,20.44700
42.6423,491074,0.05322,0.08716,1.17700,-8.78900,-3.84500,19.28700
42.6643,491084,0.03589,0.09717,1.13452,-10.49800,-4.88300,20.93500
42.6643,491094,-0.02783,0.08521,1.07520,-11.10800,-5.00500,19.53100
42.6643,491104,-0.06934,0.08887,1.02759,-9.76600,-4.82200,16.72400
42.6722,491114,-0.03223,0.08862,0.99805,-10.74200,-6.65300,16.23500
42.6879,491124,-0.02954,0.09888,0.95752,-8.42300,-5.92000,14.34300
42.7012,491134,0.03638,0.08496,0.92358,-6.22600,-6.10400,13.42800
42.7042,491144,0.05713,0.08643,0.90625,-4.21100,-6.10400,12.69500
42.7201,491154,0.07227,0.09180,0.95459,-1.70900,-6.77500,13.79400
42.7260,491164,0.04541,0.10156,1.00732,0.00000,-7.26300,15.74700
42.7367,491174,0.07129,0.11279,1.03442,-0.06100,-8.17900,16.54100
42.7367,491184,0.05396,0.11011,1.08911,-0.06100,-8.11800,17.82200
42.7640,491194,0.01733,0.13257,1.09790,-1.58700,-7.50700,18.37200
42.7707,491204,-0.00024,0.11719,1.13013,-2.56300,-8.11800,18.67700
42.7844,491214,-0.01562,0.12939,1.09595,-5.24900,-8.11800,18.55500
42.7844,491224,-0.02271,0.13623,1.08813,-6.04200,-6.40900,16.54100
42.8005,491234,-0.00635,0.13330,1.05615,-6.65300,-6.34800,15.62500
42.8165,491244,-0.02515,0.12085,1.06445,-8.91100,-7.75100,15.74700
42.8165,491254,-0.00806,0.14209,0.97803,-9.64400,-6.95800,15.19800
42.8337,491264,-0.00830,0.13672,0.95752,-8.54500,-6.65300,15.68600
42.8337,491274,-0.01343,0.13232,0.94141,-8.60600,-6.04200,15.32000
42.8537,491284,0.00342,0.13110,0.87061,-7.01900,-6.77500,15.62500
42.8683,491294,0.00513,0.12646,0.88623,-5.67600,-5.92000,15.44200
42.8703,491304,0.00391,0.12817,0.87378,-3.05200,-7.32400,16.17400
42.8801,491314,0.00806,0.12183,0.89722,-0.85400,-6.59200,16.90700
42.8975,491324,0.01025,0.13574,0.91040,1.16000,-6.71400,16.23500
42.8975,491334,-0.00293,0.14844,0.95801,2.56300,-6.47000,14.77100
42.8975,491344,0.01196,0.16455,1.03638,2.99100,-7.01900,16.11300
42.9188,491354,-0.00854,0.16064,1.07202,2.01400,-8.91100,17.76100
42.9282,491364,-0.02393,0.16187,1.09717,0.48800,-9.03300,17.82200
42.9317,491374,-0.02344,0.15112,1.10352,-1.70900,-9.15500,17.27300
42.9768,491384,-0.03174,0.13477,1.12842,-1.52600,-7.81200,15.86900
42.9768,491394,-0.04175,0.12817,1.11328,-3.60100,-8.54500,16.78500
42.9768,491404,-0.03638,0.11621,1.07568,-4.21100,-9.09400,16.47900
42.9768,491414,-0.02319,0.11084,1.07886,-4.88300,-9.33800,15.74700
43.0070,491424,0.00098,0.09985,1.04736,-4.88300,-7.93500,15.44200
43.0070,491434,0.00513,0.07935,1.05566,-4.27200,-8.54500,16.11300
43.0107,491444,0.01440,0.07642,1.03003,-3.84500,-7.01900,15.32000
43.0118,491454,0.01147,0.04956,0.97974,-1.70900,-7.44600,16.05200
43.0308,491464,0.04517,0.05859,1.02271,1.52600,-6.34800,17.27300
43.0380,491474,0.03442,0.04810,1.06934,3.66200,-5.43200,18.31100
43.0470,491484,-0.01953,0.05908,1.18311,4.02800,-6.10400,19.16500
43.0749,491494,-0.03833,0.04419,1.21948,2.86900,-7.56800,18.61600
43.0769,491504,-0.03174,0.05981,1.24854,2.07500,-7.32400,17.76100
43.0799,491514,-0.03247,0.05762,1.25610,-0.18300,-6.95800,18.06600
43.0981,491524,-0.04199,0.06641,1.28833,-2.93000,-6.89700,15.99100
43.0981,491534,-0.04810,0.05811,1.27393,-4.45600,-6.28700,16.96800
43.1112,491544,-0.02051,0.03809,1.22900,-7.93500,-7.01900,16.96800
43.1180,491554,-0.02588,0.02881,1.18286,-10.25400,-6.83600,16.84600
43.1296,491564,-0.04468,0.02319,1.15527,-10.68100,-6.95800,16.96800
43.1372,491574,-0.03809,0.00781,1.10181,-12.26800,-6.83600,17.33400
43.1507,491584,-0.04370,0.00610,1.00586,-11.84100,-6.95800,17.21200
43.1664,491594,-0.04565,0.00293,0.97876,-11.23000,-5.79800,16.47900
43.1664,491604,-0.03442,0.00684,0.94214,-9.94900,-6.10400,15.56400
43.1664,491614,-0.01709,-0.00195,0.90283,-7.93500,-6.34800,16.72400
43.1825,491624,-0.01392,-0.00342,0.89038,-6.89700,-5.00500,16.29600
43.1985,491634,-0.00928,-0.01270,0.87720,-5.31000,-5.73700,17.57800
43.1985,491644,-0.04053,-0.00830,0.89526,-1.83100,-6.34800,17.02900
43.2144,491654,-0.02075,-0.00757,0.90820,-0.36600,-5.67600,16.66300
43.2304,491664,-0.04932,-0.00488,0.94727,0.12200,-6.53100,17.51700
43.2304,491674,-0.03882,0.00195,0.98193,0.61000,-6.83600,17.33400
43.2463,491684,-0.04272,-0.00684,0.99951,0.30500,-6.59200,17.39500
43.2463,491694,-0.04297,-0.01782,1.01172,-0.36600,-7.75100,17.45600
43.2782,491704,-0.04395,-0.02319,1.05566,-0.79300,-6.34800,15.86900
43.2782,491714,-0.02417,-0.01440,1.06567,-1.77000,-6.89700,15.56400
43.2782,491724,-0.03467,-0.02295,1.05273,-2.86900,-7.08000,16.23500
43.2940,491734,-0.02588,-0.03564,1.03247,-4.94400,-8.24000,16.47900
43.3097,491744,-0.03296,-0.05200,1.04199,-6.04200,-8.17900,16.84600
43.3097,491754,-0.03491,-0.08618,1.00171,-6.47000,-8.05700,16.05200
43.3268,491764,-0.01587,-0.07812,0.96436,-6.65300,-8.78900,17.09000
43.3268,491774,-0.02783,-0.08325,0.94946,-5.61500,-8.91100,17.21200
43.3417,491784,-0.02466,-0.09229,0.94287,-5.00500,-8.11800,16.72400
43.3595,491794,-0.03857,-0.08838,0.92285,-3.60100,-7.75100,16.90700
43.3737,491804,-0.02002,-0.09253,0.94019,-2.13600,-8.91100,18.18800
43.3737,491814,-0.03271,-0.08911,0.96387,-0.73200,-7.93500,17.45600
43.3896,491824,-0.05176,-0.08423,0.99707,-0.18300,-8.11800,17.21200
43.4054,491834,-0.06006,-0.06787,1.01050,-0.18300,-8.54500,18.00500
43.4054,491844,-0.06201,-0.06323,1.03223,-0.36600,-8.91100,18.25000
43.4193,491854,-0.07251,-0.05933,1.07642,0.00000,-9.03300,17.27300
43.4282,491864,-0.07544,-0.05737,1.07324,-1.22100,-10.01000,17.57800
43.4370,491874,-0.07251,-0.05713,1.07715,-1.83100,-9.46000,16.60200
43.4530,491884,-0.07959,-0.04102,1.07959,-1.95300,-9.03300,16.35700
43.4530,491894,-0.07617,-0.03003,1.10107,-3.05200,-10.13200,16.54100
43.4689,491904,-0.08643,-0.03271,1.10034,-3.54000,-10.13200,16.54100
43.4846,491914,-0.07690,-0.01880,1.08008,-3.47900,-10.55900,16.23500
43.4846,491924,-0.09204,-0.00830,1.07397,-4.27200,-10.86400,16.17400
43.5006,491934,-0.10474,-0.00024,1.07935,-4.27200,-10.92500,15.86900
43.5006,491944,-0.08423,-0.00244,1.08447,-3.90600,-11.90200,15.19800
43.5173,491954,-0.05762,0.00391,1.07690,-3.66200,-10.80300,12.93900
43.5275,491964,-0.03369,0.02197,1.07568,-3.60100,-11.47500,13.36700
43.5333,491974,-0.03394,0.02197,1.09326,-3.23500,-11.71900,13.36700
43.5481,491984,0.01733,0.04492,1.08276,-3.47900,-11.23000,14.22100
43.5481,491994,-0.00806,0.02563,1.08667,-3.29600,-11.29200,14.58700
43.5797,492004,-0.01196,0.03369,1.10986,-3.29600,-11.47500,16.17400
43.5797,492014,-0.02173,0.04810,1.11572,-3.11300,-11.78000,18.00500
43.5797,492024,-0.01855,0.05078,1.10645,-3.17400,-11.35300,17.57800
43.5954,492034,-0.05054,0.04541,1.10107,-3.90600,-11.47500,17.51700
43.5954,492044,-0.06714,0.05225,1.09229,-4.51700,-12.14600,17.94400
43.6115,492054,-0.08716,0.03931,1.09961,-3.84500,-11.41400,17.09000
43.6278,492064,-0.06909,0.04858,1.09229,-3.90600,-10.92500,15.68600
43.6278,492074,-0.06201,0.02979,1.10693,-4.27200,-11.23000,15.25900
43.6431,492084,-0.05884,0.04443,1.09229,-4.57800,-11.65800,15.32000
43.6588,492094,-0.06348,0.03125,1.10645,-4.82200,-10.74200,14.03800
43.6745,492104,-0.04712,0.03979,1.09399,-4.57800,-12.51200,14.09900
43.6745,492114,-0.04883,0.05054,1.07544,-4.63900,-12.75600,15.13700
43.6902,492124,-0.04980,0.05029,1.08179,-5.12700,-12.32900,14.46500
43.6902,492134,-0.04102,0.04639,1.07910,-5.24900,-13.30600,15.68600
43.7061,492144,-0.04126,0.05493,1.05493,-4.76100,-11.78000,13.61100
43.7061,492154,-0.04150,0.05981,1.05103,-5.24900,-13.91600,16.29600
43.7302,492164,-0.04663,0.06396,1.03638,-5.06600,-13.12300,15.93000
43.7381,492174,-0.03809,0.05615,1.02832,-5.18800,-14.77100,17.39500
43.7381,492184,-0.03784,0.06787,1.03198,-4.70000,-13.67200,15.99100
43.7625,492194,-0.02783,0.07129,1.02417,-4.45600,-14.03800,15.62500
43.7696,492204,-0.03857,0.06738,1.02490,-4.15000,-13.85500,16.72400
43.7861,492214,-0.04346,0.07910,1.03320,-3.23500,-12.87800,15.01500
43.7861,492224,-0.03589,0.07690,1.02393,-3.35700,-13.73300,16.66300
43.7861,492234,-0.05225,0.07568,1.05054,-2.86900,-13.85500,17.09000
43.8023,492244,-0.04834,0.08179,1.04370,-2.44100,-13.61100,15.50300
43.8198,492254,-0.05469,0.09229,1.04517,-2.80800,-12.08500,15.56400
43.8315,492264,-0.06714,0.09937,1.05835,-2.80800,-12.93900,15.68600
43.8532,492274,-0.06641,0.09180,1.06787,-2.80800,-13.06200,15.56400
43.8538,492284,-0.05054,0.11255,1.07812,-3.47900,-14.34300,15.80800
43.8597,492294,-0.05371,0.11743,1.07056,-3.29600,-12.93900,15.44200
43.8723,492304,-0.04907,0.11182,1.08350,-4.39500,-13.30600,16.17400
43.8784,492314,-0.06909,0.12427,1.08325,-4.88300,-13.61100,15.68600
43.8930,492324,-0.06470,0.11621,1.08423,-5.18800,-13.97700,16.23500
43.8930,492334,-0.09058,0.13086,1.10620,-6.53100,-15.13700,17.09000
43.9091,492344,-0.10889,0.12524,1.10400,-8.36200,-14.89300,15.19800
43.9162,492354,-0.10815,0.14111,1.07593,-9.94900,-14.83200,15.01500
43.9282,492364,-0.08594,0.13647,1.01392,-11.53600,-15.86900,14.03800
43.9406,492374,-0.06128,0.12915,0.94141,-11.71900,-16.47900,13.24500
43.9417,492384,-0.02686,0.12842,0.91577,-11.35300,-15.68600,12.87800
43.9561,492394,-0.00977,0.13623,0.87817,-9.94900,-16.23500,13.67200
43.9671,492404,-0.00708,0.13745,0.86157,-7.81200,-16.11300,15.13700
43.9878,492414,0.00830,0.15454,0.84131,-6.89700,-15.80800,15.50300
43.9878,492424,-0.00757,0.13477,0.85278,-4.39500,-16.05200,16.90700
43.9878,492434,-0.02588,0.16455,0.86938,-2.38000,-16.17400,17.51700
44.0062,492444,-0.04004,0.17651,0.89795,-2.01400,-16.66300,17.94400
44.0199,492454,-0.05615,0.15186,0.92065,-2.13600,-17.02900,17.94400
44.0282,492464,-0.03784,0.17188,0.93311,-1.28200,-17.09000,18.00500
44.0357,492474,-0.04492,0.16943,0.94312,-0.97700,-17.39500,17.63900
44.0357,492484,-0.06396,0.15015,0.95190,-1.16000,-17.27300,17.51700
44.0514,492494,-0.04712,0.15649,0.98218,-0.42700,-18.12700,18.12700
44.0679,492504,-0.06104,0.12842,1.01538,0.00000,-17.09000,17.57800
44.0679,492514,-0.07910,0.13184,1.04517,0.12200,-16.66300,16.54100
44.0854,492524,-0.07104,0.13599,1.09741,-0.36600,-16.90700,17.45600
44.0992,492534,-0.09766,0.13501,1.09448,-0.97700,-19.04300,19.77500
44.0992,492544,-0.09229,0.12036,1.10742,-2.25800,-16.96800,16.41800
44.1151,492554,-0.08740,0.11572,1.10303,-3.23500,-17.88300,16.54100
44.1285,492564,-0.09326,0.11572,1.08350,-4.45600,-18.61600,16.41800
44.1311,492574,-0.07202,0.09912,1.08789,-3.54000,-19.34800,15.13700
44.1471,492584,-0.05396,0.07910,1.10352,-3.78400,-19.04300,15.44200
44.1471,492594,-0.05664,0.07178,1.11816,-3.96700,-19.47000,15.74700
44.1628,492604,-0.03687,0.07202,1.12476,-3.54000,-19.77500,15.13700
44.1789,492614,-0.03857,0.05273,1.12183,-4.63900,-20.32500,16.41800
44.1959,492624,-0.01904,0.07227,1.12646,-4.57800,-20.02000,17.15100
44.1959,492634,-0.02026,0.06885,1.10596,-6.10400,-19.71400,16.54100
44.1959,492644,-0.02222,0.05713,1.09619,-5.85900,-18.61600,17.39500
44.2107,492654,-0.04492,0.04736,1.09448,-6.04200,-18.67700,16.54100
44.2288,492664,-0.03711,0.04102,1.06787,-5.92000,-20.81300,18.18800
44.2425,492674,-0.04810,0.05542,1.05347,-4.51700,-19.47000,18.61600
44.2425,492684,-0.05908,0.04785,1.07275,-3.66200,-18.49400,16.84600
44.2589,492694,-0.04956,0.03516,1.07983,-2.62500,-18.55500,17.21200
44.2611,492704,-0.02710,0.05273,1.10571,-2.99100,-18.31100,17.45600
44.2745,492714,-0.04077,0.04663,1.11353,-4.15000,-18.25000,18.31100
44.2904,492724,-0.05762,0.05078,1.10547,-4.76100,-17.94400,17.88300
44.2904,492734,-0.04858,0.04883,1.10571,-5.49300,-18.67700,17.21200
44.3065,492744,-0.05859,0.05713,1.09570,-6.04200,-18.79900,17.09000
44.3065,492754,-0.05811,0.04639,1.08594,-5.73700,-18.18800,16.11300
44.3290,492764,-0.04663,0.04932,1.07593,-6.16500,-19.40900,16.90700
44.3408,492774,-0.03857,0.03906,1.05615,-6.40900,-18.73800,15.19800
44.3408,492784,-0.02124,0.03906,1.05347,-6.34800,-19.10400,15.25900
44.3536,492794,-0.01660,0.04346,1.03687,-6.22600,-18.49400,15.62500
44.3688,492804,0.01001,0.04370,1.04688,-5.85900,-19.04300,17.02900
44.3847,492814,0.00244,0.03418,1.03760,-5.98100,-19.16500,17.45600
44.4004,492824,-0.00049,0.01904,1.02881,-5.92000,-18.61600,18.25000
44.4004,492834,-0.00537,0.03296,1.00952,-5.12700,-18.73800,18.43300
44.4004,492844,-0.01660,0.01562,1.03027,-4.63900,-19.47000,18.37200
44.4164,492854,-0.04468,0.01514,1.02710,-4.39500,-19.04300,19.77500
44.4289,492864,-0.04126,0.01953,1.03076,-3.96700,-18.00500,18.25000
44.4337,492874,-0.04272,0.00732,1.04590,-4.02800,-18.49400,19.04300
44.4484,492884,-0.05322,0.00806,1.05566,-3.84500,-17.88300,18.00500
44.4484,492894,-0.04688,0.00879,1.06470,-3.41800,-18.06600,17.33400
44.4676,492904,-0.03662,-0.00122,1.08057,-3.90600,-18.31100,17.51700
44.4804,492914,-0.04126,-0.00732,1.08154,-4.82200,-17.33400,19.16500
44.4964,492924,-0.03516,-0.00635,1.09766,-4.88300,-17.33400,18.12700
44.4964,492934,-0.03442,-0.01050,1.07739,-5.85900,-17.76100,18.79900
44.4964,492944,-0.07129,-0.02734,1.10303,-7.32400,-17.45600,19.77500
44.5138,492954,-0.08838,-0.04077,1.08545,-8.72800,-16.78500,18.00500
44.5289,492964,-0.09058,-0.04370,1.06348,-9.94900,-18.18800,18.06600
44.5759,493011,-0.00146,-0.09131,0.89624,-7.69000,-17.27300,13.42800
44.5759,493013,-0.00146,-0.09131,0.89624,-7.69000,-17.27300,13.42800
44.5759,493014,0.01025,-0.09033,0.90259,-6.16500,-18.18800,14.58700
44.5759,493016,0.01025,-0.09033,0.90259,-6.16500,-18.18800,14.58700
44.5759,493017,0.01025,-0.09033,0.90259,-6.16500,-18.18800,14.58700
44.6074,493024,0.01562,-0.07617,0.89111,-5.06600,-18.25000,13.85500
44.6074,493034,0.01562,-0.09570,0.92090,-3.41800,-19.59200,17.39500
44.6074,493044,0.02319,-0.09424,0.96997,-0.91600,-18.00500,17.45600
44.6105,493054,0.01001,-0.10400,0.99561,-1.16000,-18.00500,17.45600
44.6288,493064,-0.00732,-0.09424,1.03638,-1.77000,-17.39500,18.61600
44.6420,493074,-0.03076,-0.08545,1.05127,-2.44100,-17.27300,18.55500
44.6451,493084,-0.03613,-0.09546,1.07031,-2.86900,-17.15100,19.47000
44.6585,493094,-0.05396,-0.07666,1.05420,-4.08900,-15.99100,18.61600
44.6704,493104,-0.07593,-0.08496,1.01685,-4.33300,-15.62500,18.25000
44.6731,493114,-0.06616,-0.08447,1.01074,-3.90600,-15.80800,18.37200
44.6903,493124,-0.06689,-0.05322,1.05249,-2.01400,-16.54100,18.00500
44.7020,493134,-0.08081,-0.03760,1.10107,-0.48800,-15.99100,17.51700
44.7020,493144,-0.10059,-0.02197,1.12134,-0.73200,-14.40400,16.47900
44.7179,493154,-0.10864,-0.01880,1.13379,-1.95300,-16.66300,16.84600
44.7289,493164,-0.09009,0.00171,1.12573,-3.11300,-16.35700,14.40400
44.7337,493174,-0.06055,0.00537,1.13916,-3.11300,-15.99100,13.24500
44.7499,493184,-0.04688,0.02783,1.16992,-4.21100,-15.44200,14.34300
44.7499,493194,-0.00513,0.02222,1.17773,-4.88300,-15.32000,13.06200
44.7663,493204,-0.00342,0.02930,1.18311,-5.43200,-15.93000,14.58700
44.7663,493214,0.00244,0.01416,1.15210,-6.04200,-15.99100,15.07600
44.7823,493224,0.01611,0.02954,1.17993,-5.92000,-15.99100,16.35700
44.8162,493234,-0.02148,0.02563,1.17847,-7.14100,-16.54100,16.05200
44.8162,493244,-0.02246,0.02222,1.15796,-8.05700,-15.99100,16.23500
44.8162,493254,-0.02539,0.01270,1.11670,-9.03300,-15.62500,16.84600
44.8293,493264,-0.02979,0.01538,1.11230,-9.03300,-16.60200,16.72400
44.8454,493274,-0.04053,0.01782,1.09399,-9.39900,-15.01500,16.35700
44.8454,493284,-0.02734,0.01685,1.07617,-8.24000,-14.70900,15.44200
44.8454,493294,-0.02026,0.03149,1.05542,-7.69000,-14.52600,15.56400
44.8745,493304,-0.02222,0.05176,1.07495,-7.01900,-14.77100,16.41800
44.8770,493314,-0.01733,0.05518,1.10449,-6.53100,-14.52600,15.13700
44.8770,493324,-0.02344,0.06689,1.10376,-7.01900,-13.61100,15.07600
44.8930,493334,-0.00781,0.08203,1.09790,-8.42300,-13.79400,15.38100
44.9090,493344,-0.00635,0.09497,1.08398,-9.33800,-13.61100,15.19800
44.9296,493354,-0.00635,0.10254,1.05688,-10.25400,-13.24500,15.80800
44.9296,493364,-0.00879,0.10132,1.02832,-11.04700,-13.79400,16.29600
44.9409,493374,-0.02759,0.09717,0.99219,-11.41400,-13.55000,16.54100
44.9409,493384,-0.03418,0.09302,0.98633,-10.86400,-14.77100,16.60200
44.9595,493394,-0.05029,0.11572,0.96973,-12.20700,-14.28200,15.68600
44.9595,493404,-0.04102,0.11206,0.93140,-12.45100,-14.40400,14.34300
44.9748,493414,-0.02783,0.11670,0.89722,-12.14600,-15.13700,15.19800
44.9887,493424,-0.02124,0.10376,0.85400,-11.04700,-14.95400,13.79400
44.9887,493434,-0.00073,0.11328,0.83740,-9.82700,-14.22100,13.18400
45.0047,493444,0.02271,0.11670,0.82788,-7.93500,-14.70900,14.22100
45.0047,493454,0.06104,0.13843,0.83838,-6.77500,-14.64800,15.25900
45.0299,493464,0.04688,0.14380,0.85962,-5.73700,-14.46500,15.13700
45.0364,493474,0.03467,0.14844,0.84888,-5.92000,-14.70900,17.02900
45.0364,493484,0.02173,0.13892,0.76562,-5.43200,-14.28200,17.33400
45.0534,493494,0.03564,0.12402,0.74927,-1.46500,-13.91600,17.15100
45.0685,493504,0.05225,0.14282,0.78125,3.72300,-11.84100,18.86000
45.0685,493514,-0.02295,0.14429,0.94067,5.67600,-11.84100,19.53100
45.0841,493524,-0.12769,0.15454,1.05469,5.12700,-11.47500,18.92100
45.1008,493534,-0.09839,0.13428,1.07886,2.13600,-13.06200,17.51700
45.1008,493544,-0.11743,0.14917,0.92236,3.96700,-14.34300,15.32000
45.1328,493554,0.03247,0.10522,1.09326,0.61000,-15.80800,15.56400
45.1487,493564,0.00513,0.12256,1.22363,1.16000,-12.51200,14.46500
45.1524,493574,-0.07471,0.10986,1.22632,0.42700,-11.16900,14.70900
45.1524,493584,-0.00049,0.04248,1.17407,-3.72300,-10.98600,15.38100
45.1554,493594,-0.03979,0.05957,1.16357,-4.21100,-12.57300,16.60200
45.1644,493604,-0.05347,0.07861,1.11914,-4.15000,-12.26800,15.74700
45.1805,493614,-0.03003,0.04883,1.18164,-3.41800,-12.87800,16.60200
45.2123,493624,-0.05054,0.08301,1.13989,-4.33300,-14.03800,16.23500
45.2123,493634,-0.04395,0.06372,1.14966,-4.39500,-14.28200,15.38100
45.2123,493644,-0.02783,0.06128,1.15649,-4.70000,-13.48900,15.50300
45.2123,493654,-0.00488,0.06201,1.14673,-4.76100,-12.51200,13.97700
45.2305,493664,0.01196,0.08154,1.15039,-5.49300,-11.96300,13.67200
45.2305,493674,0.03809,0.05762,1.11865,-5.06600,-12.57300,14.77100
45.2438,493684,0.01587,0.04468,1.11694,-4.57800,-13.42800,16.78500
45.2599,493694,0.00366,0.04492,1.12671,-4.33300,-13.42800,16.84600
45.2599,493704,0.00122,0.03564,1.13428,-4.51700,-13.18400,17.94400
45.2756,493714,-0.02393,0.04102,1.12158,-4.57800,-12.45100,16.78500
45.2917,493724,-0.02148,0.02100,1.12549,-4.88300,-11.90200,18.18800
45.2917,493734,-0.02783,0.02930,1.12378,-5.37100,-11.04700,16.47900
45.3237,493744,-0.03906,0.03149,1.11499,-5.85900,-10.74200,17.39500
45.3237,493754,-0.01758,0.03198,1.09253,-6.53100,-11.65800,16.78500
45.3237,493764,-0.02881,0.02734,1.07983,-6.95800,-10.92500,15.99100
45.3398,493774,-0.00293,0.02612,1.04175,-7.01900,-10.25400,15.07600
45.3559,493784,-0.00732,0.01416,1.04175,-6.95800,-10.43700,15.62500
45.3618,493794,-0.00317,0.02539,1.01489,-7.32400,-10.07100,15.01500
45.3638,493804,0.00464,0.01758,0.99097,-6.53100,-10.62000,15.56400
45.3780,493814,0.01147,0.01538,0.98779,-6.04200,-10.37600,15.25900
45.4096,493824,0.01978,0.01514,0.95605,-5.85900,-10.55900,16.66300
45.4119,493834,0.00928,-0.00366,0.97778,-4.15000,-10.62000,16.47900
45.4119,493844,0.00708,0.01587,0.96509,-3.41800,-10.19300,16.29600
45.4312,493854,-0.00513,0.00073,0.97998,-2.93000,-10.49800,18.12700
45.4312,493864,-0.01343,-0.00928,1.00488,-2.25800,-10.07100,17.51700
45.4424,493874,-0.00854,0.01074,0.99243,-2.86900,-9.82700,16.66300
45.4605,493884,-0.02051,0.00830,1.00928,-3.05200,-10.80300,16.90700
45.4605,493894,-0.01147,-0.01953,1.00635,-2.68600,-9.70500,17.27300
45.4605,493904,-0.02612,-0.00049,1.00000,-3.47900,-10.43700,17.70000
45.4954,493914,-0.01904,-0.00317,1.01099,-3.78400,-10.19300,17.82200
45.4954,493924,-0.02246,-0.00122,1.01465,-3.84500,-9.46000,17.45600
45.4954,493934,-0.02930,-0.00732,1.01514,-3.54000,-9.21600,17.15100
45.5084,493944,-0.05151,0.00488,1.01904,-3.47900,-8.85000,16.54100
45.5245,493954,-0.05103,-0.00806,1.02612,-3.54000,-8.66700,16.72400
45.5245,493964,-0.03467,0.00537,1.02441,-4.15000,-8.30100,15.99100
45.5319,493974,-0.03442,-0.00732,1.02222,-3.84500,-7.81200,15.99100
45.5575,493984,-0.04468,-0.00024,1.01245,-3.96700,-6.89700,15.50300
45.5575,493994,-0.01782,-0.00146,1.00757,-3.96700,-7.56800,15.38100
45.5690,494004,-0.03320,0.00830,1.01538,-3.90600,-7.50700,17.09000
45.5716,494014,-0.02783,0.02417,1.00806,-3.05200,-6.77500,15.93000
45.5876,494024,-0.02344,0.00684,1.02100,-2.50200,-7.08000,15.99100
45.5876,494034,-0.03442,0.00830,1.02856,-2.31900,-7.44600,16.41800
45.6037,494044,-0.03442,0.01245,1.05396,-2.19700,-7.69000,16.29600
45.6356,494054,-0.02954,0.01831,1.05835,-2.93000,-7.44600,16.23500
45.6356,494064,-0.03540,0.01367,1.06787,-2.01400,-6.34800,16.78500
45.6356,494074,-0.03003,0.01001,1.07983,-3.05200,-7.56800,17.76100
45.6356,494084,-0.02222,0.01074,1.06348,-3.60100,-5.98100,16.35700
45.6515,494094,-0.04956,0.01172,1.09106,-3.35700,-5.12700,15.93000
45.6675,494104,-0.05737,0.02710,1.07886,-4.15000,-6.95800,17.51700
45.6675,494114,-0.04565,0.02905,1.09521,-3.96700,-4.82200,16.29600
45.6832,494124,-0.06763,0.02686,1.09448,-4.27200,-5.79800,17.45600
45.6991,494134,-0.08667,0.02197,1.08447,-5.00500,-4.33300,16.35700
45.6991,494144,-0.07178,0.01294,1.07520,-4.88300,-4.76100,16.23500
45.7151,494154,-0.08179,0.01318,1.07129,-5.18800,-3.96700,16.41800
45.7151,494164,-0.08447,-0.00146,1.08301,-4.45600,-3.66200,16.84600
45.7321,494174,-0.08789,0.00562,1.07129,-4.57800,-4.57800,17.15100
45.7471,494184,-0.08130,-0.01147,1.07812,-5.12700,-3.96700,16.23500
45.7630,494194,-0.07056,0.01172,1.07397,-4.08900,-3.23500,16.90700
45.7630,494204,-0.07983,0.00635,1.07520,-3.90600,-2.68600,15.38100
45.7796,494214,-0.08203,0.01782,1.08179,-3.41800,-2.31900,16.41800
45.7796,494224,-0.11157,0.01758,1.08423,-4.33300,-2.74700,15.99100
45.7947,494234,-0.09863,0.02319,1.10083,-4.70000,-3.11300,17.21200
45.7947,494244,-0.09106,0.02368,1.07495,-5.55400,-2.80800,16.05200
45.8107,494254,-0.09619,0.00269,1.07373,-5.98100,-3.05200,17.02900
45.8324,494264,-0.10425,0.02222,1.07153,-6.65300,-1.09900,15.44200
45.8324,494274,-0.10449,0.01001,1.05005,-6.34800,-2.44100,16.41800
45.8524,494284,-0.11133,0.02319,1.03052,-6.53100,-2.19700,16.17400
45.8602,494294,-0.10425,0.02808,1.03149,-6.77500,-2.62500,16.05200
45.8689,494304,-0.11401,0.01343,1.02100,-6.71400,-0.79300,15.13700
45.8799,494314,-0.09644,0.02197,0.98975,-6.40900,-1.83100,15.68600
45.8901,494324,-0.11621,0.02466,0.98047,-6.40900,-0.97700,15.13700
45.8901,494334,-0.09204,0.04028,0.98218,-6.22600,-2.19700,15.80800
45.9060,494344,-0.09863,0.02222,0.96948,-5.31000,-1.77000,15.25900
45.9060,494354,-0.10229,0.01074,0.94629,-4.82200,-1.77000,15.38100
45.9379,494364,-0.11279,0.00977,0.96143,-4.02800,-1.03800,15.32000
45.9379,494374,-0.10742,0.02026,0.96509,-3.35700,-1.40400,15.25900
45.9538,494384,-0.10352,0.01074,0.94556,-2.74700,-2.07500,16.66300
45.9699,494394,-0.11377,0.02588,0.99707,-1.89200,-1.64800,17.02900
45.9699,494404,-0.11206,0.01343,1.00171,-1.64800,-1.46500,16.78500
45.9699,494414,-0.11572,0.03003,1.00659,-2.31900,-1.89200,17.27300
45.9885,494424,-0.12085,0.01392,1.02515,-2.19700,-1.34300,16.90700
45.9885,494434,-0.13672,0.01465,1.03516,-2.68600,-2.50200,17.15100
46.0051,494444,-0.12476,0.02344,1.03271,-3.35700,-1.03800,17.21200
46.0191,494454,-0.13354,0.02832,1.04053,-3.23500,-1.95300,18.18800
46.0362,494464,-0.14575,0.00220,1.04272,-3.23500,-0.73200,16.90700
46.0362,494474,-0.16748,0.00830,1.04565,-2.56300,-0.67100,17.27300
46.0488,494484,-0.16504,0.02246,1.04321,-2.50200,-1.40400,18.06600
46.0697,494494,-0.19165,-0.00244,1.05566,-2.25800,-0.30500,16.66300
46.0697,494504,-0.17480,0.02075,1.04858,-3.17400,-1.16000,17.51700
46.0697,494514,-0.18579,0.02393,1.06421,-2.80800,-0.85400,16.05200
46.0890,494524,-0.18164,0.00366,1.06958,-2.86900,-0.73200,16.66300
46.1009,494534,-0.19092,0.02002,1.08667,-3.17400,-0.97700,17.15100
46.1107,494544,-0.17261,0.01074,1.09326,-2.86900,0.54900,15.50300
46.1207,494554,-0.17944,0.01831,1.08228,-4.39500,-0.73200,17.39500
46.1453,494564,-0.18286,0.01685,1.06543,-4.76100,-1.40400,17.88300
46.1453,494574,-0.18652,0.01758,1.06372,-4.33300,-0.54900,17.21200
46.1497,494584,-0.22070,0.02148,1.06177,-4.94400,-1.03800,16.29600
46.1609,494594,-0.20068,0.02637,1.04956,-5.00500,-0.85400,16.66300
46.1738,494604,-0.19604,0.01196,1.04175,-5.79800,-1.16000,15.86900
46.1738,494614,-0.19775,0.00317,1.03613,-4.94400,-1.28200,15.38100
46.1896,494624,-0.18506,0.01270,1.00098,-5.12700,-1.22100,15.74700
46.1970,494634,-0.17871,0.00537,0.99829,-5.12700,-1.83100,16.35700
46.2101,494644,-0.17725,0.01978,0.99268,-3.96700,-1.40400,16.11300
46.2229,494654,-0.17944,0.01099,0.98389,-3.47900,-1.58700,16.11300
46.2337,494664,-0.16943,0.01855,0.98364,-3.78400,-2.25800,16.66300
46.2474,494674,-0.16602,0.01758,0.98071,-2.86900,-0.79300,16.29600
46.2494,494684,-0.17847,0.03760,0.99097,-2.74700,-0.73200,16.29600
46.2595,494694,-0.18652,0.03174,1.00488,-2.38000,-0.61000,16.54100
46.2695,494704,-0.19360,0.02563,1.00024,-1.89200,-1.34300,17.21200
46.2695,494714,-0.20264,0.01831,0.99365,-2.19700,-0.85400,17.63900
46.2852,494724,-0.20581,0.03125,0.99902,-2.38000,-1.16000,17.63900
46.2852,494734,-0.21313,0.01855,1.01147,-2.31900,-1.28200,16.90700
46.3013,494744,-0.21777,0.01074,1.01685,-2.25800,-0.91600,16.96800
46.3173,494754,-0.21021,0.01587,0.99634,-2.25800,-1.09900,16.84600
46.3173,494764,-0.19897,0.02759,0.99243,-2.56300,-0.73200,16.47900
46.3490,494774,-0.20996,0.01831,1.00854,-1.95300,-0.12200,16.54100
46.3490,494784,-0.23389,0.01636,0.98804,-2.38000,-2.13600,16.72400
46.3490,494794,-0.21167,0.02051,1.00366,-1.77000,-1.77000,17.27300
46.3651,494804,-0.21875,0.02173,1.00513,-1.22100,-2.13600,16.78500
46.3651,494814,-0.22388,0.02979,1.00659,-1.22100,-0.85400,16.66300
46.3868,494824,-0.22827,0.02393,1.02441,-1.22100,-2.07500,16.60200
46.3968,494834,-0.22729,0.02637,1.01880,-1.58700,-3.11300,17.39500
46.4130,494844,-0.23511,0.05640,0.99927,-2.19700,-2.44100,16.84600
46.4130,494854,-0.22534,0.03906,1.00684,-2.01400,-2.93000,17.09000
46.4304,494864,-0.22778,0.03320,0.99976,-2.68600,-3.96700,16.54100
46.4453,494874,-0.22241,0.04785,0.99194,-2.50200,-3.41800,16.41800
46.4453,494884,-0.21924,0.02686,0.99146,-1.70900,-3.29600,16.78500
46.4453,494894,-0.20483,0.04980,0.97363,-1.52600,-4.08900,17.70000
46.4611,494904,-0.20581,0.04932,0.98682,-0.91600,-4.08900,17.27300
46.4779,494914,-0.21680,0.05005,0.99780,-0.61000,-3.78400,16.78500
46.4779,494924,-0.23120,0.04663,0.99658,-0.36600,-4.15000,18.49400
46.4960,494934,-0.23682,0.04541,1.01001,-0.06100,-3.84500,18.37200
46.5086,494944,-0.23901,0.04297,1.00439,0.00000,-4.63900,17.88300
46.5086,494954,-0.25439,0.03467,1.02808,0.36600,-4.51700,18.06600
46.5248,494964,-0.25098,0.04932,1.02661,-0.06100,-3.84500,17.57800
46.5734,495012,-0.28003,0.05054,1.05298,-1.03800,-5.49300,17.88300
46.5734,495014,-0.28125,0.05054,1.04834,-1.03800,-5.49300,17.88300
46.5734,495015,-0.28125,0.05054,1.04834,-1.03800,-5.49300,17.88300
46.5734,495017,-0.28125,0.05054,1.04834,-1.03800,-5.49300,17.88300
46.5734,495018,-0.28125,0.05054,1.04834,-1.03800,-5.49300,17.88300
46.5891,495024,-0.26831,0.04126,1.05493,-1.58700,-5.24900,18.06600
46.5891,495034,-0.30127,0.03809,1.04761,-1.58700,-4.94400,17.21200
46.6052,495044,-0.27612,0.05664,1.04321,-2.07500,-6.77500,17.94400
46.6211,495054,-0.26880,0.04639,1.04150,-1.89200,-6.04200,17.02900
46.6211,495064,-0.27319,0.06055,1.04102,-2.86900,-5.67600,17.27300
46.6529,495074,-0.25928,0.06226,1.02466,-2.62500,-6.53100,16.90700
46.6529,495084,-0.25073,0.05249,1.04541,-2.68600,-7.08000,17.88300
46.6529,495094,-0.27393,0.06689,1.00903,-2.31900,-5.92000,17.27300
46.6689,495104,-0.26587,0.04565,1.03125,-2.68600,-5.85900,17.27300
46.6860,495114,-0.24438,0.06519,1.01807,-2.38000,-6.47000,17.63900
46.6860,495124,-0.27686,0.05420,1.02515,-3.23500,-7.62900,18.67700
46.7009,495134,-0.26831,0.07007,1.02637,-2.93000,-7.75100,19.10400
46.7009,495144,-0.27637,0.04248,1.04443,-2.62500,-6.34800,17.88300
46.7166,495154,-0.26196,0.04224,0.99878,-2.38000,-8.05700,17.82200
46.7166,495164,-0.29199,0.05420,1.00366,-2.80800,-6.89700,17.15100
46.7348,495174,-0.28003,0.06201,1.00586,-3.17400,-7.99600,18.06600
46.7480,495184,-0.26733,0.05273,1.02515,-2.56300,-7.32400,16.96800
46.7480,495194,-0.27197,0.06250,1.01270,-2.25800,-7.14100,17.45600
46.7637,495204,-0.26025,0.05786,1.01538,-2.13600,-7.20200,17.27300
46.7796,495214,-0.27319,0.06348,1.02563,-2.01400,-7.14100,17.39500
46.7796,495224,-0.27002,0.07446,1.04810,-2.50200,-7.99600,17.94400
46.7956,495234,-0.26904,0.07031,1.04834,-2.56300,-7.01900,18.25000
46.7956,495244,-0.26562,0.05933,1.04907,-2.80800,-8.11800,18.92100
46.8116,495254,-0.27026,0.07812,1.03418,-3.17400,-7.26300,18.67700
46.8277,495264,-0.29077,0.06396,1.02661,-3.35700,-7.26300,18.12700
46.8354,495274,-0.30615,0.07568,1.02856,-3.41800,-7.81200,18.79900
46.8594,495284,-0.29614,0.06250,1.02734,-3.54000,-7.75100,17.76100
46.8594,495294,-0.29419,0.05469,1.03296,-2.99100,-8.11800,17.27300
46.8594,495304,-0.27783,0.05078,1.04102,-2.93000,-8.24000,17.39500
46.8755,495314,-0.29614,0.05640,1.04468,-2.93000,-6.77500,16.23500
46.8872,495324,-0.29590,0.06079,1.04980,-3.54000,-8.05700,17.82200
46.8916,495334,-0.28906,0.05493,1.04810,-4.15000,-7.93500,18.31100
46.9072,495344,-0.29956,0.04883,1.04541,-4.15000,-7.75100,17.70000
46.9072,495354,-0.31470,0.04688,1.05225,-4.94400,-8.05700,18.06600
46.9243,495364,-0.31152,0.05493,1.04810,-4.63900,-7.56800,17.88300
46.9393,495374,-0.31128,0.06421,1.05054,-5.37100,-8.66700,18.61600
46.9550,495384,-0.31738,0.06128,1.02954,-5.37100,-6.95800,15.99100
46.9550,495394,-0.30713,0.06958,1.03003,-5.31000,-8.05700,16.35700
46.9550,495404,-0.31738,0.04224,1.02173,-6.28700,-7.81200,16.84600
46.9710,495414,-0.28296,0.05688,1.00024,-5.73700,-8.66700,17.02900
46.9870,495424,-0.29028,0.06250,1.01099,-6.10400,-7.81200,16.05200
46.9870,495434,-0.30249,0.03882,0.99854,-5.98100,-8.42300,16.90700
47.0049,495444,-0.30542,0.05078,1.00610,-5.12700,-7.99600,17.63900
47.0185,495454,-0.29541,0.04004,0.98950,-5.31000,-7.75100,17.27300
47.0260,495464,-0.31152,0.05713,0.99365,-5.79800,-8.85000,17.33400
47.0364,495474,-0.30859,0.04761,0.99097,-5.73700,-9.03300,17.09000
47.0544,495484,-0.32153,0.04126,0.99609,-5.73700,-8.42300,16.11300
47.0544,495494,-0.32275,0.05566,0.98389,-6.16500,-9.76600,17.76100
47.0737,495504,-0.32471,0.05029,0.99390,-5.98100,-9.94900,16.66300
47.0828,495514,-0.31226,0.05566,0.97119,-5.67600,-9.94900,16.54100
47.0849,495524,-0.30493,0.04565,0.97559,-5.67600,-10.19300,16.60200
47.0988,495534,-0.30908,0.04932,0.98267,-5.06600,-10.13200,16.29600
47.1020,495544,-0.30249,0.04712,0.98877,-5.18800,-10.98600,17.33400
47.1147,495554,-0.28003,0.05542,0.98853,-5.49300,-10.31500,16.54100
47.1147,495564,-0.29980,0.06421,0.97925,-5.18800,-11.71900,17.39500
47.1369,495574,-0.28052,0.05493,0.97412,-5.31000,-10.74200,16.72400
47.1464,495584,-0.27344,0.04102,0.96973,-5.06600,-11.96300,18.25000
47.1625,495594,-0.28882,0.06055,0.97681,-4.27200,-11.29200,17.57800
47.1625,495604,-0.30078,0.04712,0.97705,-3.78400,-12.08500,17.21200
47.1808,495614,-0.29736,0.05371,0.98975,-3.90600,-11.10800,16.96800
47.1945,495624,-0.29956,0.05835,0.99292,-3.54000,-12.26800,16.96800
47.1945,495634,-0.30103,0.04297,0.99780,-3.84500,-12.93900,17.09000
47.1945,495644,-0.32935,0.04468,1.02246,-3.47900,-12.69500,18.25000
47.2115,495654,-0.31787,0.05103,1.02075,-3.90600,-12.39000,17.51700
47.2266,495664,-0.31006,0.04443,1.03760,-4.45600,-13.30600,18.37200
47.2425,495674,-0.32397,0.05884,1.02637,-5.00500,-13.73300,18.00500
47.2425,495684,-0.33618,0.03516,1.03003,-5.73700,-13.61100,17.21200
47.2586,495694,-0.31665,0.03882,1.01709,-5.73700,-12.69500,17.63900
47.2586,495704,-0.33447,0.04517,1.01172,-5.73700,-13.48900,17.51700
47.2746,495714,-0.34277,0.04565,1.01587,-5.37100,-13.73300,17.33400
47.2903,495724,-0.33472,0.03687,1.00854,-5.24900,-12.93900,16.41800
47.2903,495734,-0.32520,0.03516,1.01343,-5.67600,-15.01500,17.27300
47.3064,495744,-0.32300,0.04468,0.99731,-5.00500,-15.01500,17.15100
47.3064,495754,-0.33496,0.04102,0.98853,-5.18800,-15.68600,17.51700
47.3223,495764,-0.31519,0.03345,1.00293,-4.88300,-14.46500,16.78500
47.3397,495774,-0.32080,0.02441,0.99536,-4.76100,-14.34300,15.38100
47.3397,495784,-0.32397,0.05078,0.99634,-5.06600,-16.66300,17.02900
47.3698,495794,-0.31177,0.03711,0.98438,-5.61500,-15.99100,17.09000
47.3698,495804,-0.30957,0.02368,0.99829,-5.00500,-15.74700,15.80800
47.3698,495814,-0.31494,0.03027,1.00024,-5.18800,-16.47900,16.66300
47.3921,495824,-0.30493,0.04272,0.96802,-4.76100,-16.60200,17.27300
47.4014,495834,-0.30078,0.03613,0.98096,-4.76100,-15.99100,16.41800
47.4014,495844,-0.29102,0.02856,0.99268,-5.06600,-17.15100,16.54100
47.4196,495854,-0.28540,0.04761,0.97607,-4.82200,-16.72400,16.72400
47.4335,495864,-0.29688,0.03711,0.97827,-4.76100,-16.11300,16.66300
47.4493,495874,-0.29370,0.06445,0.97632,-4.70000,-17.33400,17.88300
47.4654,495884,-0.29297,0.05420,0.97729,-4.45600,-16.23500,16.60200
47.4654,495894,-0.31030,0.04956,0.97852,-3.84500,-17.09000,17.63900
47.4654,495904,-0.30103,0.04688,0.97876,-4.33300,-18.37200,17.88300
47.4811,495914,-0.31006,0.04810,0.98267,-3.35700,-17.27300,17.27300
47.4811,495924,-0.31396,0.04907,0.98975,-2.99100,-17.57800,16.84600
47.4970,495934,-0.30396,0.04810,0.98779,-3.29600,-18.31100,18.06600
47.4970,495944,-0.31201,0.04956,1.01245,-3.72300,-18.43300,17.82200
47.5129,495954,-0.30273,0.04688,1.01221,-3.66200,-18.31100,16.84600
47.5287,495964,-0.27905,0.06519,0.99463,-4.08900,-18.43300,17.82200
47.5448,495974,-0.30078,0.05420,0.99365,-3.23500,-17.82200,17.27300
47.5606,495984,-0.28418,0.04810,1.01196,-3.84500,-17.70000,17.82200
47.5606,495994,-0.30005,0.05273,1.00024,-3.23500,-18.25000,17.27300
47.5767,496004,-0.31689,0.05322,0.99927,-2.93000,-18.55500,18.37200
47.5767,496014,-0.31738,0.04663,1.00977,-2.68600,-18.25000,17.33400
47.5767,496024,-0.31128,0.04346,1.00244,-2.93000,-17.76100,17.27300
47.5928,496034,-0.31860,0.04370,1.00684,-3.23500,-19.04300,18.18800
47.6088,496044,-0.32764,0.04053,1.01392,-2.68600,-17.88300,17.27300
47.6088,496054,-0.30957,0.05298,1.01489,-2.86900,-18.67700,16.84600
47.6248,496064,-0.31030,0.04663,1.01367,-3.29600,-18.86000,16.78500
47.6407,496074,-0.31470,0.04810,1.02075,-3.23500,-18.55500,16.47900
47.6482,496084,-0.31250,0.05176,1.01782,-3.41800,-19.83600,16.72400
47.6566,496094,-0.31812,0.04126,1.02490,-3.96700,-19.28700,17.45600
47.6727,496104,-0.30859,0.05225,1.02344,-4.21100,-19.40900,17.82200
47.6727,496114,-0.30859,0.04858,1.01196,-4.45600,-20.87400,17.82200
47.6885,496124,-0.31738,0.03809,1.01343,-4.57800,-19.22600,17.39500
47.6885,496134,-0.30005,0.04907,1.00464,-4.57800,-20.02000,16.66300
47.7060,496144,-0.29297,0.05396,1.00293,-5.06600,-19.65300,17.33400
47.7202,496154,-0.29102,0.04077,0.98828,-4.08900,-20.14200,17.15100
47.7202,496164,-0.28296,0.04517,1.00488,-4.39500,-19.65300,16.84600
47.7387,496174,-0.29321,0.04150,0.97754,-3.23500,-19.65300,16.11300
47.7387,496184,-0.28101,0.04248,0.98755,-4.15000,-19.59200,16.84600
47.7843,496194,-0.27100,0.05029,0.98584,-3.84500,-19.40900,16.54100
47.7843,496204,-0.27661,0.05371,0.98975,-3.66200,-19.71400,16.90700
47.7843,496214,-0.27661,0.04712,1.00488,-3.05200,-18.92100,17.15100
47.7843,496224,-0.30273,0.03955,1.00781,-2.80800,-18.92100,17.88300
47.7997,496234,-0.28784,0.04492,1.00488,-3.23500,-19.77500,17.15100
47.7997,496244,-0.28076,0.04785,1.01001,-3.17400,-18.37200,16.54100
47.8157,496254,-0.27661,0.04395,1.00220,-3.23500,-19.71400,18.18800
47.8157,496264,-0.27954,0.05225,1.00488,-3.90600,-19.59200,17.94400
47.8386,496274,-0.28320,0.06299,1.00830,-2.68600,-18.86000,17.02900
47.8473,496284,-0.28687,0.06274,1.00708,-3.35700,-19.77500,17.09000
47.8473,496294,-0.29053,0.06006,1.01294,-3.60100,-19.77500,17.76100
47.8977,496304,-0.28979,0.04565,1.01245,-3.29600,-18.79900,17.70000
47.8977,496314,-0.27979,0.05249,1.03320,-3.84500,-19.22600,17.70000
47.8977,496324,-0.28345,0.06104,1.00537,-3.72300,-19.59200,18.18800
47.8977,496334,-0.28662,0.05664,1.02466,-3.23500,-18.18800,16.60200
47.9107,496344,-0.28809,0.04883,1.01196,-3.47900,-19.22600,17.45600
47.9107,496354,-0.28857,0.04028,1.00977,-3.29600,-17.88300,16.54100
47.9266,496364,-0.27808,0.06250,1.02563,-3.78400,-18.37200,17.45600
47.9390,496374,-0.30493,0.05566,1.01489,-3.60100,-18.67700,16.78500
47.9562,496384,-0.29004,0.05322,1.02466,-3.66200,-19.34800,17.09000
47.9648,496394,-0.27539,0.05811,1.03369,-3.47900,-18.18800,16.29600
47.9688,496404,-0.28198,0.04810,1.02417,-3.66200,-18.06600,16.35700
47.9792,496414,-0.26025,0.05688,1.03784,-3.72300,-18.06600,17.21200
47.9792,496424,-0.29126,0.04541,1.03589,-4.33300,-18.25000,16.41800
47.9904,496434,-0.28271,0.06226,1.03564,-3.96700,-19.04300,16.66300
48.0062,496444,-0.27319,0.04248,1.03833,-4.57800,-18.25000,15.56400
48.0062,496454,-0.28662,0.04590,1.02808,-5.18800,-19.16500,16.84600
48.0302,496464,-0.29150,0.05811,1.01514,-4.94400,-18.43300,17.09000
48.0392,496474,-0.29224,0.04517,1.00464,-5.12700,-18.73800,16.05200
48.0392,496484,-0.28125,0.03809,1.01538,-4.88300,-19.53100,17.82200
48.0533,496494,-0.26660,0.04077,1.00000,-4.76100,-18.43300,16.54100
48.0693,496504,-0.25220,0.05957,1.00659,-4.21100,-18.49400,16.11300
48.0853,496514,-0.25513,0.05396,1.01270,-4.15000,-18.00500,16.47900
48.0853,496524,-0.25635,0.06079,1.01855,-4.45600,-19.04300,17.39500
48.0853,496534,-0.25195,0.04688,1.00415,-4.51700,-18.73800,16.90700
48.1013,496544,-0.26025,0.05176,1.00781,-4.51700,-17.39500,16.66300
48.1192,496554,-0.26440,0.05737,1.02441,-4.27200,-16.60200,16.17400
48.1273,496564,-0.26929,0.04785,1.02026,-4.39500,-16.60200,16.54100
48.1395,496574,-0.27588,0.05811,1.01538,-5.12700,-17.82200,17.76100
48.1490,496584,-0.28223,0.05005,1.01929,-4.57800,-17.15100,17.02900
48.1490,496594,-0.27417,0.04126,0.99561,-4.82200,-17.09000,16.72400
48.1648,496604,-0.29028,0.03613,1.01489,-4.63900,-17.09000,16.41800
48.1807,496614,-0.26318,0.05225,1.02319,-4.70000,-17.09000,15.93000
48.1807,496624,-0.25781,0.05688,1.00488,-4.51700,-15.99100,15.99100
48.1973,496634,-0.25586,0.04858,1.00073,-4.88300,-16.84600,16.60200
48.2138,496644,-0.25562,0.05371,1.00513,-4.08900,-16.90700,16.47900
48.2138,496654,-0.28174,0.03955,1.01147,-4.02800,-16.35700,15.86900
48.2296,496664,-0.26978,0.05054,1.02222,-4.33300,-17.39500,16.66300
48.2419,496674,-0.26660,0.05151,1.02051,-4.45600,-15.62500,16.05200
48.2517,496684,-0.27319,0.05322,0.99658,-4.51700,-15.93000,15.99100
48.2615,496694,-0.27148,0.05176,1.01147,-4.39500,-14.40400,15.19800
48.2696,496704,-0.27588,0.04810,1.01318,-4.45600,-15.80800,15.99100
48.2774,496714,-0.28271,0.06201,1.02002,-4.88300,-15.50300,15.62500
48.2933,496724,-0.27612,0.04761,1.02734,-5.43200,-16.23500,17.33400
48.2933,496734,-0.25415,0.05664,1.00391,-5.43200,-13.79400,15.13700
48.3093,496744,-0.27100,0.04785,1.00562,-5.61500,-13.97700,14.89300
48.3213,496754,-0.26587,0.04590,0.99683,-5.61500,-14.28200,15.99100
48.3251,496764,-0.27490,0.06519,1.00757,-5.73700,-14.70900,17.70000
48.3411,496774,-0.27783,0.05029,0.99414,-5.12700,-13.06200,15.99100
48.3411,496784,-0.27612,0.05005,0.98901,-5.43200,-14.34300,17.09000
48.3607,496794,-0.27783,0.05420,0.98438,-5.24900,-13.79400,15.38100
48.3726,496804,-0.29321,0.04590,0.98779,-4.82200,-13.91600,16.41800
48.3801,496814,-0.28345,0.03613,1.00464,-4.45600,-14.09900,16.23500
48.4009,496824,-0.28369,0.03394,1.00952,-4.76100,-13.67200,15.99100
48.4025,496834,-0.27637,0.06567,1.01367,-5.37100,-13.00000,14.95400
48.4133,496844,-0.25952,0.05249,0.99072,-5.85900,-13.42800,15.74700
48.4189,496854,-0.28345,0.05225,0.99292,-5.79800,-13.12300,15.68600
48.4189,496864,-0.25439,0.05640,0.98438,-7.08000,-13.36700,15.99100
48.4401,496874,-0.27417,0.05444,0.99268,-6.47000,-13.12300,15.86900
48.4416,496884,-0.27515,0.05518,0.97559,-7.01900,-12.69500,15.68600
48.4507,496894,-0.27783,0.04980,0.96460,-7.44600,-12.75600,15.62500
48.4674,496904,-0.27295,0.05029,0.95459,-7.99600,-11.90200,15.38100
48.4674,496914,-0.24951,0.04688,0.94360,-8.78900,-12.69500,15.50300
48.4888,496924,-0.26050,0.03247,0.90869,-9.88800,-12.08500,14.95400
48.5001,496934,-0.25415,0.03296,0.85645,-8.97200,-11.29200,15.07600
48.5001,496944,-0.25464,0.03589,0.85449,-8.91100,-11.23000,14.95400
48.5152,496954,-0.22534,0.02393,0.84058,-7.44600,-11.41400,14.58700
48.5152,496964,-0.24121,0.02124,0.81519,-6.22600,-11.59700,16.17400
48.5469,496974,-0.23267,0.02832,0.81592,-5.85900,-10.62000,14.89300
48.5783,497015,-0.25391,0.01318,0.86743,-0.30500,-11.10800,16.90700
48.5783,497016,-0.25391,0.01318,0.86743,-0.30500,-11.10800,16.90700
48.5783,497018,-0.25391,0.01318,0.86743,0.00000,-10.25400,16.11300
48.5783,497019,-0.24536,0.01831,0.88672,0.00000,-10.25400,16.11300
48.5974,497024,-0.25439,0.01758,0.89526,0.42700,-9.94900,15.62500
48.5974,497034,-0.24756,0.02417,0.92041,0.06100,-10.31500,16.35700
48.6099,497044,-0.25439,0.02661,0.97925,-0.12200,-10.31500,17.09000
48.6258,497054,-0.26733,0.03564,0.99561,-1.16000,-8.60600,15.99100
48.6258,497064,-0.26807,0.03394,0.98999,-2.44100,-9.52100,17.09000
48.6258,497074,-0.26685,0.02979,0.97925,-3.54000,-9.46000,17.02900
48.6410,497084,-0.30371,0.02295,0.99854,-3.90600,-8.36200,16.66300
48.6570,497094,-0.29126,0.04468,0.97681,-4.76100,-7.69000,16.60200
48.6570,497104,-0.31030,0.04688,0.96826,-5.61500,-9.03300,16.35700
48.6732,497114,-0.30542,0.03589,0.94604,-6.22600,-9.64400,16.41800
48.7050,497124,-0.29663,0.02026,0.93115,-5.73700,-8.78900,16.05200
48.7050,497134,-0.30933,0.01538,0.95288,-4.63900,-9.09400,16.11300
48.7050,497144,-0.29907,0.02441,0.94238,-4.82200,-9.21600,15.80800
48.7209,497154,-0.28711,0.02539,0.94263,-4.70000,-9.46000,15.01500
48.7209,497164,-0.26782,0.02612,0.94019,-3.72300,-9.46000,14.95400
48.7413,497174,-0.26733,0.02319,0.92603,-2.74700,-9.58300,14.40400
48.7537,497184,-0.24927,0.01807,0.91943,-2.62500,-10.43700,15.38100
48.7537,497194,-0.25879,0.00635,0.96069,-1.95300,-9.52100,15.74700
48.7688,497204,-0.23804,0.02686,0.98560,-1.95300,-9.33800,15.38100
48.7847,497214,-0.24561,0.04712,0.99268,-2.38000,-9.52100,15.80800
48.7847,497224,-0.24219,0.05127,1.00122,-3.23500,-10.62000,16.35700
48.8004,497234,-0.25488,0.03247,0.99170,-4.39500,-9.58300,16.47900
48.8004,497244,-0.23779,0.03662,0.98340,-4.82200,-9.09400,17.51700
48.8172,497254,-0.23022,0.04370,0.97192,-5.12700,-8.05700,17.15100
48.8172,497264,-0.25757,0.04370,0.97119,-5.31000,-8.91100,18.18800
48.8489,497274,-0.25610,0.04810,0.95679,-4.39500,-8.48400,17.82200
48.8489,497284,-0.26099,0.05591,0.94312,-5.00500,-8.72800,17.88300
48.8609,497294,-0.28052,0.03589,0.95996,-4.45600,-8.72800,17.02900
48.8748,497304,-0.26221,0.05469,0.94238,-4.39500,-8.42300,15.74700
48.8806,497314,-0.25293,0.02905,0.93359,-3.96700,-8.11800,16.96800
48.8907,497324,-0.25903,0.02222,0.95898,-3.17400,-6.28700,17.39500
48.9184,497334,-0.26660,0.03345,0.95239,-2.93000,-6.71400,16.47900
48.9184,497344,-0.26416,0.03467,0.95972,-2.93000,-6.89700,17.57800
48.9184,497354,-0.26758,0.03784,0.96484,-2.86900,-7.56800,18.92100
48.9284,497364,-0.28760,0.03809,0.99707,-2.93000,-7.44600,18.67700
48.9284,497374,-0.32031,0.02832,1.00024,-3.23500,-7.14100,18.18800
48.9443,497384,-0.34839,0.03296,0.99878,-3.72300,-7.38500,17.63900
48.9603,497394,-0.32104,0.04492,1.00073,-4.76100,-8.54500,18.18800
48.9603,497404,-0.30884,0.04297,0.98730,-4.94400,-7.75100,16.47900
48.9761,497414,-0.30322,0.05249,0.97729,-4.94400,-7.20200,16.47900
48.9761,497424,-0.30933,0.03589,0.98462,-4.70000,-6.16500,16.66300
49.0093,497434,-0.29150,0.04126,0.98145,-4.27200,-6.59200,16.54100
49.0093,497444,-0.30396,0.03955,0.97363,-5.24900,-6.65300,17.76100
49.0093,497454,-0.32227,0.04785,0.94775,-4.70000,-6.71400,17.51700
49.0272,497464,-0.32056,0.04614,0.94189,-4.88300,-6.28700,17.63900
49.0398,497474,-0.33984,0.04004,0.95605,-3.78400,-6.22600,18.06600
49.0418,497484,-0.34277,0.04199,0.98267,-3.54000,-6.22600,17.27300
49.0559,497494,-0.34155,0.04150,0.97290,-2.50200,-6.83600,16.60200
49.0559,497504,-0.31812,0.03223,0.98657,-2.50200,-7.01900,17.57800
49.0738,497514,-0.32666,0.05029,0.97241,-2.25800,-6.28700,17.27300
49.1035,497524,-0.33081,0.04419,1.02832,-1.64800,-6.53100,18.55500
49.1063,497534,-0.35376,0.05249,1.03540,-1.77000,-5.49300,16.72400
49.1179,497544,-0.36255,0.05981,1.05249,-2.44100,-6.59200,18.06600
49.1197,497554,-0.34570,0.07397,1.08545,-3.47900,-6.77500,18.12700
49.1419,497564,-0.36182,0.05249,1.07544,-4.15000,-5.85900,16.17400
49.1419,497574,-0.34448,0.07349,1.07080,-4.82200,-6.47000,16.54100
49.1419,497584,-0.33545,0.05786,1.05420,-6.40900,-5.18800,15.56400
49.1514,497594,-0.33130,0.05688,1.03955,-6.16500,-4.51700,15.07600
49.1672,497604,-0.32153,0.06323,1.03125,-6.89700,-5.43200,15.86900
49.1833,497614,-0.32129,0.05762,1.03174,-6.59200,-5.73700,17.15100
49.1833,497624,-0.33545,0.03052,0.99390,-6.89700,-5.18800,17.27300
49.1990,497634,-0.34717,0.04370,0.98511,-5.98100,-5.92000,16.72400
49.2149,497644,-0.35474,0.02612,0.99780,-6.04200,-6.10400,17.27300
49.2149,497654,-0.33984,0.04102,0.98267,-5.49300,-5.92000,17.63900
49.2307,497664,-0.35522,0.02808,0.97339,-4.45600,-5.55400,16.17400
49.2307,497674,-0.32910,0.03345,0.97729,-4.08900,-4.57800,16.72400
49.2465,497684,-0.31787,0.04907,0.99658,-3.78400,-4.33300,16.60200
49.2465,497694,-0.32007,0.05176,1.00000,-3.72300,-3.05200,17.63900
49.2784,497704,-0.35059,0.05591,1.01099,-4.08900,-3.47900,17.63900
49.2784,497714,-0.36768,0.04419,1.02515,-4.70000,-3.78400,17.63900
49.2784,497724,-0.36084,0.03906,1.00684,-4.82200,-4.27200,17.63900
49.2941,497734,-0.35254,0.06030,0.99707,-5.67600,-4.21100,16.96800
49.3107,497744,-0.35889,0.03784,1.00464,-5.79800,-3.78400,18.06600
49.3107,497754,-0.37622,0.03955,1.02124,-5.12700,-3.17400,18.06600
49.3257,497764,-0.35962,0.04541,0.98999,-5.31000,-2.80800,16.72400
49.3257,497774,-0.37842,0.04517,0.99414,-6.04200,-2.99100,17.45600
49.3427,497784,-0.37451,0.05127,0.99463,-6.34800,-2.50200,16.05200
49.3578,497794,-0.37109,0.03540,0.95166,-6.89700,-2.38000,15.99100
49.3657,497804,-0.36670,0.03027,0.95166,-6.28700,-2.01400,15.50300
49.3738,497814,-0.35547,0.01831,0.92651,-5.85900,-0.67100,15.99100
49.3896,497824,-0.35669,0.03662,0.93286,-5.24900,-1.58700,16.66300
49.3896,497834,-0.37476,0.01685,0.94751,-3.96700,-1.22100,16.66300
49.4056,497844,-0.36914,0.02271,0.95654,-3.54000,-1.95300,16.47900
49.4528,497854,-0.38257,0.01562,0.96777,-3.41800,-2.38000,18.00500
49.4528,497864,-0.38037,0.03882,0.96802,-3.66200,-2.93000,17.27300
49.4528,497874,-0.36987,0.03467,0.99097,-3.17400,-0.91600,17.15100
49.4528,497884,-0.40674,0.03076,0.98193,-3.72300,-0.48800,17.15100
49.4528,497894,-0.40967,0.03052,0.97852,-3.66200,-0.54900,16.90700
49.4686,497904,-0.38306,0.02734,0.99146,-3.96700,-1.77000,17.51700
49.4848,497914,-0.39453,0.04321,0.99341,-4.33300,-2.01400,17.94400
49.4848,497924,-0.42041,0.02905,0.97119,-4.15000,-2.19700,17.76100
49.5008,497934,-0.40625,0.03369,0.98120,-4.88300,-0.97700,17.76100
49.5166,497944,-0.40747,0.03613,0.98193,-4.63900,-0.97700,17.02900
49.5166,497954,-0.41284,0.03687,0.96509,-5.00500,-1.89200,17.76100
49.5166,497964,-0.39819,0.02588,0.97314,-4.51700,-1.22100,15.86900
49.5417,497974,-0.40332,0.02759,0.94653,-4.82200,-0.91600,16.72400
49.5644,497984,-0.39868,0.04346,0.95923,-4.70000,-1.64800,17.51700
49.5644,497994,-0.40356,0.04590,0.96069,-4.27200,-1.70900,17.27300
49.5961,498004,-0.40381,0.05151,0.96802,-4.02800,-0.54900,16.72400
49.5961,498014,-0.39160,0.05054,0.97583,-4.27200,-1.16000,17.94400
49.5961,498024,-0.40137,0.05029,0.97046,-4.33300,-1.16000,16.84600
49.5961,498034,-0.39453,0.05176,0.97290,-5.06600,-1.64800,18.06600
49.5961,498044,-0.40186,0.04614,0.96680,-5.31000,-0.06100,17.09000
49.6276,498054,-0.40234,0.03809,0.95459,-5.61500,-0.97700,17.33400
49.6276,498064,-0.41382,0.02954,0.96045,-5.24900,-1.22100,18.31100
49.6276,498074,-0.43188,0.03467,0.94507,-4.94400,-0.18300,17.15100
49.6446,498084,-0.43604,0.02612,0.94751,-5.12700,-1.83100,17.45600
49.6596,498094,-0.41553,0.04248,0.93115,-4.63900,-1.64800,17.70000
49.6649,498104,-0.44019,0.02368,0.92749,-3.11300,-3.11300,17.88300
49.6773,498114,-0.43335,0.01733,0.96826,-2.74700,-0.91600,17.33400
49.6914,498124,-0.43066,0.02832,0.98804,-1.83100,-1.70900,16.54100
49.6998,498134,-0.44238,0.02124,1.01245,-2.68600,-0.48800,17.21200
49.7094,498144,-0.42773,0.03809,0.98486,-3.84500,-1.03800,17.82200
49.7292,498154,-0.44482,0.04443,1.01514,-3.72300,-1.22100,16.35700
49.7292,498164,-0.43408,0.04810,1.00781,-5.18800,-3.23500,18.06600
49.7390,498174,-0.44019,0.03198,0.99829,-5.55400,-2.25800,16.96800
49.7430,498184,-0.46362,0.03662,0.99927,-5.92000,-2.07500,17.94400
49.7548,498194,-0.42114,0.03931,0.95312,-5.92000,-2.25800,17.39500
49.7707,498204,-0.45679,0.04468,0.95142,-6.71400,-2.25800,16.78500
49.7755,498214,-0.46167,0.03369,0.94702,-6.65300,-2.13600,17.09000
49.7873,498224,-0.46411,0.04150,0.92310,-6.77500,-3.29600,18.92100
49.7873,498234,-0.46216,0.03491,0.93066,-5.00500,-3.29600,17.82200
49.8025,498244,-0.46045,0.04053,0.93433,-4.70000,-3.11300,17.33400
49.8346,498254,-0.45898,0.02881,0.94458,-4.45600,-3.41800,17.70000
49.8346,498264,-0.44800,0.00854,0.94580,-3.96700,-3.47900,17.21200
49.8346,498274,-0.46460,0.03369,0.95605,-3.90600,-4.70000,18.06600
49.8504,498284,-0.46924,0.03418,0.94995,-3.41800,-4.76100,18.73800
49.8504,498294,-0.46973,0.03149,0.92603,-4.15000,-4.15000,18.49400
49.8662,498304,-0.47290,0.03076,0.94385,-4.39500,-4.08900,17.70000
49.8662,498314,-0.49219,0.02197,0.96753,-4.15000,-4.76100,18.43300
49.8821,498324,-0.49072,0.03906,0.94458,-3.23500,-5.18800,17.57800
49.8982,498334,-0.48828,0.02246,0.96802,-2.86900,-5.43200,18.00500
49.8982,498344,-0.50415,0.04150,0.97363,-2.68600,-4.70000,16.84600
49.9304,498354,-0.48999,0.04224,0.99097,-2.31900,-5.37100,17.15100
49.9304,498364,-0.49023,0.03564,0.99658,-2.86900,-4.63900,17.21200
49.9304,498374,-0.49683,0.03516,1.01416,-2.62500,-5.37100,18.12700
49.9462,498384,-0.51343,0.02832,1.02930,-3.11300,-5.24900,18.92100
49.9462,498394,-0.52368,0.03369,1.02368,-3.11300,-5.61500,19.53100
49.9621,498404,-0.54077,0.03979,1.03076,-2.25800,-5.61500,18.79900
49.9781,498414,-0.55322,0.03687,1.04248,-2.38000,-6.04200,18.73800
49.9781,498424,-0.58057,0.03906,1.03882,-2.07500,-7.56800,18.92100
49.9941,498434,-0.57446,0.03809,1.05200,-2.19700,-8.78900,19.34800
50.0100,498444,-0.56836,0.03613,1.06494,-1.58700,-6.95800,17.02900
50.0205,498454,-0.57715,0.03662,1.07324,-1.40400,-7.81200,17.94400
50.0284,498464,-0.58154,0.05493,1.12402,-1.52600,-8.36200,17.33400
50.0284,498474,-0.57617,0.04932,1.16138,-1.40400,-7.75100,16.96800
50.0434,498484,-0.57764,0.05469,1.14331,-2.86900,-8.30100,17.57800
50.0580,498494,-0.56689,0.04907,1.14966,-3.66200,-6.83600,16.96800
50.0580,498504,-0.58105,0.06592,1.14331,-5.55400,-8.30100,18.12700
50.0767,498514,-0.59204,0.05420,1.14526,-5.85900,-7.75100,16.96800
50.0899,498524,-0.59131,0.07129,1.09863,-5.98100,-7.56800,17.27300
50.0899,498534,-0.58008,0.06348,1.09863,-5.37100,-7.75100,16.78500
50.1061,498544,-0.59985,0.04053,1.09839,-4.82200,-8.17900,17.51700
50.1061,498554,-0.63843,0.07300,1.09326,-4.63900,-9.58300,17.27300
50.1382,498564,-0.58618,0.04956,1.10083,-3.96700,-9.21600,16.11300
50.1382,498574,-0.62573,0.05786,1.12476,-3.90600,-9.03300,15.68600
50.1498,498584,-0.62061,0.06567,1.12598,-4.21100,-9.46000,15.80800
50.1565,498594,-0.58618,0.05103,1.12109,-4.27200,-9.09400,14.95400
50.1700,498604,-0.60986,0.06201,1.13525,-6.04200,-9.64400,15.07600
50.1819,498614,-0.60425,0.05054,1.11523,-6.40900,-9.70500,15.68600
50.2014,498624,-0.56445,0.05078,1.10205,-6.89700,-10.37600,15.56400
50.2014,498634,-0.58228,0.06152,1.07593,-8.05700,-9.39900,14.58700
50.2174,498644,-0.54102,0.03809,1.06689,-8.42300,-9.27700,13.91600
50.2174,498654,-0.52881,0.03418,1.04565,-8.42300,-9.70500,14.16000
50.2334,498664,-0.52930,0.04150,1.02026,-7.69000,-9.88800,14.77100
50.2334,498674,-0.50439,0.04175,0.98828,-8.42300,-10.62000,16.47900
50.2493,498684,-0.52856,0.03711,0.99951,-6.22600,-8.60600,14.95400
50.2652,498694,-0.51416,0.04785,0.94702,-6.28700,-10.07100,16.05200
50.2652,498704,-0.49390,0.03809,0.95801,-5.61500,-11.29200,17.33400
50.2652,498714,-0.53247,0.03638,0.99243,-4.70000,-10.43700,17.39500
50.2812,498724,-0.56177,0.04565,0.98315,-4.57800,-11.23000,16.72400
50.2969,498734,-0.54590,0.03760,0.98340,-4.21100,-11.47500,16.05200
50.3127,498744,-0.53394,0.06689,1.01074,-4.15000,-11.59700,16.54100
50.3127,498754,-0.53491,0.07373,0.99805,-5.18800,-12.08500,15.50300
50.3285,498764,-0.52075,0.05347,1.01782,-6.10400,-12.39000,14.89300
50.3285,498774,-0.51270,0.04492,0.99487,-7.62900,-10.74200,15.32000
50.4446,498784,-0.49414,0.04102,0.98291,-8.30100,-11.10800,14.83200
50.4446,498794,-0.48901,0.02368,0.97778,-8.66700,-11.65800,14.89300
50.4446,498804,-0.48633,0.01538,0.90576,-8.91100,-11.04700,14.40400
50.4446,498814,-0.46411,0.02905,0.87598,-8.91100,-11.71900,15.99100
50.4446,498824,-0.47339,-0.00903,0.85474,-8.30100,-10.86400,15.62500
50.4446,498834,-0.49487,0.00903,0.81836,-6.89700,-12.45100,17.27300
50.4446,498844,-0.47607,0.01050,0.81934,-3.72300,-13.36700,16.23500
50.4446,498854,-0.45630,0.02832,0.84595,-2.56300,-13.30600,16.23500
50.4446,498864,-0.46924,0.05078,0.87524,-2.19700,-12.81700,16.41800
50.4446,498874,-0.49683,0.07300,0.91357,-2.38000,-13.12300,17.27300
50.4446,498884,-0.49023,0.05444,0.91724,-3.17400,-14.34300,18.86000
50.4580,498894,-0.48145,0.06372,0.91235,-3.47900,-13.61100,17.76100
50.4580,498904,-0.48120,0.04419,0.90210,-4.27200,-12.14600,15.86900
50.4721,498914,-0.48047,0.05347,0.89771,-5.43200,-14.09900,17.94400
50.4880,498924,-0.49536,0.03223,0.90918,-5.06600,-12.69500,16.84600
50.5005,498934,-0.47656,0.03784,0.86108,-6.04200,-11.90200,17.02900
50.5098,498944,-0.49121,0.02661,0.85791,-5.24900,-12.69500,17.27300
50.5196,498954,-0.49634,0.03442,0.85596,-5.00500,-13.18400,16.90700
50.5834,498964,-0.48315,0.04517,0.81909,-3.90600,-13.24500,16.54100
50.5834,498974,-0.50195,0.04077,0.80591,-3.54000,-15.50300,18.00500
50.5834,499015,-0.48633,0.05347,0.92480,-0.85400,-16.11300,17.94400
50.5834,499017,-0.48633,0.05347,0.92480,-0.42700,-15.56400,17.02900
50.5834,499018,-0.51611,0.05566,0.94019,-0.42700,-15.56400,17.02900
50.5834,499020,-0.51611,0.05566,0.94019,-0.42700,-15.56400,17.02900
50.5834,499024,-0.50806,0.04810,0.93335,-1.22100,-16.11300,17.63900
50.5991,499034,-0.52686,0.05444,0.94629,-2.07500,-16.84600,18.49400
50.5991,499044,-0.52075,0.05249,0.95752,-2.74700,-16.05200,17.45600
50.6148,499054,-0.52856,0.04492,0.93945,-4.15000,-18.49400,17.39500
50.6148,499064,-0.53174,0.04370,0.92773,-3.41800,-17.57800,16.96800
50.6465,499074,-0.51172,0.02930,0.93359,-3.60100,-17.57800,16.78500
50.6465,499084,-0.50269,0.03369,0.92603,-3.29600,-18.79900,17.57800
50.6598,499094,-0.49780,0.04150,0.93091,-3.11300,-18.31100,15.99100
50.6767,499104,-0.49194,0.03052,0.94043,-3.05200,-19.10400,17.33400
50.6812,499114,-0.51465,0.02954,0.97534,-2.62500,-19.16500,17.39500
50.6905,499124,-0.50610,0.04639,0.97803,-3.29600,-20.08100,18.06600
50.7000,499134,-0.49634,0.02368,0.95752,-4.94400,-20.14200,18.00500
50.7098,499144,-0.49634,0.02417,0.93335,-5.55400,-21.60600,19.71400
50.7217,499154,-0.50903,0.02368,0.92139,-4.51700,-19.77500,16.60200
50.7450,499164,-0.51489,0.02856,0.89697,-4.76100,-20.63000,17.15100
50.7551,499174,-0.53638,0.02734,0.89307,-3.66200,-20.99600,17.02900
50.7551,499184,-0.51904,0.03979,0.88062,-3.35700,-21.66700,15.99100
50.7579,499194,-0.48804,0.04639,0.93237,-2.62500,-22.76600,16.47900
50.7579,499204,-0.48535,0.04565,0.91797,-1.64800,-21.30100,15.80800
50.7779,499214,-0.49146,0.04468,0.93115,-2.93000,-23.74300,17.39500
50.7877,499224,-0.48364,0.03906,0.93896,-2.86900,-24.35300,18.67700
50.8030,499234,-0.51147,0.05103,0.95508,-3.29600,-24.84100,17.21200
50.8085,499244,-0.50488,0.05347,0.94653,-3.17400,-24.23100,16.47900
50.8190,499254,-0.51221,0.05591,0.96094,-3.11300,-24.78000,17.09000
50.8318,499264,-0.49561,0.05176,0.97461,-4.02800,-26.06200,16.60200
50.8556,499274,-0.49292,0.05347,0.95288,-3.96700,-25.26900,15.93000
50.8556,499284,-0.48730,0.04272,0.96094,-4.15000,-24.84100,15.99100
50.8597,499294,-0.46167,0.03662,0.92114,-4.82200,-26.30600,16.84600
50.8708,499304,-0.46411,0.03687,0.94922,-5.06600,-25.81800,16.35700
50.8749,499314,-0.44580,0.03516,0.93848,-5.55400,-25.57400,17.09000
50.8834,499324,-0.47095,0.04468,0.88721,-5.55400,-25.51300,17.45600
50.8992,499334,-0.45605,0.03906,0.90332,-4.27200,-25.45200,16.78500
50.8992,499344,-0.43042,0.05078,0.90015,-4.33300,-25.08500,17.94400
50.9152,499354,-0.44824,0.05347,0.88110,-3.96700,-25.69600,19.65300
50.9152,499364,-0.45312,0.05200,0.89624,-3.35700,-25.81800,18.73800
50.9382,499374,-0.47900,0.06934,0.87549,-2.44100,-25.94000,20.20300
50.9482,499384,-0.47852,0.05542,0.89185,-1.83100,-26.12300,19.71400
50.9482,499394,-0.47583,0.05176,0.89746,-1.16000,-26.00100,19.34800
50.9642,499404,-0.48486,0.04932,0.91382,-1.09900,-26.18400,18.67700
50.9801,499414,-0.47900,0.04663,0.92871,-0.97700,-26.48900,18.79900
50.9801,499424,-0.48584,0.06079,0.95312,-1.77000,-26.67200,19.10400
50.9960,499434,-0.50464,0.04907,0.95972,-1.77000,-26.18400,17.88300
50.9960,499444,-0.51855,0.03418,0.95679,-2.19700,-26.30600,17.57800
51.0118,499454,-0.49829,0.00293,0.92017,-2.86900,-28.56400,18.00500
51.0353,499464,-0.49341,0.01489,0.91821,-2.86900,-27.95400,17.45600
51.0392,499474,-0.49268,0.03076,0.92822,-1.09900,-27.10000,17.27300
51.0796,499484,-0.48340,0.03247,0.95386,-1.28200,-27.71000,17.76100
51.0796,499494,-0.49463,0.03906,0.96338,-1.40400,-28.19800,18.67700
51.0796,499504,-0.49194,0.03979,0.98413,-1.28200,-27.71000,17.94400
51.0796,499514,-0.46289,0.04419,0.99438,-1.22100,-28.01500,16.84600
51.0796,499524,-0.44165,0.04639,0.97485,-1.34300,-28.80900,17.21200
51.0912,499534,-0.44604,0.02441,0.98706,-2.50200,-28.13700,18.25000
51.1070,499544,-0.44238,0.03149,0.97998,-3.11300,-26.48900,20.50800
51.1070,499554,-0.45825,0.03296,0.97046,-2.74700,-25.33000,19.40900
51.1393,499564,-0.47339,0.02905,0.95117,-2.19700,-27.16100,21.24000
51.2208,499574,-0.49902,0.01514,0.96216,-1.64800,-27.95400,21.48400
51.2208,499584,-0.51270,0.03467,0.94360,-0.73200,-26.61100,20.02000
51.2208,499594,-0.53735,0.02295,0.97485,0.00000,-27.64900,19.53100
51.2208,499604,-0.52417,0.03955,1.00952,1.09900,-28.74800,19.59200
51.2208,499614,-0.52002,0.04810,1.01953,1.16000,-28.01500,18.37200
51.2208,499624,-0.51562,0.05249,1.06885,0.73200,-28.93100,18.12700
51.2208,499634,-0.50122,0.06787,1.08813,0.24400,-28.74800,17.33400
51.2208,499644,-0.50977,0.06958,1.09790,-0.42700,-28.74800,16.47900
51.2208,499654,-0.48633,0.06348,1.09448,-2.44100,-30.51800,16.84600
51.2288,499664,-0.45972,0.07300,1.08057,-3.78400,-30.21200,15.74700
51.2346,499674,-0.45605,0.06445,1.06885,-4.39500,-31.55500,16.66300
51.2666,499684,-0.43555,0.06030,1.05200,-5.31000,-30.27300,15.99100
51.2666,499694,-0.40991,0.04321,0.99756,-5.00500,-29.84600,15.80800
51.2701,499704,-0.41040,0.04370,1.00293,-4.76100,-29.84600,16.23500
51.2802,499714,-0.41919,0.03711,0.98462,-3.41800,-30.57900,16.23500
51.2942,499724,-0.40674,0.04590,1.00977,-2.25800,-30.33400,16.96800
51.3008,499734,-0.38818,0.05566,1.00293,-1.95300,-30.33400,17.21200
51.3008,499744,-0.38696,0.04175,1.02539,-1.89200,-29.23600,17.82200
51.3141,499754,-0.41235,0.05786,1.05835,-1.58700,-30.94500,19.47000
51.3301,499764,-0.38916,0.07178,1.03833,-2.01400,-31.25000,18.43300
51.3301,499774,-0.40283,0.06128,1.03247,-2.01400,-30.27300,19.53100
51.3621,499784,-0.41626,0.07837,1.04688,-2.68600,-30.64000,19.53100
51.3673,499794,-0.41016,0.06763,1.02515,-2.38000,-30.76200,19.10400
51.3673,499804,-0.42993,0.07104,1.04736,-1.77000,-31.49400,18.49400
51.3780,499814,-0.42310,0.05713,1.05396,-2.25800,-32.47100,18.67700
51.3780,499824,-0.41016,0.07202,1.07056,-1.46500,-30.39600,16.17400
51.3937,499834,-0.41772,0.06030,1.08716,-2.68600,-30.76200,17.39500
51.4098,499844,-0.38525,0.06787,1.10571,-2.56300,-30.33400,15.68600
51.4098,499854,-0.38672,0.06665,1.11426,-3.11300,-30.21200,15.13700
51.4299,499864,-0.38892,0.06665,1.10645,-4.08900,-30.82300,15.68600
51.4390,499874,-0.36816,0.05933,1.12256,-5.43200,-32.59300,16.96800
51.4505,499884,-0.37036,0.06372,1.09277,-5.55400,-30.70100,15.68600
51.5398,499894,-0.35254,0.05444,1.06836,-5.92000,-30.09000,15.25900
51.5398,499904,-0.36865,0.05542,1.05981,-5.18800,-30.82300,18.00500
51.5398,499914,-0.37012,0.06299,1.03540,-4.82200,-30.15100,17.94400
51.5398,499924,-0.37305,0.07202,1.04419,-4.33300,-30.33400,17.57800
51.5398,499934,-0.37378,0.07935,1.08691,-3.05200,-30.88400,18.06600
51.5398,499944,-0.38477,0.06519,1.11597,-3.35700,-31.31100,18.12700
51.5398,499954,-0.38989,0.07007,1.13232,-4.08900,-30.27300,17.33400
51.5398,499964,-0.37231,0.07617,1.13623,-5.06600,-28.50300,15.38100
51.5398,499974,-0.34985,0.08057,1.13110,-5.49300,-29.05300,16.47900
51.5468,499984,-0.35547,0.06592,1.11060,-7.38500,-27.83200,15.44200
51.5729,499994,-0.37061,0.09155,1.11426,-8.36200,-26.36700,15.68600
51.5729,500004,-0.35693,0.07349,1.10425,-8.91100,-26.73300,15.38100
51.5795,500014,-0.35010,0.07202,1.07227,-10.31500,-25.69600,14.58700
51.5855,500024,-0.34937,0.06592,1.05054,-11.23000,-26.18400,15.25900
51.5855,500034,-0.35034,0.07007,1.02637,-11.90200,-25.81800,15.44200
51.6015,500044,-0.33545,0.04956,1.00122,-13.06200,-24.53600,14.22100
51.6175,500054,-0.32202,0.04175,0.95337,-13.61100,-23.56000,13.18400
51.6175,500064,-0.31372,0.05103,0.93188,-13.55000,-23.68200,12.26800
51.6335,500074,-0.29443,0.04272,0.90161,-14.03800,-24.10900,14.16000
51.6509,500084,-0.25586,0.05811,0.87476,-14.28200,-23.31500,13.55000
51.6651,500094,-0.24170,0.06323,0.86890,-15.74700,-21.36200,14.16000
51.6651,500104,-0.25659,0.04639,0.79614,-16.41800,-20.99600,13.97700
51.6651,500114,-0.27759,0.03979,0.74414,-17.02900,-20.50800,14.83200
51.6811,500124,-0.24121,0.04834,0.71533,-17.76100,-20.93500,14.52600
51.7030,500134,-0.25269,0.04736,0.63110,-17.39500,-21.05700,13.36700
51.7071,500144,-0.25024,0.03589,0.55273,-16.11300,-20.50800,12.81700
51.7131,500154,-0.22095,0.03491,0.53369,-13.67200,-21.91200,13.48900
51.7291,500164,-0.20483,0.02637,0.50220,-12.63400,-20.08100,12.02400
51.7291,500174,-0.16821,0.03247,0.48560,-10.13200,-19.10400,12.57300
51.7468,500184,-0.16943,0.01343,0.49927,-7.93500,-19.65300,14.09900
51.7468,500194,-0.15967,0.02637,0.48364,-6.89700,-20.26400,14.95400
51.8076,500204,-0.13965,0.02246,0.52173,-4.21100,-21.60600,16.47900
51.8076,500214,-0.17041,0.02734,0.54419,-2.68600,-20.93500,15.74700
51.8076,500224,-0.18677,0.02930,0.55273,-1.77000,-20.75200,17.02900
51.8076,500234,-0.20459,0.03711,0.60791,-0.18300,-19.59200,18.00500
51.8236,500244,-0.22388,0.03906,0.63550,0.91600,-21.66700,16.60200
51.8236,500254,-0.22021,0.03955,0.67212,1.52600,-21.42300,16.84600
51.8236,500264,-0.20068,0.05298,0.72217,1.83100,-21.79000,17.76100
51.8395,500274,-0.24341,0.05664,0.76660,2.01400,-21.66700,18.61600
51.8468,500284,-0.21533,0.04785,0.79199,2.31900,-19.65300,17.82200
51.8553,500294,-0.23950,0.05884,0.86353,2.93000,-20.44700,18.86000
51.8712,500304,-0.28467,0.05664,0.91626,3.23500,-17.82200,18.67700
51.8712,500314,-0.28833,0.05322,0.94678,3.17400,-18.55500,19.10400
51.8870,500324,-0.29370,0.07666,1.00488,2.80800,-17.88300,18.06600
51.9029,500334,-0.30981,0.06689,1.04517,2.56300,-18.25000,18.55500
51.9029,500344,-0.30444,0.06055,1.08301,2.38000,-18.61600,18.37200
51.9188,500354,-0.33496,0.06982,1.14014,1.46500,-17.33400,17.57800
51.9188,500364,-0.35034,0.06201,1.17407,0.36600,-17.39500,17.09000
51.9460,500374,-0.35352,0.06787,1.20874,-0.61000,-17.94400,17.45600
51.9506,500384,-0.36279,0.05469,1.21240,-2.01400,-17.57800,17.70000
51.9585,500394,-0.35962,0.06519,1.22876,-3.66200,-17.57800,16.41800
51.9659,500404,-0.38428,0.06348,1.22729,-4.88300,-18.06600,17.45600
51.9659,500414,-0.37085,0.07104,1.23413,-5.18800,-16.35700,15.07600
51.9818,500424,-0.38086,0.06079,1.23828,-7.20200,-16.66300,15.80800
51.9978,500434,-0.36621,0.05835,1.24634,-7.32400,-16.17400,14.40400
51.9978,500444,-0.34644,0.06079,1.22607,-9.33800,-15.50300,13.24500
52.0135,500454,-0.33740,0.05664,1.19482,-10.98600,-15.25900,13.55000
52.0298,500464,-0.33008,0.06299,1.15259,-11.84100,-15.32000,14.89300
52.0613,500474,-0.30493,0.06201,1.11694,-11.71900,-14.09900,14.16000
52.0613,500484,-0.31689,0.07837,1.07935,-11.59700,-13.36700,15.62500
52.0613,500494,-0.34082,0.06201,1.05005,-11.04700,-12.32900,15.25900
52.0842,500504,-0.31787,0.06445,1.03003,-9.64400,-11.96300,13.85500
52.0842,500514,-0.31079,0.06104,1.00903,-9.09400,-11.84100,14.34300
52.0930,500524,-0.30981,0.05908,1.01465,-8.91100,-12.51200,14.89300
52.0930,500534,-0.28809,0.05957,0.99268,-8.24000,-12.57300,15.62500
52.1121,500544,-0.27954,0.06445,0.99976,-7.93500,-10.25400,14.77100
52.1121,500554,-0.28296,0.04785,1.00806,-8.54500,-9.76600,14.34300
52.1253,500564,-0.28076,0.04932,0.97998,-8.11800,-9.94900,15.62500
52.1411,500574,-0.29248,0.05713,0.98608,-9.27700,-10.01000,16.60200
52.1497,500584,-0.25610,0.05420,0.96484,-9.76600,-8.66700,15.62500
52.1628,500594,-0.27246,0.04468,0.92969,-10.13200,-8.78900,15.25900
52.1886,500604,-0.29126,0.03809,0.88159,-10.13200,-8.60600,15.50300
52.1886,500614,-0.28125,0.03833,0.85352,-9.94900,-9.03300,16.17400
52.1886,500624,-0.29102,0.03711,0.82446,-8.36200,-8.97200,15.07600
52.1886,500634,-0.26367,0.04541,0.80078,-6.40900,-8.11800,14.22100
52.2046,500644,-0.27490,0.02393,0.81372,-5.67600,-8.05700,15.25900
52.2211,500654,-0.26001,0.03711,0.82764,-4.08900,-7.75100,15.07600
52.2211,500664,-0.24976,0.04126,0.84106,-2.19700,-7.44600,15.62500
52.2393,500674,-0.24048,0.03052,0.87012,-1.40400,-6.83600,15.38100
52.2481,500684,-0.26318,0.05176,0.88574,-1.03800,-7.26300,16.72400
52.2527,500694,-0.28784,0.03345,0.92236,-0.85400,-8.24000,17.94400
52.2683,500704,-0.28345,0.04980,0.93311,-0.91600,-8.42300,17.51700
52.2842,500714,-0.27002,0.04077,0.93066,-1.46500,-8.66700,17.82200
52.2842,500724,-0.30103,0.01880,0.94824,-1.58700,-7.26300,17.45600
52.3001,500734,-0.30396,0.03198,0.95703,-1.09900,-5.98100,17.21200
52.3001,500744,-0.31079,0.02783,0.95117,-1.09900,-5.18800,16.66300
52.3162,500754,-0.33447,0.02490,0.96533,-1.16000,-5.61500,17.57800
52.3162,500764,-0.34619,0.00269,0.98853,-0.61000,-6.28700,18.00500
52.3321,500774,-0.36353,0.01318,1.00879,-1.16000,-6.22600,18.55500
52.3488,500784,-0.37793,0.00635,1.03687,-1.95300,-8.48400,18.55500
52.3488,500794,-0.38965,-0.00024,1.06445,-2.93000,-8.42300,17.39500
52.3719,500804,-0.36865,-0.02539,1.01880,-4.82200,-6.77500,16.60200
52.3957,500814,-0.37109,-0.03442,1.00244,-7.81200,-9.70500,16.78500
52.3957,500824,-0.36353,-0.03638,0.96484,-8.05700,-8.24000,14.58700
52.3957,500834,-0.33398,-0.05908,0.87183,-7.75100,-9.82700,15.93000
52.4116,500844,-0.31860,-0.09424,0.81738,-5.18800,-9.88800,16.23500
52.4116,500854,-0.30859,-0.10596,0.79590,-3.11300,-7.93500,16.41800
52.4275,500864,-0.31543,-0.09766,0.83154,2.01400,-8.91100,19.22600
52.4348,500874,-0.34692,-0.10693,0.88770,5.92000,-10.07100,21.48400
52.4529,500884,-0.36987,-0.09888,0.92554,8.17900,-7.69000,20.20300
52.4588,500894,-0.43164,-0.09912,1.07764,8.60600,-8.11800,21.97300
52.4606,500904,-0.50122,-0.07959,1.13403,6.65300,-8.78900,19.47000
52.5022,500914,-0.48950,-0.09961,1.17456,2.19700,-10.62000,17.94400
52.5022,500924,-0.47705,-0.09570,1.17627,1.16000,-10.31500,17.15100
52.5022,500934,-0.46265,-0.09351,1.18115,-2.93000,-10.37600,15.44200
52.5061,500944,-0.44214,-0.08276,1.14233,-5.43200,-9.15500,12.81700
52.5219,500954,-0.42358,-0.07031,1.15405,-7.44600,-8.05700,12.51200
52.5219,500964,-0.32788,-0.09521,0.98608,-9.94900,-10.92500,12.57300
52.5379,500974,-0.29834,-0.09424,0.95312,-7.44600,-8.54500,16.54100
52.5937,501016,-0.43018,-0.03760,0.99585,4.70000,-13.18400,15.13700
52.5937,501018,-0.43018,-0.03760,0.99585,4.70000,-13.18400,15.13700
52.5937,501019,-0.43018,-0.03760,0.99585,4.70000,-13.18400,15.13700
52.5937,501021,-0.43018,-0.03760,0.99585,4.70000,-13.18400,15.13700
52.5937,501024,-0.42505,-0.02441,1.05249,5.31000,-10.92500,12.81700
52.6018,501034,-0.34424,-0.04150,1.09033,3.90600,-10.01000,15.38100
52.6097,501044,-0.36328,0.02563,1.08789,2.93000,-10.01000,15.19800
52.6181,501054,-0.36108,-0.00757,1.18774,0.54900,-10.07100,17.15100
52.6277,501064,-0.40137,0.02832,1.13745,-2.25800,-8.72800,16.78500
52.6499,501074,-0.43091,0.01733,1.12939,-3.41800,-7.32400,15.44200
52.6499,501084,-0.44336,0.02148,1.13916,-5.18800,-7.62900,15.56400
52.6579,501094,-0.39624,0.03076,1.04175,-6.95800,-10.01000,14.77100
52.6579,501104,-0.38818,0.04346,1.04077,-6.71400,-9.76600,14.03800
52.6741,501114,-0.37158,0.02905,0.98804,-7.08000,-9.46000,12.69500
52.6901,501124,-0.33618,0.01562,0.95044,-6.28700,-9.70500,13.48900
52.6901,501134,-0.34082,0.02002,0.94458,-5.73700,-8.91100,12.63400
52.7062,501144,-0.29785,0.02759,0.94189,-4.02800,-8.30100,11.16900
52.7062,501154,-0.27393,0.03345,0.93091,-2.74700,-8.91100,13.24500
52.7221,501164,-0.27295,0.03320,0.95557,-1.89200,-9.15500,14.52600
52.7500,501174,-0.29736,0.04663,0.96875,-0.67100,-8.54500,15.25900
52.7500,501184,-0.30200,0.06641,0.99902,0.30500,-8.36200,17.21200
52.7542,501194,-0.32324,0.06055,1.01050,0.73200,-7.32400,15.56400
52.7700,501204,-0.34375,0.08105,1.06104,-0.67100,-7.14100,15.44200
52.7707,501214,-0.35352,0.08228,1.08154,-3.35700,-8.66700,15.38100
52.8015,501224,-0.36670,0.09814,1.07812,-5.49300,-10.98600,16.17400
52.8015,501234,-0.33374,0.10205,1.04395,-8.24000,-9.33800,14.03800
52.8015,501244,-0.33301,0.09180,0.96460,-10.86400,-9.03300,13.12300
52.8174,501254,-0.31616,0.09741,0.92603,-10.98600,-7.99600,12.39000
52.8174,501264,-0.29639,0.10767,0.82227,-12.32900,-8.78900,12.81700
52.8418,501274,-0.27417,0.08179,0.74731,-10.37600,-9.03300,14.22100
52.8502,501284,-0.27393,0.09155,0.72339,-8.36200,-6.77500,11.96300
52.8652,501294,-0.23706,0.08276,0.73218,-3.84500,-8.42300,13.79400
52.8652,501304,-0.22534,0.11304,0.75366,0.00000,-8.85000,16.23500
52.8807,501314,-0.24268,0.11499,0.76514,1.83100,-7.81200,14.52600
52.8964,501324,-0.27930,0.11523,0.84717,3.84500,-11.04700,17.02900
52.8964,501334,-0.32104,0.15112,0.92261,5.18800,-12.02400,18.61600
52.9121,501344,-0.30444,0.17432,0.97192,4.82200,-11.10800,18.12700
52.9143,501354,-0.31689,0.15625,1.00464,3.23500,-11.16900,18.25000
52.9333,501364,-0.32788,0.17529,1.01953,0.85400,-9.70500,15.99100
52.9409,501374,-0.32202,0.16211,0.99927,-0.06100,-9.33800,16.05200
52.9533,501384,-0.33374,0.17456,1.07349,-1.83100,-9.39900,17.51700
52.9711,501394,-0.35767,0.15112,0.95850,-4.08900,-8.91100,16.84600
52.9723,501404,-0.33838,0.13867,0.97534,-2.93000,-8.54500,16.11300
52.9802,501414,-0.33643,0.13037,0.96826,-2.44100,-7.93500,15.56400
52.9887,501424,-0.38135,0.11499,0.99048,-1.52600,-8.24000,17.88300
53.0048,501434,-0.39673,0.09985,0.98877,-0.85400,-8.36200,17.51700
53.0048,501444,-0.42896,0.09668,0.99707,-0.42700,-9.76600,17.76100
53.0209,501454,-0.44019,0.06494,1.04443,0.48800,-11.47500,18.31100
53.0320,501464,-0.43677,0.08154,1.05542,1.03800,-11.59700,16.72400
53.0404,501474,-0.43945,0.07593,1.06641,2.01400,-10.80300,16.60200
53.0504,501484,-0.45020,0.06958,1.11719,1.83100,-12.63400,16.84600
53.0529,501494,-0.46582,0.05737,1.15039,1.95300,-10.86400,14.58700
53.0786,501504,-0.44629,0.09229,1.17407,0.00000,-11.96300,15.44200
53.0786,501514,-0.44385,0.07471,1.16650,-2.19700,-13.18400,13.73300
53.0931,501524,-0.43335,0.07104,1.17847,-2.68600,-11.96300,12.08500
53.0997,501534,-0.40723,0.07104,1.17627,-5.37100,-13.06200,13.42800
53.0997,501544,-0.40210,0.07031,1.15210,-7.26300,-13.42800,13.00000
53.1157,501554,-0.40796,0.09033,1.15015,-8.30100,-14.28200,14.77100
53.1315,501564,-0.40942,0.06885,1.08545,-8.97200,-14.09900,13.61100
53.1315,501574,-0.40063,0.05762,1.02734,-9.82700,-14.52600,13.79400
53.1473,501584,-0.39380,0.06421,1.02002,-9.70500,-15.68600,14.22100
53.1510,501594,-0.37573,0.05664,0.95630,-9.15500,-14.77100,13.24500
53.1633,501604,-0.35303,0.05054,0.93335,-6.65300,-15.44200,12.51200
53.1791,501614,-0.35889,0.04492,0.92603,-5.49300,-15.80800,12.39000
53.1791,501624,-0.32617,0.03271,0.92554,-3.96700,-15.99100,12.02400
53.2109,501634,-0.31519,0.04175,0.96899,-2.56300,-15.86900,12.32900
53.2109,501644,-0.31641,0.05151,0.98999,-1.64800,-16.29600,12.08500
53.2109,501654,-0.31787,0.04541,1.01880,-1.52600,-17.27300,12.93900
53.2266,501664,-0.33594,0.05005,1.02026,-3.05200,-17.88300,14.22100
53.2266,501674,-0.31348,0.04956,1.01685,-3.11300,-18.25000,14.89300
53.2426,501684,-0.31030,0.05298,1.03564,-4.08900,-17.76100,15.01500
53.2589,501694,-0.32983,0.03540,1.02100,-4.63900,-17.51700,14.40400
53.2589,501704,-0.31494,0.05444,1.00171,-4.57800,-17.88300,15.25900
53.2767,501714,-0.32666,0.04224,0.99268,-4.33300,-18.31100,15.86900
53.2911,501724,-0.33325,0.02881,1.01367,-3.84500,-18.73800,16.41800
53.3072,501734,-0.33203,0.04492,0.99634,-3.05200,-18.12700,16.66300
53.3072,501744,-0.35303,0.03345,1.02319,-2.99100,-17.82200,16.66300
53.3072,501754,-0.38501,0.02393,1.04419,-2.80800,-18.18800,17.21200
53.3284,501764,-0.39209,0.04150,1.06250,-3.17400,-18.43300,17.09000
53.3389,501774,-0.40771,0.03296,1.06763,-3.35700,-17.76100,16.35700
53.3547,501784,-0.43652,0.03979,1.07861,-4.02800,-18.67700,16.17400
53.3547,501794,-0.43237,0.03394,1.08057,-4.27200,-16.47900,13.67200
53.3704,501804,-0.45483,0.04883,1.06714,-5.61500,-19.34800,15.93000
53.3704,501814,-0.46753,0.03394,1.09399,-6.71400,-18.79900,14.46500
53.3866,501824,-0.47070,0.03491,1.08276,-7.26300,-18.37200,12.51200
53.4025,501834,-0.44946,0.03931,1.06152,-7.93500,-20.14200,13.24500
53.4025,501844,-0.40991,0.05127,1.00757,-8.60600,-19.95800,11.90200
53.4184,501854,-0.41577,0.04028,1.01343,-9.64400,-18.98200,9.94900
53.4184,501864,-0.38184,0.03003,0.97485,-9.70500,-19.83600,11.65800
53.4372,501874,-0.34619,0.03564,0.95410,-8.72800,-19.71400,10.68100
53.4499,501884,-0.35571,0.02686,0.91943,-8.48400,-20.14200,10.74200
53.4519,501894,-0.32568,0.02808,0.91016,-8.91100,-21.36200,11.35300
53.4714,501904,-0.30884,0.02441,0.91895,-7.62900,-22.03400,11.71900
53.4720,501914,-0.30225,0.02197,0.91309,-6.65300,-20.26400,12.63400
53.4820,501924,-0.28735,0.02124,0.89429,-6.65300,-19.95800,12.14600
53.4991,501934,-0.31006,0.00610,0.89697,-6.71400,-21.60600,14.70900
53.5158,501944,-0.31152,0.01099,0.88794,-6.65300,-21.91200,15.32000
53.5158,501954,-0.34229,0.01758,0.88208,-6.28700,-21.17900,14.70900
53.5303,501964,-0.34912,0.01904,0.90796,-5.98100,-21.24000,13.30600
53.5465,501974,-0.32422,0.02344,0.89160,-5.37100,-21.97300,13.61100
53.5465,501984,-0.33740,0.02661,0.88281,-5.73700,-22.09500,13.91600
53.5522,501994,-0.32690,0.01733,0.91040,-5.85900,-22.88800,14.03800
53.5743,502004,-0.32715,0.01392,0.88306,-5.49300,-22.94900,13.18400
53.5783,502014,-0.30566,0.00928,0.88477,-5.55400,-23.98700,14.58700
53.5813,502024,-0.31958,0.02979,0.88940,-4.94400,-22.76600,13.12300
53.5944,502034,-0.30176,0.01782,0.86768,-5.55400,-22.27800,12.26800
53.6103,502044,-0.29810,0.00732,0.88721,-4.63900,-23.25400,12.75600
53.6103,502054,-0.30127,0.00391,0.87769,-4.70000,-24.04800,13.55000
53.6261,502064,-0.30908,0.00903,0.87354,-4.51700,-26.06200,15.32000
53.6522,502074,-0.29590,0.01050,0.86548,-4.39500,-25.45200,14.46500
53.6522,502084,-0.32251,0.01172,0.88232,-3.35700,-25.94000,14.52600
53.6578,502094,-0.30859,0.01514,0.88428,-2.86900,-26.30600,14.52600
53.6578,502104,-0.31445,0.01587,0.89502,-2.31900,-26.48900,14.83200
53.6899,502114,-0.29761,0.02441,0.91528,-2.44100,-27.52700,14.70900
53.6899,502124,-0.31055,0.00757,0.93604,-1.89200,-28.19800,15.25900
53.6899,502134,-0.29175,0.02588,0.94678,-1.40400,-27.83200,14.22100
53.7220,502144,-0.28491,0.01562,0.96094,-2.01400,-28.87000,14.95400
53.7220,502154,-0.27930,0.03003,0.96240,-2.56300,-28.19800,14.58700
53.7220,502164,-0.29785,0.02002,0.96411,-2.62500,-28.01500,15.38100
53.7397,502174,-0.31421,0.02075,0.96216,-2.19700,-29.35800,17.02900
53.7545,502184,-0.31494,0.02319,0.97144,-2.01400,-27.83200,15.99100
53.7545,502194,-0.32349,0.02661,0.98706,-1.22100,-29.23600,16.11300
53.7704,502204,-0.34888,0.02661,0.99121,-0.67100,-28.62500,15.13700
53.7771,502214,-0.33667,0.03003,1.02466,-1.03800,-29.11400,14.22100
53.7870,502224,-0.33594,0.03882,1.01904,-0.85400,-29.60200,14.70900
53.8020,502234,-0.32959,0.03589,1.03711,-0.91600,-29.72400,14.52600
53.8179,502244,-0.41479,0.03247,1.07007,-1.77000,-31.06700,15.68600
53.8179,502254,-0.72754,-0.04785,0.87329,-1.34300,-33.26400,12.87800
53.8179,502264,0.53784,-0.24561,1.24805,-2.19700,-30.51800,12.87800
53.8338,502274,-0.55933,-0.04272,0.89014,0.73200,-37.23100,7.93500
53.8526,502284,-0.30200,-0.03247,1.10449,2.68600,-40.95500,5.12700
53.8526,502294,-0.11475,0.07397,1.01221,2.31900,-36.86500,0.73200
53.8657,502304,0.04736,-0.36499,1.31885,0.30500,-30.57900,7.50700
53.8657,502314,-0.01025,-0.12671,1.42603,0.12200,-33.69100,15.25900
53.8820,502324,-0.10791,0.30664,1.01587,-2.56300,-35.64500,15.44200
53.8980,502334,-0.65698,0.04810,0.99780,-6.28700,-31.31100,13.61100
53.8980,502344,-0.25000,0.01123,0.98145,-6.77500,-33.56900,14.64800
53.9295,502354,-0.33472,-0.04639,0.99805,-4.33300,-34.24100,12.14600
53.9295,502364,-0.53125,0.09058,0.86499,-0.67100,-31.43300,6.04200
53.9295,502374,-0.42896,0.07520,0.92529,0.48800,-32.89800,5.61500
53.9527,502384,-0.19434,-0.02661,1.01099,2.44100,-36.80400,3.35700
53.9527,502394,-0.33032,0.03735,0.92700,2.19700,-39.06200,6.59200
53.9726,502404,-0.22974,0.03467,0.99463,2.62500,-36.43800,6.59200
53.9788,502414,-0.23975,0.04541,1.01685,1.89200,-34.72900,7.93500
53.9788,502424,-0.21313,0.00269,1.00415,0.12200,-35.09500,8.05700
53.9933,502434,-0.26050,0.03198,0.98340,0.91600,-32.16600,7.87400
54.0093,502444,-0.28857,0.03345,0.93506,-0.73200,-33.99700,9.33800
54.0322,502454,-0.24683,0.02051,0.95142,0.91600,-34.11900,8.36200
54.0322,502464,-0.24536,0.02563,0.94556,0.85400,-34.97300,7.38500
54.0567,502474,-0.44336,0.03076,0.89795,2.68600,-33.44700,6.40900
54.0567,502484,0.70972,-0.04932,1.99487,4.45600,35.03400,-19.34800
54.0567,502494,-1.87061,-0.05225,-0.65381,4.08900,-61.09600,21.11800
54.0567,502504,0.76245,0.37744,0.98413,15.32000,-34.05800,-57.12900
54.0749,502514,2.27686,0.23584,1.74316,-3.90600,-25.14600,-30.09000
54.0889,502524,0.92529,0.32031,2.21777,2.56300,-67.81000,2.93000
54.0889,502534,0.56470,0.19604,1.19580,-0.36600,-33.99700,45.04400
54.1049,502544,0.30347,0.17261,1.34131,-2.99100,-28.07600,40.22200
54.1231,502554,0.05615,0.21045,1.57422,-6.28700,-33.69100,46.26500
54.1231,502564,-0.10742,-0.06567,1.04004,-15.93000,-39.36800,33.14200
54.1366,502574,-0.48486,-0.02026,0.65479,-7.32400,-43.21300,32.59300
54.1366,502584,-0.21680,0.00903,1.00659,-3.17400,-38.81800,24.35300
54.1537,502594,-0.27222,0.03418,0.80054,-2.50200,-37.04800,22.52200
54.1715,502604,-0.33716,0.08203,0.96045,2.13600,-38.33000,18.49400
54.1715,502614,-0.03540,0.05762,1.02637,0.48800,-27.95400,18.98200
54.1845,502624,-0.06250,-0.02856,1.07153,1.34300,-23.56000,21.66700
54.2004,502634,-0.28320,0.09937,1.09253,3.60100,-23.31500,21.42300
54.2004,502644,-0.15186,0.11328,1.06201,-0.30500,-26.12300,24.10900
54.2335,502654,-0.13013,0.02417,1.11938,-0.73200,-27.22200,23.49900
54.2335,502664,-0.28296,0.07568,1.09229,-1.40400,-27.71000,23.07100
54.2335,502674,-0.24634,0.07983,1.09424,-3.66200,-29.96800,23.01000
54.2494,502684,-0.21924,0.02710,1.11353,-3.78400,-26.67200,21.85100
54.2669,502694,-0.25708,0.04028,1.09058,-5.00500,-27.22200,22.27800
54.2810,502704,-0.27148,0.05396,1.09229,-4.57800,-26.79400,20.93500
54.2810,502714,-0.24292,0.04175,1.06909,-5.43200,-28.01500,23.01000
54.2810,502724,-0.20581,0.05737,1.04517,-6.16500,-28.19800,21.66700
54.2970,502734,-0.20605,0.05347,1.03955,-6.04200,-26.12300,19.95800
54.2970,502744,-0.19287,0.04858,1.04175,-5.61500,-25.63500,18.92100
54.3130,502754,-0.21362,0.04980,1.00854,-6.10400,-28.01500,20.81300
54.3290,502764,-0.16968,0.03491,0.98535,-5.73700,-28.62500,21.30100
54.3448,502774,-0.15771,0.04248,0.99121,-5.24900,-28.13700,21.42300
54.3448,502784,-0.15039,0.03589,0.95337,-4.51700,-28.38100,21.30100
54.3607,502794,-0.16626,0.04614,0.99048,-3.35700,-29.96800,21.60600
54.3689,502804,-0.16235,0.04761,0.98877,-2.86900,-28.44200,20.63000
54.3925,502814,-0.16650,0.04932,0.97754,-2.56300,-28.93100,21.54500
54.4243,502824,-0.16382,0.04883,0.98169,-3.35700,-29.29700,20.08100
54.4243,502834,-0.17407,0.04614,0.98145,-3.41800,-31.67700,23.68200
54.4440,502844,-0.16553,0.04883,0.97461,-3.11300,-31.31100,22.58300
54.4440,502854,-0.17090,0.04712,0.97754,-2.56300,-28.01500,19.16500
54.4559,502864,-0.16455,0.05811,0.98047,-2.93000,-29.54100,21.17900
54.4559,502874,-0.07471,0.29272,0.89990,0.42700,-29.35800,14.09900
54.4717,502884,-0.42456,-0.08667,0.92749,0.61000,-59.57000,16.60200
54.4717,502894,0.57666,0.14648,1.73340,6.40900,-48.52300,5.98100
54.4717,502904,0.43994,0.10620,0.87939,-8.30100,-20.87400,20.56900
54.4793,502914,0.31860,0.12695,1.38501,-3.72300,-25.81800,29.54100
54.4875,502924,0.14160,0.12744,1.17065,-7.08000,-27.71000,32.04300
54.4875,502934,0.04370,0.06372,1.27295,-7.93500,-24.04800,30.88400
54.5044,502944,0.12598,0.04810,1.22290,-10.80300,-19.89700,31.43300
54.5192,502954,0.11841,0.00635,1.08521,-12.14600,-17.45600,32.95900
54.5679,502964,0.92285,0.04321,1.21533,-12.57300,-18.49400,35.76700
54.5679,502974,0.57031,-0.04688,1.05859,-13.97700,-12.32900,24.71900
54.5836,503018,-0.10718,0.15210,0.91895,-0.48800,-17.57800,22.52200
54.5836,503019,-0.10718,0.15210,0.91895,-0.48800,-17.57800,22.52200
54.5846,503020,-0.10718,0.15210,0.91895,-0.48800,-17.57800,22.52200
54.5846,503022,-0.04956,-0.05054,1.10205,-2.01400,-15.01500,23.01000
54.5846,503024,-0.04956,-0.05054,1.10205,-2.01400,-15.01500,23.01000
54.5992,503034,0.06934,-0.11035,0.98682,-5.98100,-14.64800,23.43800
54.6011,503044,-0.16528,0.02222,1.09619,-5.73700,-13.42800,29.60200
54.6171,503054,-0.39844,0.06372,1.17114,-6.22600,-17.09000,27.52700
54.6312,503064,-0.51489,0.04321,0.88013,-10.49800,-19.83600,23.68200
54.6312,503074,-0.28564,0.03052,0.78491,-8.24000,-25.57400,18.37200
54.6471,503084,-0.34277,0.05786,0.94116,-3.66200,-24.96300,11.78000
54.6554,503094,-0.14258,0.02222,0.87061,-3.05200,-18.31100,9.46000
54.6630,503104,-0.12012,0.01636,0.93164,-0.67100,-21.66700,11.04700
54.6787,503114,-0.17480,0.05298,1.04199,-0.30500,-24.10900,11.71900
54.6787,503124,-0.07837,0.03711,1.00513,-0.85400,-23.56000,11.96300
54.6948,503134,-0.09448,0.02441,1.01147,-0.85400,-22.09500,12.75600
54.7105,503144,-0.19531,0.03857,0.94482,-3.17400,-23.56000,14.28200
54.7105,503154,-0.09204,0.01562,0.95776,-2.19700,-22.94900,13.24500
54.7266,503164,-0.13550,0.00000,0.98071,-2.19700,-20.75200,13.97700
54.7554,503174,-0.22241,0.03687,0.94678,-3.23500,-19.28700,13.79400
54.7554,503184,-0.16406,0.04248,0.99438,-2.86900,-19.10400,13.67200
54.7584,503194,-0.17480,0.04663,0.99243,-3.11300,-20.50800,13.06200
54.7746,503204,-0.13867,0.10645,0.90137,-3.90600,-21.91200,12.63400
54.7746,503214,-0.10278,0.04443,1.00024,-4.27200,-20.32500,13.06200
54.7746,503224,-0.14771,0.03491,0.93140,-3.96700,-19.16500,11.71900
54.7906,503234,-1.20288,-0.12109,0.37842,-1.52600,-27.16100,12.02400
54.8066,503244,-1.61206,-0.00635,-0.36279,-6.89700,-16.84600,14.16000
54.8066,503254,-0.73438,-0.48608,2.25977,2.01400,-81.42100,10.68100
54.8226,503264,1.00830,0.41211,0.65234,0.67100,6.28700,-9.76600
54.8386,503274,0.84229,0.17993,1.52563,-1.16000,-43.03000,18.49400
54.8386,503284,0.47339,0.02808,1.23242,-4.45600,-26.61100,21.11800
54.8554,503294,0.49634,0.05908,1.46484,-6.22600,-17.09000,25.39100
54.8703,503304,0.15088,0.10864,0.99829,-13.42800,-13.42800,25.87900
54.8722,503314,0.10742,0.09326,0.89355,-13.73300,-10.68100,29.48000
54.8863,503324,-0.20972,0.02637,1.01343,-12.26800,-14.16000,29.54100
54.8863,503334,-0.51343,0.00879,0.68921,-12.51200,-24.23100,26.42800
54.9024,503344,-0.15479,0.02246,0.89355,-8.42300,-28.80900,20.69100
54.9181,503354,0.54053,-0.12671,0.64868,-2.80800,-16.96800,13.30600
54.9181,503364,-1.22559,0.04932,0.84326,6.53100,-34.24100,21.48400
54.9501,503374,-0.33301,0.20386,2.19922,4.51700,-33.93600,17.15100
54.9501,503384,0.02661,0.31128,2.26685,-10.98600,-4.94400,7.14100
54.9662,503394,-0.13965,-0.01636,1.11230,-21.79000,-8.30100,6.47000
54.9662,503404,0.51196,0.11841,1.03149,-20.32500,-3.23500,12.26800
54.9662,503414,-0.18359,0.02319,0.66504,-15.07600,4.82200,17.27300
54.9904,503424,0.04492,-0.00146,0.99585,-12.57300,-23.56000,17.33400
54.9997,503434,-0.88916,0.07935,0.47266,-12.02400,-23.92600,11.59700
54.9997,503444,0.20483,0.02075,0.83350,-10.13200,-14.83200,9.82700
55.0133,503454,0.19482,0.05713,0.43213,-9.27700,-13.97700,12.08500
55.0305,503464,-0.04199,-0.00562,1.24731,-0.12200,-8.05700,11.84100
55.0452,503474,0.03491,-0.05151,1.24463,-3.23500,-4.02800,13.61100
55.0452,503484,-0.12793,0.12598,1.23413,-4.82200,-9.09400,18.55500
55.0564,503494,-0.08398,-0.02856,1.27246,-8.60600,-9.94900,16.47900
55.0610,503504,0.09570,-0.10132,1.27393,-11.35300,-7.26300,17.33400
55.0881,503514,0.17432,-0.10767,1.06006,-9.27700,-16.41800,20.44700
55.0901,503524,0.12866,-0.13403,0.81201,-4.21100,-9.88800,18.18800
55.1001,503534,-0.04736,-0.07031,0.77905,-3.11300,-7.99600,18.12700
55.1090,503544,-0.14233,-0.07007,0.86133,0.42700,-9.33800,20.87400
55.1090,503554,-0.09766,0.08252,1.12622,2.99100,-9.58300,16.78500
55.1273,503564,-0.17407,0.11890,1.19580,1.89200,-12.93900,16.66300
55.1409,503574,0.01440,0.14966,1.37695,-2.07500,-10.86400,16.11300
55.1567,503584,-0.03369,0.04370,1.40576,-8.42300,-15.62500,14.77100
55.1567,503594,-0.21655,0.16626,1.27246,-10.68100,-13.91600,14.70900
55.1567,503604,-0.07935,0.03760,1.00415,-14.40400,-13.73300,13.67200
55.1728,503614,0.08252,-0.05200,0.88623,-13.24500,-18.31100,15.86900
55.1885,503624,0.14771,-0.00635,0.75952,-11.47500,-15.86900,16.90700
55.2023,503634,-0.02686,0.00415,0.74951,-7.50700,-10.49800,17.09000
55.2111,503644,-0.05371,-0.00439,0.82983,-3.29600,-9.58300,18.55500
55.2198,503654,-0.15674,-0.00708,0.99561,-1.34300,-12.20700,20.14200
55.2297,503664,-0.16089,0.05151,1.07520,0.42700,-9.70500,16.90700
55.2397,503674,-0.14551,0.06982,1.19482,-0.36600,-8.85000,14.95400
55.2589,503684,-0.04785,0.08838,1.22729,-1.34300,-10.07100,15.38100
55.2589,503694,-0.06714,0.07593,1.19897,-4.70000,-14.40400,16.41800
55.2664,503704,-0.08521,0.05762,1.19336,-7.44600,-12.08500,15.38100
55.2762,503714,-0.08276,0.08716,1.13843,-9.21600,-14.77100,17.70000
55.2822,503724,-0.02100,0.01074,1.04004,-8.17900,-10.55900,11.90200
55.2981,503734,-0.03247,-0.03198,0.98022,-7.20200,-9.76600,11.41400
55.2981,503744,0.03833,0.03076,0.92139,-6.89700,-10.86400,14.16000
55.3147,503754,0.09985,-0.00732,0.98657,-4.39500,-11.84100,16.05200
55.3299,503764,0.09302,-0.01514,0.97437,-2.68600,-10.37600,15.07600
55.3306,503774,0.01636,0.03271,0.97900,-1.46500,-11.04700,17.09000
55.3575,503784,-0.06299,0.04810,1.10791,-2.38000,-13.36700,20.75200
55.3575,503794,-0.05298,0.05933,1.17676,-2.99100,-10.07100,14.77100
55.3694,503804,-0.15356,0.03833,1.17749,-4.27200,-11.71900,18.00500
55.3781,503814,-0.12036,0.06470,1.11597,-6.53100,-11.29200,14.77100
55.3781,503824,-0.11230,0.01831,1.10596,-8.66700,-13.18400,15.25900
55.3940,503834,-0.12231,-0.02515,1.06592,-8.97200,-14.34300,16.41800
55.4121,503844,-0.12427,-0.01489,0.89600,-7.93500,-14.16000,14.22100
55.4121,503854,-0.04858,-0.02466,0.88477,-5.79800,-13.36700,13.12300
55.4256,503864,0.00220,-0.01245,0.91309,-3.90600,-14.89300,13.48900
55.4414,503874,-0.00684,0.01245,0.92944,-1.89200,-15.80800,15.50300
55.4638,503884,0.00903,0.03784,1.03906,-0.48800,-14.40400,17.02900
55.4638,503894,0.02930,0.04834,1.05762,-0.42700,-13.73300,16.78500
55.4698,503904,-0.01489,0.07300,1.14746,-0.73200,-12.26800,15.19800
55.4755,503914,-0.05713,0.07397,1.19214,-2.62500,-11.71900,15.44200
55.4899,503924,-0.05054,0.05591,1.15088,-4.15000,-11.96300,16.17400
55.4949,503934,-0.10596,0.03906,1.14429,-5.98100,-11.84100,15.01500
55.5055,503944,-0.10010,0.00879,1.10840,-7.20200,-13.12300,15.99100
55.5213,503954,-0.08594,0.01978,1.03027,-7.08000,-13.00000,14.64800
55.5213,503964,-0.07178,0.03174,0.96191,-6.95800,-14.34300,15.38100
55.5378,503974,-0.03540,0.02612,0.96411,-6.28700,-17.15100,17.70000
55.5378,503984,-0.02612,0.04272,0.98022,-4.63900,-12.02400,13.48900
55.5671,503994,0.00171,0.04810,0.97046,-2.68600,-14.09900,15.07600
55.5697,504004,0.01611,0.07129,1.01050,-1.70900,-13.12300,15.50300
55.5764,504014,-0.00830,0.05981,1.05273,-1.77000,-12.20700,16.11300
55.5865,504024,-0.02393,0.05225,1.07935,-3.11300,-12.51200,19.28700
55.5865,504034,-0.06494,0.03491,1.07471,-3.17400,-12.69500,16.78500
55.6015,504044,-0.08862,0.00977,1.09497,-4.08900,-13.06200,17.27300
55.6175,504054,-0.09692,0.00464,1.08252,-3.29600,-12.14600,16.11300
55.6336,504064,-0.08203,-0.00098,1.06470,-4.70000,-14.22100,15.80800
55.6336,504074,-0.08936,0.00317,1.03076,-5.06600,-15.19800,16.90700
55.6496,504084,-0.07031,0.02148,1.03174,-5.49300,-15.01500,15.56400
55.6655,504094,-0.05273,0.03076,1.04272,-5.00500,-13.42800,14.58700
55.6655,504104,-0.05884,0.03833,1.02124,-3.90600,-11.53600,13.06200
55.6777,504114,-0.00732,0.03833,1.01611,-3.96700,-13.06200,12.81700
55.6816,504124,-0.02197,0.03662,1.04639,-4.15000,-13.06200,14.89300
55.7004,504134,-0.03442,0.01294,1.04688,-4.02800,-12.81700,14.34300
55.7004,504144,-0.03613,0.00635,1.02930,-3.90600,-13.00000,15.62500
55.7134,504154,-0.06030,0.01245,1.03491,-3.90600,-13.48900,16.72400
55.7291,504164,-0.05591,0.00464,1.05151,-3.54000,-12.57300,14.83200
55.7291,504174,-0.06079,0.00952,1.04248,-2.68600,-12.63400,15.07600
55.7451,504184,-0.04663,0.02075,1.04517,-2.38000,-10.92500,13.42800
55.7608,504194,-0.04224,0.02930,1.03638,-3.05200,-12.57300,14.95400
55.7608,504204,-0.03589,0.03125,1.08521,-3.41800,-13.55000,15.80800
55.7778,504214,-0.04443,0.05347,1.08008,-3.90600,-12.93900,16.35700
55.7778,504224,-0.05322,0.05420,1.05444,-3.84500,-11.65800,15.93000
55.7939,504234,-0.07275,0.04541,1.04565,-4.15000,-12.08500,16.60200
55.8086,504244,-0.07690,0.04004,1.06787,-4.76100,-13.79400,18.18800
55.8086,504254,-0.08472,0.03564,1.04346,-4.57800,-13.06200,16.47900
55.8245,504264,-0.09106,0.01929,1.01440,-4.70000,-14.22100,17.45600
55.8405,504274,-0.09326,0.02832,1.04443,-4.15000,-13.42800,15.44200
55.8405,504284,-0.07544,0.00903,1.04541,-3.60100,-12.93900,13.12300
55.8736,504294,-0.05518,0.03735,1.03442,-3.54000,-12.45100,13.73300
55.8736,504304,-0.02954,0.03491,1.03369,-3.29600,-12.57300,13.18400
55.8736,504314,-0.02490,0.05078,1.03760,-3.84500,-14.64800,15.50300
55.8896,504324,-0.00195,0.05151,1.05811,-4.08900,-13.79400,15.62500
55.8896,504334,-0.03052,0.03149,1.03564,-3.66200,-14.52600,16.84600
55.9055,504344,-0.02368,0.02979,1.03638,-4.57800,-15.86900,18.67700
55.9055,504354,-0.03101,0.01953,1.03516,-3.66200,-12.93900,16.35700
55.9213,504364,-0.07129,0.01196,1.04150,-3.23500,-12.57300,16.72400
55.9371,504374,-0.08447,0.02075,1.04980,-3.54000,-12.81700,16.41800
55.9371,504384,-0.10059,0.01123,1.06787,-3.96700,-13.91600,16.90700
55.9591,504394,-0.07349,0.02344,1.07251,-4.39500,-14.34300,16.90700
55.9848,504404,-0.06787,0.02222,1.05225,-5.37100,-15.38100,17.02900
55.9848,504414,-0.06567,0.02734,1.07178,-4.88300,-13.91600,16.11300
55.9848,504424,-0.05371,0.04370,1.04419,-4.94400,-13.36700,13.85500
56.0002,504434,-0.03687,0.03540,1.03076,-4.70000,-13.55000,14.34300
56.0002,504444,-0.03101,0.02588,1.01685,-5.12700,-13.91600,15.07600
56.0160,504454,-0.04517,0.01855,1.00781,-3.90600,-12.39000,13.67200
56.0300,504464,-0.04639,0.00562,0.99707,-4.45600,-16.96800,18.61600
56.0397,504474,-0.03833,0.03369,0.99707,-3.60100,-15.93000,17.76100
56.0492,504484,-0.06421,0.02417,1.03345,-2.44100,-13.24500,15.74700
56.0593,504494,-0.07300,0.03418,1.05005,-1.77000,-13.06200,14.58700
56.0768,504504,-0.07520,0.03003,1.07788,-2.07500,-12.87800,14.64800
56.0788,504514,-0.07007,0.04688,1.10034,-3.23500,-15.80800,17.51700
56.0788,504524,-0.06812,0.04541,1.09058,-4.21100,-12.75600,13.85500
56.0948,504534,-0.05566,0.06299,1.06299,-3.96700,-13.24500,13.85500
56.1108,504544,-0.04932,0.03491,1.05591,-5.37100,-15.19800,15.86900
56.1108,504554,-0.04443,0.02734,1.02856,-4.63900,-12.75600,13.24500
56.1279,504564,-0.05981,0.02173,1.03271,-5.00500,-14.89300,15.62500
56.1279,504574,-0.05786,0.03711,1.00439,-4.15000,-13.18400,13.91600
56.1427,504584,-0.04248,0.01855,1.01880,-3.54000,-14.52600,16.05200
56.1594,504594,-0.03296,0.01611,1.02368,-3.47900,-11.29200,12.87800
56.1743,504604,-0.05103,0.02026,1.05151,-2.86900,-14.28200,15.38100
56.1743,504614,-0.05176,0.03125,1.06274,-3.29600,-14.83200,17.09000
56.1904,504624,-0.03809,0.03589,1.06543,-3.17400,-13.85500,15.99100
56.1904,504634,-0.05322,0.02002,1.08643,-4.51700,-16.96800,19.65300
56.2063,504644,-0.06030,0.02905,1.04956,-4.27200,-13.73300,16.23500
56.2222,504654,-0.06396,0.02246,1.04883,-5.00500,-15.13700,17.76100
56.2222,504664,-0.06787,0.01709,1.04102,-4.08900,-12.26800,14.46500
56.2383,504674,-0.06299,0.00903,1.03516,-3.96700,-13.79400,16.41800
56.2383,504684,-0.06201,0.01221,1.02344,-3.90600,-12.45100,14.28200
56.2597,504694,-0.05542,0.01587,1.03931,-3.23500,-12.26800,13.55000
56.2703,504704,-0.06519,0.02295,1.05835,-3.66200,-13.30600,15.07600
56.2703,504714,-0.05273,0.03369,1.05322,-3.11300,-12.75600,14.16000
56.2862,504724,-0.03687,0.03711,1.05200,-4.15000,-13.30600,14.46500
56.2862,504734,-0.05005,0.04688,1.06201,-4.21100,-12.93900,15.25900
56.3023,504744,-0.04053,0.01465,1.06421,-4.45600,-13.67200,15.93000
56.3186,504754,-0.03662,0.01367,1.04272,-4.88300,-15.32000,17.09000
56.3186,504764,-0.04346,0.02026,1.01294,-4.51700,-13.55000,16.05200
56.3353,504774,-0.03979,0.03711,1.01929,-3.84500,-14.46500,17.02900
56.3540,504784,-0.05591,0.01685,1.02710,-3.35700,-12.45100,15.19800
56.3598,504794,-0.05933,0.03540,1.02148,-2.86900,-11.35300,14.58700
56.3697,504804,-0.05200,0.01636,1.03003,-2.86900,-11.84100,15.13700
56.3697,504814,-0.06812,0.03711,1.06812,-2.56300,-11.90200,14.22100
56.3838,504824,-0.04834,0.04175,1.06030,-3.41800,-12.69500,15.01500
56.3997,504834,-0.06592,0.03613,1.08936,-3.84500,-13.12300,16.11300
56.3997,504844,-0.05347,0.04883,1.07007,-3.66200,-11.78000,14.52600
56.4155,504854,-0.05298,0.03271,1.06543,-4.33300,-11.71900,13.85500
56.4155,504864,-0.06421,0.02930,1.05591,-5.06600,-12.51200,15.07600
56.4372,504874,-0.06592,0.02344,1.02417,-4.82200,-12.57300,14.09900
56.4473,504884,-0.06152,0.01074,1.02832,-4.15000,-10.86400,13.24500
56.4605,504894,-0.04785,0.02661,1.01099,-5.12700,-13.91600,15.62500
56.4641,504904,-0.04077,0.02441,1.01904,-3.84500,-14.03800,16.05200
56.4794,504914,-0.03247,0.03296,1.02539,-3.29600,-12.14600,14.58700
56.4794,504924,-0.04517,0.02808,1.03198,-4.21100,-15.74700,18.37200
56.5010,504934,-0.04614,0.03638,1.06567,-2.80800,-11.47500,14.40400
56.5076,504944,-0.06689,0.02222,1.06396,-3.41800,-13.06200,16.11300
56.5114,504954,-0.05493,0.03711,1.05762,-3.11300,-12.39000,14.46500
56.5275,504964,-0.06372,0.01440,1.07056,-4.02800,-12.51200,15.38100
56.5275,504974,-0.06592,0.02710,1.05664,-4.82200,-13.00000,15.50300
56.5840,505019,-0.05103,0.02173,1.06519,-4.02800,-13.85500,15.07600
56.5911,505020,-0.05103,0.02173,1.06519,-4.02800,-13.85500,15.07600
56.5911,505021,-0.02808,0.02710,1.04810,-3.96700,-13.30600,15.25900
56.5911,505023,-0.02808,0.02710,1.04810,-3.96700,-13.30600,15.25900
56.5911,505024,-0.02808,0.02710,1.04810,-3.96700,-13.30600,15.25900
56.5911,505034,-0.03882,0.03076,1.05151,-4.45600,-15.62500,17.45600
56.6070,505044,-0.03320,0.03662,1.04199,-4.21100,-15.62500,17.63900
56.6070,505054,-0.03809,0.03906,1.04004,-3.60100,-14.34300,17.27300
56.6230,505064,-0.05493,0.03345,1.03442,-3.47900,-12.75600,15.25900
56.6447,505074,-0.05615,0.02271,1.03857,-4.08900,-13.61100,16.47900
56.6548,505084,-0.06836,0.03857,1.03809,-3.84500,-12.63400,14.95400
56.6611,505094,-0.06909,0.02246,1.04053,-2.93000,-13.48900,15.01500
56.6706,505104,-0.06958,0.03345,1.03394,-3.54000,-13.85500,15.13700
56.6881,505114,-0.07275,0.03247,1.04517,-3.47900,-13.97700,15.44200
56.6881,505124,-0.06494,0.03760,1.04980,-3.84500,-14.28200,16.72400
56.6881,505134,-0.06128,0.04150,1.06006,-3.84500,-13.00000,14.64800
56.7026,505144,-0.05566,0.03809,1.06738,-4.33300,-13.67200,15.74700
56.7186,505154,-0.06348,0.03052,1.06299,-4.45600,-13.55000,15.50300
56.7202,505164,-0.04639,0.03687,1.07129,-4.21100,-12.63400,13.91600
56.7348,505174,-0.05542,0.00903,1.03613,-3.60100,-11.96300,13.48900
56.7610,505184,-0.04272,0.02319,1.02637,-4.02800,-13.18400,15.80800
56.7610,505194,-0.04370,0.03076,1.04077,-4.39500,-15.19800,16.29600
56.7666,505204,-0.05981,0.01978,1.03198,-4.45600,-15.86900,18.67700
56.7825,505214,-0.04492,0.02148,1.03076,-4.45600,-15.38100,17.57800
56.7825,505224,-0.06689,0.02734,1.03638,-4.27200,-14.64800,16.96800
56.7985,505234,-0.05420,0.00879,1.04224,-4.02800,-15.74700,17.51700
56.7985,505244,-0.04468,0.03711,1.04541,-4.33300,-16.96800,19.22600
56.8145,505254,-0.06543,0.02539,1.04858,-3.84500,-14.28200,16.78500
56.8306,505264,-0.07007,0.03003,1.05762,-4.45600,-16.41800,18.86000
56.8306,505274,-0.06274,0.03027,1.06152,-4.57800,-16.17400,17.45600
56.8465,505284,-0.06958,0.02246,1.05249,-4.39500,-15.25900,16.84600
56.8625,505294,-0.04907,0.02710,1.04785,-3.72300,-13.36700,14.52600
56.8625,505304,-0.05029,0.02539,1.04492,-3.96700,-14.64800,16.11300
56.8943,505314,-0.05298,0.03076,1.03296,-3.66200,-12.14600,13.06200
56.8943,505324,-0.03906,0.03394,1.04468,-4.33300,-15.32000,17.02900
56.8943,505334,-0.04102,0.03125,1.02954,-4.70000,-14.83200,16.96800
56.9100,505344,-0.04248,0.02905,1.04321,-3.90600,-12.93900,14.34300
56.9100,505354,-0.04712,0.03320,1.04053,-3.72300,-13.48900,15.32000
56.9260,505364,-0.06030,0.02539,1.04272,-4.63900,-17.15100,19.47000
56.9260,505374,-0.05737,0.03687,1.04517,-3.54000,-13.67200,15.80800
56.9421,505384,-0.05713,0.03394,1.04370,-4.57800,-16.66300,18.06600
56.9613,505394,-0.05542,0.03296,1.03149,-3.96700,-15.93000,17.82200
56.9613,505404,-0.06885,0.03052,1.03882,-4.33300,-15.50300,17.15100
56.9740,505414,-0.07056,0.01782,1.05225,-3.96700,-16.54100,18.12700
57.0000,505424,-0.03833,0.04956,1.04224,-5.18800,-14.83200,16.90700
57.0000,505434,-0.04150,0.03198,1.07324,-4.63900,-15.74700,17.82200
57.0085,505444,-0.05176,0.02905,1.06104,-3.90600,-15.13700,16.84600
57.0132,505454,-0.04297,0.03906,1.05591,-4.70000,-13.06200,14.64800
57.0335,505464,-0.03906,0.02466,1.03784,-4.57800,-14.83200,16.66300
57.0404,505474,-0.05884,0.01978,1.04395,-4.45600,-14.89300,16.54100
57.0420,505484,-0.04834,0.02515,1.03052,-5.49300,-16.60200,18.49400
57.0544,505494,-0.05981,0.01245,1.02588,-4.21100,-13.91600,15.99100
57.0696,505504,-0.06836,0.00757,1.03979,-3.90600,-14.89300,16.17400
57.0774,505514,-0.06934,0.01147,1.02808,-4.15000,-13.00000,14.40400
57.1060,505524,-0.05225,0.02783,1.03955,-4.15000,-15.62500,17.15100
57.1060,505534,-0.05444,0.02686,1.04224,-3.60100,-15.50300,16.66300
57.1060,505544,-0.05225,0.02393,1.05200,-2.93000,-12.14600,14.09900
57.1171,505554,-0.05811,0.02783,1.05859,-3.84500,-13.48900,15.99100
57.1171,505564,-0.06592,0.02856,1.05884,-3.72300,-13.30600,15.44200
57.1353,505574,-0.05298,0.02515,1.07251,-3.54000,-12.20700,13.97700
57.1491,505584,-0.04077,0.02686,1.04321,-3.72300,-13.36700,15.44200
57.1649,505594,-0.05884,0.02808,1.04614,-4.02800,-14.22100,16.78500
57.1649,505604,-0.05957,0.02393,1.03247,-4.45600,-14.64800,16.90700
57.1649,505614,-0.04517,0.03076,1.04761,-3.84500,-13.85500,15.50300
57.1969,505624,-0.05859,0.02563,1.03833,-4.76100,-16.17400,18.55500
57.1969,505634,-0.04346,0.02661,1.04272,-3.60100,-13.97700,15.99100
57.1969,505644,-0.04736,0.02856,1.04077,-3.54000,-13.73300,15.44200
57.2129,505654,-0.04639,0.03613,1.04248,-4.39500,-14.64800,17.33400
57.2287,505664,-0.04492,0.03613,1.05713,-3.84500,-12.57300,13.85500
57.2287,505674,-0.05054,0.02393,1.05371,-4.45600,-15.56400,16.96800
57.2444,505684,-0.04907,0.03174,1.03418,-4.45600,-15.68600,18.12700
57.2603,505694,-0.07324,0.03223,1.05811,-4.21100,-15.38100,17.09000
57.2613,505704,-0.05688,0.02148,1.04248,-3.29600,-11.84100,14.09900
57.2763,505714,-0.06494,0.02686,1.03931,-4.08900,-14.16000,16.60200
57.3078,505724,-0.04321,0.03345,1.04395,-4.15000,-14.52600,17.45600
57.3078,505734,-0.03979,0.04028,1.06104,-4.45600,-13.42800,15.07600
57.3078,505744,-0.05835,0.01953,1.06982,-4.33300,-14.22100,15.99100
57.3078,505754,-0.05176,0.03613,1.05957,-4.33300,-14.64800,16.17400
57.3238,505764,-0.04614,0.03442,1.05127,-4.33300,-15.07600,16.90700
57.3396,505774,-0.05664,0.03174,1.05835,-4.21100,-14.70900,16.35700
57.3501,505784,-0.06006,0.02417,1.05029,-4.57800,-13.18400,15.56400
57.3597,505794,-0.06030,0.00293,1.04248,-4.70000,-14.95400,17.39500
57.3699,505804,-0.04834,0.02026,1.02344,-4.63900,-15.38100,17.57800
57.3797,505814,-0.05444,0.01709,1.03638,-4.51700,-15.07600,17.09000
57.3914,505824,-0.07471,0.02832,1.02759,-4.63900,-15.07600,17.02900
57.4034,505834,-0.06787,0.00586,1.04102,-2.93000,-13.18400,15.19800
57.4034,505844,-0.05225,0.02173,1.04297,-3.54000,-15.01500,17.57800
57.4214,505854,-0.06519,0.03662,1.04712,-4.39500,-15.68600,18.18800
57.4214,505864,-0.06250,0.02832,1.06128,-4.45600,-15.13700,17.33400
57.4378,505874,-0.05444,0.02588,1.06104,-4.88300,-15.25900,17.39500
57.4512,505884,-0.04907,0.01758,1.07153,-4.39500,-14.16000,15.99100
57.4600,505894,-0.05322,0.02930,1.05884,-5.12700,-17.02900,20.20300
57.4669,505904,-0.05640,0.01611,1.04517,-4.57800,-15.56400,17.39500
57.4808,505914,-0.04492,0.02588,1.03711,-4.15000,-15.01500,16.66300
57.4902,505924,-0.05347,0.02515,1.03076,-4.39500,-13.97700,16.17400
57.5141,505934,-0.05225,0.02222,1.03345,-4.27200,-15.86900,17.63900
57.5141,505944,-0.06030,0.02515,1.04736,-3.47900,-12.02400,14.52600
57.5207,505954,-0.05542,0.03027,1.04565,-4.08900,-14.16000,16.05200
57.5294,505964,-0.05396,0.03589,1.03491,-4.02800,-14.03800,16.96800
57.5419,505974,-0.05005,0.02515,1.04199,-3.84500,-14.09900,15.99100
57.5465,505984,-0.05176,0.02197,1.04810,-4.33300,-14.58700,16.72400
57.5606,505994,-0.06177,0.03027,1.04810,-3.66200,-15.19800,17.57800
57.5705,506004,-0.07080,0.02393,1.04883,-3.84500,-15.19800,17.21200
57.5776,506014,-0.06006,0.02515,1.04468,-3.05200,-13.06200,14.83200
57.5866,506024,-0.08252,0.01929,1.04761,-3.72300,-13.42800,15.44200
57.6088,506034,-0.05127,0.03638,1.06152,-3.54000,-13.30600,14.52600
57.6088,506044,-0.04492,0.02393,1.03003,-3.72300,-13.85500,16.47900
57.6088,506054,-0.03882,0.03027,1.04175,-3.54000,-12.63400,14.52600
57.6276,506064,-0.05322,0.02832,1.05005,-4.45600,-14.95400,16.78500
57.6405,506074,-0.03979,0.02734,1.04321,-4.33300,-15.01500,17.27300
57.6443,506084,-0.05176,0.03491,1.05322,-4.27200,-12.87800,14.77100
57.6566,506094,-0.04907,0.02588,1.03540,-4.57800,-14.16000,16.72400
57.6620,506104,-0.06543,0.02271,1.05029,-3.78400,-14.09900,16.41800
57.6746,506114,-0.05933,0.01904,1.04590,-4.70000,-14.64800,16.90700
57.6883,506124,-0.06909,0.02368,1.03540,-3.60100,-13.00000,15.19800
57.6883,506134,-0.04761,0.03516,1.04590,-4.02800,-15.86900,18.06600
57.7041,506144,-0.06689,0.01074,1.04517,-4.08900,-15.01500,17.45600
57.7200,506154,-0.05371,0.03076,1.04248,-4.15000,-14.95400,17.21200
57.7200,506164,-0.05615,0.03589,1.07324,-3.35700,-11.90200,14.34300
57.7362,506174,-0.05688,0.04395,1.06177,-3.78400,-12.63400,15.38100
57.7362,506184,-0.05469,0.03198,1.06030,-3.66200,-11.47500,14.16000
57.7619,506194,-0.04736,0.01294,1.05151,-4.27200,-13.24500,16.11300
57.7680,506204,-0.04688,0.02661,1.03809,-4.39500,-14.52600,17.45600
57.7782,506214,-0.05884,0.02344,1.05713,-3.96700,-11.71900,15.50300
57.7845,506224,-0.05273,0.03882,1.04858,-3.78400,-11.10800,13.85500
57.7996,506234,-0.06201,0.02466,1.04150,-3.90600,-11.90200,14.89300
57.8123,506244,-0.06006,0.01733,1.04614,-3.66200,-11.78000,14.46500
57.8255,506254,-0.05591,0.02881,1.04370,-4.39500,-13.73300,16.84600
57.8255,506264,-0.05469,0.01807,1.04688,-4.08900,-13.30600,16.54100
57.8314,506274,-0.04321,0.02808,1.02856,-4.39500,-13.06200,16.35700
57.8480,506284,-0.05371,0.03906,1.04126,-3.60100,-12.57300,16.17400
57.8480,506294,-0.04199,0.02612,1.04736,-4.57800,-12.63400,17.02900
57.8631,506304,-0.05957,0.03613,1.05469,-4.39500,-13.42800,17.15100
57.8790,506314,-0.06738,0.02856,1.04590,-3.96700,-12.81700,16.47900
57.8790,506324,-0.06226,0.03345,1.04053,-3.96700,-12.57300,17.33400
57.8949,506334,-0.06348,0.02173,1.05273,-4.70000,-13.06200,17.51700
57.9108,506344,-0.06128,0.03076,1.04224,-4.51700,-13.55000,17.27300
57.9108,506354,-0.06396,0.03174,1.04395,-4.57800,-11.78000,16.29600
57.9267,506364,-0.07446,0.01587,1.06616,-4.15000,-11.65800,16.23500
57.9267,506374,-0.06738,0.02710,1.05737,-4.70000,-12.14600,16.78500
57.9444,506384,-0.06445,0.01416,1.03076,-3.78400,-11.16900,16.60200
57.9622,506394,-0.04517,0.03589,1.04907,-4.57800,-12.87800,17.76100
57.9782,506404,-0.06104,0.02686,1.05225,-3.90600,-11.96300,17.27300
57.9782,506414,-0.05688,0.02905,1.04590,-3.90600,-11.23000,16.84600
57.9908,506424,-0.07520,0.03003,1.04199,-4.08900,-11.41400,16.29600
57.9908,506434,-0.06934,0.02832,1.03809,-4.02800,-10.74200,16.66300
58.0189,506444,-0.05957,0.03052,1.04370,-3.60100,-10.74200,15.74700
58.0189,506454,-0.07104,0.02295,1.04785,-3.60100,-11.65800,17.63900
58.0250,506464,-0.05859,0.01953,1.06006,-4.45600,-12.26800,17.94400
58.0391,506474,-0.06543,0.02710,1.04297,-3.90600,-10.62000,17.15100
58.0391,506484,-0.07104,0.02637,1.03687,-4.45600,-11.16900,16.35700
58.0552,506494,-0.07007,0.02661,1.05444,-4.33300,-11.59700,17.27300
58.0709,506504,-0.06860,0.01855,1.05347,-4.57800,-10.80300,16.60200
58.0777,506514,-0.06348,0.02197,1.04370,-4.27200,-11.78000,17.45600
58.0869,506524,-0.06543,0.02832,1.05005,-4.94400,-12.45100,18.00500
58.0869,506534,-0.07397,0.03271,1.04468,-4.57800,-12.51200,17.94400
58.1029,506544,-0.07178,0.03223,1.05859,-4.63900,-12.26800,17.57800
58.1186,506554,-0.08252,0.01562,1.04858,-3.78400,-11.96300,16.84600
58.1186,506564,-0.07300,0.02783,1.04346,-3.96700,-10.74200,16.29600
58.1345,506574,-0.08105,0.02612,1.04053,-4.39500,-12.20700,17.09000
58.1502,506584,-0.07202,0.02808,1.04468,-4.33300,-11.53600,16.60200
58.1502,506594,-0.08521,0.01953,1.04297,-4.02800,-12.51200,18.00500
58.1659,506604,-0.07324,0.02100,1.03296,-4.15000,-12.26800,17.88300
58.1659,506614,-0.08203,0.02197,1.03809,-3.60100,-12.20700,17.21200
58.1839,506624,-0.06641,0.02246,1.03247,-3.90600,-12.32900,17.15100
58.2079,506634,-0.06982,0.02783,1.04907,-3.60100,-11.84100,16.35700
58.2099,506644,-0.08008,0.01855,1.03760,-4.27200,-11.53600,16.47900
58.2289,506654,-0.07886,0.03467,1.03345,-4.33300,-12.63400,17.09000
58.2289,506664,-0.08862,0.03687,1.04102,-4.57800,-13.06200,17.45600
58.2450,506674,-0.08765,0.03003,1.04346,-4.08900,-13.48900,18.31100
58.2450,506684,-0.07910,0.02881,1.04712,-4.27200,-12.20700,16.60200
58.2450,506694,-0.07788,0.01733,1.04980,-4.27200,-13.61100,17.02900
58.2628,506704,-0.08252,0.02344,1.03369,-4.08900,-13.24500,17.15100
58.2787,506714,-0.08911,0.03784,1.03662,-4.45600,-13.97700,17.15100
58.2899,506724,-0.08203,0.03516,1.04199,-3.96700,-13.24500,17.02900
58.3000,506734,-0.09937,0.02319,1.02661,-4.02800,-13.61100,16.54100
58.3078,506744,-0.09277,0.02490,1.03735,-4.27200,-15.25900,18.31100
58.3238,506754,-0.07959,0.02734,1.04810,-4.82200,-15.38100,18.55500
58.3238,506764,-0.07861,0.02319,1.04321,-4.33300,-15.74700,18.49400
58.3398,506774,-0.08423,0.04346,1.03809,-3.41800,-13.18400,14.58700
58.3398,506784,-0.09473,0.03076,1.05151,-4.45600,-15.68600,17.63900
58.3555,506794,-0.07837,0.02734,1.05249,-4.57800,-14.77100,16.60200
58.3705,506804,-0.08179,0.02075,1.05029,-4.45600,-14.83200,15.62500
58.3715,506814,-0.08228,0.02734,1.04028,-3.84500,-13.24500,14.03800
58.3873,506824,-0.07495,0.03467,1.02612,-4.88300,-15.07600,15.80800
58.3873,506834,-0.07812,0.03955,1.02905,-4.08900,-15.86900,17.39500
58.4030,506844,-0.05859,0.03052,1.03979,-4.33300,-15.56400,16.54100
58.4189,506854,-0.08545,0.02905,1.04248,-4.63900,-16.35700,17.09000
58.4349,506864,-0.06787,0.02246,1.04736,-3.84500,-15.38100,15.13700
58.4389,506874,-0.08374,0.02515,1.07227,-3.60100,-16.72400,17.02900
58.4506,506884,-0.07007,0.03735,1.03613,-4.21100,-17.57800,17.45600
58.4506,506894,-0.07031,0.04053,1.04712,-3.60100,-15.86900,16.05200
58.4670,506904,-0.09204,0.03125,1.03809,-4.15000,-16.72400,16.78500
58.4670,506914,-0.08472,0.01685,1.03003,-4.70000,-17.27300,16.60200
58.4828,506924,-0.08594,0.02393,1.04565,-4.21100,-17.39500,16.78500
58.4988,506934,-0.07886,0.02612,1.04150,-3.84500,-16.23500,16.17400
58.5073,506944,-0.06812,0.01025,1.04761,-4.70000,-18.06600,17.51700
58.5313,506954,-0.09302,0.01782,1.04858,-4.45600,-17.88300,18.12700
58.5313,506964,-0.07178,0.02295,1.04736,-4.33300,-17.39500,16.90700
58.5313,506974,-0.06494,0.03491,1.03857,-4.21100,-16.96800,16.05200
58.5855,507019,-0.07764,0.02686,1.03369,-2.99100,-17.39500,17.45600
58.5855,507021,-0.07544,0.02905,1.05713,-3.96700,-17.33400,17.27300
58.5855,507022,-0.07544,0.02905,1.05713,-3.96700,-17.33400,17.27300
58.5855,507024,-0.07544,0.02905,1.05713,-3.96700,-17.33400,17.27300
58.5855,507025,-0.07544,0.02905,1.05713,-3.96700,-17.33400,17.27300
58.5943,507034,-0.06543,0.02466,1.03931,-4.15000,-18.37200,17.57800
58.6100,507044,-0.07153,0.02515,1.05884,-4.02800,-18.61600,18.00500
58.6100,507054,-0.06641,0.02246,1.03345,-3.96700,-16.47900,16.17400
58.6415,507064,-0.06274,0.03833,1.04761,-4.45600,-16.78500,16.78500
58.6415,507074,-0.08667,0.04077,1.06372,-3.60100,-15.62500,15.13700
58.6572,507084,-0.07812,0.04590,1.05103,-3.90600,-16.54100,16.11300
58.6733,507094,-0.05273,0.02759,1.04810,-4.57800,-17.33400,17.15100
58.6733,507104,-0.06885,0.01685,1.03784,-4.57800,-17.02900,16.66300
58.6733,507114,-0.07251,0.02539,1.05151,-4.45600,-18.25000,17.76100
58.6892,507124,-0.05420,0.03296,1.03149,-4.45600,-16.35700,16.78500
58.6892,507134,-0.06665,0.02393,1.04614,-4.15000,-13.91600,14.52600
58.7052,507144,-0.06763,0.02417,1.02808,-3.41800,-15.99100,15.07600
58.7052,507154,-0.07178,0.01392,1.03052,-4.08900,-15.62500,15.68600
58.7383,507164,-0.07764,0.01587,1.04248,-4.27200,-17.09000,18.31100
58.7383,507174,-0.07178,0.02002,1.04492,-3.96700,-15.13700,16.72400
58.7383,507184,-0.08228,0.01709,1.06104,-3.54000,-15.93000,16.54100
58.7533,507194,-0.06836,0.01611,1.05249,-4.33300,-15.56400,17.27300
58.7691,507204,-0.07129,0.01123,1.05249,-3.66200,-13.97700,15.62500
58.7691,507214,-0.07373,0.02588,1.04468,-4.21100,-17.21200,17.82200
58.7850,507224,-0.06299,0.03003,1.04932,-4.21100,-16.78500,17.70000
58.8010,507234,-0.07153,0.02734,1.05005,-4.21100,-16.29600,17.09000
58.8010,507244,-0.07495,0.03198,1.03394,-3.78400,-15.50300,15.93000
58.8170,507254,-0.07251,0.02490,1.04614,-4.39500,-15.44200,16.23500
58.8330,507264,-0.05591,0.02417,1.04614,-4.15000,-15.32000,16.29600
58.8330,507274,-0.06299,0.01587,1.03223,-4.08900,-16.78500,17.63900
58.8490,507284,-0.05835,0.02173,1.04858,-3.66200,-14.09900,15.32000
58.8490,507294,-0.05371,0.02441,1.04126,-5.24900,-15.86900,17.21200
58.8648,507304,-0.04150,0.03052,1.05005,-4.45600,-16.29600,18.00500
58.8805,507314,-0.05542,0.02148,1.04590,-3.90600,-14.64800,15.56400
58.8805,507324,-0.06519,0.03394,1.03149,-4.63900,-15.68600,17.39500
58.8964,507334,-0.07861,0.01978,1.05591,-4.27200,-15.86900,17.21200
58.8964,507344,-0.06177,0.02100,1.04395,-4.02800,-15.68600,17.45600
58.9147,507354,-0.06519,0.02979,1.04321,-4.57800,-15.68600,17.51700
58.9481,507364,-0.06299,0.03833,1.03589,-4.02800,-14.77100,16.23500
58.9481,507374,-0.07324,0.02856,1.05127,-3.84500,-13.36700,15.68600
58.9481,507384,-0.05615,0.02197,1.05322,-3.60100,-14.03800,15.99100
58.9594,507394,-0.06372,0.01880,1.04419,-4.02800,-12.93900,14.77100
58.9642,507404,-0.05469,0.03296,1.04712,-3.54000,-11.96300,13.73300
58.9753,507414,-0.05420,0.03394,1.06445,-4.45600,-13.30600,15.25900
58.9910,507424,-0.05835,0.02515,1.05005,-3.84500,-13.12300,15.38100
59.0070,507434,-0.06299,0.02539,1.04224,-4.08900,-13.67200,16.35700
59.0090,507444,-0.07520,0.00977,1.04688,-4.76100,-14.09900,17.51700
59.0130,507454,-0.05859,0.01880,1.04150,-4.45600,-14.70900,17.82200
59.0230,507464,-0.06226,0.01587,1.03540,-3.47900,-13.42800,16.96800
59.0558,507474,-0.06396,0.02954,1.03589,-3.72300,-13.42800,15.99100
59.0558,507484,-0.06738,0.01880,1.03833,-4.70000,-14.46500,17.45600
59.0558,507494,-0.06763,0.03369,1.04688,-3.72300,-13.61100,17.09000
59.0716,507504,-0.06665,0.02466,1.05396,-3.47900,-12.51200,15.68600
59.0782,507514,-0.06250,0.02905,1.04736,-4.33300,-14.46500,17.63900
59.0875,507524,-0.06226,0.02808,1.05640,-4.70000,-15.01500,18.61600
59.0875,507534,-0.06494,0.02417,1.03662,-4.51700,-13.42800,16.90700
59.1033,507544,-0.07227,0.03833,1.05737,-4.33300,-13.67200,17.51700
59.1190,507554,-0.07617,0.02148,1.04980,-4.21100,-12.20700,16.11300
59.1190,507564,-0.07568,0.02319,1.05298,-4.88300,-13.30600,17.70000
59.1511,507574,-0.05859,0.03174,1.04126,-4.70000,-13.79400,17.82200
59.1511,507584,-0.06030,0.03516,1.03955,-4.51700,-13.06200,16.96800
59.1511,507594,-0.06641,0.00854,1.04590,-3.84500,-12.45100,16.78500
59.1668,507604,-0.06445,0.03857,1.05005,-4.15000,-12.63400,17.09000
59.1668,507614,-0.06909,0.01343,1.04346,-5.06600,-13.55000,18.86000
59.1842,507624,-0.07080,0.03198,1.04492,-3.78400,-11.90200,16.23500
59.1994,507634,-0.06470,0.03296,1.03516,-4.39500,-12.75600,16.84600
59.1994,507644,-0.08740,0.02563,1.04175,-5.00500,-14.52600,19.77500
59.2158,507654,-0.07764,0.02466,1.03540,-3.29600,-10.86400,15.50300
59.2158,507664,-0.06616,0.03076,1.04150,-4.21100,-12.57300,17.82200
59.2478,507674,-0.08423,0.02417,1.04175,-4.57800,-12.20700,17.94400
59.2478,507684,-0.08911,0.02563,1.05225,-4.70000,-12.57300,17.94400
59.2478,507694,-0.06616,0.03198,1.04468,-4.21100,-12.02400,17.39500
59.2652,507704,-0.06714,0.03369,1.05054,-4.45600,-11.90200,17.88300
59.2797,507714,-0.07520,0.02026,1.06372,-4.21100,-10.92500,16.11300
59.2797,507724,-0.07739,0.03296,1.05127,-3.84500,-11.47500,16.96800
59.2956,507734,-0.07129,0.02368,1.04785,-4.70000,-10.92500,16.47900
59.2956,507744,-0.07373,0.03076,1.02637,-4.39500,-10.68100,16.29600
59.3116,507754,-0.07568,0.03003,1.04419,-4.94400,-12.20700,18.25000
59.3436,507764,-0.07397,0.02222,1.04370,-3.90600,-11.96300,17.94400
59.3674,507774,-0.06226,0.02930,1.01953,-3.60100,-9.94900,15.38100
59.3674,507784,-0.07959,0.02881,1.05249,-4.39500,-13.18400,18.37200
59.3674,507794,-0.07886,0.02588,1.05908,-4.21100,-12.51200,18.67700
59.3674,507804,-0.07642,0.01733,1.04883,-4.08900,-10.31500,17.21200
59.3755,507814,-0.07935,0.01294,1.05762,-4.21100,-10.80300,16.90700
59.3755,507824,-0.07202,0.02417,1.04590,-4.39500,-11.53600,17.39500
59.3914,507834,-0.07617,0.04590,1.05469,-4.27200,-9.94900,16.66300
59.4076,507844,-0.08887,0.02515,1.04639,-5.00500,-11.35300,18.12700
59.4076,507854,-0.09082,0.02710,1.04761,-4.02800,-10.62000,16.29600
59.4233,507864,-0.09058,0.02490,1.04956,-4.63900,-10.68100,16.96800
59.4394,507874,-0.08154,0.01929,1.05322,-4.94400,-11.47500,18.31100
59.4555,507884,-0.08643,0.01929,1.03955,-4.08900,-10.86400,16.29600
59.4555,507894,-0.09375,0.02954,1.04443,-3.96700,-10.55900,16.17400
59.4713,507904,-0.08960,0.04077,1.03442,-4.15000,-11.53600,17.09000
59.4713,507914,-0.06689,0.02759,1.04175,-4.39500,-11.47500,17.15100
59.4871,507924,-0.08569,0.02393,1.05542,-3.66200,-10.37600,16.05200
59.4871,507934,-0.08179,0.04028,1.04980,-4.33300,-10.74200,16.96800
59.5082,507944,-0.10132,0.02246,1.05981,-4.02800,-10.98600,16.96800
59.5203,507954,-0.08179,0.02271,1.03857,-4.27200,-12.20700,18.43300
59.5203,507964,-0.08813,0.02368,1.03857,-4.08900,-11.23000,17.39500
59.5399,507974,-0.09424,0.02905,1.04077,-5.12700,-13.36700,18.98200
59.5504,507984,-0.10400,0.01611,1.04053,-4.15000,-12.51200,18.61600
59.5504,507994,-0.09180,0.01855,1.03711,-3.66200,-8.91100,13.36700
59.5657,508004,-0.08105,0.02466,1.04297,-4.27200,-12.20700,17.63900
59.5785,508014,-0.09180,0.03442,1.03516,-4.27200,-11.47500,16.72400
59.5871,508024,-0.08472,0.01685,1.04175,-4.63900,-11.78000,16.90700
59.5977,508034,-0.09204,0.02393,1.04517,-4.70000,-11.90200,18.00500
59.5977,508044,-0.10938,0.01440,1.04028,-4.70000,-14.09900,18.92100
59.6136,508054,-0.08936,0.01782,1.03638,-4.15000,-12.45100,16.78500
59.6295,508064,-0.08667,0.01660,1.02319,-4.57800,-12.39000,17.51700
59.6295,508074,-0.09766,0.02295,1.04834,-4.21100,-12.08500,16.54100
59.6616,508084,-0.07959,0.02124,1.04297,-4.39500,-12.87800,18.61600
59.6616,508094,-0.09082,0.03076,1.03833,-3.11300,-12.08500,15.86900
59.6658,508104,-0.10181,0.02368,1.03833,-3.96700,-12.02400,16.11300
59.6774,508114,-0.08765,0.02515,1.03979,-4.02800,-13.00000,17.09000
59.6774,508124,-0.08496,0.03760,1.03296,-4.02800,-12.02400,15.74700
59.6932,508134,-0.09106,0.03076,1.02979,-3.84500,-14.83200,17.45600
59.7093,508144,-0.10596,0.03613,1.03906,-3.78400,-12.81700,17.02900
59.7093,508154,-0.10645,0.04810,1.04321,-4.27200,-13.85500,16.66300
59.7254,508164,-0.07422,0.03540,1.04028,-4.21100,-14.58700,17.15100
59.7334,508174,-0.09448,0.01953,1.04907,-4.94400,-15.44200,17.27300
59.7691,508184,-0.09692,0.02539,1.02466,-3.29600,-11.96300,13.42800
59.7691,508194,-0.08691,0.03735,1.04053,-3.96700,-13.30600,15.62500
59.7707,508204,-0.09204,0.02344,1.05640,-4.63900,-14.52600,17.33400
59.7805,508214,-0.11548,0.02344,1.03638,-4.57800,-15.32000,17.63900
59.7907,508224,-0.09570,0.02026,1.04785,-4.21100,-15.74700,17.88300
59.8018,508234,-0.08765,0.02075,1.05078,-4.08900,-14.83200,16.05200
59.8102,508244,-0.11377,0.03540,1.04297,-4.39500,-15.93000,17.21200
59.8346,508254,-0.09668,0.02808,1.04102,-4.39500,-15.99100,16.96800
59.8346,508264,-0.10010,0.02661,1.04150,-4.02800,-16.23500,16.96800
59.8398,508274,-0.10938,0.01221,1.04761,-3.96700,-16.23500,17.21200
59.8747,508284,-0.09644,0.02197,1.04321,-4.33300,-17.09000,17.15100
59.8747,508294,-0.10693,0.01416,1.04102,-4.15000,-16.72400,17.21200
59.8747,508304,-0.09937,0.02905,1.06079,-3.35700,-15.99100,16.23500
59.8817,508314,-0.10303,0.02539,1.04883,-4.45600,-17.39500,17.21200
59.8898,508324,-0.09229,0.02075,1.04370,-3.72300,-16.96800,15.99100
59.9012,508334,-0.10059,0.01562,1.04565,-4.88300,-18.55500,18.31100
59.9043,508344,-0.10718,0.01709,1.04126,-4.21100,-17.82200,17.51700
59.9149,508354,-0.09448,0.02954,1.04297,-3.96700,-18.49400,17.15100
59.9301,508364,-0.08936,0.01953,1.04395,-4.08900,-18.18800,17.15100
59.9301,508374,-0.09180,0.03296,1.03589,-4.63900,-18.43300,17.33400
59.9459,508384,-0.08740,0.03125,1.04248,-3.90600,-19.16500,16.23500
59.9662,508394,-0.09766,0.01782,1.04614,-3.84500,-18.73800,16.54100
59.9662,508404,-0.07568,0.02905,1.03296,-3.96700,-19.59200,16.60200
59.9778,508414,-0.08447,0.02539,1.04688,-3.96700,-19.40900,16.60200
59.9778,508424,-0.08447,0.01880,1.04932,-3.78400,-19.95800,17.39500
59.9938,508434,-0.08130,0.01514,1.04272,-3.96700,-18.98200,16.84600
60.0098,508444,-0.09570,0.03394,1.05396,-4.15000,-20.08100,17.02900
60.0127,508454,-0.10205,0.02661,1.05127,-4.39500,-18.86000,15.93000
60.0258,508464,-0.09375,0.03516,1.05469,-4.33300,-21.05700,18.37200
60.0414,508474,-0.09644,0.01978,1.04785,-4.33300,-20.69100,17.39500
60.0455,508484,-0.09204,0.02661,1.04150,-4.63900,-20.99600,17.82200
60.0729,508494,-0.07959,0.02051,1.04248,-3.47900,-18.31100,14.52600
60.0729,508504,-0.09058,0.03369,1.03711,-4.45600,-21.60600,17.63900
60.0788,508514,-0.07617,0.02612,1.05225,-3.84500,-20.87400,16.90700
60.0888,508524,-0.08447,0.02759,1.04077,-3.60100,-20.08100,16.60200
60.0888,508534,-0.06519,0.02759,1.05200,-4.21100,-20.87400,16.90700
60.1049,508544,-0.07080,0.03223,1.05884,-4.02800,-20.56900,16.11300
60.1049,508554,-0.07080,0.03052,1.05640,-3.78400,-20.26400,16.35700
60.1208,508564,-0.07861,0.02222,1.06030,-4.33300,-21.17900,17.45600
60.1394,508574,-0.07983,0.02222,1.03296,-4.27200,-20.81300,17.33400
60.1394,508584,-0.06885,0.02124,1.04736,-4.51700,-20.69100,18.92100
60.1742,508594,-0.07959,0.02271,1.04565,-4.51700,-21.11800,16.78500
60.1802,508604,-0.08057,0.02808,1.03467,-4.88300,-21.42300,17.63900
60.1802,508614,-0.08130,0.03711,1.03491,-4.39500,-19.28700,16.23500
60.1903,508624,-0.06689,0.01758,1.07007,-4.82200,-21.11800,17.45600
60.2082,508634,-0.05713,0.02808,1.03760,-4.70000,-21.17900,18.12700
60.2102,508644,-0.05933,0.02295,1.06104,-3.54000,-19.53100,16.54100
60.2166,508654,-0.06567,0.02734,1.03076,-4.15000,-19.16500,16.47900
60.2166,508664,-0.06616,0.02686,1.03687,-3.90600,-19.71400,17.33400
60.2330,508674,-0.07104,0.03613,1.04443,-3.29600,-18.31100,16.17400
60.2499,508684,-0.06982,0.02222,1.04199,-4.94400,-20.69100,18.67700
60.2620,508694,-0.07544,0.03076,1.04028,-4.76100,-20.81300,18.18800
60.2666,508704,-0.06592,0.02417,1.05029,-4.57800,-19.71400,17.21200
60.2811,508714,-0.07397,0.02393,1.04443,-4.08900,-20.08100,18.25000
60.2811,508724,-0.08228,0.00977,1.05591,-4.15000,-19.34800,17.33400
60.2970,508734,-0.06055,0.01660,1.04565,-3.66200,-18.49400,15.93000
60.2970,508744,-0.07153,0.02100,1.03467,-3.72300,-18.06600,16.96800
60.3131,508754,-0.06616,0.03833,1.04785,-4.08900,-17.45600,15.74700
60.3290,508764,-0.07153,0.02930,1.05566,-3.54000,-17.02900,16.54100
60.3290,508774,-0.05493,0.02368,1.05957,-4.02800,-17.15100,16.96800
60.3470,508784,-0.05688,0.03613,1.03442,-4.33300,-17.02900,16.60200
60.3609,508794,-0.04639,0.03076,1.03320,-4.21100,-17.57800,17.82200
60.3769,508804,-0.05054,0.02954,1.03809,-4.39500,-18.06600,17.63900
60.3769,508814,-0.05054,0.03076,1.04565,-3.84500,-16.05200,16.84600
60.3769,508824,-0.05273,0.02905,1.04395,-4.02800,-16.05200,17.51700
60.3928,508834,-0.05200,0.03003,1.04736,-4.57800,-16.35700,17.39500
60.4245,508844,-0.06274,0.03149,1.04370,-4.08900,-14.40400,16.35700
60.4245,508854,-0.05249,0.02466,1.04370,-4.70000,-15.38100,17.39500
60.4415,508864,-0.06934,0.02173,1.04395,-3.90600,-14.89300,16.72400
60.4415,508874,-0.06494,0.02710,1.04297,-4.15000,-15.01500,16.90700
60.4415,508884,-0.06714,0.01709,1.04004,-3.54000,-13.67200,16.23500
60.4560,508894,-0.05127,0.02051,1.04224,-4.57800,-14.16000,17.27300
60.4732,508904,-0.04639,0.02246,1.05981,-4.57800,-15.13700,17.70000
60.4732,508914,-0.06958,0.01123,1.06470,-4.51700,-14.34300,17.63900
60.4877,508924,-0.06421,0.02588,1.04980,-4.82200,-15.19800,18.43300
60.4877,508934,-0.05371,0.02441,1.04663,-4.27200,-12.02400,15.07600
60.5093,508944,-0.05713,0.03540,1.03906,-4.39500,-14.09900,17.21200
60.5196,508954,-0.05249,0.03735,1.04419,-4.51700,-13.55000,17.57800
60.5196,508964,-0.04858,0.02197,1.04272,-4.76100,-13.67200,17.82200
60.5455,508974,-0.03101,0.03467,1.04028,-4.76100,-14.58700,18.86000
60.5882,509020,-0.06152,0.02539,1.04468,-3.84500,-12.02400,16.66300
60.5882,509022,-0.06152,0.02539,1.04468,-3.84500,-12.02400,16.66300
60.5882,509023,-0.06152,0.02539,1.04468,-3.84500,-12.02400,16.66300
60.5882,509025,-0.06152,0.02539,1.04468,-3.54000,-11.53600,15.93000
60.5882,509026,-0.05664,0.02490,1.04785,-3.54000,-11.53600,15.93000
60.5987,509034,-0.08228,0.02856,1.04224,-4.15000,-10.98600,16.11300
60.5987,509044,-0.05640,0.02100,1.05664,-3.90600,-11.59700,17.15100
60.6148,509054,-0.06421,0.02002,1.04614,-3.78400,-10.19300,15.74700
60.6148,509064,-0.05859,0.03882,1.05542,-4.02800,-11.23000,16.66300
60.6308,509074,-0.05566,0.03296,1.04907,-4.15000,-11.29200,17.02900
60.6551,509084,-0.06421,0.01294,1.05664,-4.27200,-11.59700,16.90700
60.6612,509094,-0.06494,0.03979,1.04053,-4.02800,-11.04700,16.66300
60.6698,509104,-0.07959,0.03345,1.04395,-4.70000,-12.20700,17.94400
60.6799,509114,-0.08301,0.02881,1.04565,-4.51700,-11.65800,17.02900
60.6799,509124,-0.06567,0.02393,1.04663,-3.96700,-11.04700,15.93000
60.6938,509134,-0.07056,0.02905,1.02588,-4.57800,-11.84100,17.15100
60.7098,509144,-0.08496,0.02954,1.03564,-4.39500,-11.84100,17.27300
60.7098,509154,-0.07227,0.02075,1.05200,-4.33300,-11.90200,16.78500
60.7258,509164,-0.06763,0.02295,1.04395,-4.45600,-12.08500,17.27300
60.7258,509174,-0.08740,0.01807,1.05347,-4.70000,-11.78000,17.45600
60.7418,509184,-0.07397,0.02710,1.03467,-4.02800,-11.16900,16.17400
60.7660,509194,-0.07056,0.02026,1.06226,-4.02800,-11.47500,17.27300
60.7736,509204,-0.06738,0.02441,1.05786,-4.76100,-11.96300,16.96800
60.7895,509214,-0.05737,0.02075,1.04419,-3.78400,-10.80300,16.47900
60.7895,509224,-0.07788,0.03003,1.05103,-4.21100,-11.96300,17.09000
60.7996,509234,-0.07275,0.03125,1.02539,-4.15000,-11.41400,16.23500
60.8074,509244,-0.08105,0.02393,1.06299,-4.02800,-10.98600,15.74700
60.8074,509254,-0.07275,0.02832,1.03711,-4.15000,-12.45100,17.02900
60.8211,509264,-0.08984,0.01294,1.04175,-3.78400,-11.16900,16.47900
60.8395,509274,-0.09448,0.01685,1.03735,-3.47900,-9.70500,14.70900
60.8395,509284,-0.08447,0.02637,1.03784,-4.27200,-11.84100,15.86900
60.8530,509294,-0.08643,0.02246,1.04004,-3.66200,-12.63400,17.02900
60.8683,509304,-0.07861,0.03345,1.05640,-4.02800,-12.26800,16.60200
60.8842,509314,-0.08496,0.02588,1.04175,-4.63900,-13.79400,18.06600
60.8842,509324,-0.09302,0.02905,1.03687,-3.47900,-12.75600,15.99100
60.9001,509334,-0.09790,0.03003,1.04688,-4.15000,-13.30600,16.96800
60.9001,509344,-0.08423,0.02734,1.04517,-4.15000,-13.67200,17.02900
60.9158,509354,-0.08936,0.03467,1.04639,-3.54000,-13.30600,17.09000
60.9158,509364,-0.07861,0.02661,1.05322,-4.02800,-13.00000,16.29600
60.9318,509374,-0.07935,0.02490,1.05591,-3.84500,-13.55000,16.41800
60.9479,509384,-0.08423,0.03003,1.05347,-4.33300,-14.40400,16.90700
60.9479,509394,-0.07520,0.03662,1.03467,-4.33300,-13.91600,16.90700
60.9686,509404,-0.07837,0.03784,1.03394,-4.08900,-14.34300,16.17400
60.9953,509414,-0.08936,0.01855,1.04541,-4.27200,-14.64800,17.27300
60.9953,509424,-0.07422,0.04443,1.03052,-4.76100,-14.70900,16.35700
60.9953,509434,-0.08521,0.02686,1.05347,-4.15000,-15.74700,18.18800
61.0113,509444,-0.08545,0.01953,1.04370,-4.15000,-14.83200,16.90700
61.0143,509454,-0.07520,0.03589,1.03442,-3.84500,-15.07600,17.21200
61.0273,509464,-0.07300,0.02319,1.05542,-4.76100,-16.05200,17.94400
61.0404,509474,-0.07495,0.02661,1.03394,-4.15000,-15.44200,17.70000
61.0441,509484,-0.07324,0.03149,1.04810,-4.02800,-14.95400,17.15100
61.0625,509494,-0.09448,0.02246,1.04980,-4.51700,-15.86900,16.96800
61.0691,509504,-0.06372,0.03125,1.04126,-4.02800,-15.01500,16.05200
61.0905,509514,-0.06860,0.02759,1.04102,-4.21100,-15.32000,16.11300
61.0905,509524,-0.07861,0.02148,1.05249,-4.02800,-16.17400,17.21200
61.0905,509534,-0.08057,0.01416,1.04297,-4.08900,-16.05200,17.21200
61.1100,509544,-0.08716,0.03638,1.05078,-4.08900,-16.05200,17.39500
61.1166,509554,-0.08105,0.03052,1.05884,-3.96700,-16.54100,17.57800
61.1293,509564,-0.08374,0.01855,1.05371,-4.15000,-16.54100,16.47900
61.1386,509574,-0.07422,0.03467,1.05811,-3.84500,-16.66300,17.70000
61.1546,509584,-0.06470,0.04126,1.03271,-4.02800,-18.06600,17.88300
61.1546,509594,-0.07642,0.03589,1.04980,-3.96700,-16.78500,16.96800
61.1707,509604,-0.07788,0.03076,1.04199,-4.51700,-16.96800,16.84600
61.1707,509614,-0.08252,0.02979,1.04956,-4.39500,-17.39500,17.39500
61.1868,509624,-0.08350,0.02979,1.05640,-3.60100,-16.11300,16.72400
61.1868,509634,-0.08667,0.03516,1.04492,-4.33300,-17.21200,17.21200
61.2029,509644,-0.07422,0.04077,1.04541,-4.39500,-16.54100,16.47900
61.2195,509654,-0.08813,0.02637,1.04614,-4.57800,-17.21200,17.09000
61.2195,509664,-0.08667,0.03296,1.04980,-4.57800,-17.09000,17.09000
61.2396,509674,-0.06470,0.03760,1.03296,-4.08900,-16.96800,17.21200
61.2511,509684,-0.09424,0.03198,1.04272,-3.90600,-16.84600,16.41800
61.2511,509694,-0.08911,0.02637,1.04932,-4.51700,-16.90700,16.54100
61.2701,509704,-0.07837,0.02954,1.03882,-4.15000,-17.39500,17.76100
61.2701,509714,-0.08057,0.01953,1.03735,-4.39500,-17.51700,17.70000
61.2987,509724,-0.06592,0.02588,1.05981,-4.02800,-17.02900,17.09000
61.2987,509734,-0.08252,0.03076,1.06396,-4.33300,-16.54100,16.90700
61.2987,509744,-0.07642,0.02002,1.05444,-4.21100,-17.82200,17.63900
61.3149,509754,-0.07617,0.01489,1.04443,-4.27200,-16.41800,16.66300
61.3149,509764,-0.06250,0.03296,1.04395,-4.21100,-16.90700,16.78500
61.3308,509774,-0.06689,0.02881,1.04907,-4.45600,-18.31100,17.33400
61.3469,509784,-0.07520,0.03418,1.05884,-3.78400,-17.02900,16.47900
61.3626,509794,-0.08398,0.03369,1.05688,-4.21100,-17.09000,16.90700
61.3786,509804,-0.07349,0.00781,1.04248,-4.70000,-15.74700,16.90700
61.3786,509814,-0.06958,0.02002,1.03076,-4.27200,-16.23500,17.21200
61.3944,509824,-0.08081,0.03687,1.07031,-3.84500,-13.73300,13.91600
61.3944,509834,-0.08521,0.01611,1.04297,-4.08900,-17.63900,18.18800
61.4104,509844,-0.07275,0.03174,1.04028,-4.51700,-15.44200,16.11300
61.4104,509854,-0.06909,0.02881,1.05225,-4.33300,-15.56400,15.99100
61.4264,509864,-0.07080,0.02563,1.04028,-3.84500,-15.56400,16.78500
61.4408,509874,-0.06152,0.03394,1.04395,-4.08900,-15.56400,15.99100
61.4424,509884,-0.06372,0.01855,1.05200,-4.63900,-15.44200,16.35700
61.4582,509894,-0.05469,0.04517,1.05322,-4.33300,-15.99100,16.29600
61.4707,509904,-0.06250,0.03687,1.03589,-4.15000,-16.47900,16.72400
61.4743,509914,-0.05664,0.03613,1.05151,-4.39500,-15.80800,16.72400
61.5064,509924,-0.06128,0.03760,1.04102,-3.72300,-15.56400,16.60200
61.5064,509934,-0.06592,0.02905,1.04443,-4.45600,-15.80800,17.15100
61.5101,509944,-0.05200,0.03223,1.04907,-4.27200,-16.17400,17.57800
61.5221,509954,-0.07227,0.01709,1.04590,-3.84500,-15.01500,17.21200
61.5221,509964,-0.07910,0.03467,1.03711,-4.57800,-15.86900,17.39500
61.5382,509974,-0.04883,0.02612,1.03735,-3.47900,-16.05200,17.51700
61.5382,509984,-0.07178,0.02881,1.05029,-4.57800,-15.13700,17.33400
61.5540,509994,-0.07495,0.03003,1.03979,-3.41800,-14.40400,16.29600
61.5710,510004,-0.06323,0.02661,1.03735,-4.21100,-15.25900,17.45600
61.5795,510014,-0.07227,0.02490,1.03833,-3.78400,-13.97700,16.35700
61.5896,510024,-0.05811,0.02588,1.04468,-4.08900,-14.46500,17.09000
61.6019,510034,-0.05811,0.02612,1.05249,-3.66200,-14.89300,16.54100
61.6019,510044,-0.07153,0.01782,1.06738,-4.33300,-14.03800,17.57800
61.6180,510054,-0.06079,0.03906,1.04395,-4.51700,-14.83200,17.88300
61.6180,510064,-0.06055,0.02539,1.04004,-4.15000,-13.42800,16.11300
61.6340,510074,-0.07373,0.01709,1.03662,-4.15000,-15.19800,17.82200
61.6501,510084,-0.08521,0.00732,1.05762,-4.33300,-12.93900,16.78500
61.6501,510094,-0.07300,0.02612,1.04468,-4.57800,-14.34300,16.90700
61.6661,510104,-0.07690,0.02026,1.04004,-4.15000,-13.61100,16.78500
61.6710,510114,-0.06445,0.02515,1.04736,-4.21100,-14.46500,17.27300
61.6820,510124,-0.07373,0.02979,1.03076,-4.45600,-13.42800,16.54100
61.6977,510134,-0.05200,0.02905,1.03296,-4.02800,-13.73300,17.02900
61.6977,510144,-0.06592,0.02197,1.04785,-3.60100,-12.87800,15.56400
61.7137,510154,-0.06226,0.02759,1.02368,-4.39500,-14.40400,17.94400
61.7294,510164,-0.06104,0.01611,1.04834,-4.94400,-14.46500,19.40900
61.7294,510174,-0.05664,0.03564,1.04736,-4.08900,-13.24500,16.90700
61.7453,510184,-0.05591,0.01587,1.04126,-4.27200,-13.00000,16.41800
61.7453,510194,-0.07373,0.02686,1.03906,-3.96700,-13.12300,16.84600
61.7711,510204,-0.09009,0.02979,1.05591,-4.27200,-13.48900,16.84600
61.7792,510214,-0.07300,0.03027,1.03369,-4.57800,-13.18400,16.54100
61.7792,510224,-0.08057,0.02417,1.03882,-4.21100,-13.06200,16.35700
61.8089,510234,-0.06982,0.01978,1.03320,-4.33300,-13.91600,17.45600
61.8089,510244,-0.08105,0.02002,1.04883,-4.27200,-13.73300,17.33400
61.8089,510254,-0.07935,0.02441,1.05762,-4.02800,-14.46500,17.15100
61.8247,510264,-0.06372,0.03369,1.03882,-3.96700,-13.12300,16.05200
61.8403,510274,-0.05151,0.02124,1.04517,-4.51700,-14.46500,18.00500
61.8403,510284,-0.06323,0.03369,1.05664,-4.02800,-13.61100,17.02900
61.8564,510294,-0.07349,0.02271,1.05859,-4.02800,-13.85500,17.63900
61.8722,510304,-0.07153,0.00464,1.04395,-4.51700,-13.24500,17.57800
61.8722,510314,-0.06519,0.02783,1.03955,-4.15000,-14.58700,18.06600
61.8883,510324,-0.06812,0.03345,1.04102,-4.27200,-13.79400,17.02900
61.8883,510334,-0.07812,0.03467,1.04272,-5.12700,-14.52600,18.37200
61.9519,510344,-0.06152,0.01587,1.03760,-3.96700,-13.61100,16.47900
61.9519,510354,-0.07861,0.01904,1.03418,-4.08900,-13.97700,16.72400
61.9519,510364,-0.07837,0.02124,1.05786,-4.39500,-14.22100,17.39500
61.9519,510374,-0.07935,0.01611,1.04541,-5.06600,-15.07600,18.18800
61.9549,510384,-0.06885,0.03076,1.03882,-4.21100,-12.87800,16.05200
61.9676,510394,-0.07983,0.02246,1.04736,-4.51700,-14.46500,17.63900
61.9713,510404,-0.07397,0.02979,1.05737,-4.33300,-14.46500,17.63900
62.0215,510414,-0.07422,0.02271,1.05127,-4.63900,-14.46500,17.70000
62.0215,510424,-0.07495,0.02905,1.04077,-3.90600,-13.30600,15.99100
62.0275,510434,-0.08325,0.01831,1.04004,-4.33300,-13.73300,17.21200
62.0275,510444,-0.08228,0.01855,1.04126,-3.84500,-14.40400,17.02900
62.0275,510454,-0.08081,0.02856,1.03467,-4.39500,-14.89300,17.27300
62.0325,510464,-0.07080,0.02515,1.03857,-4.82200,-14.34300,17.15100
62.0406,510474,-0.05981,0.02441,1.04150,-3.66200,-14.83200,16.72400
62.0543,510484,-0.07568,0.02612,1.03735,-3.60100,-15.25900,17.88300
62.0707,510494,-0.07300,0.01611,1.04834,-3.90600,-14.22100,16.11300
62.0797,510504,-0.07935,0.02075,1.04736,-3.72300,-14.77100,17.02900
62.1417,510514,-0.09253,0.02905,1.04248,-4.33300,-14.40400,16.35700
62.1417,510524,-0.07275,0.02246,1.04956,-4.33300,-15.99100,17.45600
62.1417,510534,-0.07959,0.02466,1.04834,-4.33300,-15.44200,16.72400
62.1578,510544,-0.06934,0.04810,1.03979,-4.08900,-14.95400,17.27300
62.1578,510554,-0.07471,0.02515,1.03027,-4.21100,-15.50300,16.60200
62.1578,510564,-0.08325,0.02954,1.03320,-4.15000,-15.38100,17.94400
62.1578,510574,-0.06470,0.02930,1.04663,-3.96700,-15.13700,16.90700
62.1578,510584,-0.08667,0.02979,1.04370,-4.08900,-15.32000,17.15100
62.1578,510594,-0.07910,0.02759,1.04224,-4.02800,-15.07600,16.72400
62.1652,510604,-0.07617,0.03369,1.04321,-4.15000,-15.50300,17.63900
62.1895,510614,-0.07349,0.02856,1.05737,-3.72300,-15.13700,16.17400
62.1895,510624,-0.08813,0.02051,1.04956,-3.96700,-15.56400,16.96800
62.1895,510634,-0.08154,0.02808,1.04883,-4.15000,-15.13700,16.47900
62.2214,510644,-0.07446,0.02222,1.04077,-3.90600,-16.17400,16.47900
62.2214,510654,-0.04956,0.03906,1.03955,-4.27200,-15.44200,16.29600
62.2214,510664,-0.06982,0.02002,1.05273,-5.00500,-16.29600,17.82200
62.2374,510674,-0.05908,0.02417,1.02368,-3.84500,-14.89300,16.29600
62.2374,510684,-0.07910,0.02539,1.05420,-3.84500,-15.68600,16.78500
62.2535,510694,-0.07227,0.02368,1.03296,-4.02800,-16.84600,17.94400
62.2695,510704,-0.07471,0.03125,1.04565,-4.39500,-16.35700,16.96800
62.2858,510714,-0.07349,0.03320,1.04541,-4.63900,-16.54100,17.57800
62.2858,510724,-0.06812,0.04077,1.04419,-3.78400,-15.86900,16.60200
62.3016,510734,-0.06812,0.02075,1.03931,-4.15000,-15.25900,16.96800
62.3175,510744,-0.05566,0.02515,1.04272,-3.47900,-15.99100,17.09000
62.3175,510754,-0.07812,0.01953,1.04175,-3.60100,-15.56400,17.27300
62.3175,510764,-0.06909,0.04395,1.04590,-4.15000,-16.17400,17.51700
62.3335,510774,-0.06030,0.02197,1.04810,-4.15000,-15.80800,17.09000
62.3495,510784,-0.07202,0.04224,1.04785,-3.66200,-15.68600,17.02900
62.3495,510794,-0.05884,0.04639,1.03052,-4.08900,-15.86900,16.60200
62.3724,510804,-0.08521,0.02808,1.04907,-4.21100,-15.99100,16.90700
62.3724,510814,-0.07178,0.02686,1.04272,-4.39500,-16.17400,18.12700
62.3824,510824,-0.07202,0.02808,1.04126,-3.84500,-16.29600,18.00500
62.3975,510834,-0.08398,0.02222,1.05103,-4.21100,-15.50300,16.35700
62.4133,510844,-0.08032,0.03076,1.02930,-4.02800,-15.99100,16.72400
62.4133,510854,-0.06812,0.02539,1.04077,-4.51700,-15.80800,16.66300
62.4295,510864,-0.07031,0.02417,1.03711,-3.96700,-14.95400,16.66300
62.4413,510874,-0.07861,0.03491,1.04248,-4.02800,-15.19800,16.35700
62.4454,510884,-0.06641,0.02979,1.04028,-4.08900,-15.13700,16.54100
62.4454,510894,-0.07031,0.02295,1.04639,-4.45600,-16.35700,16.60200
62.4612,510904,-0.06128,0.01538,1.04077,-3.66200,-15.19800,16.60200
62.4771,510914,-0.07251,0.01123,1.06030,-4.27200,-16.41800,17.76100
62.4771,510924,-0.07910,0.01978,1.07007,-3.90600,-14.77100,16.78500
62.4932,510934,-0.07593,0.02783,1.04224,-3.66200,-15.86900,17.94400
62.5090,510944,-0.07544,0.03320,1.05957,-4.02800,-16.05200,17.76100
62.5276,510954,-0.07715,0.02686,1.05176,-4.76100,-15.56400,17.02900
62.5276,510964,-0.07275,0.03345,1.03931,-4.21100,-15.68600,17.45600
62.5462,510974,-0.08276,0.02734,1.04932,-4.82200,-16.23500,17.76100
62.5872,511021,-0.06738,0.02734,1.04468,-4.08900,-14.89300,16.96800
62.5872,511023,-0.06738,0.02734,1.04468,-4.08900,-14.89300,16.96800
62.5908,511024,-0.06372,0.02002,1.04468,-4.57800,-15.13700,17.27300
62.5928,511026,-0.06372,0.02002,1.04468,-4.57800,-15.13700,17.27300
62.5928,511027,-0.06372,0.02002,1.04468,-4.57800,-15.13700,17.27300
62.5968,511034,-0.05688,0.01953,1.04980,-4.45600,-14.70900,17.09000
62.6031,511044,-0.07861,0.01196,1.06006,-4.76100,-15.50300,18.06600
62.6187,511054,-0.07227,0.02930,1.03491,-4.02800,-15.01500,17.33400
62.6187,511064,-0.06885,0.02759,1.04492,-4.39500,-14.83200,16.90700
62.6347,511074,-0.06372,0.04395,1.04883,-4.08900,-15.25900,17.21200
62.6506,511084,-0.08716,0.02612,1.04614,-4.15000,-15.38100,16.72400
62.6506,511094,-0.07886,0.02051,1.04932,-4.08900,-15.38100,17.70000
62.6704,511104,-0.07935,0.02100,1.05249,-3.90600,-14.46500,16.66300
62.6735,511114,-0.06812,0.03442,1.04932,-4.33300,-15.74700,18.12700
62.6820,511124,-0.06909,0.03784,1.04028,-4.02800,-14.28200,16.47900
62.7016,511134,-0.08643,0.01392,1.04932,-4.51700,-15.25900,17.76100
62.7097,511144,-0.07446,0.03247,1.03247,-3.96700,-13.79400,16.72400
62.7353,511154,-0.06812,0.02588,1.04834,-4.57800,-14.64800,17.51700
62.7353,511164,-0.06567,0.02148,1.03662,-4.63900,-14.22100,16.60200
62.7413,511174,-0.06201,0.01880,1.03760,-3.78400,-14.09900,15.99100
62.7511,511184,-0.08008,0.02930,1.03320,-4.51700,-14.16000,17.33400
62.7610,511194,-0.07935,0.02954,1.05811,-4.57800,-14.16000,17.33400
62.7702,511204,-0.07031,0.03491,1.03564,-4.02800,-14.22100,16.23500
62.7775,511214,-0.08130,0.02002,1.05811,-4.02800,-13.30600,16.66300
62.7775,511224,-0.07202,0.01587,1.04639,-4.33300,-14.89300,17.70000
62.7927,511234,-0.06421,0.02466,1.03540,-4.15000,-13.24500,15.99100
62.8088,511244,-0.06836,0.02026,1.05298,-3.96700,-14.77100,17.51700
62.8088,511254,-0.07617,0.03027,1.06616,-4.45600,-14.46500,16.35700
62.8248,511264,-0.06616,0.02368,1.03613,-4.33300,-14.77100,17.82200
62.8405,511274,-0.06323,0.04077,1.04004,-4.51700,-14.89300,17.88300
62.8405,511284,-0.07520,0.01953,1.04028,-4.39500,-13.73300,16.60200
62.8564,511294,-0.06934,0.02466,1.04224,-4.02800,-14.16000,17.15100
62.8564,511304,-0.07251,0.03296,1.04297,-4.02800,-14.89300,18.31100
62.8739,511314,-0.08447,0.04346,1.04858,-4.57800,-14.77100,17.76100
62.8883,511324,-0.06958,0.02271,1.03589,-4.08900,-14.34300,17.09000
62.8883,511334,-0.07642,0.03003,1.05347,-4.63900,-14.95400,17.51700
62.9041,511344,-0.06641,0.01807,1.04199,-3.60100,-14.95400,16.47900
62.9199,511354,-0.06567,0.02832,1.02979,-3.96700,-13.42800,16.84600
62.9360,511364,-0.06079,0.02295,1.04419,-3.78400,-12.45100,15.80800
62.9360,511374,-0.06494,0.03125,1.03638,-3.78400,-14.70900,17.15100
62.9360,511384,-0.06152,0.02417,1.03979,-4.33300,-14.46500,17.02900
62.9520,511394,-0.06470,0.03467,1.05591,-4.33300,-15.62500,18.49400
62.9681,511404,-0.06860,0.02100,1.04956,-4.21100,-13.73300,16.78500
62.9740,511414,-0.06641,0.02124,1.03613,-4.21100,-14.28200,16.66300
62.9842,511424,-0.07739,0.01611,1.04590,-4.02800,-14.09900,16.47900
63.0000,511434,-0.08105,0.03467,1.04932,-4.15000,-13.85500,16.29600
63.0000,511444,-0.06641,0.02930,1.05737,-3.84500,-15.93000,17.94400
63.0160,511454,-0.07715,0.03076,1.03711,-4.08900,-14.46500,16.78500
63.0420,511464,-0.06860,0.02173,1.05225,-3.90600,-14.95400,17.33400
63.0420,511474,-0.06494,0.02808,1.04150,-3.90600,-15.01500,16.78500
63.0474,511484,-0.05151,0.02246,1.04175,-3.84500,-14.95400,16.47900
63.0634,511494,-0.07544,0.02222,1.05444,-4.08900,-14.52600,16.47900
63.0634,511504,-0.07373,0.02856,1.04810,-3.66200,-15.38100,18.12700
63.0803,511514,-0.07886,0.03076,1.05200,-4.02800,-14.58700,16.90700
63.0915,511524,-0.07324,0.02661,1.04248,-3.41800,-13.61100,16.05200
63.0950,511534,-0.07129,0.03442,1.04468,-4.27200,-14.95400,17.15100
63.1109,511544,-0.08984,0.03003,1.05640,-4.70000,-15.50300,17.27300
63.1109,511554,-0.07983,0.03076,1.06006,-4.70000,-16.11300,18.00500
63.1426,511564,-0.06958,0.02539,1.05103,-4.63900,-15.44200,17.21200
63.1426,511574,-0.06616,0.03369,1.05273,-4.27200,-15.44200,16.96800
63.1426,511584,-0.07666,0.02710,1.03833,-4.08900,-15.86900,17.33400
63.1587,511594,-0.06055,0.04517,1.03369,-4.21100,-15.86900,17.09000
63.1587,511604,-0.06299,0.01709,1.04492,-4.15000,-14.70900,16.23500
63.1750,511614,-0.07861,0.02539,1.05396,-4.02800,-15.13700,16.29600
63.1906,511624,-0.07886,0.02588,1.05103,-4.02800,-15.19800,16.84600
63.1906,511634,-0.06519,0.02979,1.04639,-4.21100,-14.77100,17.21200
63.2066,511644,-0.06763,0.02905,1.03076,-4.02800,-15.32000,17.21200
63.2066,511654,-0.09521,0.02881,1.06006,-4.33300,-15.25900,17.21200
63.2226,511664,-0.07031,0.02441,1.04004,-4.57800,-15.19800,17.63900
63.2403,511674,-0.05371,0.02612,1.03857,-3.84500,-14.52600,16.47900
63.2403,511684,-0.08447,0.03003,1.04492,-3.90600,-15.74700,17.39500
63.2542,511694,-0.09326,0.02271,1.04810,-4.51700,-14.95400,16.84600
63.2711,511704,-0.07007,0.02808,1.03564,-5.06600,-15.32000,16.78500
63.2752,511714,-0.08545,0.03491,1.03613,-3.84500,-15.74700,16.35700
63.2881,511724,-0.05762,0.02222,1.03076,-3.60100,-15.01500,16.90700
63.3020,511734,-0.06470,0.03638,1.05005,-4.39500,-15.44200,17.21200
63.3020,511744,-0.06763,0.01807,1.05005,-4.94400,-16.05200,17.63900
63.3182,511754,-0.05811,0.02515,1.03174,-4.02800,-14.58700,16.66300
63.3182,511764,-0.07397,0.02295,1.04419,-4.15000,-16.41800,17.57800
63.3504,511774,-0.05957,0.03149,1.04126,-4.39500,-15.25900,17.15100
63.3504,511784,-0.06396,0.03296,1.04834,-4.15000,-16.11300,18.06600
63.3685,511794,-0.07837,0.02661,1.04492,-3.90600,-15.99100,17.63900
63.3729,511804,-0.07324,0.02417,1.03809,-4.15000,-15.50300,17.39500
63.3760,511814,-0.07300,0.03369,1.04346,-3.60100,-14.70900,16.41800
63.3825,511824,-0.07861,0.01978,1.05737,-3.66200,-15.99100,17.57800
63.3985,511834,-0.07520,0.02783,1.04956,-4.82200,-16.54100,17.88300
63.3985,511844,-0.07202,0.02710,1.05981,-4.21100,-14.77100,16.47900
63.4145,511854,-0.06299,0.03076,1.05396,-3.66200,-14.64800,16.11300
63.4306,511864,-0.06274,0.02930,1.04102,-3.41800,-13.85500,14.89300
63.4464,511874,-0.06567,0.02759,1.04028,-3.90600,-14.46500,15.38100
63.4464,511884,-0.08032,0.02417,1.05347,-3.96700,-13.55000,15.56400
63.4464,511894,-0.05493,0.01807,1.03174,-4.08900,-15.38100,16.84600
63.4624,511904,-0.07544,0.03198,1.04541,-4.21100,-15.68600,17.45600
63.4783,511914,-0.07104,0.02979,1.04761,-4.15000,-15.19800,16.84600
63.4783,511924,-0.07446,0.02588,1.04199,-4.27200,-15.32000,16.78500
63.4942,511934,-0.07349,0.02979,1.04077,-3.90600,-14.52600,16.35700
63.5114,511944,-0.07056,0.01685,1.04077,-3.96700,-15.19800,16.72400
63.5114,511954,-0.06885,0.02393,1.05884,-4.27200,-16.11300,17.27300
63.5265,511964,-0.07275,0.03223,1.05322,-4.76100,-16.11300,17.82200
63.5423,511974,-0.05811,0.03125,1.05322,-4.51700,-16.17400,18.12700
63.5423,511984,-0.07593,0.03052,1.06543,-4.08900,-15.86900,17.88300
63.5582,511994,-0.07959,0.02710,1.05103,-3.72300,-13.24500,15.19800
63.5582,512004,-0.06079,0.03320,1.04053,-3.23500,-13.85500,15.99100
63.5809,512014,-0.07227,0.02515,1.05688,-4.15000,-14.22100,16.41800
63.5900,512024,-0.07690,0.01562,1.04932,-4.33300,-14.70900,16.66300
63.5959,512034,-0.07568,0.03784,1.04370,-4.51700,-14.16000,16.78500
63.6058,512044,-0.06836,0.02466,1.04883,-4.39500,-14.77100,17.15100
63.6058,512054,-0.06836,0.03320,1.04004,-3.78400,-13.55000,15.19800
63.6225,512064,-0.05981,0.02466,1.04932,-4.76100,-15.19800,17.45600
63.6536,512074,-0.07373,0.03613,1.04932,-3.54000,-12.32900,14.16000
63.6536,512084,-0.07349,0.02905,1.03638,-4.39500,-14.22100,16.54100
63.6536,512094,-0.07104,0.03271,1.04712,-4.51700,-15.38100,17.45600
63.6696,512104,-0.06421,0.03003,1.04419,-4.02800,-14.83200,17.57800
63.6769,512114,-0.06616,0.01221,1.03052,-4.21100,-14.28200,16.66300
63.6855,512124,-0.07373,0.02710,1.04395,-3.72300,-14.77100,17.02900
63.6855,512134,-0.08008,0.03418,1.03955,-4.51700,-16.05200,18.43300
63.7014,512144,-0.06250,0.03076,1.03711,-3.84500,-13.18400,14.83200
63.7174,512154,-0.06665,0.01807,1.04883,-4.21100,-14.40400,15.93000
63.7312,512164,-0.06519,0.02637,1.05469,-4.45600,-15.74700,18.06600
63.7352,512174,-0.08276,0.02661,1.04834,-3.54000,-13.73300,15.62500
63.7489,512184,-0.06348,0.02783,1.03906,-4.21100,-15.32000,17.51700
63.7489,512194,-0.07251,0.03174,1.04712,-3.72300,-13.73300,15.50300
63.7653,512204,-0.07715,0.03735,1.04053,-4.70000,-15.25900,17.70000
63.7810,512214,-0.06860,0.02905,1.05640,-3.72300,-13.91600,16.41800
63.7817,512224,-0.08398,0.03369,1.04053,-4.02800,-14.09900,15.56400
63.7972,512234,-0.07153,0.03613,1.04199,-4.51700,-15.25900,17.76100
63.8131,512244,-0.06567,0.02344,1.05469,-4.27200,-13.30600,15.93000
63.8131,512254,-0.06201,0.02930,1.03491,-4.27200,-15.07600,17.76100
63.8289,512264,-0.07642,0.02783,1.03516,-3.60100,-14.22100,16.29600
63.8289,512274,-0.07007,0.04419,1.03687,-3.84500,-15.50300,17.76100
63.8604,512284,-0.07397,0.01904,1.04761,-4.27200,-13.97700,16.96800
63.8604,512294,-0.07739,0.03638,1.04492,-4.63900,-15.25900,18.00500
63.8705,512304,-0.06567,0.02539,1.03296,-4.27200,-13.91600,16.96800
63.8813,512314,-0.06055,0.03296,1.05713,-4.21100,-14.89300,17.51700
63.8853,512324,-0.07227,0.02026,1.04053,-4.51700,-15.80800,17.82200
63.8920,512334,-0.06445,0.01904,1.05249,-3.96700,-14.95400,17.63900
63.9079,512344,-0.06665,0.02686,1.04761,-4.57800,-14.28200,15.32000
63.9079,512354,-0.07227,0.01855,1.03979,-4.76100,-16.60200,18.98200
63.9236,512364,-0.07031,0.01929,1.04297,-3.84500,-14.28200,16.84600
63.9397,512374,-0.07495,0.01978,1.04102,-3.84500,-12.51200,14.46500
63.9558,512384,-0.06470,0.01782,1.05127,-3.66200,-14.28200,16.84600
63.9558,512394,-0.07104,0.02954,1.03003,-4.21100,-14.58700,17.39500
63.9558,512404,-0.08472,0.03467,1.04907,-4.45600,-14.64800,17.15100
63.9774,512414,-0.06958,0.03076,1.03320,-4.33300,-15.50300,18.00500
63.9875,512424,-0.06226,0.01294,1.03711,-3.66200,-13.48900,15.86900
63.9875,512434,-0.08618,0.02026,1.05688,-3.96700,-14.46500,17.21200
64.0034,512444,-0.08618,0.01978,1.05176,-4.45600,-15.32000,18.06600
64.0194,512454,-0.07129,0.03394,1.04077,-3.84500,-15.62500,18.18800
64.0194,512464,-0.07617,0.03223,1.06445,-4.15000,-14.77100,16.29600
64.0359,512474,-0.07788,0.02881,1.04834,-4.21100,-14.16000,16.60200
64.0661,512484,-0.07251,0.02563,1.04785,-3.96700,-13.85500,16.41800
64.0661,512494,-0.06958,0.03052,1.04297,-4.33300,-14.89300,16.47900
64.0661,512504,-0.07617,0.03296,1.04077,-4.15000,-14.83200,17.51700
64.0813,512514,-0.07861,0.04663,1.04834,-3.72300,-13.36700,15.44200
64.0816,512524,-0.06592,0.02856,1.02319,-4.63900,-16.17400,17.82200
64.1006,512534,-0.07300,0.03027,1.03540,-4.76100,-15.68600,17.70000
64.1062,512544,-0.07471,0.03857,1.04102,-4.57800,-16.41800,18.73800
64.1129,512554,-0.07178,0.03613,1.05103,-3.66200,-13.48900,15.80800
64.1292,512564,-0.07153,0.03809,1.04321,-4.57800,-15.93000,17.09000
64.1292,512574,-0.07007,0.02979,1.05225,-4.27200,-15.32000,18.12700
64.1476,512584,-0.07422,0.03516,1.04565,-4.08900,-13.97700,15.80800
64.1611,512594,-0.07422,0.02783,1.04419,-4.15000,-14.89300,16.96800
64.1611,512604,-0.07227,0.04199,1.03784,-3.90600,-14.16000,16.17400
64.1777,512614,-0.06689,0.02710,1.05005,-3.90600,-13.67200,16.11300
64.1929,512624,-0.07812,0.03979,1.04858,-3.78400,-14.46500,16.29600
64.1929,512634,-0.07666,0.02783,1.04541,-4.02800,-15.86900,16.96800
64.2088,512644,-0.06567,0.02686,1.05737,-4.02800,-15.38100,17.76100
64.2088,512654,-0.06812,0.02734,1.04248,-4.51700,-14.95400,17.70000
64.2245,512664,-0.07642,0.03687,1.05005,-4.27200,-15.13700,18.12700
64.2405,512674,-0.07153,0.02295,1.05493,-3.66200,-12.69500,14.77100
64.2405,512684,-0.07617,0.02441,1.04932,-3.05200,-14.22100,15.74700
64.2629,512694,-0.06787,0.02954,1.03979,-4.02800,-15.32000,16.72400
64.2629,512704,-0.07324,0.02563,1.03979,-3.54000,-14.46500,15.68600
64.2778,512714,-0.07349,0.01489,1.04639,-4.33300,-15.86900,17.02900
64.2881,512724,-0.06445,0.02466,1.04785,-4.51700,-15.62500,17.21200
64.2881,512734,-0.07471,0.02930,1.04321,-4.33300,-14.70900,16.29600
64.3105,512744,-0.07373,0.00854,1.03564,-4.45600,-15.56400,17.45600
64.3254,512754,-0.07422,0.01807,1.04419,-3.23500,-12.51200,14.34300
64.3309,512764,-0.07300,0.01831,1.04834,-3.72300,-13.91600,15.93000
64.3402,512774,-0.06958,0.01196,1.04468,-4.76100,-15.38100,17.45600
64.3527,512784,-0.08545,0.03296,1.04907,-4.70000,-16.35700,18.06600
64.3732,512794,-0.06494,0.03174,1.04956,-3.96700,-15.44200,17.02900
64.3732,512804,-0.07739,0.02588,1.04565,-4.57800,-14.70900,16.60200
64.3778,512814,-0.07202,0.02246,1.04688,-5.18800,-16.05200,18.43300
64.3819,512824,-0.06714,0.01953,1.03979,-4.88300,-16.29600,17.70000
64.3984,512834,-0.07568,0.02856,1.03784,-4.39500,-15.38100,17.02900
64.3984,512844,-0.08154,0.02954,1.04736,-4.08900,-15.01500,16.11300
64.4183,512854,-0.07764,0.02173,1.03271,-4.08900,-15.19800,17.39500
64.4363,512864,-0.06543,0.03394,1.04883,-3.17400,-13.48900,15.44200
64.4403,512874,-0.07300,0.03052,1.05127,-4.70000,-16.05200,17.57800
64.4523,512884,-0.07202,0.03369,1.06421,-3.84500,-16.47900,18.00500
64.4778,512894,-0.06812,0.02881,1.04834,-4.15000,-15.99100,17.09000
64.4778,512904,-0.07324,0.02808,1.03906,-4.27200,-15.44200,17.63900
64.4778,512914,-0.06616,0.03442,1.05811,-4.82200,-15.25900,17.39500
64.4778,512924,-0.07788,0.02295,1.04126,-4.51700,-15.01500,16.90700
64.4937,512934,-0.06812,0.01465,1.03906,-4.39500,-15.01500,17.57800
64.5123,512944,-0.08496,0.02759,1.04639,-4.70000,-15.56400,17.94400
64.5123,512954,-0.07129,0.01636,1.04883,-4.63900,-15.62500,17.45600
64.5259,512964,-0.06812,0.01636,1.03857,-4.39500,-14.77100,16.23500
64.5440,512974,-0.07520,0.02979,1.03711,-4.45600,-15.13700,17.21200
64.5897,513022,-0.07568,0.01904,1.04370,-4.08900,-15.74700,17.15100
64.5897,513024,-0.07593,0.02124,1.04248,-3.66200,-14.95400,16.78500
64.5897,513025,-0.07593,0.02124,1.04248,-3.66200,-14.95400,16.78500
64.5928,513027,-0.07593,0.02124,1.04248,-3.66200,-14.95400,16.78500
64.5928,513028,-0.07593,0.02124,1.04248,-3.66200,-14.95400,16.78500
64.5928,513034,-0.07886,0.02881,1.04297,-4.08900,-14.83200,16.84600
64.6103,513044,-0.07080,0.02075,1.04980,-3.84500,-14.77100,16.60200
64.6114,513054,-0.06177,0.03076,1.02734,-3.60100,-14.64800,17.21200
64.6222,513064,-0.06177,0.03638,1.05493,-4.08900,-14.46500,16.78500
64.6402,513074,-0.06860,0.03027,1.04272,-4.08900,-14.70900,16.47900
64.6402,513084,-0.06201,0.03052,1.04321,-4.39500,-15.32000,18.18800
64.6541,513094,-0.07153,0.04761,1.05103,-4.33300,-15.07600,16.90700
64.6787,513104,-0.07031,0.03076,1.05078,-3.96700,-15.19800,16.78500
64.6787,513114,-0.06836,0.03003,1.03320,-4.21100,-15.19800,16.72400
64.6859,513124,-0.06250,0.03296,1.02905,-4.33300,-14.64800,16.66300
64.6859,513134,-0.07349,0.02930,1.03198,-3.72300,-14.58700,16.96800
64.7018,513144,-0.07275,0.03198,1.04175,-4.21100,-14.83200,17.27300
64.7185,513154,-0.07812,0.02588,1.02856,-3.96700,-14.95400,17.02900
64.8148,513164,-0.07153,0.02661,1.05249,-4.27200,-15.19800,16.90700
64.8148,513174,-0.05444,0.02417,1.05249,-4.45600,-15.32000,17.82200
64.8148,513184,-0.07666,0.04956,1.03589,-3.84500,-16.17400,18.00500
64.8148,513194,-0.08252,0.02344,1.04468,-4.21100,-14.77100,17.21200
64.8148,513204,-0.07031,0.01050,1.06006,-4.21100,-15.38100,16.90700
64.8148,513214,-0.07886,0.01904,1.04053,-4.21100,-15.13700,17.21200
64.8148,513224,-0.07617,0.02075,1.05664,-3.78400,-14.64800,17.21200
64.8148,513234,-0.07739,0.02808,1.03784,-3.96700,-14.89300,17.39500
64.8148,513244,-0.08057,0.02832,1.05762,-4.94400,-15.99100,18.06600
64.8148,513254,-0.06665,0.01831,1.05103,-4.63900,-15.19800,17.94400
64.8307,513264,-0.06616,0.01807,1.03906,-4.88300,-15.32000,16.90700
64.8307,513274,-0.07007,0.02271,1.03784,-4.51700,-14.22100,16.54100
64.8468,513284,-0.07910,0.02344,1.03564,-3.84500,-14.40400,16.72400
64.8468,513294,-0.07324,0.03369,1.03687,-3.96700,-14.22100,16.72400
64.8790,513304,-0.07129,0.03027,1.04395,-4.45600,-14.58700,17.76100
64.8790,513314,-0.07422,0.02441,1.04932,-3.78400,-14.77100,17.88300
64.8950,513324,-0.07642,0.01392,1.04639,-3.78400,-14.52600,16.78500
64.8950,513334,-0.06982,0.01318,1.05396,-3.72300,-14.22100,16.72400
64.9107,513344,-0.07593,0.03174,1.04126,-4.15000,-15.19800,17.63900
64.9107,513354,-0.08374,0.02100,1.05713,-3.66200,-14.52600,16.54100
64.9266,513364,-0.08203,0.01709,1.05591,-4.45600,-15.25900,17.33400
64.9425,513374,-0.09253,0.01245,1.05762,-4.15000,-14.64800,16.72400
64.9425,513384,-0.09351,0.01587,1.05151,-3.90600,-14.70900,16.41800
64.9606,513394,-0.07324,0.03320,1.04541,-4.21100,-13.97700,16.60200
64.9791,513404,-0.07690,0.03076,1.03394,-3.72300,-14.58700,16.60200
64.9791,513414,-0.06763,0.02441,1.06006,-3.54000,-14.22100,16.05200
64.9791,513424,-0.06494,0.03052,1.04370,-4.15000,-14.22100,15.93000
64.9908,513434,-0.09106,0.03662,1.04297,-3.84500,-13.61100,16.17400
65.0224,513444,-0.07202,0.02979,1.03931,-3.84500,-15.13700,17.09000
65.0224,513454,-0.06274,0.02563,1.04126,-4.21100,-14.70900,16.90700
65.0224,513464,-0.07764,0.03027,1.03979,-4.57800,-14.77100,17.45600
65.0416,513474,-0.06372,0.03369,1.05151,-3.90600,-14.77100,16.96800
65.0462,513484,-0.06128,0.03076,1.04346,-4.27200,-15.13700,16.78500
65.0537,513494,-0.06323,0.03125,1.02905,-3.90600,-15.19800,16.84600
65.0702,513504,-0.07861,0.02930,1.04883,-4.21100,-15.13700,17.57800
65.0830,513514,-0.07568,0.03149,1.05542,-4.27200,-15.13700,17.21200
65.0860,513524,-0.08301,0.02637,1.06348,-4.57800,-15.19800,16.96800
65.0860,513534,-0.09375,0.04224,1.05688,-3.96700,-14.34300,16.90700
65.1020,513544,-0.05664,0.02856,1.03833,-4.27200,-15.19800,16.54100
65.1202,513554,-0.07837,0.02075,1.03442,-3.96700,-15.38100,17.76100
65.1202,513564,-0.08105,0.03760,1.05420,-4.45600,-15.62500,17.82200
65.1356,513574,-0.07812,0.03223,1.04663,-4.45600,-15.38100,17.33400
65.1493,513584,-0.07666,0.01953,1.01294,-4.02800,-14.34300,16.29600
65.1493,513594,-0.06885,0.03076,1.03638,-4.33300,-14.46500,16.66300
65.1653,513604,-0.06396,0.03027,1.03979,-4.08900,-14.64800,16.35700
65.1813,513614,-0.07617,0.01440,1.02881,-3.78400,-14.46500,17.63900
65.1813,513624,-0.08789,0.02173,1.03882,-4.15000,-16.29600,18.18800
65.1975,513634,-0.06909,0.02466,1.06982,-3.78400,-14.95400,16.72400
65.1975,513644,-0.06689,0.02197,1.04224,-4.08900,-15.44200,17.33400
65.2139,513654,-0.06592,0.02002,1.04004,-4.33300,-14.22100,17.39500
65.2302,513664,-0.06787,0.02661,1.03687,-4.15000,-14.89300,16.23500
65.2302,513674,-0.07617,0.03345,1.02661,-4.27200,-14.03800,16.05200
65.2501,513684,-0.08032,0.02563,1.06445,-4.70000,-14.83200,17.63900
65.2602,513694,-0.07446,0.02368,1.03638,-4.51700,-15.13700,16.47900
65.2639,513704,-0.08960,0.02563,1.03711,-5.06600,-15.99100,17.82200
65.2935,513714,-0.07593,0.03711,1.05640,-4.51700,-15.93000,17.39500
65.2935,513724,-0.05542,0.02148,1.03931,-3.72300,-15.32000,16.29600
65.2935,513734,-0.06665,0.03516,1.03687,-3.96700,-14.46500,16.11300
65.3095,513744,-0.07983,0.03442,1.02881,-4.33300,-14.46500,16.05200
65.3095,513754,-0.07642,0.02881,1.05933,-4.45600,-15.56400,17.02900
65.3254,513764,-0.05811,0.02881,1.05713,-3.90600,-15.38100,16.96800
65.3254,513774,-0.08423,0.03223,1.04102,-4.02800,-15.07600,16.90700
65.3413,513784,-0.08301,0.02661,1.04419,-3.90600,-14.46500,16.47900
65.3606,513794,-0.06714,0.03149,1.05664,-4.33300,-15.32000,17.70000
65.3697,513804,-0.07397,0.04541,1.04346,-4.02800,-15.74700,17.76100
65.4008,513814,-0.07861,0.02881,1.03906,-4.21100,-15.50300,18.25000
65.4008,513824,-0.06982,0.01440,1.06030,-4.63900,-15.62500,17.63900
65.4008,513834,-0.06519,0.02197,1.05347,-4.45600,-15.93000,17.76100
65.4230,513844,-0.06909,0.01880,1.04688,-4.88300,-14.83200,17.51700
65.4230,513854,-0.06372,0.01416,1.02930,-4.76100,-15.32000,17.82200
65.4230,513864,-0.07617,0.03296,1.05347,-4.08900,-14.77100,16.17400
65.4383,513874,-0.05762,0.03320,1.04370,-3.90600,-15.50300,17.82200
65.4428,513884,-0.06567,0.03979,1.03589,-4.39500,-14.95400,16.84600
65.4524,513894,-0.06323,0.03052,1.05176,-4.15000,-13.97700,16.72400
65.4683,513904,-0.06689,0.01611,1.04004,-4.02800,-15.80800,18.12700
65.4683,513914,-0.07495,0.02051,1.05151,-3.66200,-15.25900,16.23500
65.4999,513924,-0.06982,0.02612,1.04956,-4.15000,-15.56400,17.33400
65.4999,513934,-0.07544,0.03955,1.04883,-3.84500,-14.89300,17.15100
65.4999,513944,-0.06030,0.00806,1.03857,-3.54000,-14.95400,17.02900
65.5196,513954,-0.07056,0.02515,1.04810,-4.39500,-14.89300,16.72400
65.5309,513964,-0.06641,0.03369,1.04761,-4.08900,-14.83200,16.84600
65.5309,513974,-0.07129,0.01953,1.04248,-4.39500,-15.62500,16.78500
65.5468,513984,-0.06274,0.03052,1.04614,-4.70000,-14.77100,16.54100
65.5468,513994,-0.08325,0.02637,1.05811,-4.21100,-15.44200,17.21200
65.5633,514004,-0.06665,0.03442,1.03394,-4.39500,-15.38100,16.60200
65.5808,514014,-0.05957,0.03613,1.03784,-4.70000,-16.35700,18.25000
65.6021,514024,-0.07373,0.03320,1.04907,-4.21100,-15.13700,17.21200
65.6021,514034,-0.06250,0.02734,1.03564,-4.63900,-15.44200,17.33400
65.6109,514044,-0.04761,0.04077,1.03418,-4.45600,-15.25900,18.37200
65.6171,514054,-0.07275,0.02930,1.03052,-4.08900,-14.95400,16.41800
65.6279,514064,-0.07007,0.02979,1.05957,-4.21100,-15.01500,17.15100
65.6279,514074,-0.07666,0.02710,1.03613,-4.08900,-15.50300,17.02900
65.6584,514084,-0.07129,0.03516,1.04419,-3.96700,-14.95400,17.15100
65.6584,514094,-0.05933,0.02979,1.03809,-3.05200,-14.89300,16.66300
65.6743,514104,-0.07349,0.03027,1.04175,-3.84500,-14.22100,16.35700
65.6812,514114,-0.07471,0.02881,1.04272,-5.06600,-16.47900,18.37200
65.7063,514124,-0.08032,0.03003,1.04126,-4.08900,-14.58700,16.84600
65.7063,514134,-0.07666,0.01831,1.05493,-4.02800,-15.38100,17.70000
65.7063,514144,-0.08032,0.02832,1.06812,-4.76100,-14.64800,17.27300
65.7063,514154,-0.06885,0.02295,1.04932,-4.33300,-14.34300,16.47900
65.7287,514164,-0.07178,0.02710,1.04102,-4.70000,-15.19800,17.27300
65.7382,514174,-0.06567,0.02979,1.04224,-4.39500,-14.95400,17.88300
65.7382,514184,-0.08008,0.02173,1.04346,-3.78400,-15.32000,17.21200
65.7541,514194,-0.07202,0.02954,1.04883,-4.02800,-14.95400,16.72400
65.7703,514204,-0.07153,0.01880,1.05615,-3.96700,-15.19800,16.60200
65.7817,514214,-0.07300,0.03857,1.04590,-3.96700,-14.95400,17.45600
65.8020,514224,-0.06885,0.02393,1.04614,-4.02800,-15.62500,17.70000
65.8020,514234,-0.06592,0.03149,1.04224,-4.27200,-14.64800,17.09000
65.8020,514244,-0.07495,0.03149,1.05103,-3.78400,-14.58700,16.29600
65.8183,514254,-0.07422,0.02832,1.03711,-4.39500,-14.52600,17.33400
65.8183,514264,-0.08203,0.02905,1.04785,-5.06600,-15.13700,17.76100
65.8504,514274,-0.09204,0.02026,1.05005,-4.02800,-14.70900,17.39500
65.8504,514284,-0.06934,0.03052,1.04517,-4.21100,-14.16000,16.84600
65.8662,514294,-0.06470,0.02417,1.06079,-3.41800,-14.16000,16.47900
65.8662,514304,-0.07690,0.03198,1.06201,-4.02800,-14.22100,16.35700
65.8662,514314,-0.07178,0.03589,1.04004,-4.57800,-14.70900,16.60200
65.8820,514324,-0.05908,0.01611,1.02466,-4.15000,-14.89300,17.21200
65.8979,514334,-0.07764,0.02759,1.03906,-4.51700,-15.50300,17.27300
65.8979,514344,-0.06836,0.03027,1.04663,-4.02800,-15.68600,17.70000
65.9139,514354,-0.06836,0.01953,1.04443,-3.78400,-13.24500,15.80800
65.9299,514364,-0.08936,0.02759,1.04175,-3.84500,-15.19800,18.12700
65.9299,514374,-0.08740,0.01904,1.04590,-4.08900,-15.50300,17.33400
65.9457,514384,-0.08521,0.02710,1.05371,-4.02800,-14.70900,16.17400
65.9457,514394,-0.07812,0.02466,1.04004,-4.15000,-15.68600,17.33400
65.9615,514404,-0.06934,0.02759,1.04053,-4.15000,-14.89300,17.09000
65.9820,514414,-0.06201,0.02661,1.04370,-3.84500,-15.19800,16.84600
66.0097,514424,-0.07593,0.01587,1.05176,-4.08900,-14.77100,17.02900
66.0097,514434,-0.07568,0.02686,1.04663,-4.63900,-14.58700,17.15100
66.0097,514444,-0.06763,0.03223,1.03149,-4.21100,-14.64800,17.33400
66.0271,514454,-0.07544,0.02563,1.05542,-4.33300,-14.89300,17.09000
66.0271,514464,-0.06226,0.03223,1.04688,-3.90600,-14.52600,16.11300
66.0370,514474,-0.08472,0.02783,1.03296,-4.57800,-15.25900,17.33400
66.0416,514484,-0.07642,0.02295,1.03149,-4.02800,-14.58700,17.15100
66.0574,514494,-0.06470,0.02148,1.03418,-3.72300,-15.25900,17.70000
66.0732,514504,-0.06860,0.03784,1.05029,-4.02800,-14.89300,16.78500
66.0732,514514,-0.07593,0.03638,1.04150,-4.39500,-15.38100,16.90700
66.0891,514524,-0.06958,0.02441,1.05688,-4.51700,-14.16000,16.23500
66.1050,514534,-0.07690,0.02686,1.05151,-4.39500,-15.25900,17.63900
66.1050,514544,-0.07471,0.01904,1.04590,-3.96700,-14.83200,17.33400
66.1050,514554,-0.08618,0.02588,1.05347,-4.02800,-15.13700,17.63900
66.1285,514564,-0.08203,0.02905,1.04688,-4.33300,-15.01500,17.02900
66.1371,514574,-0.07788,0.03564,1.05200,-4.15000,-15.50300,17.33400
66.1371,514584,-0.06860,0.03345,1.04419,-4.08900,-15.93000,17.51700
66.1529,514594,-0.08838,0.01392,1.04907,-4.21100,-14.77100,16.78500
66.1687,514604,-0.06323,0.03491,1.05396,-4.27200,-15.62500,16.72400
66.1687,514614,-0.07861,0.02222,1.05713,-4.39500,-14.70900,16.84600
66.1902,514624,-0.06787,0.02466,1.04272,-3.90600,-14.83200,16.35700
66.2164,514634,-0.06934,0.03174,1.04443,-3.84500,-15.44200,17.39500
66.2164,514644,-0.08105,0.02881,1.04932,-4.27200,-15.32000,17.39500
66.2206,514654,-0.07129,0.03394,1.04736,-4.15000,-15.38100,17.39500
66.2307,514664,-0.07812,0.03174,1.04297,-4.51700,-15.32000,18.06600
66.2482,514674,-0.08252,0.01978,1.04419,-4.15000,-15.01500,17.45600
66.2482,514684,-0.08130,0.02490,1.04004,-3.78400,-14.64800,17.09000
66.2482,514694,-0.06909,0.02686,1.03711,-3.72300,-14.58700,16.05200
66.2825,514704,-0.06909,0.02710,1.03442,-4.21100,-15.68600,17.70000
66.2960,514714,-0.07666,0.02930,1.05103,-4.21100,-15.74700,16.90700
66.2960,514724,-0.07593,0.03540,1.05054,-4.02800,-14.46500,16.17400
66.2960,514734,-0.07373,0.03809,1.03516,-4.08900,-15.86900,17.82200
66.3118,514744,-0.08154,0.01587,1.04468,-4.08900,-14.22100,16.66300
66.3118,514754,-0.07031,0.02295,1.04614,-4.08900,-15.86900,17.45600
66.3279,514764,-0.06470,0.02734,1.04541,-3.78400,-15.32000,17.39500
66.3279,514774,-0.07007,0.02710,1.03784,-4.39500,-15.07600,17.57800
66.3438,514784,-0.07202,0.03027,1.05786,-4.33300,-15.38100,17.21200
66.3597,514794,-0.07056,0.03125,1.03369,-4.21100,-15.38100,17.09000
66.3702,514804,-0.06665,0.03638,1.03613,-4.51700,-14.64800,17.33400
66.3754,514814,-0.08008,0.04126,1.04956,-3.90600,-15.01500,17.57800
66.3830,514824,-0.07690,0.04175,1.04077,-4.51700,-15.44200,16.78500
66.3916,514834,-0.07935,0.03516,1.04199,-4.02800,-14.89300,16.90700
66.4077,514844,-0.07617,0.01758,1.05542,-4.27200,-15.25900,17.15100
66.4077,514854,-0.07642,0.03711,1.05249,-4.21100,-15.38100,17.76100
66.4272,514864,-0.06567,0.02441,1.04395,-4.27200,-15.38100,18.06600
66.4398,514874,-0.06763,0.02539,1.05054,-3.78400,-13.48900,15.74700
66.4435,514884,-0.08228,0.02344,1.04810,-4.15000,-13.97700,16.66300
66.4556,514894,-0.05762,0.01831,1.03589,-4.08900,-15.07600,17.39500
66.4556,514904,-0.07471,0.02661,1.04346,-4.08900,-15.07600,17.27300
66.4715,514914,-0.08398,0.02246,1.04883,-3.72300,-15.01500,17.15100
66.4873,514924,-0.07764,0.02124,1.05859,-4.08900,-14.58700,16.47900
66.4873,514934,-0.08447,0.01831,1.04980,-4.15000,-15.13700,16.29600
66.5138,514944,-0.06665,0.02148,1.05322,-3.84500,-14.40400,16.66300
66.5189,514954,-0.06812,0.03076,1.04102,-3.47900,-14.77100,16.66300
66.5189,514964,-0.07861,0.00562,1.03687,-3.96700,-15.32000,17.63900
66.5347,514974,-0.07104,0.02832,1.04565,-4.27200,-14.58700,16.72400
66.5798,514984,-0.07178,0.02686,1.04224,-4.08900,-15.07600,16.96800
66.5947,515025,-0.07031,0.02539,1.04419,-4.39500,-14.52600,16.23500
66.5947,515026,-0.07031,0.02539,1.04419,-4.39500,-14.52600,16.23500
66.5947,515028,-0.07031,0.02539,1.04419,-4.39500,-14.52600,16.23500
66.5947,515029,-0.07861,0.02881,1.04883,-3.78400,-13.73300,16.23500
66.6067,515034,-0.07861,0.02881,1.04883,-3.96700,-15.38100,17.45600
66.6225,515044,-0.07544,0.01538,1.03735,-4.08900,-15.44200,17.94400
66.6225,515054,-0.08228,0.03735,1.03467,-3.96700,-15.32000,17.09000
66.6301,515064,-0.08374,0.03052,1.04199,-4.27200,-14.89300,17.82200
66.6393,515074,-0.07666,0.04053,1.05762,-4.63900,-14.77100,17.02900
66.6459,515084,-0.06909,0.01953,1.05029,-4.21100,-14.70900,16.96800
66.6459,515094,-0.07275,0.02710,1.03735,-4.15000,-14.83200,16.66300
66.6713,515104,-0.06909,0.03442,1.02905,-4.57800,-15.62500,17.63900
66.6791,515114,-0.07080,0.02832,1.06079,-4.15000,-15.56400,16.84600
66.6837,515124,-0.06689,0.02197,1.06543,-3.84500,-14.64800,16.60200
66.6932,515134,-0.06860,0.01978,1.04297,-4.15000,-15.38100,17.94400
66.7092,515144,-0.06421,0.01978,1.05029,-4.33300,-15.62500,17.57800
66.7277,515154,-0.07422,0.02051,1.03516,-4.63900,-15.07600,18.12700
66.7277,515164,-0.07715,0.03516,1.04565,-4.39500,-15.56400,17.33400
66.7412,515174,-0.07544,0.03784,1.05371,-3.84500,-14.40400,16.17400
66.7412,515184,-0.08398,0.03223,1.04761,-3.78400,-14.58700,16.96800
66.7573,515194,-0.04590,0.03027,1.04248,-4.02800,-14.34300,16.96800
66.7573,515204,-0.06323,0.03320,1.04956,-4.21100,-15.19800,16.54100
66.7836,515214,-0.06812,0.03394,1.02808,-4.33300,-15.62500,17.21200
66.7890,515224,-0.06494,0.03320,1.03052,-3.96700,-14.95400,16.47900
66.7890,515234,-0.08130,0.03076,1.04614,-4.21100,-15.01500,16.96800
66.8050,515244,-0.07446,0.03516,1.04688,-3.72300,-15.01500,17.51700
66.8314,515254,-0.07324,0.02222,1.04150,-3.96700,-15.38100,17.57800
66.8314,515264,-0.07007,0.03271,1.05176,-4.33300,-14.16000,16.72400
66.8376,515274,-0.07959,0.01562,1.03369,-4.15000,-14.95400,16.54100
66.8376,515284,-0.08667,0.02734,1.04663,-3.60100,-15.19800,17.02900
66.8537,515294,-0.07861,0.02783,1.04272,-3.96700,-14.64800,17.70000
66.8701,515304,-0.08081,0.02295,1.03564,-4.08900,-15.74700,17.27300
66.8701,515314,-0.08228,0.02588,1.04443,-3.90600,-14.89300,17.02900
66.8859,515324,-0.06323,0.02881,1.05420,-4.02800,-14.03800,17.63900
66.8859,515334,-0.06226,0.03540,1.04907,-4.08900,-14.83200,17.15100
66.9017,515344,-0.06543,0.01318,1.02173,-4.57800,-15.99100,17.33400
66.9332,515354,-0.09009,0.02173,1.04053,-4.33300,-14.28200,16.47900
66.9332,515364,-0.07251,0.03149,1.06592,-4.15000,-14.95400,16.60200
66.9332,515374,-0.06372,0.02563,1.04102,-4.39500,-14.83200,16.90700
66.9494,515384,-0.07104,0.02686,1.03467,-4.45600,-16.11300,18.37200
66.9494,515394,-0.07690,0.02271,1.05786,-4.27200,-14.58700,16.47900
66.9654,515404,-0.06860,0.03223,1.04858,-3.90600,-15.38100,17.27300
66.9654,515414,-0.06079,0.03540,1.04761,-4.15000,-15.19800,17.33400
66.9842,515424,-0.07812,0.02734,1.04932,-4.33300,-14.70900,17.21200
66.9971,515434,-0.06274,0.01807,1.04565,-4.08900,-14.22100,15.99100
66.9971,515444,-0.08545,0.01953,1.05249,-3.90600,-14.16000,16.29600
67.0365,515454,-0.06909,0.02637,1.03931,-4.33300,-14.77100,16.47900
67.0365,515464,-0.07080,0.03296,1.04932,-4.51700,-15.38100,17.63900
67.0415,515474,-0.07812,0.02075,1.05029,-4.02800,-15.32000,16.96800
67.0476,515484,-0.07495,0.03125,1.02661,-4.02800,-15.50300,17.21200
67.0612,515494,-0.08228,0.02588,1.03613,-4.70000,-15.93000,18.25000
67.0612,515504,-0.07812,0.02295,1.05566,-4.27200,-15.50300,17.39500
67.0763,515514,-0.07129,0.02417,1.04688,-3.90600,-14.95400,17.27300
67.0845,515524,-0.08545,0.01294,1.05493,-3.84500,-15.13700,18.00500
67.0921,515534,-0.06372,0.03174,1.03320,-4.21100,-15.44200,17.88300
67.1079,515544,-0.07495,0.02271,1.03467,-4.27200,-15.19800,17.57800
67.1079,515554,-0.07983,0.03345,1.05469,-3.78400,-14.40400,16.29600
67.1449,515564,-0.07202,0.02710,1.04712,-4.63900,-14.77100,16.54100
67.1449,515574,-0.07202,0.02832,1.04590,-4.45600,-14.83200,17.09000
67.1449,515584,-0.07690,0.04004,1.03296,-3.90600,-15.99100,17.88300
67.1589,515594,-0.07153,0.02148,1.04517,-4.27200,-15.32000,16.66300
67.1589,515604,-0.07642,0.03027,1.04004,-5.00500,-15.86900,18.12700
67.1720,515614,-0.07422,0.04028,1.04395,-4.57800,-15.80800,18.00500
67.1880,515624,-0.07715,0.03149,1.05566,-3.96700,-14.40400,16.41800
67.1880,515634,-0.07153,0.02271,1.05005,-3.84500,-15.13700,17.21200
67.2044,515644,-0.07080,0.02734,1.03564,-4.70000,-14.64800,16.78500
67.2203,515654,-0.07959,0.01685,1.04956,-3.96700,-15.13700,16.66300
67.2362,515664,-0.06274,0.02783,1.04224,-3.84500,-14.28200,16.23500
67.2362,515674,-0.07153,0.02930,1.04736,-3.60100,-13.97700,15.93000
67.2530,515684,-0.06030,0.03687,1.03882,-4.27200,-14.40400,16.35700
67.2578,515694,-0.08179,0.03003,1.04321,-4.02800,-15.13700,16.90700
67.2699,515704,-0.05981,0.04175,1.04175,-4.39500,-15.56400,17.94400
67.2719,515714,-0.07983,0.03857,1.04980,-3.78400,-14.83200,17.02900
67.2848,515724,-0.07104,0.02490,1.04150,-4.88300,-15.01500,16.54100
67.3008,515734,-0.07715,0.02368,1.05249,-4.94400,-16.17400,18.00500
67.3008,515744,-0.07471,0.02563,1.04419,-4.08900,-15.44200,17.39500
67.3173,515754,-0.08154,0.02686,1.04541,-3.66200,-14.77100,17.15100
67.3331,515764,-0.07544,0.01343,1.03418,-4.15000,-14.40400,16.96800
67.3331,515774,-0.07251,0.02148,1.04102,-3.84500,-14.70900,16.66300
67.3491,515784,-0.08203,0.03296,1.04517,-4.15000,-15.13700,17.15100
67.3491,515794,-0.06445,0.03027,1.04907,-3.78400,-13.73300,16.29600
67.3708,515804,-0.06201,0.02588,1.05322,-3.60100,-15.62500,17.45600
67.3811,515814,-0.07642,0.03540,1.05933,-3.96700,-15.74700,17.51700
67.3853,515824,-0.07666,0.03003,1.04761,-4.21100,-15.99100,18.00500
67.3971,515834,-0.07568,0.02075,1.05054,-4.15000,-15.07600,16.66300
67.3971,515844,-0.05957,0.02979,1.03491,-4.82200,-15.38100,17.82200
67.4154,515854,-0.05884,0.01758,1.06519,-3.84500,-15.80800,18.55500
67.4458,515864,-0.07153,0.01562,1.05103,-3.78400,-15.50300,17.21200
67.4458,515874,-0.07178,0.01465,1.03784,-3.72300,-15.01500,17.33400
67.4458,515884,-0.07739,0.01245,1.04028,-4.21100,-14.64800,16.84600
67.4616,515894,-0.08716,0.01904,1.05664,-3.90600,-15.86900,17.57800
67.4616,515904,-0.06982,0.00610,1.04517,-4.21100,-14.46500,16.72400
67.4774,515914,-0.07861,0.01978,1.03833,-3.90600,-14.40400,16.47900
67.4883,515924,-0.06836,0.02344,1.04419,-4.39500,-15.13700,17.33400
67.4951,515934,-0.07007,0.02417,1.04980,-4.15000,-15.01500,17.15100
67.5094,515944,-0.07812,0.02466,1.03735,-4.15000,-15.01500,17.15100
67.5149,515954,-0.06836,0.00757,1.04102,-4.27200,-15.01500,17.09000
67.5283,515964,-0.06909,0.03931,1.03687,-4.08900,-15.25900,17.39500
67.5437,515974,-0.07617,0.02075,1.03125,-4.45600,-14.46500,17.21200
67.5437,515984,-0.05273,0.04810,1.00195,-3.78400,-14.16000,16.47900
67.5577,515994,-0.06958,0.02905,0.98755,-4.51700,-13.79400,16.96800
67.5738,516004,0.00537,0.07129,1.02002,-4.08900,-15.38100,17.63900
67.5738,516014,-0.13208,-0.01440,0.97949,-4.15000,-14.22100,16.47900
67.5901,516024,-0.14966,-0.00122,1.03638,-4.63900,-15.80800,18.00500
67.5958,516034,-0.08130,0.02832,1.10938,-4.21100,-14.09900,16.78500
67.6109,516044,-0.08862,0.01074,1.01782,-4.21100,-14.28200,16.35700
67.6218,516054,-0.11963,0.00146,1.08789,-4.45600,-15.74700,16.90700
67.6382,516064,-0.11621,0.01465,1.02417,-4.45600,-15.32000,16.90700
67.6563,516074,-0.03857,0.03638,1.06616,-4.21100,-15.13700,16.78500
67.6563,516084,-0.07031,0.00635,1.00513,-4.08900,-13.73300,16.72400
67.6563,516094,-0.08032,0.03198,1.06030,-4.02800,-15.13700,16.90700
67.6703,516104,-0.03174,0.04785,1.10986,-4.45600,-14.77100,16.90700
67.6703,516114,-0.07031,0.02490,1.06958,-3.60100,-14.70900,16.72400
67.6864,516124,-0.08057,0.03687,1.00293,-4.08900,-14.83200,17.57800
67.6864,516134,-0.06372,0.02783,1.05615,-4.45600,-14.83200,17.45600
67.7026,516144,-0.04761,0.02173,1.08911,-4.27200,-15.38100,18.31100
67.7188,516154,-0.08130,0.03540,1.02417,-4.21100,-13.48900,16.05200
67.7188,516164,-0.07422,0.03613,0.98950,-4.63900,-14.28200,16.66300
67.7511,516174,-0.05762,0.02637,1.04712,-4.27200,-14.58700,16.90700
67.7511,516184,-0.07593,0.02002,1.05444,-4.08900,-14.28200,16.11300
67.7511,516194,-0.08423,0.01880,1.03491,-4.57800,-15.38100,17.63900
67.7673,516204,-0.05981,0.03149,0.98462,-4.02800,-14.95400,16.84600
67.7808,516214,-0.06763,0.03394,1.06396,-4.02800,-15.07600,16.47900
67.7866,516224,-0.08423,0.02368,1.07886,-3.90600,-14.83200,17.02900
67.7988,516234,-0.06470,0.02612,1.03442,-3.54000,-15.13700,16.47900
67.7988,516244,-0.07349,0.03613,1.02051,-3.60100,-15.56400,17.33400
67.8172,516254,-0.07617,0.03003,1.05640,-4.21100,-15.13700,17.33400
67.8311,516264,-0.05469,0.02612,1.08105,-4.39500,-16.23500,18.18800
67.8537,516274,-0.08057,0.03833,1.02539,-4.02800,-14.22100,16.11300
67.8537,516284,-0.07983,0.02417,1.00220,-3.84500,-15.56400,17.27300
67.8537,516294,-0.07056,0.03174,1.06470,-4.57800,-15.62500,18.18800
67.8667,516304,-0.07959,0.02490,1.06421,-3.96700,-14.77100,17.09000
67.8795,516314,-0.06982,0.01538,1.05688,-4.27200,-15.38100,17.45600
67.8868,516324,-0.08179,0.03174,1.01538,-3.84500,-14.77100,17.33400
67.8953,516334,-0.07007,0.03955,1.05249,-4.45600,-15.13700,18.12700
67.8953,516344,-0.05957,0.02173,1.08447,-3.96700,-15.07600,17.09000
67.9129,516354,-0.07324,0.02881,1.01733,-3.72300,-14.52600,16.78500
67.9272,516364,-0.07861,0.02441,1.01294,-4.02800,-14.58700,17.21200
67.9429,516374,-0.08008,0.01050,1.05151,-3.96700,-14.46500,16.78500
67.9589,516384,-0.08447,0.02588,1.06250,-4.27200,-13.91600,16.54100
67.9589,516394,-0.09644,0.01416,1.01270,-4.21100,-15.13700,16.84600
67.9626,516404,-0.07764,0.02466,1.02222,-4.02800,-14.83200,17.02900
67.9746,516414,-0.07910,0.02808,1.06543,-4.02800,-15.19800,17.02900
67.9905,516424,-0.07349,0.02490,1.04639,-4.08900,-15.74700,17.57800
67.9937,516434,-0.08203,0.01587,1.04443,-3.96700,-15.13700,16.96800
68.0062,516444,-0.07446,0.03198,1.03271,-4.27200,-15.38100,17.27300
68.0062,516454,-0.07617,0.02124,1.08179,-4.33300,-15.32000,17.33400
68.0221,516464,-0.06982,0.01855,1.07788,-3.72300,-15.50300,16.96800
68.0389,516474,-0.06323,0.02173,1.04614,-4.51700,-15.74700,17.57800
68.0537,516484,-0.07861,0.01685,1.03882,-4.39500,-15.68600,17.63900
68.0537,516494,-0.06079,0.03003,1.05176,-4.88300,-15.68600,17.33400
68.0697,516504,-0.05566,0.01050,1.05811,-4.51700,-16.23500,17.94400
68.0697,516514,-0.07129,0.03442,1.04224,-4.33300,-14.83200,17.70000
68.0974,516524,-0.07324,0.02466,1.02979,-4.08900,-15.86900,17.82200
68.1045,516534,-0.06543,0.03271,1.05786,-4.33300,-15.38100,18.18800
68.1045,516544,-0.07080,0.02222,1.05273,-4.33300,-16.29600,18.67700
68.1171,516554,-0.07666,0.02515,1.04932,-3.72300,-14.52600,17.02900
68.1171,516564,-0.07104,0.02905,1.03638,-4.02800,-14.46500,17.27300
68.1355,516574,-0.07666,0.02856,1.06616,-4.02800,-14.83200,17.21200
68.1617,516584,-0.07886,0.02832,1.06201,-4.39500,-14.64800,17.15100
68.1650,516594,-0.08105,0.02954,1.03052,-3.41800,-14.83200,16.90700
68.1675,516604,-0.07983,0.03296,1.04077,-4.45600,-14.52600,16.47900
68.1812,516614,-0.07593,0.03516,1.05420,-4.51700,-14.83200,17.39500
68.1881,516624,-0.07666,0.03003,1.04565,-4.51700,-15.19800,17.45600
68.1975,516634,-0.06787,0.02515,1.03223,-4.57800,-15.07600,16.84600
68.2135,516644,-0.06470,0.01709,1.02148,-4.15000,-15.50300,17.02900
68.2253,516654,-0.08374,0.02881,1.04712,-4.15000,-15.01500,16.96800
68.2292,516664,-0.06519,0.02783,1.03345,-3.66200,-15.25900,17.57800
68.2292,516674,-0.06445,0.02832,1.03491,-4.21100,-14.83200,16.60200
68.2640,516684,-0.06641,0.02246,1.04443,-3.72300,-14.83200,16.78500
68.2640,516694,-0.06421,0.03003,1.04810,-3.66200,-15.25900,17.33400
68.2640,516704,-0.07080,0.02686,1.05273,-4.45600,-15.07600,16.84600
68.2781,516714,-0.07422,0.03491,1.04053,-3.66200,-14.28200,16.47900
68.2888,516724,-0.06519,0.02954,1.04785,-4.02800,-15.07600,17.15100
68.2928,516734,-0.06055,0.03125,1.05859,-4.27200,-15.86900,18.43300
68.3092,516744,-0.06372,0.02515,1.04395,-4.21100,-14.34300,17.63900
68.3166,516754,-0.07446,0.03125,1.04321,-4.21100,-15.01500,17.57800
68.3261,516764,-0.06494,0.04272,1.03516,-3.90600,-14.95400,17.27300
68.3408,516774,-0.06763,0.03784,1.05566,-4.51700,-14.95400,17.39500
68.3432,516784,-0.07129,0.01709,1.03418,-3.60100,-13.97700,16.47900
68.3566,516794,-0.07959,0.02686,1.02905,-4.76100,-14.22100,16.47900
68.3715,516804,-0.07764,0.03687,1.04004,-3.96700,-15.07600,17.76100
68.3754,516814,-0.06689,0.02710,1.05103,-4.21100,-14.77100,16.72400
68.3892,516824,-0.05933,0.03076,1.03125,-3.78400,-14.64800,17.02900
68.3892,516834,-0.08496,0.01465,1.04346,-4.02800,-14.70900,16.72400
68.4047,516844,-0.08203,0.03271,1.03687,-4.57800,-15.25900,16.84600
68.4207,516854,-0.07886,0.03711,1.04810,-3.96700,-15.32000,17.39500
68.4341,516864,-0.06714,0.03735,1.04980,-4.45600,-14.64800,16.66300
68.4380,516874,-0.06616,0.02783,1.03369,-4.76100,-15.80800,17.63900
68.4537,516884,-0.08105,0.01782,1.05322,-4.27200,-15.07600,17.57800
68.4685,516894,-0.05518,0.02759,1.03857,-4.57800,-15.38100,17.70000
68.4685,516904,-0.07422,0.01904,1.04761,-3.84500,-16.11300,17.94400
68.4685,516914,-0.06860,0.02637,1.04126,-4.39500,-15.56400,17.76100
68.4895,516924,-0.08667,0.01978,1.04565,-4.27200,-15.93000,17.70000
68.5009,516934,-0.06665,0.02808,1.05078,-4.39500,-14.58700,18.06600
68.5009,516944,-0.06738,0.03589,1.03882,-4.15000,-15.19800,16.90700
68.5182,516954,-0.05859,0.02026,1.02417,-4.45600,-15.38100,17.21200
68.5182,516964,-0.07129,0.01807,1.03711,-5.18800,-14.95400,18.00500
68.5329,516974,-0.08765,0.01489,1.04834,-4.51700,-14.52600,17.82200
68.5491,516984,-0.07324,0.02515,1.04639,-4.76100,-15.74700,18.00500
68.5896,517026,-0.05713,0.04907,1.03320,-3.90600,-14.58700,16.96800
68.5896,517027,-0.05713,0.04907,1.03320,-3.90600,-14.58700,16.96800
68.5964,517028,-0.08154,0.03369,1.03564,-4.21100,-16.11300,18.06600
68.5964,517030,-0.08154,0.03369,1.03564,-4.21100,-16.11300,18.06600
68.5982,517034,-0.08716,0.03174,1.04810,-4.27200,-15.80800,18.37200
68.5982,517044,-0.06689,0.03320,1.04834,-4.27200,-14.83200,17.02900
68.6138,517054,-0.06665,0.02686,1.05005,-4.27200,-14.83200,16.78500
68.6299,517064,-0.07983,0.02759,1.04004,-4.27200,-15.99100,17.82200
68.6299,517074,-0.07422,0.02759,1.04004,-4.33300,-15.56400,17.21200
68.6445,517084,-0.05713,0.03345,1.03491,-4.51700,-15.38100,17.88300
68.6693,517094,-0.07446,0.02954,1.05469,-3.72300,-15.32000,17.76100
68.6762,517104,-0.05615,0.03369,1.03906,-3.66200,-15.19800,16.54100
68.6803,517114,-0.06934,0.03735,1.04395,-4.39500,-15.68600,18.12700
68.6897,517124,-0.05249,0.03784,1.03638,-3.90600,-15.07600,17.33400
68.6922,517134,-0.07227,0.01001,1.04004,-4.08900,-14.89300,17.15100
68.7083,517144,-0.06445,0.02075,1.04199,-4.63900,-16.90700,19.10400
68.7083,517154,-0.06079,0.03589,1.05225,-4.63900,-15.01500,17.39500
68.7341,517164,-0.08276,0.02173,1.03857,-4.33300,-14.52600,16.96800
68.7401,517174,-0.07153,0.03125,1.05249,-4.08900,-15.01500,17.15100
68.7401,517184,-0.06689,0.03345,1.03735,-4.63900,-15.62500,17.21200
68.7723,517194,-0.08081,0.03467,1.03955,-3.96700,-14.40400,16.35700
68.7723,517204,-0.07056,0.02759,1.04468,-3.60100,-16.05200,18.06600
68.7723,517214,-0.05322,0.02539,1.03857,-4.15000,-14.58700,17.21200
68.7900,517224,-0.07642,0.02344,1.05322,-3.72300,-14.03800,16.41800
68.8026,517234,-0.06274,0.02954,1.03735,-4.21100,-14.46500,16.29600
68.8040,517244,-0.08521,0.01831,1.04321,-3.78400,-14.89300,16.78500
68.8199,517254,-0.07422,0.03052,1.03906,-4.33300,-15.32000,17.88300
68.8228,517264,-0.07202,0.01953,1.04248,-4.33300,-15.32000,17.82200
68.8425,517274,-0.07104,0.04126,1.04199,-3.66200,-14.64800,16.54100
68.8505,517284,-0.06738,0.02686,1.04492,-4.27200,-15.44200,17.45600
68.8639,517294,-0.06958,0.01733,1.05078,-4.45600,-15.19800,16.66300
68.8797,517304,-0.07300,0.01831,1.04272,-4.39500,-15.19800,16.84600
68.8803,517314,-0.06226,0.03247,1.04199,-4.33300,-14.28200,16.29600
68.8912,517324,-0.08569,0.02075,1.04712,-4.76100,-15.32000,17.21200
68.9004,517334,-0.07153,0.02441,1.03809,-4.63900,-14.64800,16.47900
68.9154,517344,-0.07349,0.02661,1.03687,-4.33300,-14.03800,17.09000
68.9154,517354,-0.06885,0.02148,1.03223,-4.57800,-15.19800,17.51700
68.9337,517364,-0.07495,0.02832,1.04810,-4.63900,-15.74700,18.31100
68.9337,517374,-0.07300,0.02783,1.04517,-4.08900,-15.07600,17.45600
68.9476,517384,-0.07520,0.05103,1.04224,-3.90600,-13.85500,16.84600
68.9476,517394,-0.08374,0.02148,1.03711,-4.33300,-15.07600,17.45600
68.9789,517404,-0.07349,0.02026,1.02930,-3.84500,-15.62500,18.18800
68.9828,517414,-0.06982,0.02832,1.05469,-3.35700,-14.16000,16.23500
68.9910,517424,-0.07373,0.02661,1.03955,-4.15000,-15.32000,17.33400
68.9962,517434,-0.07715,0.02612,1.03882,-4.08900,-14.70900,17.27300
69.0107,517444,-0.07568,0.02026,1.05469,-4.15000,-15.50300,17.33400
69.0107,517454,-0.07153,0.05518,1.04102,-4.39500,-15.19800,17.15100
69.0266,517464,-0.07520,0.02563,1.03882,-4.27200,-14.70900,17.09000
69.0408,517474,-0.06812,0.02832,1.04443,-4.63900,-14.40400,17.33400
69.0505,517484,-0.06470,0.03589,1.04541,-4.33300,-14.83200,17.09000
69.0583,517494,-0.06445,0.03296,1.04077,-4.63900,-15.44200,17.70000
69.0856,517504,-0.06519,0.03198,1.03760,-4.21100,-14.95400,16.54100
69.0856,517514,-0.07568,0.02393,1.04077,-4.70000,-15.32000,17.51700
69.0908,517524,-0.06641,0.01123,1.05127,-4.27200,-15.07600,18.12700
69.0942,517534,-0.08667,0.02808,1.05005,-4.39500,-15.62500,18.00500
69.1068,517544,-0.06372,0.02344,1.03979,-3.60100,-14.09900,16.41800
69.1068,517554,-0.09058,0.02661,1.04712,-4.15000,-14.95400,16.66300
69.1241,517564,-0.07495,0.03149,1.04370,-3.66200,-14.46500,17.02900
69.1412,517574,-0.08301,0.02002,1.03125,-4.45600,-15.01500,17.33400
69.1527,517584,-0.07422,0.03247,1.05078,-3.96700,-15.19800,17.82200
69.1558,517594,-0.07202,0.02759,1.06201,-4.21100,-14.46500,16.60200
69.1727,517604,-0.07837,0.03125,1.04932,-4.39500,-14.34300,16.29600
69.1912,517614,-0.07251,0.02173,1.04907,-4.94400,-16.05200,17.45600
69.1912,517624,-0.07520,0.02271,1.05615,-4.02800,-14.40400,16.84600
69.2029,517634,-0.08154,0.02881,1.04541,-4.21100,-15.07600,17.09000
69.2029,517644,-0.06299,0.01416,1.04492,-4.27200,-14.03800,15.86900
69.2207,517654,-0.08105,0.01099,1.05420,-4.51700,-15.32000,17.63900
69.2266,517664,-0.07837,0.02686,1.03662,-4.57800,-15.86900,17.76100
69.2352,517674,-0.06958,0.03223,1.03296,-4.21100,-15.19800,16.90700
69.2510,517684,-0.06958,0.03784,1.03979,-3.66200,-15.32000,17.76100
69.2531,517694,-0.06738,0.02148,1.04102,-3.84500,-14.34300,17.27300
69.2916,517704,-0.06201,0.01001,1.04004,-3.96700,-15.99100,17.39500
69.2916,517714,-0.06763,0.03345,1.04175,-4.27200,-14.40400,16.35700
69.2916,517724,-0.06958,0.04248,1.05200,-3.78400,-14.34300,16.41800
69.2992,517734,-0.07520,0.03540,1.03882,-3.72300,-15.86900,17.82200
69.3167,517744,-0.06226,0.01807,1.04541,-4.39500,-15.38100,16.47900
69.3167,517754,-0.06909,0.01709,1.04590,-4.39500,-14.34300,17.09000
69.3167,517764,-0.05981,0.03198,1.03345,-4.76100,-16.17400,18.37200
69.3320,517774,-0.06714,0.02173,1.05371,-4.27200,-14.77100,16.41800
69.3479,517784,-0.06592,0.02588,1.02808,-4.45600,-15.07600,17.51700
69.3479,517794,-0.06812,0.02271,1.03003,-4.45600,-14.46500,16.05200
69.3637,517804,-0.07617,0.02051,1.03564,-4.33300,-15.13700,17.70000
69.3824,517814,-0.06592,0.01880,1.04688,-3.72300,-14.89300,17.70000
69.3824,517824,-0.06299,0.02686,1.05859,-4.08900,-14.64800,16.72400
69.3952,517834,-0.06836,0.01978,1.04639,-3.35700,-14.22100,16.66300
69.4112,517844,-0.08301,0.02246,1.05933,-4.21100,-15.93000,18.06600
69.4272,517854,-0.07715,0.04053,1.04077,-3.90600,-13.85500,16.47900
69.4272,517864,-0.08350,0.03784,1.04688,-4.02800,-14.58700,16.78500
69.4272,517874,-0.08032,0.03833,1.05396,-4.15000,-14.09900,16.78500
69.4462,517884,-0.07520,0.04956,1.03223,-5.06600,-14.46500,17.88300
69.4592,517894,-0.08130,0.02100,1.04614,-4.63900,-15.19800,17.63900
69.4592,517904,-0.08057,0.03271,1.03711,-4.39500,-14.58700,16.41800
69.4918,517914,-0.07056,0.04370,1.04468,-3.72300,-13.73300,15.32000
69.4918,517924,-0.06372,0.02710,1.03760,-3.90600,-15.32000,17.21200
69.4918,517934,-0.08521,0.03833,1.04858,-4.15000,-15.86900,17.15100
69.5070,517944,-0.05713,0.04053,1.02417,-3.96700,-16.05200,17.27300
69.5227,517954,-0.07056,0.02734,1.04102,-4.08900,-15.93000,16.96800
69.5227,517964,-0.06836,0.03076,1.04565,-3.84500,-14.95400,16.66300
69.5392,517974,-0.05151,0.02881,1.04565,-3.54000,-15.56400,16.60200
69.5392,517984,-0.05908,0.02612,1.04492,-4.08900,-14.77100,16.96800
69.5554,517994,-0.06250,0.02490,1.02832,-4.45600,-15.68600,17.33400
69.5712,518004,-0.06396,0.01050,1.03076,-3.96700,-14.52600,16.78500
69.5917,518014,-0.07642,0.02441,1.01855,-4.02800,-15.32000,17.63900
69.5976,518024,-0.07642,0.01489,1.04395,-4.45600,-15.19800,18.12700
69.6036,518034,-0.08594,0.00488,1.04395,-3.90600,-14.52600,17.82200
69.6036,518044,-0.07666,0.01782,1.04175,-4.15000,-14.64800,17.45600
69.6193,518054,-0.07446,0.02466,1.05005,-4.27200,-14.64800,16.84600
69.6236,518064,-0.07495,0.01978,1.04297,-4.21100,-13.97700,16.23500
69.6384,518074,-0.07593,0.00781,1.03052,-4.39500,-14.28200,16.54100
69.6384,518084,-0.05859,0.02051,1.03149,-4.57800,-14.16000,15.93000
69.6515,518094,-0.05859,0.02319,1.02539,-4.27200,-13.97700,15.80800
69.6687,518104,-0.07568,0.02026,1.03223,-3.96700,-14.28200,15.93000
69.6795,518114,-0.07397,0.03198,1.01001,-4.63900,-15.01500,16.47900
69.6919,518124,-0.07104,0.03174,1.00977,-3.60100,-14.89300,17.33400
69.6991,518134,-0.06958,0.02368,1.02710,-3.90600,-16.23500,18.12700
69.7106,518144,-0.06689,0.04785,1.03149,-4.15000,-16.05200,18.43300
69.7208,518154,-0.06641,0.03589,1.04712,-3.66200,-15.44200,17.33400
69.7334,518164,-0.07178,0.02271,1.04565,-3.35700,-13.55000,14.95400
69.7334,518174,-0.06714,0.03271,1.04883,-3.96700,-14.40400,15.86900
69.7505,518184,-0.07153,0.03979,1.04810,-3.47900,-12.02400,13.73300
69.7616,518194,-0.08032,0.03369,1.05200,-3.41800,-12.57300,14.22100
69.7616,518204,-0.05688,0.02637,1.03564,-4.15000,-14.22100,16.35700
69.7815,518214,-0.06030,0.02319,1.03613,-4.51700,-14.89300,16.96800
69.7944,518224,-0.05542,0.03003,1.01660,-5.00500,-16.23500,18.31100
69.7944,518234,-0.07739,0.01611,1.03394,-4.39500,-13.61100,15.74700
69.8095,518244,-0.06396,0.02563,1.02515,-4.27200,-14.09900,15.93000
69.8122,518254,-0.08887,0.02026,1.01807,-3.54000,-12.93900,14.77100
69.8255,518264,-0.07764,0.02051,1.03003,-3.90600,-14.40400,16.54100
69.8414,518274,-0.06763,0.02710,1.04565,-3.05200,-13.73300,15.19800
69.8414,518284,-0.07251,0.02808,1.04126,-3.05200,-14.58700,16.60200
69.8587,518294,-0.06421,0.01611,1.06104,-3.96700,-14.09900,16.17400
69.8656,518304,-0.08276,0.02417,1.04468,-3.47900,-13.06200,14.89300
69.8747,518314,-0.07568,0.03076,1.05005,-3.23500,-13.12300,13.97700
69.9052,518324,-0.08716,0.01587,1.04541,-4.45600,-14.89300,16.96800
69.9052,518334,-0.07471,0.01587,1.03467,-3.60100,-14.64800,16.05200
69.9052,518344,-0.05762,0.01685,1.02417,-4.08900,-12.69500,14.95400
69.9285,518354,-0.06299,0.02148,1.04053,-3.84500,-13.61100,15.86900
69.9303,518364,-0.08350,0.00610,1.03076,-4.33300,-15.01500,17.27300
69.9406,518374,-0.08569,0.02026,1.02881,-4.15000,-14.22100,16.05200
69.9406,518384,-0.07495,0.03540,1.03320,-3.54000,-14.22100,16.35700
69.9532,518394,-0.08447,0.02100,1.04712,-3.23500,-12.02400,13.73300
69.9691,518404,-0.07349,0.01709,1.04297,-4.39500,-15.62500,17.15100
69.9691,518414,-0.07666,0.02417,1.06055,-4.15000,-14.58700,16.05200
70.0004,518424,-0.07227,0.02539,1.04126,-4.15000,-15.07600,17.27300
70.0004,518434,-0.06421,0.02979,1.03931,-3.90600,-13.91600,16.17400
70.0004,518444,-0.06592,0.03467,1.04663,-3.78400,-15.19800,17.45600
70.0162,518454,-0.05859,0.04053,1.02686,-4.21100,-13.85500,15.93000
70.0162,518464,-0.06982,0.02759,1.04712,-3.29600,-13.42800,14.89300
70.0400,518474,-0.08765,0.02441,1.05591,-4.51700,-14.46500,17.45600
70.0509,518484,-0.07886,0.03613,1.05249,-4.21100,-14.34300,17.02900
70.0509,518494,-0.08423,0.02588,1.05518,-3.90600,-14.28200,16.05200
70.0652,518504,-0.07910,0.02905,1.04102,-4.08900,-15.62500,16.35700
70.0652,518514,-0.07983,0.03076,1.03003,-3.78400,-14.46500,15.80800
70.0924,518524,-0.07446,0.01538,1.03076,-4.39500,-13.06200,15.68600
70.0995,518534,-0.06323,0.03052,1.04980,-4.51700,-14.52600,16.54100
70.0995,518544,-0.05859,0.01587,1.03198,-4.33300,-15.25900,16.96800
70.1137,518554,-0.06616,0.02271,1.01709,-3.66200,-13.30600,15.13700
70.1298,518564,-0.05225,0.01953,1.02148,-4.27200,-14.40400,15.86900
70.1298,518574,-0.07007,0.00659,1.05273,-3.66200,-14.46500,16.29600
70.1505,518584,-0.05420,0.02563,1.04077,-4.15000,-14.70900,17.02900
70.1585,518594,-0.06445,0.02734,1.03027,-4.02800,-13.91600,16.78500
70.1615,518604,-0.08081,0.03003,1.03662,-4.39500,-15.13700,17.15100
70.1796,518614,-0.07080,0.01465,1.04248,-3.84500,-14.16000,16.60200
70.1909,518624,-0.08203,0.03003,1.05469,-3.90600,-14.16000,16.23500
70.1935,518634,-0.08765,0.01807,1.04541,-3.47900,-12.69500,14.95400
70.2091,518644,-0.08984,0.02881,1.04468,-4.08900,-14.28200,16.41800
70.2091,518654,-0.07227,0.03491,1.03613,-4.21100,-13.85500,16.05200
70.2278,518664,-0.06250,0.01831,1.03931,-4.70000,-14.77100,16.78500
70.2409,518674,-0.09106,0.03125,1.04492,-3.60100,-14.28200,16.35700
70.2409,518684,-0.06543,0.02686,1.04370,-3.90600,-15.01500,16.60200
70.2568,518694,-0.07178,0.03125,1.02881,-3.60100,-13.91600,15.86900
70.2643,518704,-0.07520,0.02344,1.04858,-4.02800,-14.52600,16.72400
70.2729,518714,-0.08911,0.02979,1.06030,-4.02800,-13.97700,16.78500
70.2893,518724,-0.07935,0.03784,1.03931,-3.84500,-14.09900,15.68600
70.3054,518734,-0.07593,0.03271,1.03857,-3.84500,-14.64800,17.02900
70.3054,518744,-0.06738,0.04639,1.03931,-4.33300,-13.79400,15.86900
70.3054,518754,-0.06567,0.01709,1.04468,-3.78400,-15.13700,17.21200
70.3263,518764,-0.08179,0.04272,1.02637,-3.78400,-14.16000,16.11300
70.3419,518774,-0.08032,0.03467,1.03711,-4.70000,-14.46500,16.41800
70.3419,518784,-0.06812,0.02856,1.03687,-4.27200,-14.58700,16.96800
70.3530,518794,-0.07861,0.02661,1.03906,-4.51700,-13.73300,15.38100
70.3689,518804,-0.07227,0.02539,1.05225,-4.45600,-14.46500,17.33400
70.3761,518814,-0.06567,0.01782,1.02710,-4.02800,-13.18400,16.05200
70.3847,518824,-0.08350,0.00684,1.05933,-4.15000,-14.16000,16.60200
70.4168,518834,-0.07080,0.03296,1.05176,-4.63900,-13.97700,16.96800
70.4168,518844,-0.08691,0.02246,1.03735,-4.33300,-14.03800,16.78500
70.4168,518854,-0.08105,0.01001,1.02686,-4.15000,-13.42800,15.44200
70.4168,518864,-0.06641,0.02368,1.03979,-4.57800,-15.13700,17.15100
70.4497,518874,-0.08154,0.01123,1.03296,-4.21100,-14.83200,16.35700
70.4497,518884,-0.08105,0.01318,1.02661,-3.90600,-14.28200,15.93000
70.4957,518894,-0.07544,0.02173,1.02783,-4.15000,-15.38100,17.63900
70.4957,518904,-0.07568,0.02759,1.04126,-3.84500,-14.03800,16.78500
70.4957,518914,-0.07056,0.02979,1.05127,-3.72300,-13.61100,16.29600
70.4957,518924,-0.07568,0.04102,1.04370,-3.54000,-14.58700,16.90700
70.4957,518934,-0.08765,0.02441,1.04590,-3.84500,-14.52600,16.41800
70.5175,518944,-0.07080,0.02637,1.04321,-4.15000,-14.34300,16.17400
70.5175,518954,-0.07495,0.03027,1.04810,-4.45600,-15.32000,17.21200
70.5296,518964,-0.07422,0.02368,1.04492,-4.45600,-14.16000,16.84600
70.5296,518974,-0.05200,0.03003,1.02808,-4.15000,-14.64800,16.29600
70.5436,518984,-0.07300,0.02246,1.03271,-3.60100,-14.28200,16.11300
70.5927,519026,-0.05933,0.03198,1.04688,-4.51700,-15.93000,17.70000
70.5927,519028,-0.06250,0.03149,1.03833,-3.96700,-15.68600,17.51700
70.5988,519029,-0.06250,0.03149,1.03833,-3.96700,-15.68600,17.51700
70.5988,519031,-0.06250,0.03149,1.03833,-3.96700,-15.68600,17.51700
70.5988,519034,-0.06982,0.03223,1.04834,-3.72300,-14.70900,16.72400
70.6071,519044,-0.07202,0.01709,1.06055,-4.08900,-13.85500,16.54100
70.6232,519054,-0.06323,0.01880,1.05054,-4.08900,-15.25900,17.15100
70.6232,519064,-0.08789,0.02588,1.04370,-3.66200,-14.22100,16.11300
70.6412,519074,-0.07373,0.01831,1.04395,-4.39500,-14.46500,16.66300
70.6412,519084,-0.08936,0.03540,1.04541,-3.90600,-14.58700,16.29600
70.6552,519094,-0.07520,0.03345,1.01343,-3.90600,-14.64800,15.62500
70.6716,519104,-0.06738,0.01245,1.00928,-3.78400,-14.64800,15.19800
70.6778,519114,-0.06714,0.01831,1.07495,-2.68600,-13.97700,16.35700
70.6904,519124,-0.09766,0.01685,1.06274,-3.90600,-15.44200,16.96800
70.6949,519134,-0.07275,0.03564,1.03516,-4.15000,-14.34300,17.21200
70.7193,519144,-0.09717,0.01270,1.07129,-3.78400,-14.77100,15.99100
70.7193,519154,-0.07251,0.03589,1.04932,-4.51700,-14.28200,16.41800
70.7193,519164,-0.07349,0.03467,1.05542,-4.45600,-14.03800,15.86900
70.7354,519174,-0.05835,0.02710,1.03564,-5.12700,-14.16000,17.02900
70.7354,519184,-0.07861,0.01733,1.01392,-4.51700,-14.52600,17.33400
70.7511,519194,-0.08130,0.02124,1.02148,-3.72300,-14.40400,16.72400
70.7673,519204,-0.08130,0.02466,1.02588,-4.27200,-14.70900,17.88300
70.7832,519214,-0.08252,0.02417,1.03442,-3.84500,-14.89300,16.47900
70.7832,519224,-0.09619,0.03613,1.03662,-3.35700,-15.13700,17.09000
70.7991,519234,-0.06982,0.01782,1.06787,-3.41800,-15.68600,15.99100
70.8148,519244,-0.05225,0.01245,1.06860,-3.41800,-15.19800,15.93000
70.8148,519254,-0.04077,0.01831,1.06470,-3.96700,-15.74700,15.99100
70.8309,519264,-0.05298,0.01514,1.06348,-4.02800,-15.50300,16.47900
70.8309,519274,-0.04932,0.02759,1.03833,-4.70000,-15.56400,17.09000
70.8481,519284,-0.03223,0.01196,1.05200,-4.88300,-14.46500,18.31100
70.8481,519294,-0.06714,0.02490,1.03271,-4.27200,-14.22100,17.02900
70.8626,519304,-0.09570,0.01733,1.02319,-4.45600,-13.42800,18.61600
70.8800,519314,-0.12744,0.01660,1.00952,-4.02800,-13.91600,17.33400
70.8800,519324,-0.10449,0.02539,1.02173,-4.39500,-14.83200,17.15100
70.8951,519334,-0.11035,0.02295,1.03857,-4.15000,-14.70900,16.47900
70.9109,519344,-0.12061,0.01611,1.04102,-3.47900,-13.85500,16.54100
70.9268,519354,-0.13062,0.02051,1.05127,-3.72300,-14.70900,15.74700
70.9288,519364,-0.07837,0.00610,1.05005,-3.35700,-15.50300,15.19800
70.9428,519374,-0.07275,0.02222,1.04590,-3.35700,-14.89300,15.62500
70.9428,519384,-0.05420,0.01904,1.06787,-3.84500,-14.52600,14.52600
70.9589,519394,-0.04688,0.02490,1.07837,-3.90600,-15.19800,15.56400
70.9589,519404,-0.03003,0.03223,1.05420,-3.72300,-15.68600,16.90700
70.9755,519414,-0.03271,0.03589,1.04639,-4.21100,-14.89300,16.96800
70.9755,519424,-0.06641,0.01709,1.03198,-4.02800,-15.13700,17.51700
70.9931,519434,-0.06763,0.01929,1.02637,-3.90600,-15.32000,17.94400
71.0139,519444,-0.06323,0.03442,1.04614,-4.15000,-15.38100,18.25000
71.0236,519454,-0.10254,0.02246,1.03296,-4.57800,-13.97700,17.39500
71.0236,519464,-0.09985,0.01782,1.04297,-4.15000,-14.77100,16.84600
71.0403,519474,-0.10083,0.03516,1.04883,-3.41800,-15.25900,16.54100
71.0508,519484,-0.09839,0.02026,1.04688,-3.72300,-13.91600,15.38100
71.0549,519494,-0.07471,0.03223,1.05615,-4.21100,-14.03800,15.93000
71.0708,519504,-0.06299,0.03052,1.03857,-5.12700,-14.83200,16.84600
71.0708,519514,-0.06982,0.01489,1.03516,-4.21100,-14.40400,16.35700
71.0871,519524,-0.06543,0.02222,1.02710,-4.51700,-14.09900,16.11300
71.0994,519534,-0.06982,0.02393,1.04565,-4.88300,-14.40400,17.70000
71.1106,519544,-0.06567,0.02393,1.03662,-4.21100,-13.79400,17.51700
71.1347,519554,-0.08350,0.02734,1.04053,-3.90600,-14.22100,16.41800
71.1347,519564,-0.09180,0.02539,1.04541,-4.15000,-14.16000,16.72400
71.1416,519574,-0.11914,0.02515,1.03882,-3.35700,-14.83200,15.80800
71.1509,519584,-0.06226,0.02808,1.06152,-3.84500,-15.62500,15.62500
71.1583,519594,-0.08472,0.02173,1.06079,-4.63900,-17.02900,17.27300
71.1669,519604,-0.07642,0.00830,1.03687,-4.94400,-15.86900,16.84600
71.1814,519614,-0.04834,0.01318,1.03662,-4.21100,-15.68600,14.46500
71.1814,519624,-0.06274,0.01074,1.03198,-4.33300,-16.96800,16.11300
71.2059,519634,-0.03638,0.02222,1.02954,-3.60100,-15.32000,16.90700
71.2118,519644,-0.03931,0.01123,1.04077,-4.02800,-15.01500,16.84600
71.2280,519654,-0.04053,0.01001,1.06055,-4.39500,-15.50300,17.39500
71.2280,519664,-0.04004,0.01758,1.04688,-3.41800,-14.58700,16.35700
71.2280,519674,-0.05811,0.02271,1.05542,-3.96700,-13.00000,16.96800
71.2431,519684,-0.06763,0.02490,1.07568,-3.72300,-13.97700,18.06600
71.2600,519694,-0.12573,0.02930,1.04712,-4.27200,-14.09900,17.82200
71.2698,519704,-0.07690,0.02661,1.05273,-4.70000,-14.40400,17.33400
71.3063,519714,-0.10107,0.04297,1.04224,-4.39500,-13.00000,17.82200
71.3063,519724,-0.11523,0.02954,1.02417,-4.76100,-14.16000,16.47900
71.3063,519734,-0.09277,0.03149,1.03882,-4.21100,-14.70900,16.72400
71.3063,519744,-0.09082,0.03809,1.01733,-4.39500,-15.13700,16.35700
71.3225,519754,-0.07397,0.03149,1.00171,-4.08900,-14.77100,15.80800
71.3225,519764,-0.07617,0.02539,1.02466,-3.90600,-15.01500,15.99100
71.3387,519774,-0.07129,0.03271,1.04712,-3.35700,-15.99100,16.66300
71.3387,519784,-0.05811,0.03223,1.03906,-3.17400,-15.32000,15.68600
71.3547,519794,-0.05493,0.03369,1.06519,-4.21100,-15.74700,16.41800
71.3706,519804,-0.04956,0.03394,1.06665,-3.96700,-15.99100,16.90700
71.3762,519814,-0.05591,0.02759,1.05298,-4.70000,-14.95400,16.60200
71.3901,519824,-0.06372,0.02026,1.04248,-5.06600,-16.11300,17.15100
71.3935,519834,-0.07275,0.01733,1.04028,-4.76100,-14.34300,17.21200
71.4064,519844,-0.05859,0.01343,1.04224,-4.88300,-15.25900,17.02900
71.4186,519854,-0.05957,0.01489,1.02319,-4.15000,-14.40400,16.54100
71.4349,519864,-0.07666,0.02271,1.02686,-4.70000,-14.70900,17.70000
71.4349,519874,-0.09326,0.02612,1.02173,-3.72300,-14.03800,16.29600
71.4520,519884,-0.08032,0.02686,1.04443,-3.90600,-13.18400,16.54100
71.4520,519894,-0.07202,0.02905,1.05811,-4.02800,-15.68600,17.51700
71.4688,519904,-0.10229,0.02979,1.06934,-3.96700,-12.63400,16.47900
71.4688,519914,-0.09106,0.01855,1.04492,-4.08900,-13.97700,16.54100
71.4828,519924,-0.09180,0.01660,1.05273,-4.15000,-14.64800,16.35700
71.4987,519934,-0.06982,0.01636,1.06128,-4.21100,-15.44200,16.60200
71.5060,519944,-0.06006,0.02881,1.05103,-4.02800,-14.89300,16.23500
71.5183,519954,-0.04712,0.03174,1.03345,-4.39500,-14.77100,15.74700
71.5307,519964,-0.07422,0.02344,1.02808,-4.39500,-15.86900,17.21200
71.5307,519974,-0.05664,0.02173,1.03711,-3.60100,-15.07600,16.60200
71.5471,519984,-0.07764,0.03027,1.03247,-3.60100,-16.41800,16.66300
71.5633,519994,-0.08081,0.03174,1.03491,-3.96700,-14.46500,15.99100
71.5649,520004,-0.08716,0.03394,1.05029,-3.47900,-14.95400,16.29600
71.5794,520014,-0.06982,0.03125,1.04492,-3.72300,-15.86900,16.96800
71.5872,520024,-0.07739,0.02075,1.06274,-3.96700,-16.05200,17.63900
71.5995,520034,-0.06543,0.03638,1.03687,-4.57800,-14.58700,16.35700
71.5995,520044,-0.08008,0.02759,1.05347,-4.21100,-15.56400,17.94400
71.6118,520054,-0.07153,0.03076,1.03857,-4.21100,-14.09900,15.68600
71.6439,520064,-0.06567,0.02490,1.04736,-4.51700,-14.95400,16.05200
71.6439,520074,-0.07397,0.03027,1.04565,-4.45600,-15.13700,16.72400
71.6439,520084,-0.06519,0.02588,1.05835,-4.63900,-15.01500,17.57800
71.6600,520094,-0.05322,0.02075,1.05591,-3.96700,-13.73300,16.05200
71.6600,520104,-0.07129,0.01709,1.03491,-4.63900,-15.32000,17.76100
71.6761,520114,-0.06885,0.02588,1.03223,-4.15000,-14.58700,17.21200
71.6761,520124,-0.08374,0.02075,1.05176,-4.15000,-14.03800,16.84600
71.7005,520134,-0.09131,0.02002,1.04688,-4.45600,-14.95400,17.63900
71.7078,520144,-0.09424,0.02026,1.03979,-3.96700,-14.34300,16.66300
71.7078,520154,-0.07471,0.01929,1.04834,-3.96700,-15.38100,16.41800
71.7402,520164,-0.09375,0.02271,1.03589,-3.72300,-15.19800,16.35700
71.7402,520174,-0.08643,0.01636,1.03955,-3.66200,-14.58700,16.23500
71.7574,520184,-0.07300,0.02808,1.04419,-4.27200,-14.64800,16.54100
71.7601,520194,-0.05957,0.02319,1.04028,-3.60100,-15.74700,16.41800
71.7725,520204,-0.06274,0.02905,1.02295,-3.60100,-13.91600,15.99100
71.7740,520214,-0.05005,0.03223,1.04688,-4.33300,-15.62500,16.72400
71.7937,520224,-0.06177,0.01196,1.04736,-4.21100,-15.19800,16.72400
71.7937,520234,-0.07056,0.01099,1.04980,-4.02800,-16.05200,17.21200
71.8046,520244,-0.06543,0.02295,1.05566,-4.51700,-14.34300,16.90700
71.8204,520254,-0.07812,0.01489,1.05737,-4.39500,-15.07600,16.66300
71.8204,520264,-0.07422,0.02222,1.05566,-4.21100,-14.52600,16.66300
71.8364,520274,-0.07349,0.03027,1.03394,-3.84500,-15.01500,17.09000
71.8364,520284,-0.07690,0.02466,1.04126,-4.33300,-15.07600,17.94400
71.8524,520294,-0.09082,0.02783,1.03149,-4.33300,-15.38100,17.21200
71.8684,520304,-0.06543,0.03198,1.05054,-4.21100,-15.80800,18.00500
71.8772,520314,-0.06519,0.04980,1.03271,-4.39500,-15.38100,17.09000
71.8846,520324,-0.08154,0.03638,1.05347,-4.21100,-15.19800,16.35700
71.9012,520334,-0.08325,0.02368,1.04370,-3.96700,-14.28200,16.90700
71.9012,520344,-0.08496,0.03394,1.06299,-4.02800,-14.03800,16.23500
71.9171,520354,-0.09033,0.03711,1.04248,-4.45600,-14.70900,16.84600
71.9171,520364,-0.07593,0.02490,1.04541,-4.45600,-14.46500,17.21200
71.9492,520374,-0.07129,0.03052,1.04224,-5.06600,-14.34300,17.21200
71.9492,520384,-0.07788,0.03198,1.04663,-4.57800,-14.77100,16.29600
71.9492,520394,-0.07544,0.02417,1.05151,-4.21100,-14.22100,15.86900
71.9653,520404,-0.07593,0.02661,1.03735,-4.63900,-14.83200,16.11300
71.9810,520414,-0.06641,0.02319,1.05005,-4.76100,-15.50300,16.47900
71.9838,520424,-0.08447,0.01929,1.03149,-4.15000,-14.22100,15.99100
71.9970,520434,-0.07056,0.01782,1.02515,-4.02800,-14.77100,16.54100
71.9970,520444,-0.07764,0.00635,1.04468,-4.02800,-15.62500,17.21200
72.0139,520454,-0.07959,0.02783,1.03857,-4.02800,-13.36700,16.66300
72.0298,520464,-0.06934,0.02905,1.03003,-3.78400,-14.46500,16.11300
72.0467,520474,-0.08325,0.01758,1.04590,-3.84500,-14.70900,16.78500
72.0506,520484,-0.06445,0.01270,1.03247,-3.84500,-14.03800,16.84600
72.0629,520494,-0.08521,0.02563,1.07373,-2.86900,-13.91600,16.05200
72.0629,520504,-0.07593,0.02100,1.05640,-4.45600,-14.09900,15.38100
72.0794,520514,-0.10156,0.00415,1.02026,-4.08900,-14.22100,17.02900
72.0928,520524,-0.08032,0.00391,1.03442,-4.45600,-15.07600,17.45600
72.1050,520534,-0.05664,0.02466,1.05884,-3.90600,-14.70900,15.93000
72.1088,520544,-0.05884,0.04395,1.04199,-3.60100,-14.52600,16.72400
72.1185,520554,-0.06543,0.03394,1.02026,-4.02800,-14.52600,16.29600
72.1262,520564,-0.08862,0.03467,1.04639,-3.54000,-14.16000,16.72400
72.1426,520574,-0.09131,0.01880,1.05005,-3.78400,-15.44200,15.93000
72.1426,520584,-0.06885,0.02515,1.03540,-4.27200,-14.77100,15.56400
72.1603,520594,-0.07422,0.03247,1.06641,-4.15000,-15.19800,17.09000
72.1603,520604,-0.09766,0.01318,1.03882,-3.84500,-15.19800,16.05200
72.1726,520614,-0.06763,0.01318,1.04004,-4.57800,-15.86900,15.74700
72.1895,520624,-0.07202,0.02808,1.06909,-3.72300,-15.19800,16.41800
72.1941,520634,-0.06079,0.02148,1.05249,-3.60100,-15.68600,17.39500
72.2108,520644,-0.06396,0.03809,1.04639,-3.90600,-15.32000,16.60200
72.2114,520654,-0.06592,0.02954,1.04468,-4.15000,-14.22100,16.11300
72.2317,520664,-0.06812,0.03076,1.03052,-4.27200,-15.32000,17.33400
72.2425,520674,-0.06934,0.02124,1.04443,-4.21100,-14.34300,16.11300
72.2525,520684,-0.07422,0.01807,1.06079,-4.33300,-14.34300,16.78500
72.2525,520694,-0.08374,0.01807,1.02124,-4.39500,-14.40400,16.84600
72.2683,520704,-0.07080,0.02100,1.04199,-3.90600,-15.13700,16.84600
72.2841,520714,-0.07153,0.02808,1.03003,-3.90600,-14.28200,16.29600
72.2841,520724,-0.09961,0.01636,1.03711,-3.90600,-14.40400,16.47900
72.3002,520734,-0.09448,0.01367,1.05273,-3.96700,-15.38100,16.72400
72.3002,520744,-0.07593,0.01245,1.03149,-3.41800,-14.52600,16.23500
72.3163,520754,-0.06958,0.01758,1.04468,-4.08900,-14.34300,15.74700
72.3163,520764,-0.07349,0.03857,1.04004,-3.54000,-14.95400,16.29600
72.3339,520774,-0.06567,0.02637,1.04712,-3.84500,-16.11300,17.70000
72.3484,520784,-0.05200,0.03296,1.04907,-4.08900,-14.58700,15.86900
72.3484,520794,-0.07056,0.02319,1.03662,-3.84500,-14.46500,16.17400
72.3654,520804,-0.08203,0.02612,1.03564,-4.21100,-15.44200,17.02900
72.3800,520814,-0.05615,0.02197,1.04102,-3.84500,-15.19800,17.27300
72.3800,520824,-0.06519,0.02515,1.04980,-4.21100,-15.32000,16.29600
72.3978,520834,-0.07666,0.01562,1.03857,-4.27200,-14.83200,16.66300
72.4119,520844,-0.07153,0.00684,1.04077,-3.78400,-15.25900,16.54100
72.4119,520854,-0.08203,0.02100,1.03589,-4.33300,-13.79400,15.19800
72.4279,520864,-0.06445,0.03540,1.03833,-4.33300,-15.38100,17.02900
72.4279,520874,-0.06445,0.03979,1.04688,-4.51700,-14.64800,17.51700
72.4669,520884,-0.08667,0.02686,1.05396,-4.51700,-15.07600,16.54100
72.4669,520894,-0.06226,0.03320,1.04028,-4.08900,-14.70900,16.35700
72.4669,520904,-0.07544,0.02759,1.04932,-3.84500,-14.16000,16.11300
72.4757,520914,-0.07275,0.02393,1.03003,-3.78400,-14.89300,16.35700
72.4757,520924,-0.07739,0.01514,1.04663,-4.33300,-15.50300,17.15100
72.4943,520934,-0.07886,0.03247,1.04565,-3.78400,-13.79400,15.25900
72.5075,520944,-0.07617,0.02563,1.05396,-4.51700,-15.13700,16.66300
72.5195,520954,-0.06738,0.03369,1.05005,-4.39500,-15.13700,16.78500
72.5298,520964,-0.07373,0.03027,1.04712,-4.08900,-14.70900,17.09000
72.5397,520974,-0.08301,0.02856,1.05176,-4.51700,-15.62500,16.60200
72.5721,520984,-0.08179,0.02368,1.04907,-4.21100,-14.28200,16.05200
72.5946,521028,-0.07422,0.02051,1.02881,-3.35700,-13.85500,15.86900
72.5946,521029,-0.07422,0.02051,1.02881,-3.35700,-13.85500,15.86900
72.6002,521030,-0.07422,0.02051,1.02881,-3.35700,-13.85500,15.86900
72.6002,521032,-0.07422,0.02051,1.02881,-3.35700,-13.85500,15.86900
72.6002,521034,-0.07275,0.02197,1.03638,-3.72300,-14.40400,15.56400
72.6037,521044,-0.06714,0.01904,1.05713,-4.33300,-14.28200,17.15100
72.6199,521054,-0.08130,0.03687,1.04517,-4.15000,-15.32000,17.15100
72.6199,521064,-0.07324,0.01733,1.03394,-3.96700,-14.58700,16.29600
72.6362,521074,-0.07959,0.02222,1.04785,-4.27200,-15.13700,16.90700
72.6523,521084,-0.07983,0.02246,1.04810,-4.15000,-14.95400,17.02900
72.6684,521094,-0.07812,0.02734,1.02466,-3.84500,-15.01500,17.15100
72.6700,521104,-0.08447,0.01318,1.03784,-4.08900,-14.64800,16.78500
72.6700,521114,-0.07251,0.02026,1.04028,-3.78400,-14.70900,15.93000
72.6855,521124,-0.08032,0.00806,1.02295,-3.66200,-14.40400,16.29600
72.7002,521134,-0.06470,0.02026,1.05420,-3.60100,-14.34300,16.78500
72.7177,521144,-0.06812,0.02808,1.07300,-4.21100,-15.44200,17.15100
72.7177,521154,-0.06885,0.03687,1.05493,-4.08900,-15.01500,16.11300
72.7318,521164,-0.07446,0.02808,1.07080,-4.08900,-14.28200,15.74700
72.7318,521174,-0.06763,0.04517,1.04907,-4.27200,-14.89300,16.47900
72.7478,521184,-0.05811,0.04272,1.05200,-4.63900,-15.19800,17.63900
72.7662,521194,-0.06421,0.04175,1.02246,-5.00500,-14.89300,17.15100
72.7662,521204,-0.07861,0.04272,1.01831,-4.39500,-14.03800,16.05200
72.7813,521214,-0.08398,0.02197,1.02466,-4.02800,-14.22100,15.99100
72.7813,521224,-0.07959,0.02661,1.02930,-3.72300,-15.07600,16.72400
72.7965,521234,-0.09253,0.02026,1.04321,-3.90600,-14.46500,15.74700
72.8080,521244,-0.08716,0.01514,1.05078,-3.41800,-14.83200,16.41800
72.8190,521254,-0.07910,0.02832,1.07056,-3.29600,-14.77100,15.01500
72.8286,521264,-0.07349,0.02954,1.06348,-4.02800,-14.95400,15.99100
72.8286,521274,-0.07471,0.01758,1.05737,-4.21100,-14.34300,16.60200
72.8444,521284,-0.05176,0.03247,1.05029,-4.88300,-14.95400,17.15100
72.8604,521294,-0.05469,0.02783,1.05566,-5.55400,-14.22100,17.27300
72.8604,521304,-0.06396,0.02417,1.03369,-4.51700,-13.55000,16.29600
72.8764,521314,-0.05591,0.02808,1.01123,-4.02800,-14.77100,17.39500
72.8764,521324,-0.08716,0.00757,1.02075,-3.90600,-14.70900,17.63900
72.8957,521334,-0.07886,0.02295,1.01929,-3.72300,-14.40400,17.15100
72.9119,521344,-0.09888,0.00439,1.04077,-3.96700,-15.13700,17.51700
72.9119,521354,-0.09644,0.01685,1.06226,-3.17400,-14.22100,16.05200
72.9307,521364,-0.09570,0.02026,1.05835,-3.84500,-16.11300,16.84600
72.9562,521374,-0.08154,0.02271,1.06616,-4.02800,-14.89300,15.74700
72.9562,521384,-0.06958,0.02441,1.06909,-3.66200,-15.86900,15.38100
72.9724,521394,-0.06226,0.02222,1.03711,-4.45600,-16.05200,16.47900
72.9724,521404,-0.05933,0.02661,1.03540,-4.82200,-15.44200,16.54100
72.9724,521414,-0.04224,0.02100,1.01831,-4.45600,-14.64800,15.80800
72.9885,521424,-0.05249,0.01392,1.01465,-3.84500,-14.22100,16.78500
72.9958,521434,-0.05469,0.02368,1.02124,-3.29600,-13.48900,16.11300
73.0083,521444,-0.07129,0.02783,1.03296,-3.78400,-13.67200,16.96800
73.0205,521454,-0.07495,0.02588,1.04907,-3.05200,-14.77100,17.82200
73.0205,521464,-0.09424,0.03247,1.07056,-3.66200,-14.83200,18.06600
73.0437,521474,-0.08618,0.03613,1.06812,-4.27200,-15.32000,17.94400
73.0505,521484,-0.09717,0.03613,1.08105,-4.39500,-14.77100,17.33400
73.0848,521494,-0.08545,0.03687,1.06299,-4.02800,-14.46500,16.72400
73.0848,521504,-0.09375,0.03540,1.04834,-5.55400,-15.74700,16.90700
73.0848,521514,-0.08325,0.04297,1.02222,-5.43200,-14.46500,16.54100
73.0883,521524,-0.07202,0.03638,1.02319,-4.88300,-15.93000,17.02900
73.1014,521534,-0.07544,0.02563,1.00732,-4.39500,-15.25900,16.05200
73.1043,521544,-0.06396,0.01782,1.01538,-3.41800,-13.67200,15.13700
73.1178,521554,-0.07520,0.03345,1.03271,-3.23500,-15.50300,16.17400
73.1178,521564,-0.05688,0.02490,1.04565,-3.17400,-14.83200,16.47900
73.1339,521574,-0.06470,0.03027,1.07422,-2.80800,-14.70900,16.78500
73.1500,521584,-0.07080,0.03149,1.06274,-3.72300,-14.89300,16.23500
73.1584,521594,-0.07397,0.02661,1.07227,-4.15000,-15.32000,17.02900
73.1820,521604,-0.05566,0.02612,1.05786,-4.21100,-14.95400,16.66300
73.1820,521614,-0.07422,0.01392,1.04834,-4.21100,-15.44200,16.23500
73.1820,521624,-0.07373,0.02026,1.03638,-4.02800,-14.52600,15.62500
73.1992,521634,-0.06055,0.03198,1.01807,-5.00500,-15.25900,17.09000
73.2015,521644,-0.06494,0.01855,1.01709,-4.39500,-14.77100,16.35700
73.2189,521654,-0.06445,0.02759,1.03052,-4.08900,-14.83200,16.60200
73.2304,521664,-0.06055,0.02319,1.02612,-4.08900,-15.38100,16.84600
73.2324,521674,-0.07617,0.01953,1.03784,-4.39500,-15.01500,17.21200
73.2492,521684,-0.07593,0.02319,1.05688,-3.96700,-14.52600,16.29600
73.2492,521694,-0.07202,0.03589,1.04956,-4.33300,-14.70900,17.02900
73.2795,521704,-0.05713,0.00977,1.05322,-4.33300,-14.95400,16.96800
73.2795,521714,-0.08447,0.00049,1.04736,-4.27200,-14.95400,16.60200
73.2887,521724,-0.06445,0.02417,1.03467,-4.27200,-14.09900,15.01500
73.3020,521734,-0.06665,0.02319,1.03320,-3.84500,-13.91600,15.86900
73.3127,521744,-0.07080,0.03125,1.02271,-3.90600,-14.46500,16.90700
73.3140,521754,-0.08130,0.02222,1.04248,-3.66200,-14.46500,16.29600
73.3260,521764,-0.06836,0.03174,1.02954,-3.84500,-14.46500,16.60200
73.3260,521774,-0.07886,0.02271,1.05078,-3.41800,-15.80800,16.54100
73.3432,521784,-0.07837,0.04590,1.05273,-3.11300,-14.58700,15.86900
73.3580,521794,-0.08105,0.04712,1.04956,-4.33300,-15.32000,16.54100
73.3859,521804,-0.08105,0.03735,1.03857,-4.15000,-15.01500,16.90700
73.3859,521814,-0.07739,0.04126,1.04102,-4.45600,-15.62500,16.60200
73.3908,521824,-0.08008,0.02930,1.04785,-4.88300,-14.95400,15.80800
73.4008,521834,-0.06299,0.01245,1.02271,-5.06600,-14.40400,15.50300
73.4121,521844,-0.07812,0.01807,1.04468,-4.33300,-16.23500,17.15100
73.4227,521854,-0.05884,0.02979,1.03394,-3.96700,-14.52600,15.19800
73.4324,521864,-0.05933,0.02710,1.02124,-3.54000,-14.52600,15.19800
73.4360,521874,-0.05151,0.03516,1.04810,-3.47900,-14.40400,16.41800
73.4482,521884,-0.06323,0.02124,1.04346,-4.02800,-14.40400,16.41800
73.4519,521894,-0.06934,0.03369,1.05054,-4.02800,-14.77100,17.33400
73.4681,521904,-0.07910,0.04321,1.04663,-4.51700,-14.70900,17.94400
73.4848,521914,-0.09033,0.01733,1.04785,-4.08900,-13.06200,16.41800
73.4848,521924,-0.09302,0.01562,1.05664,-4.33300,-14.58700,16.41800
73.4999,521934,-0.11304,0.02441,1.05493,-3.78400,-14.64800,16.54100
73.5143,521944,-0.08252,0.02319,1.04199,-4.27200,-14.28200,16.05200
73.5203,521954,-0.08423,0.01538,1.03589,-4.88300,-15.13700,16.78500
73.5347,521964,-0.07129,0.01416,1.03125,-4.76100,-14.95400,16.41800
73.5476,521974,-0.05859,0.03003,1.03931,-3.78400,-14.70900,14.95400
73.5643,521984,-0.03906,0.01929,1.04980,-3.54000,-15.56400,16.17400
73.5670,521994,-0.06201,0.01782,1.03003,-4.21100,-15.56400,16.11300
73.5670,522004,-0.04541,0.03125,1.04395,-4.15000,-15.32000,16.72400
73.5887,522014,-0.04321,0.02466,1.04370,-3.84500,-15.50300,17.57800
73.5887,522024,-0.07129,0.02466,1.04907,-4.63900,-14.77100,18.25000
73.6012,522034,-0.07715,0.02588,1.03418,-3.78400,-14.40400,17.45600
73.6117,522044,-0.09180,0.03418,1.04102,-3.90600,-14.64800,17.39500
73.6134,522054,-0.09277,0.03076,1.05078,-4.21100,-14.58700,16.66300
73.6276,522064,-0.08643,0.03589,1.03418,-4.08900,-14.34300,16.72400
73.6276,522074,-0.08374,0.03467,1.04663,-4.08900,-14.58700,16.23500
73.6475,522084,-0.08813,0.02197,1.05713,-3.96700,-15.32000,15.80800
73.6596,522094,-0.06006,0.02197,1.05322,-4.33300,-14.52600,15.80800
73.6693,522104,-0.06348,0.02588,1.04517,-4.15000,-14.83200,17.09000
73.6753,522114,-0.07544,0.03711,1.04175,-4.33300,-14.58700,16.41800
73.6970,522124,-0.05737,0.03540,1.02954,-4.82200,-15.44200,17.63900
73.6970,522134,-0.04858,0.03027,1.03711,-4.39500,-14.28200,16.23500
73.7075,522144,-0.06885,0.01538,1.03711,-4.02800,-14.95400,15.74700
73.7075,522154,-0.06860,0.01929,1.03540,-3.66200,-15.50300,16.29600
73.7316,522164,-0.09009,0.01489,1.06128,-3.96700,-15.62500,17.76100
73.7394,522174,-0.07153,0.03052,1.04565,-4.45600,-15.32000,17.63900
73.7394,522184,-0.07983,0.02612,1.04614,-3.66200,-14.16000,15.74700
73.7558,522194,-0.07812,0.02075,1.05396,-4.08900,-13.97700,15.99100
73.7718,522204,-0.07666,0.04004,1.04932,-4.02800,-15.62500,17.27300
73.7917,522214,-0.07837,0.02661,1.04370,-3.84500,-14.70900,17.02900
73.7917,522224,-0.06152,0.00854,1.05078,-4.02800,-14.34300,15.99100
73.7960,522234,-0.06323,0.03125,1.02905,-4.15000,-15.19800,16.60200
73.8050,522244,-0.08569,0.03247,1.03174,-4.21100,-15.01500,15.93000
73.8195,522254,-0.07202,0.01953,1.03931,-3.96700,-14.34300,16.66300
73.8195,522264,-0.06592,0.02539,1.04004,-4.21100,-15.93000,17.63900
73.8354,522274,-0.06079,0.01733,1.04785,-3.35700,-13.67200,15.01500
73.8515,522284,-0.06299,0.03247,1.05933,-4.39500,-14.70900,16.29600
73.8515,522294,-0.06592,0.01514,1.04248,-3.60100,-13.73300,15.62500
73.8672,522304,-0.07031,0.02881,1.06494,-3.96700,-14.89300,16.78500
73.8966,522314,-0.06763,0.01392,1.04443,-3.96700,-15.01500,17.15100
73.8966,522324,-0.08838,0.02100,1.04883,-4.94400,-14.22100,16.54100
73.8992,522334,-0.09692,0.03394,1.02930,-3.78400,-15.19800,17.76100
73.9017,522344,-0.08154,0.03320,1.03027,-3.90600,-14.52600,16.23500
73.9155,522354,-0.09302,0.02148,1.04956,-4.21100,-14.77100,16.41800
73.9472,522364,-0.08423,0.02490,1.04053,-3.72300,-15.80800,16.96800
73.9633,522374,-0.09546,0.01562,1.05420,-3.72300,-14.70900,16.23500
73.9633,522384,-0.07983,0.03467,1.04321,-4.27200,-15.01500,15.99100
73.9633,522394,-0.07544,0.03442,1.05933,-4.33300,-14.83200,16.54100
73.9633,522404,-0.06909,0.02295,1.06934,-4.02800,-15.13700,16.17400
73.9805,522414,-0.06177,0.03662,1.04126,-4.27200,-14.83200,15.74700
73.9894,522424,-0.04956,0.02002,1.04541,-3.96700,-13.91600,16.47900
73.9969,522434,-0.05811,0.02222,1.03369,-4.33300,-14.83200,16.17400
74.0115,522444,-0.04980,0.01904,1.03247,-4.51700,-14.70900,16.35700
74.0115,522454,-0.06909,0.02344,1.03784,-3.96700,-13.85500,16.17400
74.0277,522464,-0.06885,0.01587,1.03125,-3.78400,-14.16000,16.41800
74.0409,522474,-0.08350,0.02490,1.03125,-3.41800,-14.09900,16.41800
74.0519,522484,-0.07739,0.00806,1.04272,-4.27200,-15.32000,17.51700
74.0594,522494,-0.09033,0.02100,1.05542,-3.60100,-13.97700,16.23500
74.0610,522504,-0.07690,0.03394,1.05054,-4.33300,-15.86900,16.66300
74.0784,522514,-0.09155,0.02417,1.07251,-3.78400,-14.58700,16.11300
74.0969,522524,-0.09204,0.02393,1.05249,-3.96700,-14.89300,15.68600
74.0969,522534,-0.07617,0.03882,1.03735,-4.57800,-14.83200,17.15100
74.1080,522544,-0.06177,0.02197,1.03076,-5.06600,-14.58700,16.54100
74.1193,522554,-0.04907,0.01294,1.04150,-4.57800,-15.13700,16.05200
74.1243,522564,-0.05054,0.02100,1.02246,-3.96700,-15.80800,16.66300
74.1565,522574,-0.07129,0.01953,1.02441,-4.15000,-14.58700,16.35700
74.1565,522584,-0.06494,0.02271,1.04565,-3.11300,-14.77100,16.96800
74.1565,522594,-0.07227,0.02808,1.04419,-4.33300,-15.44200,17.63900
74.1565,522604,-0.06274,0.02124,1.04712,-4.15000,-15.19800,17.15100
74.1750,522614,-0.07446,0.02710,1.05200,-4.15000,-14.58700,16.17400
74.2033,522624,-0.09229,0.02319,1.04932,-3.72300,-14.40400,16.90700
74.2049,522634,-0.09497,0.02051,1.06030,-4.15000,-14.34300,16.29600
74.2106,522644,-0.09424,0.01392,1.04541,-4.70000,-15.44200,16.35700
74.2248,522654,-0.08716,0.02734,1.04541,-4.70000,-14.58700,16.11300
74.2326,522664,-0.06860,0.03149,1.03735,-4.51700,-14.83200,16.96800
74.2396,522674,-0.07324,0.03613,1.02393,-4.57800,-14.46500,16.60200
74.2528,522684,-0.05737,0.02344,1.04761,-4.45600,-14.77100,17.09000
74.2548,522694,-0.06958,0.02417,1.04736,-4.27200,-15.01500,17.09000
74.2705,522704,-0.06128,0.03345,1.05640,-4.27200,-14.64800,16.84600
74.2705,522714,-0.05933,0.02393,1.03979,-4.08900,-15.80800,17.70000
74.3021,522724,-0.06372,0.03198,1.04736,-4.02800,-13.85500,16.17400
74.3021,522734,-0.06494,0.03027,1.04102,-3.90600,-14.40400,17.21200
74.3021,522744,-0.07471,0.01978,1.04346,-4.21100,-14.28200,16.72400
74.3167,522754,-0.07227,0.02100,1.02808,-4.27200,-14.77100,16.60200
74.3167,522764,-0.08130,0.01758,1.03979,-4.21100,-14.83200,16.60200
74.3327,522774,-0.08447,0.00977,1.03540,-3.17400,-13.85500,14.89300
74.3484,522784,-0.06738,0.01562,1.04541,-3.72300,-13.30600,15.01500
74.3484,522794,-0.07666,0.00928,1.05371,-3.84500,-15.25900,16.72400
74.3642,522804,-0.06396,0.02563,1.04932,-3.96700,-16.23500,17.09000
74.3800,522814,-0.07446,0.02661,1.04346,-3.60100,-14.16000,15.32000
74.3800,522824,-0.07520,0.02222,1.04980,-4.08900,-15.01500,16.78500
74.3978,522834,-0.05957,0.01709,1.04810,-4.57800,-14.83200,17.09000
74.4119,522844,-0.06738,0.01562,1.05786,-4.57800,-15.56400,16.90700
74.4119,522854,-0.06860,0.01880,1.04224,-4.08900,-14.22100,16.54100
74.4278,522864,-0.07788,0.02466,1.03589,-4.02800,-15.32000,17.27300
74.4437,522874,-0.06250,0.00977,1.04150,-4.15000,-14.95400,16.60200
74.4489,522884,-0.08057,0.00610,1.02588,-3.90600,-13.91600,15.74700
74.4606,522894,-0.06982,0.03442,1.04419,-3.96700,-15.99100,16.84600
74.4768,522904,-0.07520,0.03467,1.03564,-4.21100,-15.44200,17.82200
74.4768,522914,-0.07617,0.02808,1.03882,-3.47900,-14.58700,16.17400
74.4913,522924,-0.07300,0.02661,1.05444,-4.02800,-14.28200,16.23500
74.5070,522934,-0.09424,0.02881,1.04761,-3.78400,-14.09900,16.60200
74.5070,522944,-0.07031,0.03320,1.05200,-4.08900,-14.83200,16.96800
74.5230,522954,-0.07715,0.01807,1.05054,-4.39500,-15.25900,16.90700
74.5230,522964,-0.07397,0.03052,1.05054,-3.84500,-14.83200,16.23500
74.5390,522974,-0.07422,0.01929,1.02930,-4.08900,-15.25900,16.35700
74.5390,522984,-0.07544,0.03271,1.06030,-4.63900,-15.44200,17.15100
74.5983,523028,-0.06348,0.03174,1.04321,-4.21100,-15.56400,17.21200
74.5983,523030,-0.06348,0.03174,1.04321,-4.21100,-15.56400,17.21200
74.6037,523031,-0.06689,0.01685,1.04785,-3.84500,-15.07600,16.60200
74.6037,523033,-0.06689,0.01685,1.04785,-3.84500,-15.07600,16.60200
74.6037,523034,-0.06689,0.01685,1.04785,-3.84500,-15.07600,16.60200
74.6037,523044,-0.06738,0.02173,1.04761,-4.39500,-15.50300,17.45600
74.6198,523054,-0.08057,0.01367,1.03979,-4.33300,-14.52600,16.41800
74.6198,523064,-0.06519,0.02393,1.03149,-3.66200,-14.03800,16.90700
74.6360,523074,-0.07959,0.01221,1.03687,-4.27200,-14.28200,16.60200
74.6523,523084,-0.07520,0.01855,1.03540,-3.90600,-14.58700,16.05200
74.6523,523094,-0.06982,0.02344,1.05298,-3.84500,-14.40400,16.66300
74.6681,523104,-0.07031,0.02515,1.05347,-3.54000,-14.52600,15.74700
74.6681,523114,-0.06714,0.03833,1.04321,-3.84500,-14.83200,16.23500
74.6844,523124,-0.06226,0.02002,1.05469,-4.70000,-14.40400,17.45600
74.7163,523134,-0.05420,0.02661,1.04614,-4.39500,-15.19800,17.02900
74.7163,523144,-0.07300,0.02026,1.04370,-4.57800,-14.95400,16.78500
74.7163,523154,-0.06494,0.02734,1.02808,-3.54000,-14.77100,16.54100
74.7320,523164,-0.07495,0.01440,1.04834,-3.96700,-14.52600,16.96800
74.7404,523174,-0.07446,0.02051,1.04297,-4.39500,-14.95400,17.09000
74.7481,523184,-0.07593,0.03198,1.03052,-4.45600,-14.83200,16.90700
74.7481,523194,-0.07812,0.02490,1.03931,-4.21100,-15.25900,16.60200
74.7639,523204,-0.08765,0.01709,1.03979,-3.72300,-14.40400,15.19800
74.7800,523214,-0.07324,0.02466,1.03833,-3.84500,-14.95400,16.41800
74.7800,523224,-0.08105,0.01660,1.05225,-3.66200,-14.77100,16.96800
74.7988,523234,-0.08594,0.02905,1.04932,-4.08900,-14.77100,16.41800
74.8122,523244,-0.08032,0.02734,1.04810,-3.60100,-14.77100,16.54100
74.8256,523254,-0.08105,0.01904,1.04565,-4.45600,-14.83200,17.09000
74.8282,523264,-0.07739,0.03442,1.05200,-4.33300,-15.13700,17.70000
74.8439,523274,-0.07471,0.02075,1.04102,-4.08900,-15.38100,16.84600
74.8439,523284,-0.06787,0.01514,1.03467,-3.72300,-14.40400,16.11300
74.8598,523294,-0.07812,0.01489,1.04858,-3.78400,-14.64800,16.90700
74.8598,523304,-0.07520,0.02515,1.05420,-4.02800,-15.32000,16.84600
74.8757,523314,-0.06812,0.02051,1.04614,-4.33300,-14.22100,16.35700
74.8918,523324,-0.06763,0.02319,1.03979,-4.02800,-14.83200,16.54100
74.8994,523334,-0.07056,0.01660,1.04126,-4.39500,-15.62500,16.96800
74.9078,523344,-0.06494,0.00854,1.04468,-5.18800,-16.90700,19.10400
74.9078,523354,-0.06860,0.03564,1.03638,-3.54000,-14.46500,15.80800
74.9240,523364,-0.08325,0.01392,1.06030,-3.66200,-14.46500,16.35700
74.9412,523374,-0.07520,0.01782,1.04565,-4.21100,-15.07600,17.02900
74.9446,523384,-0.06641,0.01831,1.05151,-3.78400,-15.74700,16.78500
74.9561,523394,-0.07666,0.02002,1.05493,-4.02800,-14.46500,16.54100
74.9724,523404,-0.08569,0.02148,1.05396,-3.66200,-15.38100,16.96800
74.9724,523414,-0.06982,0.01880,1.05957,-3.84500,-14.46500,16.17400
74.9883,523424,-0.07178,0.04517,1.05127,-4.15000,-15.07600,16.66300
74.9995,523434,-0.07983,0.00806,1.05664,-4.51700,-15.62500,17.02900
75.0204,523444,-0.06738,0.03442,1.04272,-4.21100,-14.89300,16.41800
75.0204,523454,-0.07739,0.02734,1.05859,-4.76100,-14.89300,16.60200
75.0204,523464,-0.07153,0.02222,1.05103,-4.39500,-15.56400,17.33400
75.0440,523474,-0.06714,0.01270,1.03345,-4.02800,-15.25900,16.90700
75.0513,523484,-0.08301,0.02539,1.03711,-3.78400,-14.64800,16.66300
75.0529,523494,-0.07642,0.02661,1.04639,-4.57800,-14.83200,16.29600
75.0685,523504,-0.07397,0.03589,1.03442,-4.02800,-14.16000,16.72400
75.0685,523514,-0.09229,0.02979,1.03687,-4.57800,-14.34300,16.60200
75.0900,523524,-0.08228,0.01880,1.05884,-4.08900,-15.19800,16.96800
75.0999,523534,-0.07739,0.00513,1.05664,-3.41800,-14.46500,15.86900
75.1209,523544,-0.06665,0.03784,1.04492,-3.96700,-14.40400,15.99100
75.1209,523554,-0.07422,0.02637,1.04175,-4.08900,-15.80800,17.57800
75.1209,523564,-0.06909,0.02905,1.04004,-4.27200,-13.97700,15.86900
75.1335,523574,-0.08008,0.03027,1.03906,-4.08900,-15.32000,17.15100
75.1533,523584,-0.07495,0.03076,1.05396,-4.70000,-15.19800,17.33400
75.1604,523594,-0.07397,0.02490,1.03809,-3.78400,-14.89300,16.72400
75.1675,523604,-0.06934,0.03076,1.04517,-4.33300,-15.13700,17.15100
75.1806,523614,-0.07764,0.01587,1.05127,-4.08900,-14.40400,16.60200
75.1823,523624,-0.06885,0.02075,1.04712,-4.45600,-15.80800,17.02900
75.2004,523634,-0.08960,0.01758,1.05078,-3.96700,-15.01500,16.47900
75.2110,523644,-0.06494,0.01587,1.04370,-4.02800,-14.16000,15.13700
75.2271,523654,-0.07837,0.03955,1.04639,-4.15000,-13.67200,15.32000
75.2271,523664,-0.06787,0.02563,1.04224,-4.15000,-15.86900,16.84600
75.2429,523674,-0.07520,0.01758,1.03809,-3.96700,-13.73300,15.50300
75.2497,523684,-0.07690,0.01831,1.04565,-3.84500,-15.44200,17.15100
75.2591,523694,-0.05688,0.03345,1.03638,-4.08900,-14.22100,15.25900
75.2591,523704,-0.07764,0.03052,1.03809,-4.21100,-14.83200,16.78500
75.2751,523714,-0.07520,0.01758,1.05347,-3.72300,-14.28200,16.41800
75.2908,523724,-0.07715,0.02393,1.04541,-3.90600,-15.25900,16.78500
75.3007,523734,-0.06909,0.02466,1.03662,-4.33300,-13.61100,16.05200
75.3235,523744,-0.06836,0.02539,1.03833,-3.66200,-13.79400,15.80800
75.3235,523754,-0.07666,0.02466,1.05005,-3.54000,-14.16000,16.11300
75.3235,523764,-0.08472,0.02637,1.03931,-4.21100,-14.34300,16.41800
75.3416,523774,-0.06616,0.02100,1.04053,-3.66200,-14.77100,17.15100
75.3416,523784,-0.07959,0.03027,1.04272,-4.21100,-15.32000,17.82200
75.3560,523794,-0.06958,0.02271,1.04761,-4.02800,-15.19800,16.41800
75.3720,523804,-0.06348,0.02148,1.03760,-4.15000,-15.01500,16.41800
75.3777,523814,-0.05859,0.01978,1.03174,-3.84500,-14.95400,16.47900
75.3900,523824,-0.07007,0.01465,1.03442,-3.54000,-14.46500,15.86900
75.4005,523834,-0.06470,0.03296,1.05444,-3.78400,-14.46500,16.66300
75.4038,523844,-0.06445,0.03076,1.05811,-3.72300,-15.01500,16.78500
75.4221,523854,-0.08936,0.02295,1.05420,-4.15000,-14.77100,16.35700
75.4221,523864,-0.07593,0.03052,1.03662,-3.84500,-14.64800,16.96800
75.4356,523874,-0.06812,0.02954,1.05859,-4.08900,-14.16000,16.54100
75.4516,523884,-0.06812,0.01587,1.03491,-4.27200,-14.16000,16.47900
75.4516,523894,-0.07080,0.02710,1.04688,-3.78400,-13.85500,15.99100
75.4695,523904,-0.07227,0.03613,1.03027,-4.45600,-15.50300,16.78500
75.4695,523914,-0.06494,0.02197,1.03711,-4.21100,-14.77100,17.45600
75.4843,523924,-0.06665,0.03271,1.04541,-3.84500,-15.25900,16.11300
75.5007,523934,-0.06494,0.03442,1.03540,-4.15000,-15.01500,15.32000
75.5007,523944,-0.06445,0.03149,1.04224,-4.21100,-14.46500,15.99100
75.5347,523954,-0.08691,-0.00098,1.04956,-3.72300,-14.58700,15.74700
75.5347,523964,-0.07983,0.02100,1.05664,-3.96700,-14.77100,16.84600
75.5370,523974,-0.09473,0.02466,1.04004,-4.33300,-15.01500,16.78500
75.5478,523984,-0.06909,0.01733,1.03271,-3.78400,-14.77100,17.15100
75.5556,523994,-0.07959,0.03833,1.02930,-4.33300,-13.97700,15.38100
75.5636,524004,-0.06787,0.03735,1.03418,-3.66200,-13.97700,16.11300
75.5797,524014,-0.07104,0.02368,1.03076,-4.21100,-14.70900,15.99100
75.5908,524024,-0.06763,0.01904,1.04663,-4.08900,-14.52600,16.17400
75.6016,524034,-0.07129,0.03223,1.03149,-3.96700,-14.70900,16.35700
75.6032,524044,-0.07568,0.02930,1.03979,-4.08900,-14.89300,16.54100
75.6119,524054,-0.06616,0.03979,1.03979,-4.21100,-15.01500,16.96800
75.6379,524064,-0.07739,0.03247,1.05566,-3.90600,-14.34300,16.41800
75.6426,524074,-0.06860,0.02466,1.03076,-4.08900,-14.83200,17.15100
75.6528,524084,-0.08179,0.02832,1.05444,-4.33300,-14.22100,16.05200
75.6683,524094,-0.07153,0.02466,1.04102,-3.78400,-14.77100,16.47900
75.6711,524104,-0.07544,0.02051,1.04883,-4.15000,-14.28200,15.86900
75.6807,524114,-0.06567,0.03296,1.04517,-3.90600,-15.19800,17.21200
75.6900,524124,-0.08008,0.03149,1.04761,-3.66200,-14.58700,15.74700
75.7010,524134,-0.06079,0.01855,1.03516,-3.90600,-14.52600,16.29600
75.7075,524144,-0.06494,0.03076,1.03979,-3.78400,-14.28200,16.54100
75.7075,524154,-0.07983,0.03076,1.04980,-4.21100,-15.07600,17.09000
75.7388,524164,-0.07275,0.02173,1.04956,-3.72300,-15.44200,16.41800
75.7388,524174,-0.08032,0.01782,1.03638,-4.08900,-13.73300,15.62500
75.7508,524184,-0.07690,0.02344,1.05493,-3.90600,-15.13700,16.60200
75.7559,524194,-0.05664,0.02637,1.05762,-4.51700,-15.07600,17.51700
75.7699,524204,-0.07153,0.03003,1.04102,-4.08900,-15.32000,17.02900
75.7813,524214,-0.06299,0.01758,1.04834,-4.33300,-15.44200,16.66300
75.7865,524224,-0.07739,0.03467,1.04175,-4.45600,-15.19800,17.09000
75.7956,524234,-0.08130,0.02490,1.04639,-4.63900,-14.95400,16.35700
75.8011,524244,-0.06958,0.02002,1.03857,-4.02800,-14.64800,16.90700
75.8196,524254,-0.07910,0.03296,1.04199,-3.84500,-14.34300,15.62500
75.8349,524264,-0.06641,0.01831,1.04736,-4.82200,-14.64800,17.09000
75.8349,524274,-0.08325,0.02563,1.05127,-3.29600,-14.40400,16.84600
75.8490,524284,-0.08447,0.00952,1.05371,-4.02800,-14.83200,15.86900
75.8490,524294,-0.07764,0.00977,1.03833,-4.02800,-14.22100,16.11300
75.8653,524304,-0.07007,0.03418,1.04907,-4.51700,-14.52600,17.39500
75.8826,524314,-0.07812,0.02441,1.05371,-4.08900,-13.73300,15.86900
75.8930,524324,-0.07422,0.01562,1.03174,-4.27200,-14.28200,16.29600
75.9014,524334,-0.08032,0.01123,1.04858,-4.15000,-14.28200,15.74700
75.9014,524344,-0.07275,0.02515,1.02808,-3.90600,-14.58700,15.99100
75.9130,524354,-0.07642,0.03345,1.04907,-4.15000,-14.40400,15.56400
75.9290,524364,-0.06055,0.04395,1.03467,-4.21100,-13.97700,15.56400
75.9451,524374,-0.07178,0.01636,1.04761,-3.90600,-15.74700,17.21200
75.9451,524384,-0.06104,0.02954,1.04053,-3.84500,-14.77100,16.84600
75.9610,524394,-0.08740,0.03076,1.05591,-4.02800,-15.80800,16.35700
75.9610,524404,-0.09375,0.02222,1.04419,-3.60100,-14.34300,16.41800
75.9771,524414,-0.07275,0.02832,1.04785,-4.39500,-15.19800,16.96800
75.9771,524424,-0.07959,0.02051,1.04565,-3.96700,-15.07600,16.72400
76.0018,524434,-0.07373,0.02612,1.04297,-4.21100,-15.32000,17.21200
76.0090,524444,-0.07544,0.03760,1.04980,-3.96700,-14.09900,16.35700
76.0125,524454,-0.06641,0.02856,1.03516,-3.90600,-13.85500,16.11300
76.0275,524464,-0.07910,0.02124,1.04565,-4.27200,-16.05200,17.57800
76.0422,524474,-0.07764,0.02222,1.04175,-3.60100,-14.46500,16.90700
76.0568,524484,-0.06934,0.02319,1.03760,-3.96700,-15.13700,17.45600
76.0568,524494,-0.08545,0.01978,1.05640,-4.02800,-14.46500,16.60200
76.0728,524504,-0.08496,0.00854,1.03809,-3.90600,-14.22100,15.38100
76.0728,524514,-0.07349,0.02197,1.04712,-3.96700,-14.83200,16.47900
76.0920,524524,-0.06616,0.02100,1.04688,-3.54000,-14.83200,16.35700
76.1020,524534,-0.07422,0.03003,1.02808,-4.39500,-15.80800,17.27300
76.1054,524544,-0.08154,0.02124,1.05225,-4.33300,-15.38100,17.39500
76.1213,524554,-0.07690,0.01929,1.04102,-4.57800,-13.85500,15.68600
76.1374,524564,-0.06226,0.03223,1.03638,-4.21100,-14.95400,16.84600
76.1536,524574,-0.07886,0.02588,1.05859,-4.27200,-14.83200,16.84600
76.1536,524584,-0.06812,0.03735,1.04639,-3.66200,-14.70900,16.84600
76.1536,524594,-0.06982,0.03003,1.04370,-4.33300,-15.19800,16.72400
76.1693,524604,-0.06055,0.03418,1.04297,-3.84500,-14.46500,17.21200
76.1693,524614,-0.07227,0.00781,1.04028,-4.02800,-14.34300,16.17400
76.1879,524624,-0.06982,0.04443,1.03394,-4.27200,-14.40400,16.78500
76.2020,524634,-0.07446,0.02563,1.04492,-4.08900,-13.73300,15.99100
76.2020,524644,-0.06641,0.03198,1.04590,-3.66200,-15.13700,16.29600
76.2185,524654,-0.07422,0.02612,1.05200,-4.08900,-14.52600,16.72400
76.2217,524664,-0.08716,0.02661,1.05151,-3.90600,-14.16000,15.74700
76.2527,524674,-0.06836,0.01489,1.03906,-4.57800,-15.32000,16.47900
76.2527,524684,-0.07056,0.03418,1.05103,-4.51700,-13.85500,15.50300
76.2605,524694,-0.08545,0.03491,1.03735,-4.57800,-14.70900,17.02900
76.2660,524704,-0.07788,0.02612,1.05225,-4.57800,-15.44200,16.90700
76.2818,524714,-0.07886,0.02710,1.05371,-4.70000,-14.95400,15.74700
76.2818,524724,-0.07715,0.01855,1.04492,-4.82200,-14.95400,17.33400
76.3024,524734,-0.05688,0.01904,1.05518,-4.57800,-15.44200,16.96800
76.3024,524744,-0.06909,0.01758,1.05396,-4.02800,-15.07600,16.29600
76.3142,524754,-0.07495,0.02612,1.04639,-3.84500,-15.01500,17.39500
76.3310,524764,-0.08105,0.02588,1.05591,-4.57800,-15.44200,17.15100
76.3488,524774,-0.06909,0.03247,1.04688,-4.02800,-14.83200,17.51700
76.3488,524784,-0.08081,0.03027,1.03540,-3.84500,-14.28200,15.93000
76.3488,524794,-0.07373,0.03125,1.03784,-4.57800,-14.03800,16.54100
76.3617,524804,-0.06738,0.02075,1.03662,-4.15000,-14.70900,17.02900
76.3784,524814,-0.07520,0.03149,1.04395,-4.27200,-14.28200,16.47900
76.3784,524824,-0.06592,0.02368,1.05347,-4.94400,-15.86900,18.12700
76.3943,524834,-0.07471,0.02368,1.04736,-3.96700,-14.40400,16.60200
76.4101,524844,-0.06177,0.03638,1.04443,-4.33300,-14.64800,16.23500
76.4115,524854,-0.06274,0.02783,1.04688,-4.33300,-14.95400,16.78500
76.4259,524864,-0.07129,0.04126,1.05371,-4.63900,-15.25900,16.41800
76.4588,524874,-0.08447,0.03345,1.04077,-4.39500,-14.95400,17.39500
76.4588,524884,-0.06714,0.02051,1.04980,-4.02800,-14.89300,15.93000
76.4588,524894,-0.06494,0.03223,1.03882,-4.08900,-15.19800,16.66300
76.4588,524904,-0.06519,0.03027,1.04517,-4.45600,-16.54100,18.00500
76.4749,524914,-0.07324,0.02539,1.05713,-3.78400,-14.83200,16.54100
76.4911,524924,-0.06470,0.02490,1.03687,-3.84500,-15.62500,17.76100
76.4911,524934,-0.07178,0.01318,1.05713,-4.27200,-15.50300,16.41800
76.5072,524944,-0.05933,0.03052,1.06177,-4.15000,-14.09900,16.47900
76.5072,524954,-0.06616,0.00732,1.04517,-3.72300,-14.28200,16.47900
76.5239,524964,-0.07080,0.03369,1.04810,-3.66200,-14.34300,16.11300
76.5395,524974,-0.06519,0.02173,1.06274,-4.02800,-14.89300,15.93000
76.5713,524984,-0.08057,0.02368,1.04688,-4.02800,-15.62500,16.78500
76.5912,525030,-0.06519,0.02222,1.03638,-3.78400,-14.28200,16.60200
76.5912,525031,-0.07373,0.02173,1.03442,-3.66200,-14.34300,16.60200
76.5912,525032,-0.07373,0.02173,1.03442,-3.66200,-14.34300,16.60200
76.5912,525034,-0.07373,0.02173,1.03442,-3.66200,-14.34300,16.60200
76.5912,525035,-0.07373,0.02173,1.03442,-3.66200,-14.34300,16.60200
76.6036,525044,-0.05713,0.03809,1.04517,-4.27200,-13.73300,15.99100
76.6181,525054,-0.09351,0.03296,1.03394,-3.35700,-13.97700,16.35700
76.6181,525064,-0.08130,0.01245,1.05005,-3.90600,-14.16000,15.62500
76.6340,525074,-0.06567,0.03271,1.04126,-3.72300,-14.83200,16.54100
76.6502,525084,-0.07227,0.01611,1.03833,-2.99100,-15.74700,16.96800
76.6502,525094,-0.07104,0.02490,1.05737,-3.54000,-14.64800,15.32000
76.6666,525104,-0.07007,0.03491,1.04468,-3.78400,-15.19800,16.78500
76.6833,525114,-0.06104,0.02856,1.04858,-4.27200,-15.32000,16.60200
76.6833,525124,-0.07031,0.03394,1.05713,-3.84500,-16.11300,16.90700
76.6996,525134,-0.06323,0.03613,1.03613,-4.76100,-15.50300,17.45600
76.7040,525144,-0.06323,0.01514,1.04297,-4.63900,-15.32000,16.60200
76.7156,525154,-0.06519,0.03076,1.03174,-4.02800,-14.58700,16.17400
76.7156,525164,-0.06201,0.01831,1.05029,-3.90600,-14.89300,15.99100
76.7317,525174,-0.08008,0.02344,1.03882,-3.78400,-14.77100,15.62500
76.7633,525184,-0.08472,0.01099,1.05786,-3.90600,-14.58700,16.60200
76.7633,525194,-0.08643,0.00854,1.04980,-3.78400,-14.46500,16.29600
76.7714,525204,-0.07202,0.01758,1.04980,-4.08900,-14.03800,15.86900
76.7790,525214,-0.07666,0.02832,1.05737,-4.57800,-14.28200,16.72400
76.7953,525224,-0.08887,0.00806,1.05566,-3.84500,-13.79400,15.56400
76.8034,525234,-0.05640,0.02759,1.04419,-4.33300,-14.03800,15.80800
76.8115,525244,-0.07178,0.02368,1.04297,-4.57800,-14.40400,16.54100
76.8115,525254,-0.08081,0.03394,1.02734,-3.78400,-14.52600,16.72400
76.8274,525264,-0.08398,0.01270,1.04248,-4.08900,-14.95400,16.60200
76.8370,525274,-0.07227,0.02051,1.03638,-3.17400,-14.52600,16.29600
76.8604,525284,-0.07593,0.02026,1.03564,-3.72300,-15.44200,16.41800
76.8604,525294,-0.08032,0.03052,1.05347,-4.39500,-15.68600,17.76100
76.8604,525304,-0.07153,0.02417,1.05566,-4.08900,-15.80800,17.70000
76.8750,525314,-0.08057,0.02002,1.05078,-3.72300,-15.62500,16.78500
76.8909,525324,-0.07544,0.02612,1.03760,-3.66200,-15.07600,15.80800
76.8966,525334,-0.06323,0.02930,1.05078,-4.15000,-14.83200,17.09000
76.9089,525344,-0.06812,0.02075,1.04663,-3.84500,-14.83200,17.33400
76.9089,525354,-0.06860,0.02759,1.03906,-4.39500,-14.64800,16.60200
76.9233,525364,-0.05371,0.04053,1.03906,-3.96700,-14.09900,16.66300
76.9462,525374,-0.07031,0.03369,1.03223,-4.21100,-13.91600,17.33400
76.9513,525384,-0.08130,0.01831,1.03809,-4.27200,-13.24500,16.90700
76.9588,525394,-0.08496,0.02686,1.04785,-4.02800,-15.25900,17.02900
76.9588,525404,-0.09448,0.03271,1.03540,-4.27200,-15.38100,17.57800
76.9709,525414,-0.08301,0.02319,1.04077,-4.27200,-14.77100,17.15100
76.9868,525424,-0.07568,0.03027,1.05518,-4.33300,-15.38100,17.33400
77.0044,525434,-0.08203,0.03003,1.05469,-4.39500,-14.64800,16.66300
77.0044,525444,-0.07617,0.03052,1.04175,-4.27200,-14.46500,16.23500
77.0192,525454,-0.06934,0.03638,1.04150,-4.27200,-15.19800,16.47900
77.0192,525464,-0.07837,0.02417,1.04053,-3.78400,-15.25900,16.35700
77.0474,525474,-0.06152,0.01709,1.04736,-4.33300,-15.38100,16.41800
77.0512,525484,-0.06372,0.03369,1.03003,-4.08900,-15.13700,16.41800
77.0703,525494,-0.06543,0.02319,1.03247,-4.15000,-14.83200,16.05200
77.0703,525504,-0.06592,0.01978,1.04053,-4.39500,-14.77100,17.02900
77.0830,525514,-0.06177,0.02368,1.04272,-3.96700,-15.74700,18.00500
77.1047,525524,-0.07520,0.02856,1.05054,-4.33300,-16.78500,17.45600
77.1047,525534,-0.06714,0.03052,1.04907,-3.90600,-14.22100,16.41800
77.1047,525544,-0.07251,0.01880,1.04150,-4.27200,-14.22100,16.41800
77.1166,525554,-0.07910,0.01465,1.04883,-4.27200,-14.22100,16.90700
77.1313,525564,-0.06860,0.01733,1.05664,-4.45600,-14.58700,16.29600
77.1313,525574,-0.06421,0.01636,1.05786,-4.57800,-15.07600,16.05200
77.1477,525584,-0.05859,0.02026,1.04272,-4.45600,-14.77100,16.60200
77.1758,525594,-0.06665,0.02759,1.04028,-3.72300,-13.61100,16.17400
77.1758,525604,-0.08521,0.02466,1.06934,-3.54000,-14.03800,15.68600
77.1807,525614,-0.07275,0.02588,1.04712,-4.27200,-14.52600,16.54100
77.1953,525624,-0.07544,0.03149,1.02710,-4.39500,-14.34300,15.99100
77.2114,525634,-0.07812,0.01587,1.04297,-4.15000,-15.01500,17.21200
77.2114,525644,-0.08252,0.03320,1.03735,-3.84500,-15.07600,17.09000
77.2272,525654,-0.06958,0.00220,1.04761,-3.84500,-14.34300,16.17400
77.2302,525664,-0.06372,0.02393,1.03711,-3.78400,-14.22100,15.32000
77.2302,525674,-0.07471,0.02173,1.04346,-4.27200,-15.01500,15.99100
77.2432,525684,-0.07861,0.02783,1.04492,-3.96700,-14.77100,15.93000
77.2752,525694,-0.08203,0.02441,1.02905,-3.72300,-15.19800,17.57800
77.2752,525704,-0.06909,0.02271,1.05542,-3.90600,-14.46500,16.41800
77.2784,525714,-0.05908,0.01465,1.06470,-4.02800,-14.77100,16.47900
77.2909,525724,-0.06958,0.02954,1.04688,-3.66200,-14.22100,16.35700
77.2921,525734,-0.05518,0.03833,1.04980,-3.90600,-14.22100,15.38100
77.3105,525744,-0.08057,0.01587,1.03955,-4.39500,-15.62500,17.39500
77.3105,525754,-0.06006,0.03271,1.04614,-4.27200,-15.32000,17.21200
77.3230,525764,-0.06299,0.02466,1.04443,-4.33300,-14.58700,16.72400
77.3391,525774,-0.07812,0.03076,1.03955,-4.02800,-14.52600,16.05200
77.3467,525784,-0.08350,0.01831,1.04272,-4.45600,-15.32000,17.21200
77.3796,525794,-0.07886,0.03418,1.05127,-4.08900,-14.52600,16.11300
77.3796,525804,-0.08667,0.01318,1.05322,-4.15000,-14.46500,17.33400
77.3796,525814,-0.06348,0.03564,1.04224,-3.84500,-14.46500,16.41800
77.3907,525824,-0.08008,0.01733,1.05151,-4.15000,-13.97700,16.54100
77.4008,525834,-0.06396,0.03198,1.03589,-4.33300,-14.83200,17.21200
77.4109,525844,-0.07153,0.02393,1.03931,-3.72300,-13.61100,15.38100
77.4193,525854,-0.06470,0.03662,1.04834,-3.90600,-14.89300,17.39500
77.4294,525864,-0.07031,0.02954,1.02148,-4.08900,-14.64800,15.86900
77.4351,525874,-0.07422,0.04614,1.02686,-3.60100,-14.34300,16.23500
77.4532,525884,-0.08032,0.02393,1.04956,-4.08900,-14.64800,16.90700
77.4836,525894,-0.08032,0.01953,1.06299,-4.21100,-14.22100,15.62500
77.4836,525904,-0.09229,0.02808,1.04468,-3.78400,-14.83200,17.76100
77.4836,525914,-0.06812,0.03882,1.04541,-3.78400,-15.62500,16.78500
77.4836,525924,-0.07056,0.03198,1.05151,-4.08900,-14.46500,16.72400
77.5049,525934,-0.05615,0.03320,1.04346,-4.21100,-15.38100,16.72400
77.5049,525944,-0.05981,0.03491,1.05078,-3.66200,-14.09900,15.93000
77.5193,525954,-0.06543,0.01416,1.04321,-4.15000,-13.24500,15.56400
77.5311,525964,-0.07007,0.01978,1.04004,-3.78400,-15.25900,16.29600
77.5469,525974,-0.06519,0.02539,1.03027,-3.96700,-14.83200,16.96800
77.5469,525984,-0.07153,0.02075,1.03540,-3.84500,-14.09900,16.35700
77.5598,525994,-0.07202,0.01562,1.03735,-3.54000,-14.95400,17.63900
77.5652,526004,-0.09033,0.02173,1.03223,-4.08900,-14.03800,16.96800
77.5839,526014,-0.08130,0.02417,1.03516,-3.41800,-15.01500,16.78500
77.5921,526024,-0.06885,0.02710,1.04980,-4.33300,-15.32000,16.54100
77.5948,526034,-0.08301,0.02954,1.06323,-4.27200,-14.52600,16.35700
77.6119,526044,-0.07959,0.01855,1.04321,-3.90600,-15.13700,16.41800
77.6119,526054,-0.06787,0.02832,1.03931,-4.02800,-14.22100,15.93000
77.6277,526064,-0.05396,0.02173,1.04077,-4.27200,-15.25900,17.63900
77.6277,526074,-0.06641,0.01978,1.03564,-4.45600,-15.07600,17.33400
77.6487,526084,-0.06763,0.02588,1.03296,-4.70000,-15.68600,17.39500
77.6601,526094,-0.08276,0.03027,1.03906,-4.02800,-13.91600,16.17400
77.6800,526104,-0.06323,0.01807,1.04053,-3.17400,-14.16000,15.86900
77.6800,526114,-0.08911,0.02515,1.06201,-3.72300,-15.50300,17.02900
77.6911,526124,-0.07373,0.02686,1.05420,-3.60100,-13.79400,16.35700
77.6911,526134,-0.07715,0.01611,1.06616,-4.21100,-16.60200,18.00500
77.7100,526144,-0.08301,0.02222,1.05640,-4.45600,-15.32000,16.78500
77.7225,526154,-0.08325,0.02417,1.05249,-4.76100,-16.17400,17.57800
77.7358,526164,-0.07812,0.03760,1.03271,-4.94400,-15.93000,17.27300
77.7404,526174,-0.06372,0.03296,1.04199,-4.57800,-14.52600,16.66300
77.7504,526184,-0.07422,0.02271,1.04053,-4.33300,-14.64800,16.90700
77.7582,526194,-0.06787,0.01880,1.04590,-4.51700,-14.22100,15.99100
77.7733,526204,-0.07324,0.01514,1.04517,-4.08900,-15.01500,17.88300
77.7943,526214,-0.06396,0.02856,1.05493,-4.39500,-14.58700,16.84600
77.7943,526224,-0.08740,0.01318,1.05005,-4.08900,-13.97700,16.35700
77.8021,526234,-0.08472,0.02124,1.03882,-4.02800,-15.01500,17.27300
77.8105,526244,-0.08228,0.01807,1.04663,-4.08900,-15.01500,17.33400
77.8199,526254,-0.09058,0.01807,1.03467,-3.84500,-14.64800,15.93000
77.8266,526264,-0.07715,0.02075,1.05811,-3.72300,-14.64800,16.54100
77.8408,526274,-0.08594,0.01758,1.03906,-4.21100,-15.07600,17.15100
77.8506,526284,-0.08496,0.01929,1.03882,-4.02800,-14.83200,15.86900
77.8530,526294,-0.06494,0.03564,1.03613,-3.78400,-14.83200,16.78500
77.8707,526304,-0.06836,0.02368,1.04150,-4.15000,-14.77100,16.47900
77.8864,526314,-0.07178,0.02710,1.04517,-4.39500,-15.62500,16.60200
77.8864,526324,-0.07300,0.02563,1.04688,-4.27200,-14.34300,17.09000
77.9042,526334,-0.07495,0.02734,1.03760,-3.84500,-14.28200,16.72400
77.9121,526344,-0.07886,0.02075,1.04761,-3.60100,-15.13700,16.23500
77.9205,526354,-0.08594,0.02515,1.04858,-4.02800,-15.07600,17.02900
77.9305,526364,-0.08032,0.02881,1.05103,-4.15000,-14.77100,16.35700
77.9411,526374,-0.08008,0.02148,1.04639,-4.15000,-15.13700,17.27300
77.9524,526384,-0.07983,0.02930,1.04346,-4.21100,-15.44200,16.90700
77.9612,526394,-0.08032,0.02100,1.05640,-3.90600,-13.97700,15.25900
77.9925,526404,-0.09155,0.01782,1.03687,-4.45600,-15.07600,17.09000
77.9925,526414,-0.07178,0.02124,1.03027,-3.78400,-15.01500,17.02900
77.9925,526424,-0.07373,0.02734,1.03247,-4.33300,-15.13700,16.96800
78.0011,526434,-0.06934,0.02148,1.04956,-4.27200,-15.38100,17.21200
78.0264,526444,-0.07617,0.02148,1.04639,-4.02800,-14.40400,15.44200
78.0264,526454,-0.06934,0.01660,1.04419,-3.96700,-14.40400,16.47900
78.0264,526464,-0.08472,0.02173,1.03979,-4.15000,-14.64800,16.84600
78.0377,526474,-0.07910,0.02783,1.04541,-3.41800,-13.85500,16.41800
78.0536,526484,-0.08838,0.02563,1.05713,-3.90600,-14.40400,15.86900
78.0536,526494,-0.05493,0.02124,1.04053,-4.33300,-14.52600,16.47900
78.0708,526504,-0.07446,0.03174,1.03296,-4.21100,-14.83200,15.74700
78.0924,526514,-0.06470,0.02271,1.05151,-4.76100,-15.50300,17.09000
78.0924,526524,-0.06055,0.02808,1.05469,-3.47900,-14.34300,15.99100
78.0924,526534,-0.08105,0.01782,1.04004,-3.54000,-13.97700,15.93000
78.1065,526544,-0.05542,0.03271,1.03296,-4.27200,-14.83200,16.29600
78.1192,526554,-0.06934,0.02173,1.03589,-4.27200,-13.85500,15.56400
78.1192,526564,-0.07227,0.00757,1.04932,-3.78400,-13.91600,16.05200
78.1334,526574,-0.06128,0.03149,1.05103,-4.15000,-14.89300,16.54100
78.1493,526584,-0.07666,0.02808,1.05640,-3.84500,-15.44200,17.09000
78.1493,526594,-0.07764,0.01196,1.04199,-4.33300,-15.68600,17.57800
78.1726,526604,-0.07324,0.00732,1.03809,-4.08900,-14.28200,15.86900
78.1813,526614,-0.07153,0.02246,1.05371,-4.02800,-14.64800,17.63900
78.1974,526624,-0.09131,0.02417,1.04907,-4.27200,-15.62500,17.39500
78.2008,526634,-0.07520,0.03003,1.04883,-4.08900,-15.32000,17.02900
78.2064,526644,-0.06445,0.01904,1.04004,-3.90600,-13.55000,14.89300
78.2150,526654,-0.05957,0.03247,1.05005,-4.02800,-13.55000,15.62500
78.2301,526664,-0.08325,0.02051,1.05273,-3.66200,-15.07600,16.66300
78.2335,526674,-0.09033,0.02368,1.06152,-3.35700,-13.79400,15.56400
78.2512,526684,-0.07959,0.02759,1.04419,-4.08900,-15.07600,16.78500
78.2621,526694,-0.08057,0.02930,1.03516,-3.90600,-14.09900,15.44200
78.2677,526704,-0.06567,0.02612,1.03931,-3.78400,-14.40400,16.54100
78.3152,526714,-0.07080,0.02979,1.04419,-3.78400,-15.50300,16.23500
78.3152,526724,-0.06445,0.02759,1.02930,-3.90600,-15.32000,16.29600
78.3152,526734,-0.07178,0.03613,1.05493,-4.15000,-14.40400,16.11300
78.3152,526744,-0.06812,0.03345,1.03955,-4.02800,-14.34300,16.23500
78.3152,526754,-0.07373,0.01978,1.05396,-4.27200,-15.01500,17.33400
78.3299,526764,-0.09082,0.02197,1.03857,-3.78400,-14.89300,16.78500
78.3422,526774,-0.06665,0.02515,1.03467,-4.33300,-14.52600,16.11300
78.3444,526784,-0.06323,0.03125,1.04224,-4.02800,-13.67200,15.56400
78.3589,526794,-0.07397,0.03345,1.05347,-4.21100,-15.19800,16.66300
78.3767,526804,-0.08252,0.03076,1.04810,-4.51700,-15.07600,17.09000
78.3800,526814,-0.07642,0.01318,1.05981,-4.08900,-15.07600,16.66300
78.3977,526824,-0.08691,0.01367,1.04517,-3.54000,-14.89300,16.17400
78.4018,526834,-0.07959,0.01025,1.02881,-4.15000,-15.13700,16.17400
78.4105,526844,-0.08032,0.03394,1.03662,-3.90600,-14.40400,16.54100
78.4194,526854,-0.08252,0.01270,1.04663,-3.78400,-14.89300,16.66300
78.4284,526864,-0.07422,0.02710,1.04004,-3.96700,-14.83200,16.17400
78.4400,526874,-0.07080,0.02051,1.04297,-4.08900,-14.77100,16.47900
78.4523,526884,-0.06812,0.01807,1.05249,-4.21100,-14.58700,16.41800
78.4555,526894,-0.07983,0.03638,1.02979,-3.78400,-14.22100,15.80800
78.4703,526904,-0.08374,0.02686,1.04785,-4.15000,-15.19800,16.23500
78.4717,526914,-0.06226,0.02759,1.04419,-3.96700,-14.95400,16.78500
78.5069,526924,-0.07837,0.03906,1.03442,-4.08900,-15.01500,16.60200
78.5069,526934,-0.05811,0.03076,1.02930,-4.02800,-14.28200,16.35700
78.5102,526944,-0.06763,0.02588,1.05029,-4.21100,-14.40400,16.17400
78.5185,526954,-0.06885,0.03149,1.04102,-4.76100,-15.93000,16.96800
78.5277,526964,-0.08740,0.01489,1.04346,-4.27200,-14.34300,16.41800
78.5342,526974,-0.08423,0.04175,1.03735,-4.15000,-15.19800,16.78500
78.5518,526984,-0.07251,0.02759,1.04639,-3.84500,-14.70900,16.41800
78.6114,527030,-0.06177,0.02246,1.03442,-4.08900,-14.58700,16.11300
78.6114,527032,-0.06177,0.02246,1.03442,-4.08900,-14.58700,16.11300
78.6114,527033,-0.06177,0.02246,1.03442,-4.08900,-14.58700,16.11300
78.6114,527035,-0.06177,0.02246,1.03442,-4.08900,-14.58700,16.11300
78.6114,527036,-0.06885,0.01465,1.02759,-3.90600,-14.34300,16.84600
78.6114,527044,-0.06812,0.01880,1.05664,-4.33300,-14.89300,17.21200
78.6319,527054,-0.07349,0.03296,1.04053,-4.21100,-14.70900,17.39500
78.6319,527064,-0.07275,0.02539,1.04443,-4.27200,-14.64800,16.96800
78.6419,527074,-0.06836,0.01953,1.05273,-4.45600,-14.89300,16.66300
78.6482,527084,-0.07275,0.02661,1.04053,-3.66200,-14.22100,16.29600
78.6605,527094,-0.07886,0.01440,1.05469,-3.66200,-15.68600,17.15100
78.6718,527104,-0.06738,0.02124,1.03687,-3.66200,-15.25900,16.96800
78.6793,527114,-0.06567,0.02051,1.04395,-4.21100,-14.58700,16.35700
78.6938,527124,-0.07837,0.01514,1.05371,-3.96700,-14.52600,15.80800
78.7072,527134,-0.07129,0.02319,1.05103,-3.96700,-14.34300,17.09000
78.7109,527144,-0.07593,0.01880,1.04712,-4.27200,-14.28200,16.78500
78.7109,527154,-0.07495,0.01953,1.04907,-4.02800,-15.68600,17.63900
78.7310,527164,-0.07373,0.02051,1.04980,-4.15000,-15.32000,17.09000
78.7426,527174,-0.07837,0.01660,1.05615,-4.33300,-14.89300,17.02900
78.7426,527184,-0.08032,0.02466,1.03296,-3.90600,-14.22100,16.60200
78.7571,527194,-0.08252,0.02148,1.03809,-3.96700,-14.77100,16.47900
78.7628,527204,-0.06958,0.03247,1.04297,-3.84500,-14.52600,16.84600
78.7734,527214,-0.07886,0.02026,1.03809,-4.08900,-15.25900,17.63900
78.7931,527224,-0.07959,0.03320,1.04517,-4.33300,-14.77100,16.60200
78.8097,527234,-0.08887,0.01440,1.05664,-4.57800,-14.89300,17.09000
78.8097,527244,-0.07202,0.02637,1.04419,-4.02800,-14.89300,16.05200
78.8208,527254,-0.07007,0.02930,1.04858,-4.02800,-15.19800,17.51700
78.8293,527264,-0.05981,0.02563,1.03198,-4.21100,-14.40400,16.96800
78.8369,527274,-0.08447,0.03491,1.04565,-4.08900,-14.52600,16.66300
78.8369,527284,-0.07593,0.03613,1.02588,-3.66200,-14.03800,16.05200
78.8617,527294,-0.06616,0.02148,1.04272,-4.45600,-15.32000,17.45600
78.8727,527304,-0.07104,0.02661,1.03711,-3.47900,-14.03800,16.17400
78.8727,527314,-0.08008,0.01855,1.04614,-4.21100,-15.01500,16.29600
78.8851,527324,-0.09546,0.01855,1.05322,-4.02800,-15.07600,16.96800
78.9335,527334,-0.06787,0.03247,1.04419,-3.84500,-14.52600,16.11300
78.9335,527344,-0.05786,0.03149,1.03809,-3.54000,-15.07600,16.66300
78.9335,527354,-0.08569,0.01465,1.05420,-4.33300,-14.28200,16.35700
78.9335,527364,-0.08838,0.01855,1.02515,-3.90600,-14.03800,16.05200
78.9335,527374,-0.07324,0.03296,1.04956,-3.66200,-14.22100,16.05200
78.9519,527384,-0.06055,0.02734,1.02710,-3.78400,-14.70900,16.47900
78.9612,527394,-0.06421,0.02637,1.05078,-4.08900,-14.77100,17.21200
78.9669,527404,-0.07349,0.02393,1.05591,-4.76100,-15.50300,17.76100
78.9810,527414,-0.08569,0.01416,1.05396,-4.15000,-15.25900,16.54100
78.9871,527424,-0.07471,0.01978,1.04688,-4.45600,-15.19800,17.02900
79.0140,527434,-0.07202,0.01953,1.05420,-4.08900,-14.89300,16.78500
79.0140,527444,-0.07788,0.02344,1.04297,-4.39500,-14.89300,16.05200
79.0140,527454,-0.06323,0.01367,1.05591,-4.51700,-15.19800,16.66300
79.0287,527464,-0.07324,0.01538,1.06421,-4.02800,-14.58700,16.23500
79.0287,527474,-0.09473,0.01733,1.04883,-3.96700,-15.07600,17.39500
79.0517,527484,-0.07300,0.01953,1.03198,-3.96700,-15.56400,17.02900
79.0615,527494,-0.08105,0.02344,1.04663,-3.90600,-14.46500,16.23500
79.0615,527504,-0.07349,0.03247,1.04321,-3.96700,-14.70900,16.41800
79.0805,527514,-0.08887,0.01904,1.04834,-4.21100,-14.83200,17.02900
79.0961,527524,-0.06323,0.02954,1.04980,-3.72300,-14.89300,16.60200
79.1174,527534,-0.07397,0.02539,1.05054,-3.84500,-14.58700,16.84600
79.1174,527544,-0.08447,0.02222,1.04492,-3.90600,-14.16000,15.93000
79.1174,527554,-0.07544,0.03052,1.05200,-3.78400,-15.32000,17.09000
79.1302,527564,-0.07520,0.03320,1.05127,-4.39500,-15.25900,17.02900
79.1431,527574,-0.06738,0.03491,1.05591,-3.78400,-14.22100,16.35700
79.1431,527584,-0.07202,0.04590,1.04272,-4.33300,-14.58700,16.78500
79.1573,527594,-0.07275,0.01489,1.04346,-3.60100,-13.42800,14.95400
79.1732,527604,-0.07080,0.02881,1.03394,-4.45600,-14.40400,16.41800
79.1732,527614,-0.07202,0.01709,1.06836,-4.02800,-14.58700,16.41800
79.1889,527624,-0.07251,0.02930,1.04663,-4.08900,-14.28200,15.80800
79.2017,527634,-0.07056,0.03125,1.03638,-4.21100,-14.77100,16.90700
79.2202,527644,-0.07104,0.03149,1.03687,-4.15000,-14.34300,15.74700
79.2202,527654,-0.06860,0.02930,1.05298,-4.15000,-14.16000,16.17400
79.2202,527664,-0.07056,0.03320,1.06006,-4.57800,-15.19800,16.54100
79.2392,527674,-0.05713,0.02637,1.04932,-3.66200,-14.28200,16.54100
79.2526,527684,-0.07397,0.02612,1.04541,-4.45600,-15.07600,17.76100
79.2601,527694,-0.07031,0.02271,1.06445,-4.45600,-15.56400,17.45600
79.2705,527704,-0.08081,0.01953,1.04785,-4.39500,-15.19800,16.90700
79.2705,527714,-0.07544,0.01831,1.05591,-4.02800,-13.48900,16.11300
79.2939,527724,-0.08154,0.02881,1.02783,-4.33300,-14.58700,16.60200
79.3001,527734,-0.07275,0.03906,1.05225,-4.27200,-14.52600,16.47900
79.3175,527744,-0.07153,0.02124,1.03882,-3.60100,-15.07600,16.47900
79.3175,527754,-0.08423,0.02148,1.04834,-3.90600,-14.09900,17.09000
79.3322,527764,-0.07666,0.03247,1.04297,-4.57800,-15.38100,17.09000
79.3350,527774,-0.07568,0.02905,1.04175,-3.90600,-14.09900,17.15100
79.3500,527784,-0.09302,0.01880,1.04419,-4.57800,-15.44200,17.76100
79.3598,527794,-0.07666,0.03174,1.03833,-3.90600,-15.44200,17.15100
79.3660,527804,-0.07544,0.01465,1.04517,-4.15000,-13.61100,15.56400
79.3802,527814,-0.07275,0.02319,1.04102,-3.96700,-15.19800,17.21200
79.3802,527824,-0.06836,0.01050,1.05347,-3.72300,-14.70900,16.17400
79.4013,527834,-0.09180,0.01807,1.05273,-4.45600,-15.13700,17.51700
79.4273,527844,-0.07520,0.03540,1.03247,-4.02800,-14.40400,16.72400
79.4273,527854,-0.07666,0.02808,1.04712,-3.90600,-14.95400,16.17400
79.4434,527864,-0.07300,0.02295,1.05176,-4.33300,-14.09900,17.09000
79.4434,527874,-0.07349,0.02710,1.05859,-4.51700,-14.89300,17.02900
79.4529,527884,-0.06812,0.02051,1.04688,-3.60100,-15.13700,16.17400
79.4613,527894,-0.07056,0.02637,1.04810,-4.21100,-14.64800,16.54100
79.4613,527904,-0.07593,0.02075,1.05298,-3.90600,-13.85500,15.80800
79.4753,527914,-0.08130,0.02100,1.03735,-4.33300,-15.13700,16.78500
79.4915,527924,-0.06567,0.03320,1.04053,-3.47900,-14.70900,16.23500
79.4915,527934,-0.07349,0.01172,1.05078,-3.72300,-14.89300,16.17400
79.5105,527944,-0.07886,0.03027,1.04761,-3.96700,-14.89300,16.66300
79.5263,527954,-0.06860,0.01709,1.04907,-3.84500,-14.95400,17.45600
79.5263,527964,-0.06885,0.02490,1.04907,-4.33300,-15.07600,17.15100
79.5396,527974,-0.06519,0.03320,1.03809,-4.51700,-14.83200,16.90700
79.5396,527984,-0.08130,0.01489,1.04614,-3.84500,-14.16000,17.02900
79.5604,527994,-0.07983,0.03076,1.03833,-3.54000,-14.09900,15.56400
79.5723,528004,-0.08447,0.02710,1.04443,-4.02800,-14.64800,16.78500
79.5764,528014,-0.07373,0.03076,1.04761,-4.57800,-15.01500,16.17400
79.5885,528024,-0.07861,0.01758,1.02905,-3.78400,-14.64800,15.50300
79.5930,528034,-0.08740,0.01562,1.05176,-3.84500,-14.22100,15.93000
79.6215,528044,-0.05933,0.02930,1.03979,-3.41800,-14.70900,16.54100
79.6671,528054,-0.08423,0.02808,1.04883,-3.66200,-15.01500,16.78500
79.6671,528064,-0.07300,0.02661,1.03979,-3.72300,-14.70900,15.56400
79.6671,528074,-0.07422,0.03418,1.02612,-4.45600,-15.25900,17.21200
79.6671,528084,-0.06738,0.01807,1.05005,-4.21100,-14.16000,16.47900
79.6671,528094,-0.07251,0.02295,1.04932,-4.39500,-14.83200,16.05200
79.6671,528104,-0.06812,0.03052,1.02979,-4.08900,-15.80800,16.66300
79.6815,528114,-0.06421,0.02173,1.03467,-4.02800,-14.95400,17.57800
79.6842,528124,-0.07764,0.02808,1.04443,-3.90600,-15.25900,16.78500
79.6994,528134,-0.08789,0.01587,1.04712,-3.78400,-14.64800,16.05200
79.7155,528144,-0.07593,0.02832,1.05420,-3.60100,-14.03800,15.50300
79.7155,528154,-0.07812,0.02002,1.04053,-4.27200,-14.22100,16.60200
79.7319,528164,-0.06274,0.02173,1.04517,-3.66200,-14.77100,16.29600
79.7405,528174,-0.07959,0.02026,1.03296,-4.21100,-14.46500,16.78500
79.7511,528184,-0.06860,0.01758,1.04175,-3.96700,-14.28200,15.80800
79.7611,528194,-0.06763,0.02393,1.03687,-4.27200,-15.68600,16.96800
79.7697,528204,-0.07227,0.01660,1.04858,-3.72300,-14.95400,16.78500
79.7819,528214,-0.07935,0.01929,1.04175,-4.02800,-14.89300,16.54100
79.7950,528224,-0.07007,0.00952,1.04370,-3.84500,-15.01500,16.35700
79.8005,528234,-0.07104,0.01880,1.06030,-3.84500,-13.97700,16.17400
79.8112,528244,-0.06860,0.04077,1.03418,-4.02800,-15.32000,17.57800
79.8268,528254,-0.08569,0.03369,1.03735,-4.57800,-15.25900,16.35700
79.8268,528264,-0.07227,0.01196,1.04370,-3.96700,-14.52600,16.47900
79.8482,528274,-0.07080,0.03394,1.04126,-3.90600,-15.62500,17.70000
79.8557,528284,-0.06177,0.02466,1.05347,-3.66200,-14.58700,15.62500
79.8607,528294,-0.07861,0.02026,1.04199,-3.90600,-13.42800,16.11300
79.8712,528304,-0.08008,0.02466,1.05420,-3.72300,-13.79400,16.35700
79.8742,528314,-0.07178,0.02051,1.05591,-4.15000,-15.56400,17.09000
79.8957,528324,-0.06567,0.02588,1.04883,-4.15000,-15.13700,16.90700
79.8957,528334,-0.08008,0.03027,1.04883,-4.02800,-14.64800,16.29600
79.9112,528344,-0.07861,0.01929,1.05591,-3.96700,-14.89300,15.99100
79.9152,528354,-0.06519,0.02368,1.04541,-4.02800,-14.40400,16.78500
79.9388,528364,-0.07446,0.02319,1.04297,-4.51700,-14.83200,16.60200
79.9388,528374,-0.06519,0.02417,1.04980,-4.08900,-15.01500,17.09000
79.9388,528384,-0.07007,0.02710,1.03613,-4.45600,-14.83200,17.27300
79.9568,528394,-0.06860,0.02783,1.05347,-4.51700,-15.38100,16.78500
79.9704,528404,-0.08813,0.01978,1.05005,-4.21100,-13.85500,16.11300
79.9808,528414,-0.07471,0.01904,1.03760,-4.21100,-14.83200,17.51700
79.9893,528424,-0.06470,0.03394,1.04102,-4.21100,-15.01500,16.78500
80.0040,528434,-0.05518,0.02734,1.03760,-4.02800,-15.25900,16.47900
80.0104,528444,-0.07300,0.01758,1.04321,-3.66200,-14.34300,16.11300
80.0185,528454,-0.08130,0.01782,1.05640,-3.66200,-15.19800,16.72400
80.0342,528464,-0.06201,0.03076,1.04712,-4.08900,-14.70900,16.05200
80.0342,528474,-0.07031,0.01562,1.03516,-3.66200,-14.22100,16.11300
80.0507,528484,-0.07422,0.02832,1.05225,-3.96700,-15.19800,16.29600
80.0563,528494,-0.08618,0.02222,1.06885,-4.15000,-14.09900,15.86900
80.0658,528504,-0.06519,0.04077,1.02930,-4.39500,-13.79400,15.44200
80.0819,528514,-0.08350,0.00562,1.05029,-4.15000,-14.89300,16.41800
80.0931,528524,-0.07568,0.02808,1.04858,-3.78400,-14.52600,16.41800
80.1024,528534,-0.08545,0.01953,1.05786,-3.41800,-15.01500,17.09000
80.1107,528544,-0.08154,0.02563,1.04517,-3.72300,-14.46500,16.17400
80.1176,528554,-0.06641,0.02661,1.04004,-4.21100,-14.77100,16.47900
80.1297,528564,-0.06689,0.03345,1.03833,-3.96700,-14.40400,15.93000
80.1297,528574,-0.05493,0.02173,1.04443,-3.96700,-16.11300,17.39500
80.1487,528584,-0.07153,0.02124,1.05151,-3.96700,-15.13700,16.60200
80.1638,528594,-0.07129,0.01611,1.04517,-3.66200,-14.46500,16.29600
80.1711,528604,-0.06494,0.02734,1.04956,-3.54000,-14.28200,16.90700
80.1828,528614,-0.06934,0.03125,1.03540,-4.15000,-14.46500,16.60200
80.1913,528624,-0.07349,0.02612,1.04150,-3.96700,-14.46500,16.90700
80.2011,528634,-0.08350,0.02295,1.04883,-4.57800,-15.50300,16.96800
80.2127,528644,-0.08105,0.02808,1.04614,-4.02800,-14.34300,16.72400
80.2211,528654,-0.07397,0.02832,1.03052,-4.57800,-15.44200,17.21200
80.2549,528664,-0.06616,0.02979,1.05664,-4.02800,-15.13700,17.51700
80.2549,528674,-0.07324,0.03320,1.04199,-4.21100,-15.13700,17.45600
80.2549,528684,-0.06836,0.02588,1.04834,-3.84500,-14.22100,15.68600
80.2734,528694,-0.07568,0.02417,1.03687,-4.45600,-14.89300,16.23500
80.2734,528704,-0.07788,0.03418,1.05786,-4.57800,-14.77100,15.68600
80.2764,528714,-0.08936,0.03638,1.02930,-4.57800,-14.70900,16.66300
80.2918,528724,-0.06421,0.03149,1.04419,-4.27200,-14.34300,16.17400
80.3035,528734,-0.08325,0.03320,1.03125,-3.78400,-14.28200,15.80800
80.3117,528744,-0.08350,0.02759,1.03857,-3.84500,-14.16000,16.54100
80.3187,528754,-0.07544,0.02759,1.04492,-3.90600,-14.58700,16.23500
80.3345,528764,-0.05762,0.02881,1.04395,-4.08900,-15.74700,17.63900
80.3504,528774,-0.08472,0.01855,1.05933,-4.08900,-14.89300,16.90700
80.3504,528784,-0.06177,0.02148,1.02979,-4.51700,-15.25900,16.78500
80.3519,528794,-0.06177,0.03369,1.04541,-3.90600,-15.13700,17.21200
80.3865,528804,-0.06128,0.03369,1.04004,-4.15000,-15.13700,17.33400
80.4047,528814,-0.07080,0.03687,1.03662,-4.15000,-14.40400,16.47900
80.4047,528824,-0.07812,0.01855,1.05347,-4.39500,-13.85500,16.29600
80.4047,528834,-0.07300,0.01904,1.02344,-3.96700,-14.77100,17.51700
80.4783,528844,-0.08008,0.02222,1.04053,-4.27200,-14.46500,16.29600
80.4956,528854,-0.08203,0.02148,1.02979,-4.33300,-15.07600,16.54100
80.4956,528864,-0.06104,0.02783,1.02881,-3.54000,-14.09900,15.74700
80.4956,528874,-0.07666,0.03345,1.04517,-3.54000,-14.89300,17.15100
80.4956,528884,-0.07153,0.02783,1.04321,-4.33300,-15.44200,16.60200
80.4956,528894,-0.07764,0.03442,1.03076,-3.66200,-14.34300,15.32000
80.4956,528904,-0.06665,0.02979,1.05322,-4.21100,-14.70900,16.29600
80.5187,528914,-0.08252,0.02783,1.05908,-4.21100,-14.70900,17.63900
80.5187,528924,-0.07690,0.03003,1.03174,-4.21100,-14.77100,16.17400
80.5187,528934,-0.06006,0.02612,1.03296,-4.08900,-14.95400,17.15100
80.5187,528944,-0.07495,0.02832,1.04004,-3.84500,-14.46500,16.23500
80.5331,528954,-0.07788,0.03491,1.03491,-3.78400,-15.19800,17.39500
80.5331,528964,-0.07959,0.01440,1.03467,-4.02800,-13.55000,15.74700
80.5461,528974,-0.08228,0.02197,1.04102,-3.96700,-14.40400,16.41800
80.5461,528984,-0.06470,0.02979,1.03711,-3.66200,-14.09900,16.23500
80.5932,529032,-0.09058,0.01465,1.03345,-3.84500,-14.77100,17.15100
80.5932,529033,-0.09058,0.01465,1.03345,-3.84500,-14.77100,17.15100
80.5932,529034,-0.09058,0.01465,1.03345,-3.84500,-14.77100,17.15100
80.6067,529036,-0.08667,0.02319,1.02979,-4.45600,-14.77100,17.15100
80.6067,529037,-0.08667,0.02319,1.02979,-4.45600,-14.77100,17.15100
80.6106,529044,-0.07617,0.02246,1.03638,-4.27200,-14.77100,16.47900
80.6287,529054,-0.08301,0.02490,1.05322,-3.90600,-14.16000,15.80800
80.6315,529064,-0.07764,0.01831,1.03979,-4.51700,-14.34300,15.99100
80.6593,529074,-0.05469,0.05054,1.03564,-4.15000,-14.34300,17.21200
80.6593,529084,-0.08325,0.02100,1.04297,-4.15000,-14.16000,15.93000
80.6593,529094,-0.07935,0.02026,1.02612,-4.39500,-13.67200,15.93000
80.6706,529104,-0.07349,0.03369,1.03979,-3.90600,-14.09900,16.11300
80.6808,529114,-0.07153,0.03540,1.04370,-3.60100,-14.16000,15.56400
80.6865,529124,-0.07104,0.02661,1.05493,-4.08900,-14.89300,16.90700
80.7013,529134,-0.06592,0.03296,1.04443,-4.02800,-14.83200,15.74700
80.7111,529144,-0.07153,0.02783,1.03223,-3.96700,-13.85500,15.32000
80.7394,529154,-0.07202,0.03198,1.04517,-3.84500,-15.38100,16.90700
80.7394,529164,-0.08081,0.03052,1.04736,-3.84500,-15.13700,16.47900
80.7408,529174,-0.06714,0.04468,1.05371,-4.08900,-14.77100,16.60200
80.7483,529184,-0.06982,0.03149,1.04224,-4.27200,-14.70900,16.47900
80.7699,529194,-0.07446,0.03394,1.04395,-4.15000,-14.34300,16.23500
80.7699,529204,-0.08179,0.01465,1.04004,-3.72300,-14.83200,16.90700
80.7813,529214,-0.07373,0.03271,1.04346,-3.72300,-13.85500,16.41800
80.7813,529224,-0.06763,0.02100,1.06128,-3.54000,-15.25900,16.78500
80.7971,529234,-0.07227,0.02393,1.04541,-4.33300,-14.09900,17.82200
80.8177,529244,-0.07520,0.02930,1.04736,-3.90600,-15.07600,17.57800
80.8282,529254,-0.06860,0.04297,1.04199,-4.21100,-14.58700,16.35700
80.8282,529264,-0.07324,0.02490,1.04590,-4.21100,-15.13700,16.72400
80.8282,529274,-0.06421,0.02832,1.02686,-4.21100,-14.16000,15.74700
80.8606,529284,-0.07031,0.02905,1.04199,-3.96700,-14.70900,16.54100
80.8606,529294,-0.07153,0.01392,1.03467,-4.21100,-13.79400,16.23500
80.8606,529304,-0.06885,0.02441,1.03979,-4.33300,-14.58700,16.54100
80.8802,529314,-0.05737,0.02002,1.04517,-4.39500,-14.83200,16.84600
80.8802,529324,-0.06592,0.02393,1.02393,-4.27200,-15.32000,18.00500
80.8979,529334,-0.07104,0.02856,1.04785,-3.66200,-15.38100,17.51700
80.9114,529344,-0.09204,0.02905,1.03735,-4.08900,-14.46500,16.11300
80.9141,529354,-0.07300,0.01245,1.04297,-4.21100,-15.19800,16.60200
80.9245,529364,-0.06909,0.03394,1.05298,-4.15000,-14.40400,16.60200
80.9409,529374,-0.08081,0.00854,1.05200,-3.90600,-14.58700,15.93000
80.9641,529384,-0.06494,0.02661,1.03735,-4.15000,-14.58700,16.29600
80.9641,529394,-0.08179,0.01978,1.05420,-3.66200,-13.97700,16.54100
80.9699,529404,-0.06616,0.02661,1.05176,-3.60100,-14.95400,16.29600
80.9837,529414,-0.06470,0.04077,1.04053,-3.29600,-14.58700,16.29600
80.9902,529424,-0.07031,0.03687,1.03809,-4.15000,-14.77100,15.93000
80.9902,529434,-0.07056,0.03076,1.06372,-3.96700,-15.25900,17.70000
81.0104,529444,-0.07812,0.02612,1.05371,-4.02800,-14.40400,16.17400
81.0210,529454,-0.08374,0.02417,1.04785,-4.08900,-13.91600,16.54100
81.0291,529464,-0.06689,0.03442,1.02954,-4.15000,-14.03800,15.80800
81.0397,529474,-0.06689,0.03027,1.02979,-3.66200,-13.73300,16.11300
81.0562,529484,-0.08423,0.02319,1.03687,-3.78400,-14.34300,15.86900
81.0562,529494,-0.08594,0.01001,1.05127,-4.08900,-14.89300,16.66300
81.0697,529504,-0.06934,0.02832,1.04858,-3.66200,-14.28200,16.35700
81.0697,529514,-0.07129,0.01929,1.04932,-3.60100,-13.30600,14.77100
81.0936,529524,-0.08057,0.02686,1.05420,-4.02800,-14.83200,16.60200
81.1044,529534,-0.07056,0.01343,1.03662,-3.90600,-13.24500,15.80800
81.1121,529544,-0.06616,0.03833,1.04858,-3.90600,-14.40400,15.68600
81.1181,529554,-0.08374,0.02905,1.03467,-3.78400,-14.09900,15.50300
81.1181,529564,-0.08740,0.01880,1.04419,-4.15000,-15.07600,16.96800
81.1338,529574,-0.08569,0.02979,1.04297,-4.63900,-14.83200,16.96800
81.1502,529584,-0.08081,0.02075,1.05151,-4.51700,-13.97700,15.68600
81.1696,529594,-0.07129,0.02271,1.02783,-3.78400,-14.95400,15.99100
81.1696,529604,-0.07935,0.02905,1.03052,-4.08900,-14.52600,16.78500
81.1822,529614,-0.07324,0.03760,1.04614,-4.08900,-15.07600,17.02900
81.1927,529624,-0.05884,0.02026,1.04565,-3.90600,-14.40400,17.33400
81.2118,529634,-0.05737,0.01904,1.03857,-4.51700,-14.58700,17.02900
81.2118,529644,-0.06030,0.01294,1.04907,-3.66200,-13.97700,16.35700
81.2211,529654,-0.06689,0.01270,1.03027,-3.47900,-14.34300,16.66300
81.2296,529664,-0.08008,0.01929,1.04980,-3.78400,-14.52600,16.78500
81.2296,529674,-0.06665,0.02783,1.02881,-4.15000,-14.22100,16.90700
81.2669,529684,-0.09082,0.02197,1.05078,-4.45600,-13.48900,15.56400
81.2669,529694,-0.07935,0.02271,1.04590,-4.33300,-15.07600,17.15100
81.2669,529704,-0.08276,0.02734,1.03955,-4.33300,-14.70900,16.96800
81.2784,529714,-0.09448,0.01953,1.04590,-3.96700,-13.91600,16.23500
81.2784,529724,-0.07983,0.02490,1.04321,-4.33300,-15.38100,16.84600
81.3009,529734,-0.08716,0.02808,1.05518,-4.39500,-15.25900,17.21200
81.3088,529744,-0.07520,0.03247,1.03369,-3.60100,-15.56400,16.47900
81.3119,529754,-0.06543,0.03076,1.03320,-3.78400,-14.34300,16.54100
81.3310,529764,-0.07471,0.03052,1.05347,-4.27200,-14.77100,16.17400
81.3410,529774,-0.06836,0.04126,1.05005,-4.39500,-14.34300,15.86900
81.3410,529784,-0.05737,0.02808,1.02197,-4.02800,-14.40400,15.86900
81.3728,529794,-0.06885,0.03247,1.04883,-3.96700,-14.83200,16.17400
81.3728,529804,-0.07788,0.01782,1.04395,-3.96700,-14.46500,16.84600
81.3817,529814,-0.07275,0.03638,1.03906,-4.02800,-14.40400,15.93000
81.3948,529824,-0.07129,0.02246,1.05151,-4.57800,-15.19800,16.60200
81.3948,529834,-0.07983,0.02539,1.04443,-4.15000,-14.58700,16.29600
81.4120,529844,-0.06812,0.01660,1.06323,-4.15000,-13.67200,15.56400
81.4210,529854,-0.06543,0.03198,1.04321,-4.15000,-14.40400,16.17400
81.4287,529864,-0.06958,0.02075,1.03711,-4.57800,-15.01500,16.84600
81.4394,529874,-0.08740,0.01978,1.04468,-4.15000,-15.32000,16.47900
81.4458,529884,-0.08984,0.01245,1.06494,-4.39500,-14.28200,16.11300
81.4696,529894,-0.07617,0.01807,1.03931,-3.78400,-15.93000,17.39500
81.4696,529904,-0.07251,0.01709,1.04175,-4.45600,-14.83200,16.66300
81.4696,529914,-0.07642,0.02539,1.04321,-4.51700,-14.16000,16.11300
81.5004,529924,-0.07690,0.02393,1.06177,-3.78400,-14.16000,15.50300
81.5004,529934,-0.08228,0.02954,1.03955,-4.15000,-14.52600,16.66300
81.5021,529944,-0.06787,0.02319,1.03687,-3.66200,-13.79400,15.86900
81.5164,529954,-0.08667,0.01465,1.04810,-3.72300,-14.64800,16.84600
81.5316,529964,-0.06738,0.02515,1.03613,-4.45600,-15.19800,16.84600
81.5316,529974,-0.09424,0.01831,1.04395,-3.84500,-14.09900,15.80800
81.5544,529984,-0.07617,0.03467,1.03931,-4.27200,-15.01500,16.17400
81.5636,529994,-0.08008,0.02271,1.04614,-3.29600,-13.61100,16.11300
81.5636,530004,-0.06763,0.03125,1.03638,-4.08900,-14.77100,16.60200
81.5822,530014,-0.07959,0.02319,1.05859,-4.21100,-14.83200,16.84600
81.5937,530024,-0.07373,0.02686,1.03931,-4.39500,-14.52600,16.29600
81.6001,530034,-0.06616,0.03687,1.03467,-3.96700,-14.52600,17.82200
81.6113,530044,-0.06543,0.03833,1.05151,-4.27200,-14.46500,15.74700
81.6128,530054,-0.06226,0.02368,1.05273,-3.90600,-13.73300,16.29600
81.6329,530064,-0.07153,0.02661,1.06494,-3.78400,-13.55000,16.23500
81.6410,530074,-0.07471,0.03223,1.03735,-3.66200,-14.70900,16.60200
81.6503,530084,-0.06616,0.02515,1.03760,-4.33300,-14.89300,17.82200
81.6611,530094,-0.07397,0.02637,1.04395,-4.70000,-14.34300,16.84600
81.6764,530104,-0.07300,0.02832,1.06372,-3.60100,-14.28200,15.86900
81.6797,530114,-0.08423,0.02051,1.04736,-3.66200,-14.70900,16.35700
81.6901,530124,-0.08472,0.02686,1.04492,-4.33300,-14.34300,16.66300
81.6981,530134,-0.07056,0.02295,1.06250,-3.72300,-14.09900,15.86900
81.7097,530144,-0.07886,0.02319,1.04761,-3.96700,-14.70900,15.93000
81.7130,530154,-0.08008,0.00854,1.04639,-4.33300,-14.52600,17.02900
81.7281,530164,-0.06641,0.01733,1.04346,-4.21100,-14.34300,17.27300
81.7449,530174,-0.07764,0.01880,1.05811,-4.51700,-14.46500,16.84600
81.7514,530184,-0.07910,0.02173,1.04565,-3.78400,-15.01500,17.09000
81.7676,530194,-0.07202,0.03320,1.04565,-4.70000,-14.95400,17.57800
81.7739,530204,-0.08423,0.01904,1.05127,-4.39500,-14.16000,15.44200
81.7800,530214,-0.06323,0.01904,1.03833,-4.02800,-15.25900,16.35700
81.7909,530224,-0.09058,0.02856,1.05518,-4.08900,-14.77100,17.09000
81.7963,530234,-0.06421,0.03223,1.04199,-4.02800,-13.91600,16.54100
81.8133,530244,-0.07080,0.00586,1.04858,-4.27200,-14.83200,17.27300
81.8223,530254,-0.07251,0.02710,1.04126,-4.15000,-13.55000,16.23500
81.8338,530264,-0.07129,0.02661,1.05396,-4.57800,-14.28200,16.29600
81.8388,530274,-0.05884,0.03638,1.05957,-4.45600,-14.70900,16.47900
81.8438,530284,-0.07593,0.02856,1.04199,-3.84500,-14.16000,16.41800
81.8597,530294,-0.07178,0.03320,1.04907,-3.72300,-14.22100,16.60200
81.8757,530304,-0.05981,0.03052,1.04028,-3.90600,-14.83200,17.02900
81.8757,530314,-0.07861,0.02783,1.04419,-4.27200,-14.64800,16.96800
81.8917,530324,-0.07812,0.03809,1.02856,-4.45600,-14.83200,17.57800
81.8933,530334,-0.06860,0.01904,1.05054,-4.15000,-14.64800,16.90700
81.9077,530344,-0.08643,0.01904,1.04980,-4.08900,-14.34300,16.72400
81.9138,530354,-0.06274,0.03735,1.02637,-4.57800,-15.01500,16.78500
81.9237,530364,-0.07153,0.02588,1.03198,-4.21100,-14.70900,17.09000
81.9397,530374,-0.06494,0.03467,1.04565,-3.60100,-14.83200,16.23500
81.9397,530384,-0.07129,0.02515,1.03711,-4.70000,-14.64800,16.29600
81.9557,530394,-0.07397,0.02710,1.04199,-4.39500,-15.19800,17.70000
81.9716,530404,-0.07007,0.02905,1.04224,-4.02800,-14.09900,16.66300
81.9716,530414,-0.06982,0.02319,1.04590,-3.78400,-14.95400,16.17400
81.9875,530424,-0.07031,0.03125,1.03833,-4.21100,-14.46500,16.23500
81.9875,530434,-0.07178,0.03955,1.02710,-4.39500,-15.74700,17.82200
82.0034,530444,-0.07349,0.01343,1.04370,-4.15000,-15.32000,18.06600
82.0193,530454,-0.07593,0.03003,1.03809,-4.21100,-13.73300,16.17400
82.0299,530464,-0.08643,0.02100,1.05005,-4.15000,-14.28200,15.93000
82.0435,530474,-0.08521,0.02759,1.05835,-3.54000,-13.79400,15.80800
82.0510,530484,-0.06104,0.02441,1.04810,-3.90600,-13.79400,16.29600
82.0636,530494,-0.05786,0.02197,1.04248,-5.06600,-15.07600,17.63900
82.0727,530504,-0.07642,0.01001,1.04517,-3.72300,-14.03800,16.90700
82.0883,530514,-0.07837,0.03296,1.03027,-3.72300,-14.22100,16.35700
82.0941,530524,-0.08057,0.01953,1.04541,-4.27200,-15.44200,17.09000
82.0981,530534,-0.07007,0.01074,1.04077,-4.27200,-14.22100,16.29600
82.0981,530544,-0.06909,0.02466,1.04932,-4.21100,-14.89300,16.66300
82.1139,530554,-0.07227,0.02759,1.03394,-4.27200,-13.55000,15.99100
82.1299,530564,-0.07520,0.00854,1.04858,-3.66200,-14.16000,15.50300
82.1299,530574,-0.08423,0.02124,1.04102,-4.21100,-15.50300,16.60200
82.1457,530584,-0.06738,0.03516,1.04321,-3.84500,-14.64800,15.68600
82.1607,530594,-0.06177,0.02295,1.04346,-4.21100,-13.91600,15.44200
82.1758,530604,-0.06787,0.01440,1.04956,-4.27200,-15.50300,17.33400
82.1776,530614,-0.08862,0.03662,1.04517,-4.27200,-14.28200,16.66300
82.1776,530624,-0.06348,0.02759,1.03198,-3.96700,-14.09900,16.11300
82.1936,530634,-0.06201,0.04565,1.04639,-3.96700,-14.34300,15.32000
82.2095,530644,-0.08740,0.02466,1.04199,-4.27200,-14.22100,15.93000
82.2141,530654,-0.07812,0.03198,1.03589,-4.15000,-14.95400,16.60200
82.2256,530664,-0.06152,0.03345,1.03735,-3.96700,-14.40400,17.02900
82.2416,530674,-0.06494,0.05469,1.04199,-4.02800,-14.64800,15.86900
82.2416,530684,-0.07715,0.02246,1.04297,-3.84500,-13.61100,15.62500
82.2600,530694,-0.07275,0.02368,1.04492,-4.39500,-14.16000,16.66300
82.2731,530704,-0.08057,0.02417,1.05298,-3.41800,-14.95400,15.99100
82.2892,530714,-0.08569,0.00928,1.04614,-3.90600,-13.85500,15.50300
82.2892,530724,-0.06909,0.02930,1.03613,-4.33300,-14.34300,17.09000
82.2892,530734,-0.07056,0.01953,1.03418,-4.21100,-15.07600,16.90700
82.3147,530744,-0.07935,0.02954,1.05249,-4.21100,-15.01500,16.54100
82.3147,530754,-0.07056,0.02637,1.04517,-4.02800,-15.13700,16.54100
82.3213,530764,-0.07617,0.02222,1.02124,-3.72300,-13.85500,16.35700
82.3397,530774,-0.08057,0.02441,1.05005,-3.78400,-14.28200,15.68600
82.3451,530784,-0.06836,0.02271,1.04663,-4.08900,-13.97700,16.35700
82.3605,530794,-0.07471,0.02002,1.04053,-4.21100,-15.74700,18.67700
82.3689,530804,-0.07031,0.01685,1.04858,-3.84500,-14.58700,16.60200
82.3927,530814,-0.07422,0.02563,1.03394,-3.17400,-13.36700,15.01500
82.3927,530824,-0.08350,0.01465,1.04053,-3.84500,-14.28200,15.99100
82.4008,530834,-0.06909,0.03638,1.03784,-4.02800,-15.07600,17.94400
82.4008,530844,-0.07080,0.02490,1.05811,-4.08900,-14.34300,16.41800
82.4168,530854,-0.07935,0.01172,1.04785,-4.76100,-15.32000,17.39500
82.4300,530864,-0.08179,0.02490,1.04834,-3.84500,-14.09900,15.50300
82.4409,530874,-0.07495,0.02441,1.04370,-3.96700,-14.09900,15.86900
82.4508,530884,-0.07227,0.03076,1.05566,-3.96700,-14.58700,15.99100
82.4636,530894,-0.07764,0.02783,1.03735,-3.78400,-13.79400,15.62500
82.4710,530904,-0.07495,0.01929,1.06177,-4.21100,-14.03800,15.74700
82.4807,530914,-0.05811,0.02441,1.04004,-4.21100,-14.40400,16.29600
82.4992,530924,-0.08521,0.03296,1.04956,-4.39500,-15.25900,16.84600
82.5588,530934,-0.08398,0.02417,1.04224,-4.39500,-13.91600,16.29600
82.5588,530944,-0.06665,0.02930,1.04590,-3.78400,-15.38100,16.78500
82.5588,530954,-0.08862,0.02344,1.04956,-3.84500,-13.91600,15.80800
82.5588,530964,-0.05957,0.02271,1.04272,-3.66200,-13.67200,15.56400
82.5588,530974,-0.06982,0.01953,1.04199,-3.84500,-14.95400,17.21200
82.5588,530984,-0.07056,0.02490,1.05835,-4.63900,-14.03800,16.60200
82.5945,531033,-0.07178,0.01489,1.04761,-3.72300,-14.58700,15.93000
82.5945,531034,-0.07178,0.01489,1.04761,-3.90600,-14.46500,16.17400
82.5945,531035,-0.07617,0.02515,1.04370,-3.90600,-14.46500,16.17400
82.5945,531037,-0.07617,0.02515,1.04370,-3.90600,-14.46500,16.17400
82.6052,531038,-0.07617,0.02515,1.04370,-3.90600,-14.46500,16.17400
82.6108,531044,-0.07080,0.01807,1.05444,-4.02800,-15.01500,17.09000
82.6211,531054,-0.05933,0.01880,1.04736,-3.90600,-14.83200,16.35700
82.6211,531064,-0.07812,0.02832,1.03833,-3.78400,-13.42800,16.05200
82.6381,531074,-0.06934,0.02905,1.04346,-4.27200,-14.52600,16.41800
82.6381,531084,-0.07129,0.01904,1.05103,-4.45600,-13.67200,16.23500
82.6532,531094,-0.07153,0.04126,1.03418,-4.21100,-13.36700,15.68600
82.6692,531104,-0.07690,0.02417,1.04297,-4.51700,-15.32000,16.78500
82.6692,531114,-0.06079,0.01978,1.05029,-3.90600,-13.85500,15.19800
82.7009,531124,-0.07031,0.01978,1.04004,-4.08900,-15.07600,16.60200
82.7159,531134,-0.07227,0.01685,1.05176,-4.08900,-15.38100,16.29600
82.7175,531144,-0.07178,0.03076,1.04663,-4.08900,-13.97700,16.90700
82.7175,531154,-0.07471,0.02441,1.04053,-3.54000,-14.34300,16.11300
82.7333,531164,-0.07397,0.01880,1.06567,-3.66200,-14.58700,16.29600
82.7333,531174,-0.06689,0.03003,1.04834,-4.15000,-14.40400,15.80800
82.7491,531184,-0.07739,0.03809,1.04858,-4.27200,-14.77100,16.05200
82.7491,531194,-0.08032,0.03540,1.05176,-3.96700,-15.62500,17.15100
82.7664,531204,-0.09302,0.01489,1.04834,-4.39500,-15.01500,16.84600
82.7815,531214,-0.07666,0.02368,1.04370,-3.96700,-13.67200,16.29600
82.7974,531224,-0.05908,0.02563,1.04980,-3.96700,-13.79400,16.17400
82.7974,531234,-0.06665,0.03076,1.05225,-4.02800,-14.16000,16.11300
82.7974,531244,-0.08228,0.02710,1.04980,-3.72300,-13.97700,15.74700
82.8163,531254,-0.06885,0.02173,1.03687,-3.60100,-14.77100,16.23500
82.8291,531264,-0.05957,0.03735,1.04761,-3.54000,-14.83200,16.78500
82.8291,531274,-0.07056,0.02686,1.05103,-4.02800,-13.79400,15.68600
82.8570,531284,-0.07446,0.02515,1.04468,-4.51700,-15.38100,17.63900
82.8670,531294,-0.05981,0.02222,1.03369,-3.78400,-13.55000,15.50300
82.8670,531304,-0.07520,0.02368,1.05249,-3.78400,-13.36700,15.56400
82.8769,531314,-0.07324,0.03271,1.04248,-4.15000,-14.77100,16.84600
82.8769,531324,-0.07886,0.02002,1.05225,-3.78400,-15.62500,17.45600
82.9242,531334,-0.08496,0.02051,1.04346,-4.15000,-13.61100,14.58700
82.9242,531344,-0.07568,0.02051,1.04443,-3.66200,-13.18400,15.13700
82.9242,531354,-0.06470,0.01514,1.03198,-4.08900,-14.58700,16.90700
82.9242,531364,-0.06323,0.02905,1.03442,-3.96700,-14.28200,16.23500
82.9402,531374,-0.08032,0.02222,1.05396,-3.90600,-14.46500,16.29600
82.9402,531384,-0.06714,0.02563,1.03418,-4.51700,-14.77100,17.57800
82.9562,531394,-0.07715,0.02515,1.04517,-3.84500,-13.73300,16.11300
82.9734,531404,-0.07520,0.02515,1.03516,-4.02800,-14.70900,16.84600
82.9734,531414,-0.07837,0.02759,1.04541,-4.15000,-15.19800,17.15100
83.0041,531424,-0.07861,0.01904,1.06030,-4.02800,-12.81700,15.07600
83.0041,531434,-0.05029,0.03857,1.04663,-3.72300,-15.38100,17.27300
83.0041,531444,-0.07935,0.03369,1.02368,-3.66200,-13.18400,16.17400
83.0200,531454,-0.07446,0.02612,1.04980,-4.27200,-15.25900,17.33400
83.0357,531464,-0.07739,0.02173,1.04150,-4.08900,-14.22100,16.23500
83.0357,531474,-0.07153,0.02612,1.04858,-4.27200,-14.52600,17.09000
83.0516,531484,-0.05859,0.02856,1.03687,-4.51700,-13.85500,16.05200
83.0516,531494,-0.06812,0.03027,1.04883,-4.27200,-14.83200,16.72400
83.0673,531504,-0.06567,0.03052,1.05396,-3.90600,-14.22100,16.29600
83.0673,531514,-0.07788,0.02295,1.04517,-3.54000,-14.28200,16.05200
83.0848,531524,-0.07642,0.02637,1.04883,-4.02800,-14.03800,16.60200
83.0992,531534,-0.07422,0.01929,1.03076,-4.57800,-13.97700,15.68600
83.0992,531544,-0.06934,0.03003,1.01953,-4.08900,-15.25900,15.80800
83.1164,531554,-0.07764,0.01050,1.04883,-4.33300,-15.25900,16.60200
83.1314,531564,-0.06982,0.02393,1.03857,-4.33300,-14.28200,16.17400
83.1314,531574,-0.07666,0.02148,1.04297,-3.84500,-13.48900,15.93000
83.1474,531584,-0.07349,0.01880,1.04663,-4.21100,-15.68600,17.76100
83.1474,531594,-0.07715,0.01294,1.04883,-4.21100,-14.16000,16.29600
83.1634,531604,-0.08008,0.02026,1.05078,-3.84500,-13.79400,16.05200
83.1796,531614,-0.08350,0.03247,1.05029,-4.21100,-15.50300,17.45600
83.1796,531624,-0.08032,0.02490,1.06152,-4.08900,-14.83200,16.96800
83.2119,531634,-0.07959,0.02075,1.05054,-3.72300,-15.38100,17.57800
83.2119,531644,-0.07446,0.02246,1.03271,-3.84500,-15.01500,17.15100
83.2165,531654,-0.07910,0.03076,1.05835,-3.66200,-14.03800,16.29600
83.2281,531664,-0.06445,0.02026,1.05640,-3.84500,-14.22100,15.68600
83.2381,531674,-0.07227,0.01660,1.04883,-3.96700,-14.89300,16.66300
83.2464,531684,-0.08765,0.03052,1.04761,-4.21100,-15.56400,16.90700
83.2599,531694,-0.07080,0.03418,1.03491,-4.08900,-14.34300,17.39500
83.2599,531704,-0.07178,0.02856,1.04834,-3.90600,-13.97700,15.38100
83.2760,531714,-0.07178,0.02490,1.05713,-4.76100,-15.25900,17.63900
83.2920,531724,-0.08057,0.03564,1.03687,-4.45600,-15.13700,16.17400
83.3169,531734,-0.08130,0.02393,1.04297,-4.02800,-14.64800,17.33400
83.3169,531744,-0.09375,0.02148,1.05200,-3.90600,-14.70900,16.17400
83.3169,531754,-0.06885,0.02148,1.03979,-4.08900,-15.07600,17.09000
83.3239,531764,-0.06201,0.02197,1.05176,-3.29600,-13.06200,14.70900
83.3399,531774,-0.06567,0.02148,1.03442,-3.41800,-13.42800,15.13700
83.3499,531784,-0.06323,0.02393,1.03003,-4.57800,-14.28200,16.17400
83.3586,531794,-0.07715,0.02734,1.01855,-4.21100,-13.00000,15.01500
83.3822,531804,-0.06860,0.02710,1.05103,-4.15000,-13.18400,14.89300
83.3822,531814,-0.07544,0.04199,1.04126,-4.15000,-14.83200,17.82200
83.3899,531824,-0.06982,0.02319,1.05420,-3.60100,-15.19800,17.88300
83.3899,531834,-0.09229,0.01953,1.04614,-3.72300,-13.61100,15.32000
83.4170,531844,-0.07568,0.03125,1.04395,-3.78400,-12.69500,14.95400
83.4205,531854,-0.07666,0.02539,1.04883,-3.84500,-13.30600,15.32000
83.4205,531864,-0.06201,0.02148,1.04053,-3.29600,-13.00000,14.09900
83.4363,531874,-0.08569,0.01831,1.03052,-3.96700,-14.22100,15.68600
83.4553,531884,-0.08984,0.02515,1.05347,-3.96700,-15.44200,17.63900
83.4553,531894,-0.07959,0.03052,1.04199,-4.08900,-13.85500,15.99100
83.4681,531904,-0.06348,0.03345,1.05176,-3.96700,-14.09900,15.74700
83.4681,531914,-0.05542,0.02563,1.04468,-4.94400,-15.74700,17.88300
83.4840,531924,-0.07227,0.00977,1.03687,-4.08900,-14.09900,17.27300
83.5007,531934,-0.08740,0.02563,1.04663,-4.21100,-14.58700,16.35700
83.5256,531944,-0.06104,0.02100,1.04639,-3.72300,-14.22100,16.35700
83.5256,531954,-0.06738,0.03076,1.03955,-3.96700,-13.61100,15.74700
83.5294,531964,-0.06885,0.01831,1.04639,-3.84500,-13.61100,15.74700
83.5408,531974,-0.08496,0.02344,1.04321,-4.15000,-14.70900,17.02900
83.5490,531984,-0.07129,0.01758,1.05688,-4.45600,-14.34300,15.62500
