recv_time_s,boot_ms,ax_g,ay_g,az_g,gx_dps,gy_dps,gz_dps
0.0000,209273,-0.05762,0.02734,1.06299,-3.84500,-12.93900,15.99100
0.0195,209283,-0.08154,0.02979,1.04883,-5.06600,-14.52600,15.74700
0.0273,209293,-0.05396,0.02368,1.05835,-3.60100,-14.16000,15.07600
0.0959,209303,-0.05835,0.01514,1.04736,-4.15000,-14.34300,14.46500
0.0959,209313,-0.02173,0.02148,1.04834,-3.41800,-14.22100,13.85500
0.0959,209323,-0.02612,0.01587,1.03784,-4.21100,-16.11300,15.99100
0.0959,209333,-0.01880,0.01489,1.04272,-5.06600,-15.50300,15.93000
0.1041,209343,-0.00830,0.01221,1.04346,-5.37100,-14.03800,14.58700
0.1041,209353,-0.01978,0.02563,1.03809,-3.35700,-12.69500,16.05200
0.1041,209363,-0.03076,0.01074,1.05029,-2.93000,-13.67200,15.56400
0.1075,209373,-0.03369,0.02100,1.04810,-3.17400,-13.48900,15.68600
0.1191,209383,-0.04370,0.02222,1.03540,-3.90600,-12.81700,15.68600
0.1285,209393,-0.05664,0.01538,1.04492,-4.33300,-13.55000,15.56400
0.1408,209403,-0.04565,0.01807,1.06079,-3.72300,-13.00000,14.95400
0.1514,209413,-0.01343,0.03369,1.05615,-5.31000,-14.28200,15.50300
0.1571,209423,-0.03662,0.02271,1.05493,-3.84500,-13.91600,15.86900
0.1691,209433,-0.03271,0.03564,1.06055,-3.35700,-13.79400,15.99100
0.1775,209443,-0.01929,0.00244,1.06982,-5.37100,-13.48900,15.19800
0.1877,209453,-0.02539,0.01611,1.03784,-4.02800,-13.18400,15.62500
0.2006,209463,-0.02026,0.02075,1.04736,-3.72300,-13.55000,15.44200
0.2418,209504,-0.05200,0.01611,1.04053,-5.00500,-13.30600,15.32000
0.2418,209506,-0.05200,0.01611,1.04053,-5.00500,-13.30600,15.32000
0.2418,209507,-0.05200,0.01611,1.04053,-5.49300,-13.67200,15.68600
0.2418,209509,-0.04541,0.01978,1.04614,-5.49300,-13.67200,15.68600
0.2479,209513,-0.04541,0.01978,1.04614,-3.84500,-13.97700,15.44200
0.2566,209523,-0.03833,0.01489,1.05347,-4.15000,-14.16000,15.80800
0.2801,209533,-0.04761,0.03247,1.06543,-2.93000,-13.36700,15.56400
0.2801,209543,-0.03394,0.02466,1.04688,-7.01900,-13.73300,15.19800
0.2881,209553,-0.03662,0.01929,1.03564,-4.02800,-14.46500,15.25900
0.3054,209563,-0.03174,0.01074,1.03833,-4.15000,-14.03800,15.68600
0.3126,209573,-0.02295,0.02661,1.04688,-3.54000,-14.22100,15.80800
0.3211,209583,-0.04883,0.02832,1.06104,-3.29600,-13.91600,15.50300
0.3246,209593,-0.01221,0.01660,1.03394,-4.63900,-13.85500,15.32000
0.3369,209603,-0.01514,-0.00146,1.08374,-4.39500,-14.52600,15.74700
0.3490,209613,0.01147,0.02832,1.05737,-2.38000,-14.46500,15.25900
0.3626,209623,-0.01367,0.02417,1.06177,-3.72300,-15.56400,14.83200
0.3626,209633,0.00586,0.04126,1.04224,-4.33300,-13.42800,15.74700
0.3841,209643,-0.01074,0.02295,1.05127,-5.49300,-13.55000,15.25900
0.3933,209653,-0.02075,0.02295,1.04541,-4.70000,-13.67200,16.66300
0.4005,209663,-0.04907,0.01660,1.02734,-4.27200,-11.16900,16.35700
0.4097,209673,-0.06250,0.03076,1.03955,-2.99100,-10.80300,15.44200
0.4243,209683,-0.08960,0.02222,1.04712,-4.51700,-11.65800,15.25900
0.4243,209693,-0.09863,0.02808,1.07129,-3.23500,-13.36700,16.05200
0.4404,209703,-0.06909,0.02734,1.05151,-3.66200,-13.30600,14.28200
0.4430,209713,-0.05542,0.03027,1.05713,-3.90600,-14.22100,14.89300
0.4572,209723,-0.04370,0.03076,1.05054,-2.99100,-15.19800,15.38100
0.4685,209733,-0.01514,0.02002,1.06519,-4.02800,-14.52600,14.58700
0.4846,209743,-0.00952,0.00708,1.06592,-4.39500,-15.80800,16.17400
0.4908,209753,0.00269,0.02271,1.05103,-5.43200,-13.73300,14.64800
0.5007,209763,0.00122,0.01685,1.05737,-4.39500,-14.28200,15.62500
0.5167,209773,-0.02588,0.01245,1.04590,-4.02800,-13.06200,15.68600
0.5167,209783,-0.03711,0.03125,1.02856,-4.76100,-12.69500,15.25900
0.5398,209793,-0.05151,0.02441,1.04321,-2.86900,-12.57300,16.11300
0.5398,209803,-0.04370,0.02417,1.04541,-4.02800,-12.75600,16.11300
0.5436,209813,-0.04004,0.02173,1.05200,-3.96700,-13.00000,15.07600
0.5595,209823,-0.04224,0.02661,1.04126,-1.77000,-11.90200,14.89300
0.5886,209833,-0.02686,0.01538,1.05273,-5.37100,-13.79400,15.68600
0.5886,209843,-0.02979,0.00635,1.06787,-4.27200,-13.73300,15.38100
0.5902,209853,-0.02393,0.02026,1.05420,-3.29600,-14.34300,15.01500
0.6049,209863,-0.02612,0.00610,1.04858,-4.15000,-13.48900,15.13700
0.6074,209873,-0.02734,0.02466,1.04468,-3.29600,-13.55000,15.68600
0.6074,209883,-0.04224,0.00952,1.03955,-4.33300,-13.48900,15.25900
0.6293,209893,-0.05005,0.00952,1.03149,-3.11300,-14.03800,15.19800
0.6414,209903,-0.05249,0.02930,1.03467,-3.90600,-14.28200,15.86900
0.6414,209913,-0.06445,0.03174,1.04395,-3.90600,-14.52600,15.68600
0.6571,209923,-0.03564,0.01587,1.05981,-4.39500,-14.09900,15.25900
0.6571,209933,-0.04053,0.04102,1.06641,-4.08900,-14.09900,15.50300
0.6739,209943,-0.03613,0.02808,1.05078,-3.17400,-14.40400,15.13700
0.6905,209953,-0.02441,0.02173,1.04541,-4.45600,-14.95400,15.50300
0.6905,209963,-0.01685,0.02539,1.05493,-4.45600,-14.34300,14.70900
0.7091,209973,-0.00269,0.02832,1.04810,-4.45600,-14.95400,16.29600
0.7172,209983,-0.02173,0.02173,1.10059,-5.24900,-13.85500,14.77100
0.7328,209993,-0.04614,0.02197,1.01562,-4.33300,-13.30600,16.72400
0.7328,210003,-0.05103,0.00171,1.04077,-4.51700,-12.93900,16.72400
0.7489,210013,-0.04395,0.01782,1.04785,-3.84500,-12.14600,14.95400
0.7572,210023,-0.04883,0.03467,1.07227,-4.02800,-13.67200,15.56400
0.7572,210033,-0.05347,0.02124,1.06958,-4.39500,-13.30600,15.99100
0.7737,210043,-0.04492,0.02124,1.01294,-3.29600,-14.09900,16.29600
0.7927,210053,-0.02710,0.01855,1.02954,-3.54000,-13.91600,14.46500
0.8029,210063,-0.02539,0.01343,1.05591,-4.08900,-15.13700,15.86900
0.8086,210073,-0.01172,0.02417,1.05518,-4.08900,-14.95400,15.56400
0.8197,210083,-0.00757,0.03833,1.03760,-4.21100,-15.38100,15.62500
0.8271,210093,-0.01636,0.00610,1.05029,-3.78400,-13.55000,15.56400
0.8404,210103,-0.01465,0.02173,1.02710,-4.82200,-13.00000,15.56400
0.8404,210113,-0.04199,0.02051,1.05908,-4.39500,-13.30600,15.44200
0.8571,210123,-0.03369,0.03589,1.03516,-4.88300,-13.18400,15.80800
0.8738,210133,-0.03027,0.01172,1.03589,-3.60100,-13.12300,15.56400
0.8833,210143,-0.03418,0.00830,1.01562,-3.60100,-12.02400,15.07600
0.8951,210153,-0.03174,0.01318,1.01294,-5.00500,-12.57300,16.17400
0.9189,210163,-0.04883,0.03955,1.02930,-3.60100,-13.00000,15.44200
0.9189,210173,-0.03979,0.01782,1.03784,-3.90600,-14.03800,15.32000
0.9189,210183,-0.05078,0.01831,1.05444,-3.90600,-13.85500,14.83200
0.9275,210193,-0.02515,0.02173,1.05371,-4.08900,-14.09900,15.38100
0.9406,210203,-0.04224,0.01611,1.07080,-3.96700,-14.16000,15.50300
0.9421,210213,-0.02295,0.02100,1.06616,-4.02800,-13.48900,15.01500
0.9604,210223,-0.03369,0.02637,1.04199,-4.70000,-13.73300,15.56400
0.9604,210233,-0.04199,0.02148,1.02954,-3.60100,-12.93900,14.09900
0.9796,210243,-0.02783,0.02588,1.02246,-3.90600,-13.61100,14.77100
0.9913,210253,-0.02490,0.01489,1.03540,-3.84500,-13.61100,14.22100
0.9913,210263,-0.03345,0.01978,1.03418,-3.41800,-12.87800,14.83200
1.0071,210273,-0.02979,0.01562,1.05347,-4.82200,-13.67200,15.44200
1.0071,210283,-0.03052,0.02173,1.04907,-3.84500,-14.34300,16.35700
1.0278,210293,-0.03076,0.03076,1.05981,-3.11300,-14.46500,15.80800
1.0398,210303,-0.03442,0.03076,1.06250,-4.15000,-13.30600,14.89300
1.0405,210313,-0.02222,0.02466,1.07202,-3.90600,-13.85500,15.93000
1.0571,210323,-0.03735,0.02686,1.06177,-4.76100,-14.77100,15.80800
1.0737,210333,-0.03882,0.01123,1.05444,-4.51700,-13.48900,14.83200
1.1017,210343,-0.04468,0.02368,1.03955,-5.06600,-13.24500,16.17400
1.1017,210353,-0.04150,0.01880,1.04639,-4.45600,-13.91600,15.44200
1.1017,210363,-0.02539,0.02441,1.04346,-4.15000,-13.61100,15.01500
1.1094,210373,-0.03247,0.01660,1.04297,-4.15000,-13.97700,15.74700
1.1574,210383,-0.03979,0.02124,1.03882,-4.02800,-14.52600,16.54100
1.1590,210393,-0.02002,0.01807,1.04907,-3.60100,-13.36700,14.83200
1.1590,210403,-0.02881,0.00903,1.03296,-3.90600,-14.34300,16.47900
1.1590,210413,-0.03760,0.01685,1.05151,-2.99100,-13.18400,15.44200
1.1590,210423,-0.03882,0.01587,1.03345,-2.68600,-13.30600,15.68600
1.1798,210433,-0.03955,0.01514,1.05420,-4.57800,-14.03800,16.17400
1.1798,210443,-0.03418,0.01953,1.05518,-4.51700,-13.67200,15.74700
1.1929,210453,-0.02368,0.01636,1.07007,-4.39500,-14.52600,15.01500
1.1965,210463,-0.03394,0.01562,1.07300,-5.24900,-13.91600,15.56400
1.2094,210473,-0.03760,0.01953,1.04346,-5.61500,-14.09900,14.77100
1.2094,210483,-0.04785,0.02417,1.03711,-4.63900,-13.79400,15.50300
1.2366,210493,-0.03711,0.01538,1.04712,-4.08900,-14.22100,16.11300
1.2366,210503,-0.02759,0.00317,1.04053,-2.93000,-13.97700,16.05200
1.2688,210513,-0.04883,0.01416,1.00928,-3.72300,-13.91600,15.50300
1.2688,210523,-0.00928,0.03125,1.03394,-3.17400,-13.85500,14.95400
1.2688,210533,-0.04370,0.05151,1.02588,-3.23500,-13.06200,15.13700
1.2931,210543,-0.03198,0.01440,1.07349,-3.96700,-13.48900,14.52600
1.2931,210553,-0.04077,0.02954,1.05103,-4.21100,-14.09900,15.32000
1.3007,210563,-0.02002,0.01855,1.05249,-3.54000,-14.22100,16.05200
1.3261,210573,-0.04736,0.01416,1.05444,-5.37100,-13.42800,16.11300
1.3261,210583,-0.03101,0.02026,1.05054,-4.88300,-13.79400,16.05200
1.3261,210593,-0.04004,0.02295,1.04346,-4.02800,-13.97700,16.47900
1.3406,210603,-0.03174,0.01440,1.05859,-4.33300,-14.40400,16.23500
1.3486,210613,-0.06445,0.02148,1.04395,-4.45600,-13.85500,14.22100
1.3559,210623,-0.02173,0.02222,1.04541,-3.96700,-14.83200,15.07600
1.3697,210633,-0.04297,0.02490,1.03320,-5.24900,-14.52600,15.80800
1.3786,210643,-0.00806,0.01685,1.05908,-3.66200,-13.55000,15.19800
1.3882,210653,-0.05835,0.02832,1.04419,-3.96700,-13.55000,15.38100
1.3948,210663,-0.02295,-0.00073,1.05566,-4.63900,-13.85500,14.83200
1.4170,210673,-0.02344,0.02148,1.03662,-2.56300,-13.06200,14.89300
1.4170,210683,-0.02808,0.02954,1.04102,-3.17400,-13.73300,14.77100
1.4283,210693,-0.03076,0.01953,1.03735,-4.08900,-12.63400,15.50300
1.4435,210703,-0.03857,0.01929,1.04468,-4.45600,-13.12300,15.62500
1.4477,210713,-0.03442,0.03125,1.04102,-4.33300,-12.93900,15.99100
1.4585,210723,-0.04150,0.00903,1.03442,-4.63900,-12.63400,14.40400
1.4683,210733,-0.05176,0.02417,1.03564,-4.33300,-13.18400,15.68600
1.4768,210743,-0.07056,0.02539,1.04590,-3.17400,-13.91600,15.56400
1.4884,210753,-0.05298,0.02271,1.03760,-4.39500,-13.36700,14.40400
1.4931,210763,-0.03906,0.01123,1.05151,-3.66200,-14.77100,15.62500
1.5084,210773,-0.05103,0.03198,1.05884,-4.82200,-14.83200,14.95400
1.5084,210783,-0.02515,0.00439,1.06177,-3.23500,-15.25900,15.13700
1.5248,210793,-0.03857,0.01880,1.04834,-4.70000,-14.09900,15.44200
1.5361,210803,-0.02344,0.00366,1.05713,-3.54000,-13.97700,15.07600
1.5361,210813,-0.01587,0.01733,1.05225,-4.08900,-14.70900,16.17400
1.5557,210823,-0.00391,0.02686,1.04297,-3.60100,-14.03800,16.29600
1.5678,210833,-0.00781,0.03516,1.04224,-5.06600,-13.91600,16.84600
1.5751,210843,-0.02588,0.00977,1.04517,-4.39500,-13.55000,16.29600
1.5870,210853,-0.03442,0.02246,1.03369,-3.72300,-12.51200,15.80800
1.5947,210863,-0.04468,0.03174,1.03833,-3.60100,-12.69500,16.35700
1.6082,210873,-0.04858,0.01221,1.05298,-3.96700,-13.36700,15.99100
1.6161,210883,-0.03809,0.01782,1.04761,-4.39500,-13.12300,15.86900
1.6161,210893,-0.04297,0.01685,1.03784,-4.88300,-12.39000,15.07600
1.6336,210903,-0.04663,0.03003,1.03687,-4.39500,-13.18400,16.35700
1.6476,210913,-0.04346,0.03149,1.06152,-3.96700,-13.73300,15.62500
1.6562,210923,-0.04956,0.01221,1.03052,-4.27200,-14.03800,15.44200
1.6639,210933,-0.04199,0.01270,1.04810,-4.39500,-13.79400,15.80800
1.6800,210943,-0.04492,0.01001,1.04175,-4.21100,-14.83200,15.56400
1.6800,210953,-0.04761,0.00317,1.05298,-3.90600,-13.12300,15.13700
1.7022,210963,-0.03711,0.01367,1.05542,-3.96700,-14.40400,15.80800
1.7133,210973,-0.02319,0.03589,1.03540,-4.02800,-13.61100,14.89300
1.7133,210983,-0.05933,0.02051,1.04102,-3.11300,-13.91600,15.74700
1.7281,210993,-0.01782,0.01270,1.05591,-5.43200,-13.79400,14.58700
1.7281,211003,-0.01416,0.02490,1.04297,-4.27200,-13.61100,14.52600
1.7441,211013,-0.02734,0.01660,1.04028,-2.19700,-14.09900,15.07600
1.7564,211023,-0.02344,0.01611,1.04224,-4.45600,-14.09900,15.68600
1.7599,211033,-0.02490,0.02148,1.05835,-3.17400,-13.24500,14.64800
1.7758,211043,-0.01123,0.02661,1.06030,-4.15000,-14.40400,15.99100
1.7758,211053,-0.02466,0.03174,1.04663,-4.45600,-13.12300,15.32000
1.7988,211063,-0.03101,0.03467,1.05420,-4.45600,-13.30600,15.50300
1.8105,211073,-0.01978,0.01074,1.05933,-4.33300,-12.87800,15.32000
1.8248,211083,-0.03540,0.01245,1.02808,-4.39500,-12.81700,16.41800
1.8248,211093,-0.03442,0.03003,1.03613,-3.90600,-12.63400,15.74700
1.8405,211103,-0.04907,0.01538,1.04053,-4.45600,-13.36700,16.78500
1.8567,211113,-0.04224,0.02100,1.03613,-4.08900,-14.52600,15.68600
1.8567,211123,-0.05127,0.02661,1.03906,-3.05200,-13.97700,15.56400
1.8713,211133,-0.05688,0.02026,1.04614,-3.78400,-14.16000,15.68600
1.8713,211143,-0.04639,0.02271,1.07178,-4.02800,-14.09900,16.05200
1.8883,211153,-0.03418,0.02759,1.05420,-3.66200,-14.40400,15.68600
1.9029,211163,-0.04590,0.02783,1.04736,-4.27200,-14.28200,15.50300
1.9097,211173,-0.01904,0.03467,1.04565,-4.57800,-14.40400,15.68600
1.9283,211183,-0.01392,0.03149,1.04761,-4.21100,-14.46500,14.89300
1.9283,211193,-0.01050,0.01953,1.04810,-3.96700,-13.85500,15.44200
1.9452,211203,-0.02124,0.01538,1.02466,-3.23500,-14.34300,16.78500
1.9452,211213,-0.01587,0.01978,1.06079,-4.27200,-13.79400,16.41800
1.9570,211223,-0.02002,0.03394,1.05078,-4.70000,-13.79400,16.35700
1.9666,211233,-0.03760,0.01514,1.05078,-4.02800,-12.69500,15.44200
1.9666,211243,-0.04053,0.01611,1.04028,-3.96700,-12.39000,15.32000
1.9825,211253,-0.04443,0.01099,1.03735,-4.21100,-13.36700,16.05200
1.9985,211263,-0.04712,0.01685,1.04492,-4.21100,-13.36700,15.56400
2.0027,211273,-0.04785,0.02246,1.04956,-3.66200,-13.73300,14.95400
2.0162,211283,-0.04419,0.03052,1.02759,-3.72300,-13.67200,15.80800
2.0310,211293,-0.05640,0.02856,1.05444,-3.47900,-13.42800,15.19800
2.0310,211303,-0.03271,0.02637,1.03638,-4.02800,-13.85500,15.62500
2.0481,211313,-0.04956,-0.00024,1.05176,-3.96700,-13.67200,15.86900
2.0574,211323,-0.03857,0.02686,1.04028,-3.78400,-13.36700,14.95400
2.0768,211333,-0.05542,0.01807,1.05444,-3.72300,-14.46500,15.50300
2.0788,211343,-0.02612,0.01294,1.05249,-4.15000,-14.16000,15.32000
2.0788,211353,-0.02197,0.02588,1.03955,-4.57800,-14.58700,15.56400
2.0949,211363,-0.04639,0.01245,1.04663,-4.02800,-14.16000,15.62500
2.1088,211373,-0.03784,0.02002,1.02563,-3.72300,-14.16000,15.32000
2.1128,211383,-0.01978,0.02661,1.05884,-3.54000,-14.40400,16.41800
2.1261,211393,-0.02490,0.01538,1.04248,-4.02800,-14.34300,15.68600
2.1421,211403,-0.03125,0.02661,1.05957,-4.21100,-14.22100,15.32000
2.1421,211413,-0.02808,0.02856,1.04077,-3.84500,-14.22100,15.62500
2.1588,211423,-0.03174,0.01831,1.06030,-3.90600,-12.87800,15.19800
2.1683,211433,-0.01538,0.03418,1.05225,-4.70000,-13.67200,15.93000
2.1766,211443,-0.04346,0.02368,1.04370,-4.08900,-13.00000,14.64800
2.1892,211453,-0.02686,0.01978,1.02930,-4.15000,-14.58700,16.47900
2.1892,211463,-0.04272,0.01245,1.03247,-3.96700,-13.55000,15.80800
2.2370,211506,-0.04858,0.02295,1.05591,-3.29600,-14.16000,15.93000
2.2370,211507,-0.02393,0.01636,1.04565,-3.66200,-14.16000,16.17400
2.2370,211508,-0.02393,0.01636,1.04565,-3.66200,-14.16000,16.17400
2.2370,211510,-0.02393,0.01636,1.04565,-3.66200,-14.16000,16.17400
2.2370,211513,-0.03320,0.01978,1.05884,-3.90600,-14.77100,15.99100
2.2577,211523,-0.02319,0.03003,1.03149,-4.27200,-14.70900,16.54100
2.2689,211533,-0.03979,0.01758,1.05127,-4.33300,-14.40400,16.29600
2.2821,211543,-0.03198,0.02686,1.04492,-4.15000,-13.61100,15.32000
2.2904,211553,-0.02783,0.01221,1.04077,-3.72300,-14.83200,15.99100
2.2904,211563,-0.01367,0.00830,1.04346,-4.27200,-14.28200,15.44200
2.3004,211573,-0.02271,0.00781,1.04663,-4.21100,-13.55000,14.95400
2.3160,211583,-0.03271,0.02271,1.04980,-3.72300,-14.22100,16.05200
2.3206,211593,-0.04272,0.02222,1.05566,-3.78400,-13.91600,15.50300
2.3322,211603,-0.02222,0.01953,1.03735,-4.51700,-13.30600,15.62500
2.3483,211613,-0.04395,0.00854,1.04468,-4.33300,-13.91600,15.07600
2.3580,211623,-0.04126,0.01733,1.04199,-4.02800,-13.48900,14.95400
2.3645,211633,-0.02734,0.02539,1.03076,-3.66200,-12.39000,13.97700
2.3645,211643,-0.04517,0.02490,1.03003,-3.90600,-13.67200,16.05200
2.3806,211653,-0.03174,0.00903,1.04517,-3.17400,-14.40400,15.56400
2.3989,211663,-0.03247,0.02515,1.07227,-4.33300,-14.09900,15.13700
2.4084,211673,-0.04102,0.01245,1.05737,-3.78400,-14.40400,16.66300
2.4160,211683,-0.04028,0.02026,1.06201,-4.27200,-14.46500,16.72400
2.4304,211693,-0.03955,0.01709,1.04541,-4.27200,-14.03800,16.41800
2.4304,211703,-0.02905,0.02319,1.04321,-4.27200,-14.09900,15.99100
2.4469,211713,-0.02930,0.00757,1.03857,-4.15000,-13.85500,15.56400
2.4582,211723,-0.02002,0.01831,1.02344,-3.72300,-12.93900,15.19800
2.4605,211733,-0.01343,0.02930,1.02515,-3.60100,-13.73300,15.38100
2.4777,211743,-0.02002,0.01514,1.02100,-4.39500,-14.34300,16.05200
2.4777,211753,-0.01685,0.02539,1.03320,-4.51700,-13.79400,16.17400
2.4923,211763,-0.03174,0.02466,1.05225,-4.08900,-14.22100,15.99100
2.5081,211773,-0.03442,0.01660,1.05493,-3.78400,-13.85500,14.95400
2.5196,211783,-0.04541,0.01489,1.05591,-4.15000,-13.91600,15.19800
2.5429,211793,-0.04224,0.02979,1.04761,-4.33300,-13.67200,14.77100
2.5429,211803,-0.03955,0.02881,1.05396,-3.60100,-13.30600,14.40400
2.5429,211813,-0.03784,0.00708,1.04980,-4.45600,-14.46500,15.93000
2.5581,211823,-0.03174,0.00781,1.05322,-4.15000,-13.06200,15.74700
2.5581,211833,-0.04590,0.03296,1.05054,-4.21100,-14.95400,15.62500
2.5756,211843,-0.03247,0.01147,1.04688,-3.66200,-14.03800,15.50300
2.5876,211853,-0.03271,0.01709,1.05005,-4.51700,-14.46500,16.11300
2.5876,211863,-0.04785,0.02100,1.04443,-3.90600,-13.79400,16.11300
2.6038,211873,-0.02783,0.02563,1.03735,-4.33300,-13.85500,15.56400
2.6216,211883,-0.03369,0.00708,1.04224,-3.72300,-13.12300,14.70900
2.6362,211893,-0.03198,0.02051,1.04126,-3.54000,-13.42800,15.74700
2.6370,211903,-0.02490,0.01807,1.04492,-3.66200,-13.42800,14.52600
2.6471,211913,-0.04175,0.01489,1.05322,-4.63900,-14.03800,14.77100
2.6580,211923,-0.03125,0.01685,1.05322,-3.96700,-14.40400,15.44200
2.6685,211933,-0.03394,0.02026,1.05151,-3.05200,-13.48900,15.01500
2.6685,211943,-0.04150,0.03467,1.04395,-3.84500,-13.61100,15.32000
2.6846,211953,-0.03442,0.02539,1.05908,-4.57800,-13.42800,15.19800
2.6846,211963,-0.03906,0.03027,1.04834,-4.21100,-14.77100,16.78500
2.7007,211973,-0.03564,0.02417,1.03345,-4.39500,-14.16000,15.68600
2.7176,211983,-0.03491,0.02051,1.03174,-4.45600,-13.79400,15.25900
2.7176,211993,-0.03687,0.01978,1.04395,-3.41800,-14.95400,16.11300
2.7331,212003,-0.02832,0.01562,1.04663,-4.57800,-13.61100,15.99100
2.7511,212013,-0.05225,0.01025,1.02563,-4.39500,-14.09900,16.17400
2.7601,212023,-0.02075,0.00928,1.05444,-3.05200,-13.97700,15.25900
2.8124,212033,-0.03271,0.03467,1.06592,-3.60100,-13.91600,15.25900
2.8124,212043,-0.02173,0.02100,1.06201,-4.08900,-15.13700,16.84600
2.8124,212053,-0.03320,0.02368,1.05908,-4.21100,-13.18400,15.50300
2.8124,212063,-0.03101,0.02319,1.05078,-4.70000,-13.61100,14.89300
2.8124,212073,-0.04297,0.01294,1.04932,-4.76100,-14.03800,15.62500
2.8124,212083,-0.04175,0.01440,1.04419,-4.57800,-13.67200,16.05200
2.8286,212093,-0.03174,0.01270,1.04663,-5.24900,-13.97700,14.95400
2.8286,212103,-0.03003,0.02197,1.03735,-3.41800,-13.97700,15.56400
2.8445,212113,-0.02686,0.02295,1.03125,-3.60100,-13.79400,15.13700
2.8603,212123,-0.02979,0.02954,1.04175,-4.02800,-14.03800,15.13700
2.8603,212133,-0.04517,0.02856,1.05762,-3.35700,-14.28200,15.32000
2.8781,212143,-0.02539,0.02319,1.05127,-3.78400,-13.55000,14.95400
2.8781,212153,-0.04370,0.01367,1.06860,-3.05200,-13.18400,14.70900
2.8916,212163,-0.02637,0.00879,1.04248,-4.02800,-13.61100,15.38100
2.9092,212173,-0.02930,0.02417,1.05054,-4.82200,-13.24500,16.72400
2.9128,212183,-0.03540,0.02051,1.04810,-4.02800,-13.18400,15.38100
2.9396,212193,-0.04028,0.03198,1.03296,-4.63900,-13.48900,15.44200
2.9396,212203,-0.04932,0.01758,1.04712,-4.08900,-13.67200,15.62500
2.9396,212213,-0.03931,0.02295,1.05078,-3.90600,-13.24500,15.50300
2.9582,212223,-0.03516,0.01611,1.05566,-4.94400,-13.97700,15.44200
2.9582,212233,-0.02783,0.01221,1.03296,-4.45600,-13.55000,14.52600
2.9737,212243,-0.02881,0.01855,1.03345,-4.33300,-14.22100,15.50300
2.9878,212253,-0.01733,0.03931,1.04053,-4.39500,-14.16000,15.07600
2.9945,212263,-0.02979,0.02002,1.03955,-3.72300,-14.28200,15.68600
3.0033,212273,-0.03906,0.02173,1.03882,-3.84500,-13.42800,14.95400
3.0192,212283,-0.02246,0.02588,1.06348,-3.84500,-15.19800,15.80800
3.0192,212293,-0.02588,0.01050,1.05737,-4.08900,-13.67200,15.86900
3.0454,212303,-0.03345,0.01538,1.06421,-3.90600,-13.06200,14.58700
3.0454,212313,-0.04321,0.02344,1.06567,-4.82200,-13.79400,15.80800
3.0581,212323,-0.03613,0.01611,1.06543,-4.70000,-14.28200,15.80800
3.0685,212333,-0.02808,0.02734,1.04590,-4.51700,-13.97700,15.80800
3.0774,212343,-0.04541,0.01855,1.02710,-3.66200,-14.28200,15.99100
3.0854,212353,-0.01978,0.02051,1.03418,-3.78400,-13.79400,15.80800
3.0919,212363,-0.04346,0.00928,1.03711,-4.39500,-14.77100,16.29600
3.1216,212373,-0.02368,0.02002,1.05078,-3.72300,-13.61100,15.50300
3.1216,212383,-0.04419,0.01831,1.04883,-3.41800,-14.64800,16.60200
3.1490,212393,-0.03735,0.02563,1.05347,-3.47900,-13.55000,15.01500
3.1490,212403,-0.01855,0.02686,1.04004,-4.27200,-13.48900,15.38100
3.1490,212413,-0.02783,0.02783,1.04590,-4.15000,-14.46500,16.54100
3.1651,212423,-0.04199,0.00708,1.06372,-4.33300,-12.81700,15.13700
3.1651,212433,-0.02148,0.00684,1.04272,-5.18800,-13.97700,15.56400
3.1816,212443,-0.03027,0.02319,1.04395,-4.15000,-12.75600,14.22100
3.1816,212453,-0.03467,0.02100,1.04370,-4.21100,-14.03800,14.89300
3.1976,212463,-0.04004,0.02710,1.03687,-3.60100,-13.48900,15.44200
3.2133,212473,-0.04199,0.01685,1.04565,-3.96700,-13.91600,14.64800
3.2133,212483,-0.04199,0.01050,1.04077,-4.51700,-13.97700,16.23500
3.2607,212493,-0.02051,0.03369,1.04712,-3.90600,-12.81700,14.46500
3.2765,212503,-0.03052,0.02808,1.05176,-3.78400,-14.40400,15.19800
3.2765,212513,-0.04150,0.01953,1.05420,-4.21100,-14.52600,15.38100
3.2765,212523,-0.03369,0.01489,1.06055,-4.08900,-13.67200,15.13700
3.2765,212533,-0.03540,0.02246,1.04395,-3.84500,-14.16000,16.29600
3.2765,212543,-0.03906,0.02295,1.05298,-4.39500,-13.79400,15.99100
3.2765,212553,-0.03906,0.02344,1.05054,-4.21100,-12.87800,15.32000
3.2927,212563,-0.05566,0.02490,1.05737,-4.63900,-13.85500,15.99100
3.3246,212573,-0.03857,0.01587,1.04590,-3.72300,-13.79400,14.77100
3.4052,212583,-0.04028,0.02759,1.04663,-4.88300,-14.83200,16.17400
3.4052,212593,-0.04346,0.01611,1.04395,-3.41800,-14.16000,14.95400
3.4052,212603,-0.03687,0.02417,1.02930,-4.33300,-13.55000,15.07600
3.4052,212613,-0.03638,0.02612,1.03296,-4.51700,-14.83200,16.17400
3.4052,212623,-0.02051,0.01172,1.04565,-3.05200,-14.03800,15.19800
3.4052,212633,-0.03809,0.02148,1.04712,-3.60100,-13.85500,15.25900
3.4052,212643,-0.03760,0.00195,1.04980,-3.66200,-13.79400,15.93000
3.4052,212653,-0.03955,0.02051,1.05151,-3.90600,-13.24500,14.46500
3.4052,212663,-0.04834,0.01489,1.05151,-3.60100,-13.36700,14.64800
3.4211,212673,-0.03418,0.02734,1.05664,-3.72300,-15.07600,15.99100
3.4211,212683,-0.03833,0.01440,1.04053,-3.96700,-13.61100,15.38100
3.4211,212693,-0.03418,0.01343,1.05054,-4.63900,-14.16000,15.01500
3.4391,212703,-0.04004,0.01367,1.04468,-4.15000,-14.22100,15.74700
3.4536,212713,-0.03662,0.02856,1.05054,-4.21100,-13.42800,14.70900
3.4699,212723,-0.04077,0.03418,1.05542,-4.02800,-13.48900,15.13700
3.4699,212733,-0.02319,0.01270,1.03540,-3.41800,-13.18400,15.44200
3.4699,212743,-0.03174,0.01758,1.04248,-3.90600,-14.16000,16.35700
3.4861,212753,-0.02661,0.02832,1.05444,-4.21100,-13.42800,15.25900
3.4861,212763,-0.03809,0.00415,1.05566,-3.47900,-13.91600,15.62500
3.5039,212773,-0.04102,0.01050,1.05054,-3.11300,-13.48900,15.07600
3.5180,212783,-0.02856,0.03027,1.05200,-3.84500,-13.91600,15.38100
3.5589,212793,-0.03198,0.01636,1.04053,-3.90600,-13.06200,14.58700
3.5589,212803,-0.04297,0.01343,1.05273,-4.33300,-13.36700,15.01500
3.5602,212813,-0.03613,0.02490,1.05322,-4.15000,-13.18400,14.77100
3.5602,212823,-0.03564,0.02197,1.04370,-4.15000,-13.97700,16.66300
3.5768,212833,-0.03369,0.02417,1.05005,-5.67600,-14.09900,15.56400
3.5768,212843,-0.02612,0.02515,1.03271,-4.94400,-14.22100,16.05200
3.5816,212853,-0.03442,0.02417,1.03345,-3.84500,-14.34300,15.62500
3.6005,212863,-0.02710,0.01318,1.04565,-3.90600,-13.91600,16.05200
3.6083,212873,-0.04053,0.01318,1.04028,-3.41800,-13.42800,14.77100
3.6223,212883,-0.03223,0.02856,1.04980,-4.33300,-13.48900,14.89300
3.6344,212893,-0.02979,0.01050,1.04175,-3.84500,-14.09900,15.62500
3.6387,212903,-0.03296,0.01758,1.04785,-3.05200,-14.09900,15.32000
3.6482,212913,-0.03076,0.03174,1.04834,-4.08900,-13.73300,15.86900
3.6675,212923,-0.02710,0.02930,1.04810,-3.47900,-13.67200,15.50300
3.6740,212933,-0.02783,0.01416,1.04077,-3.90600,-14.58700,15.56400
3.6801,212943,-0.04761,0.01074,1.03442,-4.15000,-13.79400,14.28200
3.6954,212953,-0.03174,0.02148,1.04224,-4.70000,-13.85500,14.95400
3.7016,212963,-0.03809,0.02393,1.03857,-4.33300,-13.79400,15.13700
3.7087,212973,-0.03418,0.01587,1.05371,-4.08900,-12.75600,15.13700
3.7218,212983,-0.02539,0.02686,1.04395,-4.21100,-13.42800,15.62500
3.7218,212993,-0.02661,0.02295,1.03711,-4.39500,-13.67200,15.80800
3.7392,213003,-0.03662,0.02002,1.04810,-3.66200,-13.42800,15.07600
3.7473,213013,-0.03125,0.02271,1.05591,-3.84500,-14.34300,16.41800
3.7593,213023,-0.03613,0.01929,1.04199,-4.15000,-12.69500,14.46500
3.7687,213033,-0.03540,0.02710,1.04370,-3.60100,-13.55000,15.80800
3.7687,213043,-0.04346,0.03613,1.05371,-4.21100,-13.36700,15.07600
3.7853,213053,-0.03296,0.01953,1.04785,-3.66200,-13.61100,15.93000
3.8006,213063,-0.05371,0.02856,1.05347,-4.21100,-13.48900,15.13700
3.8108,213073,-0.05054,0.00952,1.04761,-3.84500,-12.81700,14.34300
3.8170,213083,-0.02930,0.02661,1.03882,-4.21100,-13.73300,15.38100
3.8170,213093,-0.02271,0.02075,1.02490,-4.27200,-13.97700,16.11300
3.8316,213103,-0.02515,0.01880,1.04517,-4.70000,-13.73300,15.62500
3.8477,213113,-0.03833,0.02100,1.02515,-4.02800,-14.09900,15.38100
3.8660,213123,-0.02124,0.02393,1.04736,-4.02800,-13.06200,15.62500
3.8660,213133,-0.03760,0.02051,1.05566,-4.21100,-14.03800,15.93000
3.8795,213143,-0.03003,0.01685,1.04639,-4.70000,-13.91600,15.32000
3.8812,213153,-0.03735,0.03247,1.05103,-4.45600,-13.85500,15.99100
3.8957,213163,-0.04175,0.00928,1.04370,-3.41800,-14.09900,16.54100
3.8957,213173,-0.05786,0.02148,1.05225,-3.90600,-13.91600,16.35700
3.9180,213183,-0.02539,0.01465,1.02661,-4.21100,-13.36700,15.13700
3.9294,213193,-0.03857,0.01514,1.03687,-3.90600,-13.61100,15.07600
3.9294,213203,-0.02930,0.02905,1.03955,-3.78400,-13.67200,15.74700
3.9441,213213,-0.01489,0.02466,1.04395,-4.08900,-13.85500,15.62500
3.9595,213223,-0.04150,0.00562,1.04443,-4.21100,-13.48900,15.38100
3.9595,213233,-0.03687,0.02148,1.04834,-4.08900,-14.58700,15.50300
3.9756,213243,-0.04272,0.02930,1.03882,-4.27200,-13.42800,15.13700
3.9917,213253,-0.03345,0.03345,1.03613,-3.90600,-13.91600,15.74700
3.9917,213263,-0.03931,0.01807,1.05493,-3.84500,-13.79400,15.38100
4.0094,213273,-0.03101,0.02832,1.03418,-4.27200,-13.85500,15.56400
4.0233,213283,-0.03784,0.02393,1.03906,-4.82200,-14.09900,15.19800
4.0233,213293,-0.03931,0.01147,1.06079,-4.08900,-13.91600,15.68600
4.0391,213303,-0.04614,0.01880,1.04102,-4.15000,-14.16000,15.01500
4.0391,213313,-0.03125,0.01953,1.05029,-4.33300,-13.36700,14.95400
4.0596,213323,-0.03125,0.01050,1.06226,-3.78400,-13.79400,15.19800
4.0717,213333,-0.04224,0.01025,1.04785,-3.60100,-14.09900,15.13700
4.0782,213343,-0.03857,0.01880,1.05176,-4.39500,-14.22100,15.86900
4.0878,213353,-0.02734,0.01953,1.04419,-4.02800,-13.36700,14.77100
4.0878,213363,-0.02930,0.01221,1.05273,-4.02800,-14.46500,15.80800
4.1075,213373,-0.03491,0.03687,1.05664,-3.11300,-13.85500,14.89300
4.1199,213383,-0.02588,0.00928,1.05054,-3.11300,-12.57300,14.34300
4.1282,213393,-0.03320,0.01685,1.04248,-3.96700,-13.91600,15.44200
4.1363,213403,-0.03540,0.03589,1.05591,-4.02800,-13.18400,14.83200
4.1363,213413,-0.02441,0.02051,1.05225,-4.76100,-13.73300,15.80800
4.1599,213423,-0.04175,0.01685,1.05615,-4.39500,-14.70900,16.11300
4.1683,213433,-0.04150,0.02612,1.04321,-3.96700,-13.00000,15.38100
4.1843,213443,-0.03564,0.02954,1.04590,-4.39500,-14.22100,15.93000
4.1883,213453,-0.03027,0.01904,1.05029,-4.33300,-13.91600,15.13700
4.2160,213463,-0.02100,0.02588,1.03198,-4.45600,-13.67200,14.28200
4.2322,213506,-0.02734,0.01831,1.04126,-3.72300,-14.70900,15.74700
4.2322,213508,-0.02734,0.01831,1.04126,-3.72300,-14.70900,15.74700
4.2322,213509,-0.02734,0.01831,1.04126,-3.72300,-14.70900,15.74700
4.2322,213511,-0.02734,0.01831,1.04126,-3.72300,-14.70900,15.74700
4.2479,213513,-0.01953,0.01758,1.04468,-3.60100,-14.09900,15.68600
4.2603,213523,-0.03687,0.01294,1.05737,-3.78400,-13.85500,15.25900
4.2652,213533,-0.04370,0.02002,1.02979,-3.90600,-13.67200,14.95400
4.2807,213543,-0.03247,0.01953,1.03662,-4.39500,-13.00000,15.19800
4.2807,213553,-0.01807,0.04761,1.04346,-4.02800,-14.34300,16.41800
4.3010,213563,-0.02441,0.02173,1.04907,-3.60100,-13.67200,15.19800
4.3074,213573,-0.03198,0.03174,1.04614,-4.27200,-14.09900,16.17400
4.3130,213583,-0.02734,0.01465,1.04272,-4.45600,-14.40400,14.89300
4.3288,213593,-0.02563,0.01904,1.03809,-3.78400,-13.97700,14.70900
4.3288,213603,-0.02563,0.01465,1.03296,-4.33300,-14.34300,16.60200
4.3449,213613,-0.03003,0.02222,1.04932,-4.21100,-13.85500,16.05200
4.3449,213623,-0.01855,0.03564,1.04834,-3.78400,-12.57300,14.89300
4.3764,213633,-0.03979,0.02222,1.04810,-3.72300,-13.85500,15.62500
4.3764,213643,-0.03442,0.02002,1.04248,-4.51700,-13.48900,14.52600
4.3927,213653,-0.02832,0.01758,1.04297,-4.02800,-14.40400,15.56400
4.3927,213663,-0.04102,0.01343,1.05518,-3.90600,-13.55000,13.79400
4.4085,213673,-0.02026,0.02417,1.05127,-4.27200,-14.03800,16.11300
4.4160,213683,-0.03174,0.02002,1.04419,-4.57800,-13.36700,13.73300
4.4243,213693,-0.03613,0.02881,1.04272,-4.21100,-13.73300,14.95400
4.4413,213703,-0.03101,0.01123,1.04224,-3.41800,-13.97700,15.32000
4.4413,213713,-0.04102,0.02002,1.03638,-3.90600,-14.03800,15.32000
4.4561,213723,-0.03101,0.03687,1.04077,-4.33300,-12.87800,14.77100
4.4607,213733,-0.03784,0.02051,1.04736,-4.33300,-13.73300,16.29600
4.4718,213743,-0.03369,0.01489,1.03979,-4.15000,-14.09900,15.80800
4.4893,213753,-0.02930,0.01685,1.05176,-3.78400,-13.18400,14.28200
4.4893,213763,-0.04932,0.02222,1.04248,-3.60100,-12.75600,15.74700
4.5076,213773,-0.03101,0.02856,1.03784,-3.66200,-13.85500,15.07600
4.5207,213783,-0.02393,0.01392,1.04248,-4.08900,-13.36700,15.19800
4.5335,213793,-0.03564,0.01001,1.04932,-4.45600,-14.03800,15.50300
4.5365,213803,-0.03198,0.01245,1.04297,-3.47900,-12.63400,15.07600
4.5365,213813,-0.04224,0.01904,1.03955,-4.39500,-13.67200,15.25900
4.5555,213823,-0.03711,0.01880,1.04761,-4.63900,-13.91600,15.86900
4.5852,213833,-0.02905,0.02295,1.03540,-4.33300,-13.67200,15.56400
4.5852,213843,-0.04297,0.02222,1.04321,-4.70000,-13.12300,14.34300
4.5852,213853,-0.04102,0.01953,1.04785,-3.84500,-13.61100,15.32000
4.5852,213863,-0.04102,0.02588,1.06006,-3.84500,-13.97700,15.56400
4.6013,213873,-0.04077,0.01514,1.04761,-3.60100,-13.61100,15.56400
4.6174,213883,-0.03174,0.01367,1.05591,-3.90600,-14.16000,15.74700
4.6293,213893,-0.02539,0.02295,1.04932,-2.80800,-13.85500,15.07600
4.6333,213903,-0.04736,0.02222,1.05054,-4.27200,-14.40400,16.29600
4.6485,213913,-0.05151,0.01514,1.05615,-3.78400,-14.52600,16.11300
4.6571,213923,-0.02026,0.02515,1.02979,-3.54000,-13.48900,15.07600
4.6641,213933,-0.03833,0.01880,1.04761,-3.72300,-14.40400,15.01500
4.6807,213943,-0.03174,0.02393,1.04956,-3.72300,-14.03800,15.93000
4.6807,213953,-0.02686,0.02344,1.05249,-4.15000,-13.42800,15.13700
4.6971,213963,-0.01929,0.02271,1.04907,-4.39500,-13.67200,16.41800
4.6971,213973,-0.03906,0.03247,1.04321,-3.72300,-13.91600,15.50300
4.7187,213983,-0.03394,0.01465,1.04224,-4.76100,-14.03800,16.35700
4.7298,213993,-0.03418,0.00659,1.04224,-4.02800,-14.22100,15.80800
4.7321,214003,-0.02319,0.01416,1.04834,-4.57800,-14.34300,15.50300
4.7476,214013,-0.03296,0.00732,1.04956,-3.72300,-13.73300,13.85500
4.7476,214023,-0.03809,0.03174,1.05371,-3.60100,-14.03800,15.01500
4.7667,214033,-0.03662,0.02466,1.03589,-4.63900,-14.22100,15.93000
4.8108,214043,-0.01514,0.04053,1.03931,-4.33300,-13.48900,14.64800
4.8108,214053,-0.02588,0.01538,1.05933,-4.57800,-13.91600,14.64800
4.8108,214063,-0.05151,0.02368,1.04663,-4.08900,-13.12300,14.28200
4.8108,214073,-0.02002,0.01074,1.04736,-3.78400,-14.58700,16.29600
4.8108,214083,-0.03638,0.03149,1.04004,-3.66200,-13.55000,15.62500
4.8254,214093,-0.03857,0.01099,1.05493,-4.70000,-13.79400,15.80800
4.8330,214103,-0.04688,0.03394,1.02637,-3.23500,-14.03800,14.89300
4.8410,214113,-0.03955,0.01758,1.04541,-3.60100,-13.42800,15.50300
4.8617,214123,-0.04346,0.02490,1.05713,-4.15000,-13.55000,15.07600
4.8617,214133,-0.03833,0.02222,1.04834,-4.21100,-13.24500,14.46500
4.8743,214143,-0.04980,0.01025,1.06812,-3.60100,-13.79400,15.62500
4.9051,214153,-0.02661,0.01709,1.05298,-4.15000,-13.61100,14.70900
4.9051,214163,-0.03564,0.02979,1.04663,-4.45600,-13.61100,16.11300
4.9099,214173,-0.04810,0.01660,1.04004,-3.54000,-13.97700,15.68600
4.9135,214183,-0.03516,0.01465,1.04102,-4.08900,-14.34300,16.11300
4.9301,214193,-0.03491,0.01953,1.03955,-3.72300,-14.34300,15.86900
4.9372,214203,-0.04688,0.02466,1.04688,-4.57800,-13.91600,15.07600
4.9372,214213,-0.02930,0.02148,1.04810,-3.78400,-13.48900,15.38100
4.9532,214223,-0.02563,0.01855,1.04126,-3.96700,-13.48900,16.05200
4.9690,214233,-0.03638,0.02563,1.04712,-4.21100,-13.48900,14.46500
4.9699,214243,-0.04395,0.02222,1.04932,-4.82200,-14.95400,16.66300
4.9920,214253,-0.02979,0.01050,1.06128,-4.45600,-14.22100,15.13700
5.0006,214263,-0.03711,0.02026,1.05273,-3.78400,-13.48900,15.38100
5.0052,214273,-0.05298,0.03149,1.05396,-4.33300,-13.85500,15.32000
5.0168,214283,-0.04468,0.02832,1.05518,-4.21100,-13.55000,15.01500
5.0332,214293,-0.04346,0.02563,1.03857,-4.08900,-13.91600,15.44200
5.0332,214303,-0.03735,0.01050,1.05737,-3.47900,-13.67200,14.83200
5.0492,214313,-0.02368,0.01514,1.03809,-4.33300,-13.24500,15.86900
5.0492,214323,-0.04321,0.02124,1.04053,-3.96700,-13.91600,14.58700
5.0653,214333,-0.02954,0.01489,1.03979,-4.33300,-13.91600,15.62500
5.0813,214343,-0.02075,0.01782,1.05396,-3.17400,-13.79400,14.52600
5.0813,214353,-0.02905,0.02417,1.04248,-3.29600,-13.48900,15.25900
5.0972,214363,-0.05371,0.00708,1.05713,-4.21100,-14.28200,15.74700
5.1081,214373,-0.03052,0.01587,1.03882,-3.47900,-14.22100,15.62500
5.1168,214383,-0.04541,0.00488,1.04175,-4.45600,-13.67200,15.44200
5.1344,214393,-0.04297,0.01367,1.03784,-4.27200,-12.81700,14.46500
5.1452,214403,-0.02686,0.02295,1.03784,-2.99100,-14.22100,15.38100
5.1452,214413,-0.02905,0.02124,1.05054,-4.15000,-13.61100,15.44200
5.1452,214423,-0.03638,0.01807,1.04956,-4.08900,-14.28200,15.80800
5.1632,214433,-0.02954,0.01880,1.03320,-3.66200,-14.09900,16.05200
5.1777,214443,-0.04541,0.00610,1.04492,-4.45600,-13.12300,13.85500
5.1937,214453,-0.03076,0.00977,1.03467,-3.60100,-13.42800,15.56400
5.1937,214463,-0.03979,0.01538,1.04077,-4.21100,-14.77100,16.17400
5.2097,214473,-0.03003,0.02808,1.05273,-3.60100,-13.97700,16.23500
5.2253,214483,-0.02466,0.00122,1.04858,-3.78400,-13.85500,14.58700
5.2269,214493,-0.04736,0.02002,1.03979,-3.84500,-14.22100,15.86900
5.2367,214503,-0.03809,0.01099,1.05249,-3.96700,-13.30600,15.07600
5.2513,214513,-0.04736,0.02051,1.04272,-3.05200,-13.55000,14.09900
5.2598,214523,-0.04102,0.02637,1.05615,-3.90600,-12.63400,15.25900
5.2633,214533,-0.03345,0.03003,1.05029,-5.00500,-13.97700,16.35700
5.2735,214543,-0.03784,0.00073,1.04907,-4.51700,-13.30600,15.38100
5.2898,214553,-0.02856,0.02930,1.03027,-4.15000,-14.09900,15.80800
5.3060,214563,-0.02319,0.02051,1.03931,-4.76100,-13.85500,15.74700
5.3060,214573,-0.03320,0.02002,1.04907,-4.27200,-14.46500,15.80800
5.3219,214583,-0.03027,0.03247,1.04932,-3.66200,-13.91600,14.64800
5.3284,214593,-0.03320,0.00659,1.04175,-3.96700,-13.00000,15.56400
5.3380,214603,-0.02222,0.03394,1.04785,-5.24900,-13.97700,15.93000
5.3380,214613,-0.04175,0.03003,1.03589,-3.72300,-14.16000,15.25900
5.3574,214623,-0.02319,0.02002,1.04932,-3.41800,-13.73300,16.17400
5.3633,214633,-0.03003,0.02148,1.05347,-4.33300,-13.67200,16.23500
5.3710,214643,-0.04053,0.02173,1.04419,-3.66200,-13.18400,14.40400
5.3857,214653,-0.05103,0.01978,1.05664,-4.27200,-14.09900,15.32000
5.4018,214663,-0.04590,0.01367,1.05005,-4.57800,-14.22100,15.50300
5.4018,214673,-0.02612,0.01074,1.05786,-3.96700,-14.28200,15.74700
5.4180,214683,-0.03247,0.01807,1.04663,-3.96700,-13.85500,15.50300
5.4180,214693,-0.03125,0.03198,1.05469,-4.15000,-13.85500,15.62500
5.4358,214703,-0.03784,0.02100,1.03809,-4.21100,-13.06200,15.25900
5.4358,214713,-0.02246,0.02319,1.04614,-4.82200,-14.22100,15.62500
5.4656,214723,-0.03613,0.03394,1.03076,-4.33300,-13.24500,14.70900
5.4668,214733,-0.02686,0.02563,1.04761,-3.96700,-13.73300,15.32000
5.4814,214743,-0.04834,0.01929,1.04126,-3.90600,-15.13700,15.86900
5.4814,214753,-0.03760,0.02515,1.05737,-3.41800,-14.70900,15.74700
5.4971,214763,-0.02710,0.01245,1.04956,-4.27200,-14.22100,15.86900
5.5054,214773,-0.02637,0.03027,1.04761,-4.45600,-14.46500,16.54100
5.5148,214783,-0.03809,0.02417,1.05151,-3.96700,-14.83200,15.93000
5.5297,214793,-0.02344,0.02637,1.03662,-4.15000,-12.93900,15.01500
5.5297,214803,-0.03809,0.01758,1.04028,-5.55400,-14.95400,15.74700
5.5457,214813,-0.03076,0.02393,1.04761,-3.41800,-13.18400,14.52600
5.5457,214823,-0.03687,0.01025,1.04663,-4.33300,-14.22100,15.50300
5.5642,214833,-0.04175,0.01245,1.05054,-4.27200,-14.09900,15.25900
5.5807,214843,-0.03174,0.02368,1.04419,-3.84500,-12.45100,15.13700
5.5807,214853,-0.03198,0.02271,1.05396,-5.00500,-14.58700,15.68600
5.6066,214863,-0.02783,0.02246,1.04590,-3.47900,-13.12300,15.62500
5.6096,214873,-0.01978,0.02197,1.03979,-3.72300,-13.42800,15.01500
5.6096,214883,-0.03418,0.01392,1.03271,-4.02800,-14.09900,15.56400
5.6255,214893,-0.03491,0.01831,1.03076,-3.60100,-13.36700,15.01500
5.6416,214903,-0.03833,0.01099,1.04565,-4.88300,-14.64800,15.86900
5.6416,214913,-0.04761,0.01587,1.05273,-3.35700,-13.06200,14.89300
5.6575,214923,-0.03833,0.01538,1.04639,-4.63900,-14.64800,15.13700
5.6644,214933,-0.03052,0.02051,1.05493,-4.27200,-14.28200,15.50300
5.6734,214943,-0.03687,0.02661,1.04370,-4.08900,-14.40400,16.54100
5.6883,214953,-0.04053,0.02222,1.04956,-4.15000,-14.40400,15.80800
5.7212,214963,-0.03052,0.01929,1.05347,-3.96700,-13.85500,15.13700
5.7212,214973,-0.04053,0.03760,1.03613,-2.80800,-13.06200,14.40400
5.7212,214983,-0.03711,0.02808,1.04883,-2.31900,-12.51200,15.01500
5.7212,214993,-0.04175,0.01758,1.04248,-2.99100,-13.61100,15.38100
5.7372,215003,-0.02393,0.03345,1.03882,-4.45600,-14.03800,15.32000
5.7534,215013,-0.02661,0.02905,1.04565,-4.21100,-13.79400,15.56400
5.7691,215023,-0.03442,0.01831,1.04370,-5.37100,-13.30600,14.83200
5.7691,215033,-0.03174,0.02783,1.04468,-4.39500,-14.40400,15.86900
5.7751,215043,-0.04077,0.01489,1.04126,-4.21100,-13.30600,14.34300
5.8027,215053,-0.02002,0.02368,1.05054,-4.33300,-14.77100,16.05200
5.8027,215063,-0.04272,0.01001,1.04858,-4.45600,-14.46500,16.11300
5.8027,215073,-0.03979,0.02588,1.04712,-2.07500,-14.22100,14.70900
5.8231,215083,-0.01953,0.01953,1.04077,-4.15000,-13.79400,15.44200
5.8231,215093,-0.03931,0.02856,1.03784,-4.02800,-13.61100,15.38100
5.8425,215103,-0.04102,0.01953,1.03955,-4.27200,-13.55000,15.01500
5.8886,215113,-0.03906,0.01465,1.05493,-5.24900,-14.95400,16.72400
5.8886,215123,-0.02905,0.01538,1.04639,-4.39500,-14.28200,15.80800
5.8886,215133,-0.03467,0.03149,1.04053,-4.57800,-13.30600,15.19800
5.8886,215143,-0.04321,0.01587,1.04395,-3.90600,-13.91600,15.56400
5.9190,215153,-0.03271,0.01074,1.05029,-4.27200,-14.52600,15.07600
5.9190,215163,-0.02979,0.02368,1.03442,-4.70000,-13.24500,14.77100
5.9190,215173,-0.02905,0.02881,1.05542,-4.21100,-13.30600,15.01500
5.9190,215183,-0.04785,0.02173,1.04639,-4.27200,-14.52600,15.50300
5.9285,215193,-0.03711,0.01050,1.05347,-3.84500,-14.58700,15.93000
5.9421,215203,-0.02856,0.01514,1.04419,-4.27200,-13.79400,16.17400
5.9488,215213,-0.03589,0.03271,1.03223,-4.27200,-13.36700,15.44200
5.9574,215223,-0.02563,0.03052,1.04517,-3.41800,-14.34300,15.25900
5.9852,215233,-0.03418,0.02197,1.04028,-4.63900,-13.24500,15.32000
5.9852,215243,-0.04834,0.02075,1.05908,-4.08900,-14.03800,15.38100
5.9919,215253,-0.02930,0.02148,1.04883,-3.72300,-13.85500,15.68600
6.0142,215263,-0.01660,0.03174,1.03955,-3.96700,-13.24500,15.07600
6.0142,215273,-0.03516,0.01831,1.04175,-4.51700,-13.85500,15.32000
6.0174,215283,-0.03198,0.01514,1.05396,-4.21100,-13.42800,15.32000
6.0350,215293,-0.03101,0.00830,1.05371,-3.47900,-14.58700,15.68600
6.0350,215303,-0.03735,0.03223,1.02686,-3.54000,-13.48900,14.77100
6.0461,215313,-0.04199,0.02271,1.04907,-3.72300,-14.46500,15.19800
6.0533,215323,-0.03467,0.02881,1.04004,-3.78400,-13.48900,15.32000
6.0706,215333,-0.03613,0.02417,1.04663,-4.02800,-13.97700,15.99100
6.0706,215343,-0.03027,0.02148,1.04468,-3.23500,-13.00000,15.25900
6.0827,215353,-0.03687,0.01050,1.05908,-3.41800,-13.73300,14.40400
6.0985,215363,-0.03125,0.02466,1.05322,-4.02800,-12.87800,15.01500
6.1089,215373,-0.03223,0.04590,1.04688,-3.66200,-13.00000,15.13700
6.1161,215383,-0.03198,-0.00244,1.05737,-4.27200,-13.79400,14.83200
6.1280,215393,-0.03516,0.01562,1.05420,-4.63900,-13.85500,15.32000
6.1418,215403,-0.02319,0.01880,1.04126,-4.51700,-13.91600,14.95400
6.1468,215413,-0.04663,0.01733,1.04395,-4.45600,-14.64800,15.68600
6.1627,215423,-0.04663,0.02344,1.04297,-4.88300,-13.67200,15.13700
6.1653,215433,-0.02588,0.02490,1.05176,-5.31000,-13.85500,15.86900
6.1787,215443,-0.03247,0.00879,1.05591,-4.76100,-14.09900,16.29600
6.1787,215453,-0.03271,0.01514,1.04395,-2.68600,-13.67200,15.13700
6.1955,215463,-0.03735,0.02295,1.05005,-3.84500,-13.67200,15.93000
6.2421,215507,-0.01782,0.03467,1.04272,-6.95800,-13.61100,15.13700
6.2421,215509,-0.01782,0.03467,1.04272,-6.95800,-13.61100,15.13700
6.2421,215510,-0.01782,0.03467,1.04272,-6.95800,-13.61100,15.13700
6.2421,215512,-0.04858,0.02930,1.04395,-5.73700,-14.52600,15.56400
6.2421,215513,-0.04858,0.02930,1.04395,-5.73700,-14.52600,15.56400
6.2596,215523,-0.03442,0.01587,1.04932,-4.33300,-13.24500,14.83200
6.2652,215533,-0.04126,0.01392,1.05615,-4.57800,-14.22100,15.13700
6.2737,215543,-0.02954,0.03467,1.04053,-4.27200,-14.40400,15.62500
6.2898,215553,-0.03564,0.02905,1.04321,-4.33300,-13.48900,15.56400
6.2939,215563,-0.02515,0.02686,1.05371,-5.06600,-13.73300,15.32000
6.3118,215573,-0.02734,0.02197,1.04834,-4.51700,-14.09900,15.50300
6.3220,215583,-0.03320,0.02100,1.04688,-4.63900,-14.34300,15.13700
6.3253,215593,-0.03491,0.01904,1.04395,-3.23500,-14.22100,15.13700
6.3409,215603,-0.03394,0.02246,1.04541,-2.99100,-13.79400,15.19800
6.3409,215613,-0.02417,0.02832,1.05249,-4.08900,-14.09900,15.68600
6.3541,215623,-0.03198,0.02954,1.05908,-5.98100,-14.40400,15.25900
6.3705,215633,-0.03906,0.01660,1.06055,-4.27200,-14.34300,16.17400
6.3720,215643,-0.03955,0.03516,1.03760,-4.70000,-14.22100,15.74700
6.3862,215653,-0.05591,0.01904,1.04419,-2.38000,-13.36700,15.62500
6.3862,215663,-0.03491,0.01489,1.04517,-4.82200,-14.34300,15.80800
6.4022,215673,-0.04028,0.02124,1.04297,-4.45600,-14.89300,16.11300
6.4203,215683,-0.04346,0.01343,1.06396,-4.08900,-14.22100,15.38100
6.4203,215693,-0.03979,0.02319,1.04150,-4.45600,-13.97700,16.35700
6.4339,215703,-0.03784,0.01978,1.04443,-4.45600,-14.70900,15.25900
6.4499,215713,-0.03662,0.01733,1.03931,-4.33300,-13.97700,15.86900
6.4499,215723,-0.03833,0.00684,1.04834,-4.15000,-13.61100,15.50300
6.4655,215733,-0.03174,0.02148,1.05127,-4.27200,-13.67200,15.62500
6.4816,215743,-0.04028,0.02734,1.05200,-3.66200,-15.38100,16.78500
6.4816,215753,-0.02661,0.03076,1.03052,-3.96700,-14.46500,16.05200
6.4975,215763,-0.03833,0.01416,1.06299,-4.51700,-14.16000,15.62500
6.5085,215773,-0.03442,0.02979,1.04761,-4.08900,-14.03800,15.50300
6.5137,215783,-0.04053,0.01660,1.04028,-4.27200,-14.28200,15.56400
6.5137,215793,-0.04175,0.01636,1.04761,-4.57800,-13.36700,14.77100
6.5354,215803,-0.04175,0.01392,1.03760,-3.72300,-13.48900,15.68600
6.5476,215813,-0.02930,0.02832,1.04395,-4.02800,-14.46500,15.80800
6.5524,215823,-0.04297,0.01221,1.03516,-4.27200,-13.42800,14.52600
6.5659,215833,-0.04712,0.01514,1.05469,-4.57800,-13.79400,14.77100
6.5776,215843,-0.03516,0.01807,1.03564,-3.90600,-13.36700,15.50300
6.5795,215853,-0.04248,0.01172,1.04297,-3.78400,-12.93900,14.83200
6.5958,215863,-0.02979,0.01733,1.04468,-4.27200,-13.85500,15.25900
6.6095,215873,-0.04370,0.01611,1.04565,-4.27200,-13.85500,14.89300
6.6299,215883,-0.03979,0.03003,1.05200,-4.63900,-14.46500,16.11300
6.6299,215893,-0.04614,0.01904,1.03955,-4.08900,-13.48900,15.93000
6.6299,215903,-0.02954,0.01953,1.04272,-3.60100,-13.91600,15.01500
6.6660,215913,-0.03052,0.02612,1.05566,-3.84500,-13.61100,15.38100
6.6660,215923,-0.02588,0.01099,1.04395,-4.45600,-14.03800,15.80800
6.6731,215933,-0.03979,0.03198,1.05005,-4.51700,-14.83200,15.38100
6.6890,215943,-0.03711,0.02710,1.05054,-4.70000,-13.61100,15.62500
6.6890,215953,-0.02393,0.02368,1.04858,-4.08900,-14.16000,15.99100
6.6890,215963,-0.03516,0.01147,1.03979,-3.90600,-14.22100,15.99100
6.7067,215973,-0.03125,0.02100,1.03223,-3.54000,-13.97700,14.58700
6.7266,215983,-0.02710,0.00537,1.05713,-4.39500,-14.46500,15.80800
6.7266,215993,-0.04492,0.01855,1.04858,-5.37100,-14.58700,16.90700
6.7380,216003,-0.04907,0.00952,1.05566,-1.70900,-14.70900,16.72400
6.7525,216013,-0.04028,0.01514,1.05225,-4.21100,-14.16000,15.19800
6.7525,216023,-0.03638,0.01147,1.04810,-4.33300,-14.52600,16.72400
6.7683,216033,-0.03271,0.02124,1.06152,-4.15000,-13.30600,15.44200
6.7683,216043,-0.02490,0.02002,1.04004,-3.72300,-14.22100,15.74700
6.7845,216053,-0.04297,0.00977,1.02905,-4.63900,-14.16000,15.56400
6.8004,216063,-0.04248,0.02051,1.04150,-4.08900,-14.16000,16.17400
6.8123,216073,-0.01880,0.01587,1.04248,-4.94400,-14.89300,15.99100
6.8165,216083,-0.04053,0.01611,1.04785,-3.29600,-14.64800,15.25900
6.8330,216093,-0.02734,0.00708,1.05835,-4.21100,-13.48900,15.01500
6.8330,216103,-0.02075,0.02222,1.04395,-4.21100,-13.55000,15.62500
6.8498,216113,-0.01758,0.01733,1.05078,-4.27200,-13.42800,15.32000
6.8498,216123,-0.03198,0.02124,1.04907,-4.51700,-13.73300,16.11300
6.8662,216133,-0.02930,0.01636,1.04858,-4.27200,-14.34300,15.32000
6.8662,216143,-0.02881,0.02295,1.05542,-3.72300,-14.22100,16.60200
6.9293,216153,-0.04126,0.01392,1.05737,-3.84500,-13.67200,14.70900
6.9293,216163,-0.04004,0.01733,1.05713,-4.21100,-13.67200,15.62500
6.9293,216173,-0.04028,0.02734,1.05518,-4.51700,-14.89300,16.23500
6.9293,216183,-0.03076,0.03516,1.05029,-4.51700,-14.09900,15.38100
6.9293,216193,-0.02588,0.00977,1.05127,-3.72300,-14.40400,15.99100
6.9312,216203,-0.02417,0.01904,1.03784,-5.49300,-13.61100,15.68600
6.9458,216213,-0.04956,0.01001,1.05591,-3.78400,-14.16000,15.86900
6.9618,216223,-0.03369,0.02832,1.05200,-3.41800,-13.24500,14.89300
6.9666,216233,-0.02905,0.02441,1.04004,-3.96700,-13.48900,15.86900
6.9777,216243,-0.02563,0.01733,1.04517,-4.88300,-13.79400,16.11300
6.9939,216253,-0.03198,0.01709,1.03394,-3.35700,-14.40400,14.89300
6.9939,216263,-0.04150,0.02197,1.05005,-4.82200,-13.06200,15.07600
7.0063,216273,-0.04077,0.01318,1.03076,-4.63900,-14.58700,16.54100
7.0179,216283,-0.03638,0.01904,1.04590,-3.60100,-13.97700,14.28200
7.0305,216293,-0.03931,0.01318,1.07446,-2.68600,-13.61100,14.83200
7.0365,216303,-0.04883,0.02368,1.05737,-3.96700,-14.09900,15.56400
7.0423,216313,-0.03394,0.02466,1.04761,-4.08900,-14.83200,15.93000
7.0606,216323,-0.01538,0.03247,1.05029,-3.41800,-14.22100,15.62500
7.0666,216333,-0.03711,0.03198,1.04517,-3.84500,-13.55000,14.77100
7.0804,216343,-0.02832,0.02417,1.04858,-3.66200,-13.30600,14.46500
7.0820,216353,-0.04297,0.01562,1.04785,-3.96700,-13.67200,15.93000
7.0907,216363,-0.03564,0.02100,1.04883,-4.27200,-14.89300,15.99100
7.1078,216373,-0.03589,0.01001,1.05542,-5.43200,-12.87800,14.70900
7.1098,216383,-0.03662,0.02808,1.03882,-4.51700,-14.83200,17.27300
7.1454,216393,-0.03564,0.01147,1.04517,-4.57800,-14.22100,16.17400
7.1492,216403,-0.03760,0.02173,1.04834,-2.80800,-14.40400,15.62500
7.1492,216413,-0.03662,0.03174,1.04761,-3.35700,-14.22100,15.86900
7.1549,216423,-0.04883,0.02051,1.05835,-3.60100,-12.75600,14.83200
7.1705,216433,-0.02271,0.03149,1.04321,-3.54000,-14.40400,16.11300
7.1705,216443,-0.03052,0.02002,1.06030,-4.08900,-14.16000,15.56400
7.1865,216453,-0.04443,0.02344,1.03687,-3.72300,-12.51200,14.40400
7.1865,216463,-0.04224,0.01611,1.05103,-4.02800,-14.58700,16.23500
7.2086,216473,-0.03931,0.02319,1.05127,-4.39500,-13.55000,15.19800
7.2185,216483,-0.04517,0.00293,1.06372,-4.08900,-13.42800,15.50300
7.2673,216493,-0.05005,0.02930,1.03979,-4.82200,-13.36700,15.13700
7.2673,216503,-0.02979,0.01587,1.05518,-4.45600,-13.67200,15.80800
7.2673,216513,-0.03394,0.00977,1.04297,-3.60100,-13.48900,13.97700
7.2673,216523,-0.03613,0.02222,1.04150,-4.27200,-13.85500,16.17400
7.2673,216533,-0.02588,0.02588,1.04321,-5.37100,-13.97700,15.01500
7.2673,216543,-0.03101,0.02368,1.04443,-4.33300,-12.81700,15.74700
7.2985,216553,-0.02905,0.01782,1.05103,-3.96700,-13.85500,14.83200
7.2985,216563,-0.03198,0.01855,1.05493,-3.66200,-13.18400,14.70900
7.2985,216573,-0.04907,0.01343,1.04639,-3.47900,-13.79400,14.70900
7.3145,216583,-0.02515,0.02417,1.03174,-4.02800,-13.79400,15.68600
7.3309,216593,-0.02661,0.02783,1.05933,-3.23500,-14.64800,14.95400
7.3469,216603,-0.04321,0.02808,1.04028,-4.08900,-13.97700,15.32000
7.3469,216613,-0.02441,0.02734,1.04175,-4.39500,-14.34300,15.62500
7.3469,216623,-0.03101,0.02661,1.05811,-3.54000,-14.03800,15.62500
7.3679,216633,-0.04297,0.01514,1.04565,-3.78400,-12.81700,15.07600
7.3809,216643,-0.03345,0.02271,1.03271,-3.29600,-14.77100,15.68600
7.3839,216653,-0.03223,0.02563,1.04785,-2.93000,-15.38100,16.17400
7.3968,216663,-0.02856,0.01196,1.05664,-4.45600,-13.91600,16.17400
7.4126,216673,-0.02612,0.02148,1.05322,-4.21100,-14.70900,16.11300
7.4126,216683,-0.04224,0.01831,1.05054,-3.54000,-14.16000,15.07600
7.4266,216693,-0.02075,0.02271,1.04053,-4.08900,-13.55000,15.07600
7.4426,216703,-0.04077,0.03564,1.05371,-4.39500,-14.28200,15.80800
7.4587,216713,-0.02686,0.03516,1.03857,-4.51700,-14.28200,15.13700
7.4587,216723,-0.03833,0.01514,1.04980,-3.66200,-13.06200,15.99100
7.4685,216733,-0.03198,0.01367,1.06348,-4.08900,-13.55000,14.77100
7.4758,216743,-0.04370,0.01392,1.04346,-3.54000,-13.85500,15.44200
7.4907,216753,-0.03662,0.01880,1.05566,-3.47900,-13.85500,14.95400
7.4957,216763,-0.02832,0.02075,1.04346,-3.35700,-14.16000,15.38100
7.5067,216773,-0.02466,0.03467,1.04785,-2.62500,-13.91600,14.77100
7.5576,216783,-0.04224,0.02637,1.05469,-4.15000,-14.52600,16.05200
7.5576,216793,-0.03467,0.01343,1.04907,-3.84500,-13.48900,15.56400
7.5576,216803,-0.03223,0.01611,1.05713,-3.60100,-14.09900,15.62500
7.5576,216813,-0.04321,0.01953,1.04517,-4.33300,-13.85500,16.11300
7.5576,216823,-0.03809,0.02417,1.04395,-3.23500,-14.46500,16.84600
7.5740,216833,-0.04712,0.02563,1.03882,-4.15000,-14.09900,16.11300
7.5872,216843,-0.03296,0.01270,1.04492,-3.60100,-13.91600,15.44200
7.5872,216853,-0.04736,0.01758,1.05054,-4.57800,-14.16000,15.13700
7.6063,216863,-0.03003,0.01733,1.03540,-2.74700,-13.24500,15.32000
7.6063,216873,-0.03760,0.03564,1.04248,-5.18800,-14.40400,16.41800
7.6531,216883,-0.02686,0.02319,1.03760,-4.51700,-13.06200,15.19800
7.6531,216893,-0.03540,0.02661,1.05371,-4.33300,-14.03800,14.95400
7.6531,216903,-0.05273,0.02100,1.05054,-3.90600,-13.97700,15.80800
7.6759,216913,-0.03931,0.02295,1.04785,-4.15000,-14.03800,15.74700
7.6759,216923,-0.04614,0.01709,1.04077,-4.45600,-13.55000,15.13700
7.6759,216933,-0.03784,0.00928,1.06274,-4.15000,-14.52600,15.44200
7.6759,216943,-0.03125,0.02222,1.05396,-4.21100,-14.64800,15.68600
7.6839,216953,-0.04297,0.02417,1.04321,-3.78400,-14.09900,14.70900
7.6839,216963,-0.02563,0.01807,1.04810,-3.90600,-13.85500,15.38100
7.7011,216973,-0.03760,0.01831,1.03906,-4.02800,-14.40400,15.68600
7.7161,216983,-0.03198,0.01587,1.04297,-4.27200,-14.28200,15.32000
7.7322,216993,-0.04053,0.01807,1.04199,-3.35700,-13.36700,15.13700
7.7478,217003,-0.03564,0.02148,1.04712,-4.57800,-14.03800,15.68600
7.7478,217013,-0.03760,0.01343,1.05176,-3.66200,-14.40400,16.35700
7.7635,217023,-0.03931,0.01904,1.04150,-5.67600,-13.97700,16.23500
7.7797,217033,-0.03760,0.00830,1.05933,-3.84500,-13.79400,15.62500
7.7797,217043,-0.02856,0.02588,1.04346,-3.72300,-13.85500,16.54100
7.7797,217053,-0.03223,0.01929,1.04443,-3.72300,-14.09900,15.80800
7.8037,217063,-0.04688,0.03320,1.03955,-3.66200,-13.48900,15.80800
7.8037,217073,-0.03125,0.02783,1.04736,-3.35700,-15.50300,15.74700
7.8119,217083,-0.04590,0.01562,1.02954,-4.33300,-13.97700,15.68600
7.8280,217093,-0.03638,0.01074,1.04028,-4.27200,-13.67200,15.93000
7.8354,217103,-0.02734,0.01904,1.04199,-3.35700,-13.55000,14.09900
7.8450,217113,-0.03955,0.01831,1.04004,-4.15000,-13.73300,15.07600
7.8596,217123,-0.03857,0.00122,1.04004,-4.57800,-13.24500,15.25900
7.8688,217133,-0.02051,0.01636,1.04102,-4.45600,-14.28200,14.89300
7.8776,217143,-0.04004,0.02075,1.04639,-4.39500,-14.09900,15.80800
7.8776,217153,-0.04712,0.01440,1.04858,-3.90600,-14.40400,16.35700
7.8912,217163,-0.03003,0.02661,1.04663,-4.08900,-13.79400,15.56400
7.9071,217173,-0.04175,0.01367,1.04590,-3.90600,-13.67200,15.99100
7.9232,217183,-0.03394,0.03052,1.04492,-4.39500,-13.30600,14.58700
7.9248,217193,-0.03589,0.02466,1.03125,-3.78400,-14.03800,15.62500
7.9390,217203,-0.02612,0.02759,1.04907,-3.66200,-14.03800,15.25900
7.9707,217213,-0.03613,0.01978,1.03662,-4.76100,-14.34300,15.86900
7.9707,217223,-0.04224,0.02173,1.05200,-4.45600,-14.22100,16.11300
7.9707,217233,-0.03711,0.01758,1.05420,-5.49300,-13.73300,15.32000
7.9707,217243,-0.03320,0.01099,1.04102,-3.78400,-13.73300,15.38100
7.9867,217253,-0.02490,0.02734,1.04248,-4.02800,-14.16000,16.41800
8.0029,217263,-0.03589,0.01782,1.06177,-4.57800,-15.07600,16.05200
8.0095,217273,-0.04297,0.02148,1.05298,-4.63900,-13.67200,14.70900
8.0095,217283,-0.03540,0.02490,1.04883,-3.60100,-14.22100,16.41800
8.0203,217293,-0.03906,0.03149,1.04077,-4.51700,-14.83200,16.72400
8.0351,217303,-0.03296,0.01978,1.04468,-4.21100,-13.97700,15.32000
8.0351,217313,-0.02930,0.02344,1.03882,-4.51700,-14.09900,16.29600
8.0511,217323,-0.04492,0.02051,1.03320,-3.05200,-13.24500,15.25900
8.0714,217333,-0.03247,0.01953,1.04785,-4.15000,-14.16000,15.86900
8.0840,217343,-0.05273,0.00391,1.05542,-3.96700,-13.91600,15.93000
8.0840,217353,-0.02490,0.02710,1.03760,-3.72300,-14.09900,15.13700
8.1061,217363,-0.03711,0.02808,1.04468,-4.21100,-15.01500,15.99100
8.1087,217373,-0.03662,0.02759,1.05566,-3.84500,-14.52600,16.35700
8.1188,217383,-0.04175,0.01904,1.04492,-3.23500,-13.12300,15.32000
8.1356,217393,-0.03931,0.02026,1.05127,-4.27200,-13.48900,15.19800
8.1387,217403,-0.03052,0.01660,1.04736,-4.15000,-14.09900,15.62500
8.1569,217413,-0.02710,0.02075,1.05151,-4.70000,-14.40400,15.62500
8.1769,217423,-0.04028,0.02661,1.03955,-3.54000,-13.79400,14.95400
8.1769,217433,-0.03101,0.02148,1.03809,-4.02800,-14.22100,16.17400
8.1769,217443,-0.03979,0.01367,1.05103,-4.45600,-13.67200,15.25900
8.1938,217453,-0.02563,0.01514,1.04419,-3.72300,-13.97700,13.73300
8.1989,217463,-0.03076,0.03418,1.03223,-4.33300,-14.64800,16.17400
8.2401,217508,-0.04028,0.02124,1.05981,-5.37100,-13.42800,15.56400
8.2401,217510,-0.04028,0.02124,1.05981,-3.84500,-13.06200,14.83200
8.2470,217511,-0.03735,0.01636,1.05151,-3.84500,-13.06200,14.83200
8.2470,217513,-0.03735,0.01636,1.05151,-3.84500,-13.06200,14.83200
8.2470,217514,-0.03735,0.01636,1.05151,-3.84500,-13.06200,14.83200
8.2721,217523,-0.04199,0.01270,1.04517,-3.84500,-14.28200,16.23500
8.2744,217533,-0.03467,0.02930,1.04395,-4.63900,-14.52600,16.29600
8.2744,217543,-0.03394,0.01611,1.05347,-4.57800,-13.55000,15.80800
8.2882,217553,-0.04712,0.01929,1.05005,-4.76100,-13.61100,16.17400
8.2882,217563,-0.03638,0.01953,1.03638,-5.24900,-13.85500,15.44200
8.3106,217573,-0.04126,0.01636,1.04395,-3.05200,-13.67200,15.68600
8.3200,217583,-0.03174,0.01880,1.05054,-3.78400,-13.30600,15.07600
8.3361,217593,-0.04028,0.04346,1.03979,-4.27200,-14.34300,15.99100
8.3361,217603,-0.03174,0.02783,1.05078,-4.21100,-13.97700,16.11300
8.3518,217613,-0.04077,0.02197,1.03394,-4.08900,-13.36700,15.32000
8.3602,217623,-0.02808,0.00732,1.04663,-3.47900,-13.18400,14.46500
8.4400,217633,-0.03174,0.00684,1.03979,-4.33300,-14.22100,15.13700
8.4400,217643,-0.03809,0.02832,1.04370,-4.15000,-13.61100,15.62500
8.4400,217653,-0.03857,0.00000,1.04688,-4.39500,-14.40400,16.60200
8.4400,217663,-0.03516,0.01465,1.04077,-3.72300,-13.91600,15.74700
8.4400,217673,-0.02905,0.01636,1.05640,-2.19700,-14.28200,15.38100
8.4802,217683,-0.03271,0.01611,1.04932,-4.02800,-14.28200,14.89300
8.4802,217693,-0.04517,0.02051,1.04688,-4.33300,-13.67200,15.13700
8.4802,217703,-0.03271,0.02271,1.04712,-3.72300,-14.16000,15.38100
8.5124,217713,-0.02441,0.00854,1.05664,-4.63900,-13.55000,15.32000
8.5124,217723,-0.03540,0.00488,1.05444,-4.45600,-13.97700,15.56400
8.5124,217733,-0.04126,0.01489,1.05054,-4.45600,-14.03800,15.86900
8.5124,217743,-0.03638,0.02173,1.04102,-4.33300,-14.40400,15.80800
8.5124,217753,-0.02393,0.01855,1.03833,-3.54000,-14.03800,15.50300
8.5124,217763,-0.04175,0.01929,1.04858,-4.27200,-13.79400,15.56400
8.5124,217773,-0.04395,0.02100,1.05859,-4.39500,-13.85500,15.32000
8.5289,217783,-0.03662,0.01587,1.05420,-3.84500,-13.55000,15.68600
8.5289,217793,-0.03174,0.02173,1.04053,-3.84500,-13.97700,15.07600
8.5556,217803,-0.04297,0.02881,1.04053,-3.96700,-13.12300,15.68600
8.5556,217813,-0.04443,0.01489,1.03784,-3.84500,-13.85500,15.68600
8.5583,217823,-0.02979,0.02271,1.04639,-4.27200,-14.16000,16.66300
8.5778,217833,-0.03784,0.01807,1.04736,-3.35700,-13.85500,16.29600
8.5778,217843,-0.03516,0.02222,1.04492,-4.88300,-14.70900,16.29600
8.5959,217853,-0.03662,0.02490,1.05127,-4.76100,-14.34300,16.66300
8.5959,217863,-0.03784,0.01660,1.05371,-3.66200,-13.00000,14.83200
8.6089,217873,-0.03174,0.02612,1.05347,-4.70000,-15.25900,16.72400
8.6124,217883,-0.02539,0.02661,1.03833,-3.54000,-14.70900,16.17400
8.6417,217893,-0.04858,0.01831,1.04883,-4.88300,-13.24500,15.19800
8.6417,217903,-0.03198,0.02856,1.05151,-3.54000,-13.18400,14.89300
8.6417,217913,-0.03979,0.01099,1.04224,-4.08900,-13.67200,15.19800
8.6732,217923,-0.03442,0.01416,1.04639,-3.66200,-14.22100,15.01500
8.6894,217933,-0.02759,0.01611,1.03760,-3.72300,-14.89300,16.35700
8.6894,217943,-0.03882,0.01660,1.04077,-4.21100,-14.34300,15.99100
8.6894,217953,-0.03857,0.01147,1.06079,-3.90600,-13.48900,15.68600
8.6894,217963,-0.04126,0.03076,1.04077,-3.05200,-13.73300,15.56400
8.7051,217973,-0.04224,0.02148,1.05664,-4.27200,-13.85500,15.68600
8.7207,217983,-0.03174,0.02808,1.04492,-4.02800,-13.73300,15.32000
8.7235,217993,-0.04175,0.01758,1.05347,-4.08900,-13.12300,16.05200
8.7368,218003,-0.03540,0.02368,1.05200,-3.84500,-14.46500,15.80800
8.7368,218013,-0.02905,0.01758,1.04956,-4.51700,-13.73300,15.38100
8.7528,218023,-0.02905,0.00220,1.05200,-4.51700,-14.16000,15.56400
8.7688,218033,-0.03833,0.01636,1.05273,-2.80800,-13.67200,15.56400
8.7703,218043,-0.03418,0.02734,1.04468,-3.47900,-12.93900,14.70900
8.7877,218053,-0.03442,0.02637,1.04907,-3.05200,-14.22100,15.44200
8.8010,218063,-0.03491,0.01904,1.04517,-3.90600,-14.16000,14.95400
8.8104,218073,-0.02490,0.02368,1.03931,-4.57800,-14.40400,16.17400
8.8168,218083,-0.04956,0.02588,1.05298,-4.21100,-13.97700,15.07600
8.8168,218093,-0.02856,0.01294,1.03809,-4.02800,-14.46500,16.11300
8.8329,218103,-0.02686,0.02441,1.03027,-4.02800,-14.22100,15.25900
8.8532,218113,-0.03638,0.01733,1.03638,-4.63900,-14.64800,15.99100
8.8532,218123,-0.03589,0.01514,1.06372,-3.96700,-13.06200,15.19800
8.8814,218133,-0.03491,0.01465,1.04346,-4.76100,-14.28200,15.80800
8.8814,218143,-0.03003,0.02832,1.03809,-4.45600,-13.79400,15.86900
8.8814,218153,-0.03784,0.01880,1.03882,-3.78400,-12.93900,15.25900
8.8971,218163,-0.02808,0.01294,1.04663,-4.82200,-14.46500,16.17400
8.9119,218173,-0.03931,0.01099,1.04224,-4.02800,-14.16000,16.66300
8.9155,218183,-0.03320,0.02686,1.04785,-3.72300,-14.52600,15.80800
8.9338,218193,-0.03882,0.02563,1.05933,-4.51700,-14.22100,15.68600
8.9338,218203,-0.02734,0.03442,1.04053,-4.94400,-14.52600,15.56400
8.9471,218213,-0.02637,0.03223,1.03784,-3.96700,-13.79400,15.62500
8.9892,218223,-0.03320,0.02637,1.05786,-4.70000,-14.03800,15.80800
8.9892,218233,-0.04126,0.02905,1.04932,-4.21100,-14.03800,14.95400
8.9892,218243,-0.03052,0.03296,1.02979,-3.60100,-13.91600,15.68600
8.9892,218253,-0.02686,0.01953,1.04761,-4.94400,-13.67200,15.99100
9.0110,218263,-0.05200,0.02344,1.06885,-3.66200,-13.00000,14.70900
9.0110,218273,-0.03174,0.02026,1.02808,-4.15000,-14.83200,16.17400
9.0589,218283,-0.03931,0.01318,1.03540,-4.70000,-15.25900,16.90700
9.0589,218293,-0.03589,0.02515,1.03516,-3.54000,-15.01500,17.15100
9.0589,218303,-0.04492,0.01514,1.04468,-4.33300,-14.46500,16.35700
9.0589,218313,-0.03003,0.01001,1.04321,-4.15000,-14.46500,16.29600
9.0589,218323,-0.03540,0.02686,1.06250,-3.66200,-13.12300,15.25900
9.0709,218333,-0.02881,0.02393,1.05664,-4.88300,-14.09900,16.29600
9.0730,218343,-0.03491,0.01147,1.03564,-4.51700,-14.40400,16.11300
9.0921,218353,-0.02661,0.02515,1.04077,-4.88300,-15.32000,15.93000
9.0921,218363,-0.02100,0.01978,1.04590,-3.78400,-13.79400,15.44200
9.1111,218373,-0.04443,0.02173,1.05957,-4.15000,-13.91600,15.86900
9.1242,218383,-0.02515,0.02417,1.04346,-3.05200,-13.97700,15.80800
9.1242,218393,-0.03442,0.01147,1.04858,-5.12700,-13.85500,15.74700
9.1532,218403,-0.03442,0.02783,1.04980,-3.96700,-13.85500,14.77100
9.1532,218413,-0.03076,0.02075,1.04565,-3.72300,-14.89300,16.78500
9.1532,218423,-0.03369,0.02075,1.05615,-3.72300,-13.67200,15.38100
9.1691,218433,-0.01294,0.02515,1.04297,-4.45600,-14.40400,16.17400
9.1921,218443,-0.04077,0.01514,1.05811,-4.39500,-14.46500,16.54100
9.1921,218453,-0.02808,0.02881,1.05298,-3.41800,-14.77100,16.66300
9.1921,218463,-0.04712,0.02246,1.05493,-3.96700,-13.79400,16.47900
9.2011,218473,-0.03687,0.03296,1.04004,-4.39500,-14.09900,15.86900
9.2170,218483,-0.03662,0.01807,1.05493,-4.45600,-14.28200,16.05200
9.2170,218493,-0.04761,0.02539,1.06055,-4.82200,-14.16000,15.25900
9.2328,218503,-0.05029,0.02197,1.05273,-2.86900,-14.77100,16.29600
9.2486,218513,-0.04346,0.02002,1.04614,-4.70000,-13.97700,15.19800
9.2557,218523,-0.02881,0.02246,1.05493,-4.39500,-14.16000,15.80800
9.2712,218533,-0.02661,0.02148,1.03882,-3.54000,-13.36700,15.56400
9.2802,218543,-0.03369,0.01099,1.04932,-4.45600,-14.09900,16.11300
9.2802,218553,-0.02808,0.02954,1.04175,-4.45600,-13.79400,15.80800
9.3060,218563,-0.04468,0.01978,1.04419,-3.84500,-14.40400,15.68600
9.3073,218573,-0.03857,0.01270,1.05127,-4.51700,-14.89300,15.99100
9.3123,218583,-0.03979,0.02490,1.06201,-4.39500,-14.16000,16.05200
9.3302,218593,-0.02417,0.01611,1.05420,-4.21100,-13.97700,15.44200
9.3383,218603,-0.06006,0.03394,1.05420,-4.08900,-13.55000,15.80800
9.3443,218613,-0.03003,0.02124,1.05225,-3.72300,-13.73300,15.38100
9.3443,218623,-0.03516,0.02197,1.04053,-4.08900,-13.97700,16.23500
9.3614,218633,-0.03711,0.02710,1.04102,-4.08900,-13.48900,15.19800
9.3833,218643,-0.03809,0.02393,1.05566,-3.78400,-14.52600,15.50300
9.3919,218653,-0.02979,0.02295,1.04614,-3.60100,-13.55000,14.58700
9.3919,218663,-0.03711,0.02075,1.05054,-3.90600,-13.91600,15.50300
9.4078,218673,-0.02856,0.02026,1.03149,-4.21100,-14.16000,15.25900
9.4078,218683,-0.03589,0.01294,1.03857,-4.51700,-15.07600,16.29600
9.4275,218693,-0.04004,0.01538,1.03687,-4.82200,-13.73300,15.38100
9.4275,218703,-0.03369,0.02466,1.04272,-3.54000,-15.13700,17.09000
9.4396,218713,-0.05054,0.01196,1.05640,-5.00500,-14.58700,16.41800
9.4575,218723,-0.02393,0.02808,1.04321,-5.12700,-14.89300,16.72400
9.4715,218733,-0.03320,0.03296,1.04590,-4.02800,-13.85500,15.74700
9.4715,218743,-0.03394,0.02832,1.04956,-4.27200,-14.40400,16.05200
9.4877,218753,-0.02246,0.02832,1.04590,-5.18800,-15.01500,16.35700
9.4877,218763,-0.04297,0.01978,1.05127,-4.45600,-14.09900,15.93000
9.5074,218773,-0.03735,0.01685,1.03320,-4.33300,-14.58700,15.74700
9.5074,218783,-0.03247,0.01709,1.02783,-4.51700,-13.48900,15.32000
9.5200,218793,-0.02710,0.02051,1.04028,-4.39500,-13.61100,15.01500
9.5358,218803,-0.03003,0.01392,1.04321,-4.94400,-14.70900,16.41800
9.5358,218813,-0.04028,0.02319,1.04565,-3.78400,-13.18400,15.44200
9.5515,218823,-0.04688,0.03979,1.04272,-4.45600,-13.67200,15.50300
9.5680,218833,-0.04004,0.02393,1.04761,-4.21100,-13.67200,15.56400
9.5721,218843,-0.03003,0.02515,1.05249,-3.96700,-13.67200,15.38100
9.5840,218853,-0.02466,0.01294,1.04004,-4.82200,-14.09900,15.62500
9.6046,218863,-0.01416,0.02490,1.04883,-3.72300,-13.97700,16.29600
9.6132,218873,-0.02734,0.02612,1.04419,-2.80800,-14.03800,16.29600
9.6166,218883,-0.03687,0.02759,1.03857,-4.94400,-14.22100,16.11300
9.6329,218893,-0.02734,0.03149,1.04346,-4.15000,-14.89300,16.05200
9.6329,218903,-0.04053,0.01416,1.03638,-5.79800,-14.16000,16.35700
9.6489,218913,-0.03613,0.03271,1.03394,-4.33300,-13.91600,15.50300
9.6648,218923,-0.04102,0.02026,1.05347,-3.96700,-13.61100,16.17400
9.6648,218933,-0.03931,0.03149,1.04468,-3.35700,-13.85500,14.58700
9.6774,218943,-0.03345,0.01733,1.04004,-3.84500,-14.28200,15.50300
9.6979,218953,-0.04395,0.02539,1.04590,-3.90600,-14.58700,15.62500
9.6979,218963,-0.03174,0.02002,1.03027,-3.90600,-14.77100,16.54100
9.6979,218973,-0.02002,0.02393,1.04150,-3.78400,-14.22100,16.05200
9.7283,218983,-0.03589,0.01538,1.05908,-3.90600,-13.91600,15.74700
9.7283,218993,-0.02710,0.02441,1.05298,-4.70000,-13.55000,15.56400
9.7317,219003,-0.05005,0.00732,1.05933,-3.60100,-15.19800,16.41800
9.7458,219013,-0.03906,0.02246,1.04907,-4.21100,-13.42800,15.32000
9.7458,219023,-0.03271,0.00635,1.05200,-4.02800,-13.61100,15.62500
9.7598,219033,-0.03369,0.01855,1.06396,-3.41800,-14.16000,16.05200
9.7777,219043,-0.04224,0.01880,1.03735,-3.47900,-13.55000,15.99100
9.7777,219053,-0.03125,0.01904,1.04443,-2.99100,-13.48900,15.44200
9.8051,219063,-0.02881,0.02368,1.04785,-4.21100,-13.36700,15.93000
9.8269,219073,-0.03979,0.00830,1.05615,-4.15000,-14.09900,15.68600
9.8269,219083,-0.04346,0.01318,1.03955,-4.21100,-14.22100,16.60200
9.8269,219093,-0.03516,0.03418,1.05591,-3.66200,-14.52600,16.11300
9.8395,219103,-0.04395,0.01514,1.04224,-4.02800,-14.64800,16.72400
9.8559,219113,-0.04248,0.02002,1.03882,-3.23500,-13.85500,15.74700
9.8754,219123,-0.03979,0.01245,1.05908,-4.63900,-14.28200,15.25900
9.8754,219133,-0.03345,0.02319,1.04858,-4.45600,-15.13700,17.21200
9.8754,219143,-0.03931,0.01685,1.04419,-4.27200,-14.70900,16.60200
9.9164,219153,-0.03003,0.01489,1.04150,-3.78400,-14.64800,16.23500
9.9164,219163,-0.03052,0.02441,1.03687,-3.84500,-13.85500,16.17400
9.9164,219173,-0.04297,0.02075,1.03662,-3.84500,-13.67200,15.44200
9.9194,219183,-0.03564,0.02295,1.04956,-2.86900,-12.51200,14.95400
9.9350,219193,-0.03809,0.00781,1.03760,-5.12700,-14.95400,16.05200
9.9350,219203,-0.04321,0.01270,1.05078,-4.02800,-13.79400,15.62500
9.9350,219213,-0.04907,0.02832,1.04810,-4.15000,-13.91600,15.38100
9.9659,219223,-0.02563,0.02173,1.05713,-3.78400,-14.52600,16.29600
9.9751,219233,-0.02612,0.02173,1.04395,-4.63900,-15.25900,16.54100
9.9816,219243,-0.03540,0.02490,1.04590,-3.78400,-13.85500,15.93000
9.9816,219253,-0.05176,0.01904,1.04736,-3.23500,-13.55000,15.32000
10.0133,219263,-0.02832,0.01611,1.05371,-4.57800,-13.42800,15.68600
10.0133,219273,-0.02393,0.02051,1.04663,-4.82200,-15.01500,15.74700
10.0133,219283,-0.04272,0.01685,1.05298,-4.33300,-15.80800,17.27300
10.0252,219293,-0.03638,0.01758,1.05176,-4.08900,-14.83200,15.93000
10.0294,219303,-0.04639,0.02368,1.04932,-3.66200,-14.58700,16.17400
10.0470,219313,-0.02246,0.02832,1.04175,-4.88300,-13.42800,15.19800
10.0470,219323,-0.04517,0.00146,1.05444,-4.76100,-14.16000,16.35700
10.0615,219333,-0.03491,0.02588,1.04468,-3.23500,-13.18400,15.50300
10.0889,219343,-0.02539,0.04126,1.03735,-3.66200,-12.81700,14.58700
10.0889,219353,-0.04272,0.01318,1.05005,-3.90600,-14.03800,15.80800
10.1120,219363,-0.04395,0.02637,1.05054,-5.00500,-14.58700,16.60200
10.1120,219373,-0.03174,0.01343,1.05396,-2.99100,-14.09900,15.13700
10.1120,219383,-0.04175,0.02466,1.05029,-4.27200,-14.64800,15.74700
10.1264,219393,-0.02441,0.02539,1.03540,-4.21100,-14.40400,16.35700
10.1409,219403,-0.02515,0.02612,1.02759,-3.96700,-13.67200,15.38100
10.1427,219413,-0.02856,0.02466,1.03320,-4.27200,-14.70900,15.93000
10.1813,219423,-0.02954,0.01880,1.03540,-3.72300,-13.67200,15.68600
10.1813,219433,-0.03809,0.03198,1.04956,-4.27200,-14.64800,16.78500
10.1813,219443,-0.02954,0.01953,1.04492,-3.90600,-14.34300,15.50300
10.2047,219453,-0.03979,0.02295,1.04443,-3.47900,-13.61100,15.62500
10.2047,219463,-0.04004,0.02026,1.04761,-3.78400,-14.58700,16.23500
10.2408,219510,-0.02368,0.02124,1.05103,-5.43200,-14.03800,16.17400
10.2408,219511,-0.02368,0.02124,1.05103,-5.43200,-14.03800,16.17400
10.2408,219512,-0.02368,0.02124,1.05103,-5.43200,-14.03800,16.17400
10.2408,219514,-0.02368,0.02124,1.05103,-5.43200,-14.03800,16.17400
10.2408,219515,-0.02368,0.02124,1.05103,-4.02800,-14.28200,15.86900
10.2601,219523,-0.03979,0.02124,1.04126,-4.33300,-14.77100,16.35700
10.2686,219533,-0.02539,0.01294,1.03882,-4.51700,-13.97700,16.35700
10.2733,219543,-0.03931,0.01562,1.05103,-4.45600,-12.51200,15.07600
10.2846,219553,-0.02344,0.01929,1.05371,-4.45600,-13.97700,15.62500
10.3245,219563,-0.02222,0.02368,1.04663,-3.41800,-13.73300,15.38100
10.3245,219573,-0.03882,0.00464,1.06006,-4.51700,-15.01500,16.96800
10.3257,219583,-0.03516,0.01953,1.06104,-4.63900,-13.55000,15.19800
10.3273,219593,-0.01782,0.03296,1.05176,-3.72300,-13.61100,15.38100
10.3375,219603,-0.03174,0.03467,1.03735,-3.41800,-13.91600,15.93000
10.3575,219613,-0.03931,0.01465,1.04639,-4.88300,-14.40400,16.47900
10.3601,219623,-0.03906,0.01221,1.06128,-4.45600,-14.34300,15.68600
10.3691,219633,-0.03369,0.02490,1.04565,-3.84500,-14.58700,16.47900
10.3876,219643,-0.03125,0.02563,1.04980,-4.08900,-13.91600,15.44200
10.3876,219653,-0.03931,0.00952,1.04614,-3.66200,-13.73300,16.17400
10.4074,219663,-0.03418,0.02344,1.05029,-4.27200,-14.34300,15.74700
10.4200,219673,-0.04321,0.02295,1.04077,-4.21100,-13.61100,15.44200
10.4200,219683,-0.01611,0.01416,1.04614,-4.15000,-14.58700,16.47900
10.4385,219693,-0.03735,0.02246,1.04590,-3.96700,-14.34300,16.23500
10.4385,219703,-0.05103,0.01978,1.04614,-3.90600,-13.42800,14.77100
10.4489,219713,-0.03857,0.01050,1.03662,-3.78400,-14.64800,15.99100
10.4591,219723,-0.03394,0.02588,1.02759,-4.21100,-14.83200,16.66300
10.4740,219733,-0.02881,0.02393,1.03418,-3.84500,-14.09900,15.99100
10.4740,219743,-0.03394,0.04590,1.04956,-4.08900,-14.40400,17.27300
10.4895,219753,-0.02319,0.02295,1.03271,-4.39500,-13.79400,16.05200
10.5060,219763,-0.02954,0.00659,1.05029,-3.66200,-13.67200,15.19800
10.5080,219773,-0.03516,0.01416,1.04688,-3.17400,-14.22100,16.41800
10.5221,219783,-0.03516,0.00952,1.04883,-4.57800,-14.03800,16.17400
10.5221,219793,-0.03638,0.00171,1.04492,-3.84500,-13.61100,15.25900
10.5382,219803,-0.04419,0.02222,1.04883,-4.33300,-14.46500,16.35700
10.5382,219813,-0.03320,0.02075,1.03589,-4.33300,-13.42800,14.52600
10.5541,219823,-0.02856,0.01831,1.05591,-3.84500,-13.85500,14.89300
10.5700,219833,-0.04028,0.01562,1.05273,-4.33300,-14.52600,17.15100
10.5743,219843,-0.03931,0.01392,1.05493,-3.90600,-12.93900,15.13700
10.5861,219853,-0.05420,0.03345,1.05713,-3.66200,-14.28200,14.83200
10.5933,219863,-0.03931,0.01807,1.04346,-4.15000,-13.85500,15.19800
10.6044,219873,-0.02588,0.03052,1.04370,-4.57800,-13.91600,15.74700
10.6238,219883,-0.03809,0.02246,1.04663,-3.96700,-13.73300,15.32000
10.6238,219893,-0.02637,0.03418,1.04834,-4.76100,-14.46500,15.80800
10.6405,219903,-0.03418,0.03003,1.03735,-4.76100,-13.85500,15.25900
10.6506,219913,-0.03076,0.02393,1.03882,-4.15000,-14.40400,15.86900
10.6534,219923,-0.02710,0.01904,1.04932,-4.27200,-13.97700,15.19800
10.6667,219933,-0.04639,0.01147,1.04346,-4.02800,-14.40400,15.44200
10.6816,219943,-0.03931,0.02319,1.04150,-3.66200,-14.16000,15.99100
10.6857,219953,-0.03760,0.02295,1.06543,-4.63900,-15.01500,16.78500
10.7034,219963,-0.04590,0.02319,1.03931,-4.63900,-13.24500,14.40400
10.7034,219973,-0.03052,0.01782,1.04956,-4.63900,-14.77100,16.47900
10.7220,219983,-0.04004,0.01147,1.04736,-3.90600,-13.06200,15.74700
10.7220,219993,-0.02344,0.01831,1.04150,-4.27200,-14.77100,17.02900
10.7302,220003,-0.04199,0.00586,1.05811,-4.70000,-14.58700,16.05200
10.7464,220013,-0.02612,0.03052,1.03882,-4.15000,-14.09900,15.68600
10.7464,220023,-0.03271,0.03125,1.04907,-4.08900,-14.46500,16.41800
10.7621,220033,-0.02319,0.03638,1.03687,-3.96700,-13.91600,15.86900
10.7780,220043,-0.02490,0.03198,1.03979,-4.51700,-14.28200,16.11300
10.7946,220053,-0.05127,0.01489,1.05005,-3.78400,-14.52600,15.80800
10.8106,220063,-0.03198,0.01685,1.05737,-5.00500,-14.89300,16.47900
10.8106,220073,-0.03296,0.02930,1.04736,-3.84500,-14.46500,15.99100
10.8285,220083,-0.03418,0.02832,1.04590,-4.15000,-14.28200,15.62500
10.8285,220093,-0.02197,0.02148,1.05347,-4.15000,-14.46500,16.47900
10.8285,220103,-0.01782,0.02026,1.05225,-4.21100,-13.18400,15.56400
10.8425,220113,-0.04150,0.02441,1.03906,-5.55400,-14.16000,16.05200
10.8586,220123,-0.04883,0.02246,1.06055,-4.45600,-14.22100,16.54100
10.8614,220133,-0.02856,0.01343,1.04736,-3.96700,-14.52600,16.11300
10.8740,220143,-0.04102,0.02563,1.04395,-4.21100,-14.95400,16.54100
10.8898,220153,-0.03882,0.02002,1.05200,-4.27200,-14.52600,16.90700
10.8898,220163,-0.03564,0.02393,1.04297,-4.08900,-14.03800,15.56400
10.9056,220173,-0.03516,0.03662,1.03931,-3.78400,-13.67200,15.50300
10.9168,220183,-0.04883,0.01855,1.05640,-4.21100,-13.48900,15.62500
10.9271,220193,-0.02954,0.00171,1.04980,-4.15000,-15.01500,16.60200
10.9361,220203,-0.03589,0.01807,1.05640,-4.70000,-15.38100,17.63900
10.9523,220213,-0.04468,0.01733,1.05493,-4.57800,-13.73300,15.93000
10.9523,220223,-0.03638,0.00781,1.05029,-4.21100,-13.18400,15.44200
10.9741,220233,-0.04346,0.03540,1.04565,-5.00500,-14.34300,16.66300
10.9872,220243,-0.04297,0.02222,1.04688,-4.21100,-13.61100,15.19800
10.9872,220253,-0.04370,0.02124,1.04712,-3.84500,-13.42800,15.19800
11.0002,220263,-0.02344,0.01807,1.04224,-3.96700,-13.61100,15.86900
11.0163,220273,-0.02466,0.02466,1.04053,-5.12700,-14.58700,16.11300
11.0250,220283,-0.02148,0.02466,1.04053,-4.02800,-14.09900,16.17400
11.0342,220293,-0.03174,0.02075,1.03442,-4.82200,-15.25900,16.90700
11.0342,220303,-0.02783,0.01074,1.05640,-4.27200,-14.28200,16.84600
11.0494,220313,-0.04150,0.01978,1.04419,-3.96700,-14.77100,16.11300
11.0494,220323,-0.03906,0.01514,1.04932,-4.21100,-14.83200,17.70000
11.0643,220333,-0.03516,0.01147,1.04834,-4.08900,-14.95400,16.35700
11.0742,220343,-0.02759,0.02832,1.04810,-4.21100,-15.38100,16.60200
11.0830,220353,-0.03906,0.02954,1.05493,-5.00500,-14.89300,16.78500
11.1615,220363,-0.03198,0.02344,1.02417,-4.02800,-14.22100,15.62500
11.1615,220373,-0.04199,0.01367,1.04541,-5.00500,-15.32000,17.76100
11.1890,220383,-0.02563,0.02563,1.04443,-3.54000,-12.93900,15.01500
11.1890,220393,-0.03076,0.02832,1.04053,-3.96700,-13.55000,14.03800
11.1890,220403,-0.03638,0.02856,1.04810,-4.76100,-14.34300,15.99100
11.2079,220413,-0.04932,0.01489,1.05347,-3.78400,-14.70900,16.35700
11.2079,220423,-0.03394,0.02954,1.03540,-4.27200,-13.73300,15.68600
11.2079,220433,-0.03174,0.02026,1.06470,-4.76100,-14.22100,15.56400
11.2079,220443,-0.04370,0.03052,1.04443,-4.45600,-13.91600,15.38100
11.2079,220453,-0.03564,0.01978,1.04370,-4.70000,-13.85500,15.86900
11.2079,220463,-0.04932,0.02686,1.04297,-3.60100,-13.42800,15.25900
11.2101,220473,-0.03296,0.00635,1.04956,-4.63900,-13.85500,15.74700
11.2400,220483,-0.03564,0.02783,1.04370,-4.82200,-14.09900,15.80800
11.2400,220493,-0.03369,0.02612,1.04761,-4.02800,-14.77100,15.62500
11.2400,220503,-0.03271,0.00928,1.05444,-4.02800,-14.58700,16.54100
11.2400,220513,-0.04077,0.02051,1.06592,-4.51700,-14.83200,17.09000
11.2563,220523,-0.03687,0.01123,1.04321,-4.15000,-14.22100,15.01500
11.2676,220533,-0.03223,0.01562,1.03955,-4.76100,-14.16000,16.72400
11.2746,220543,-0.03638,0.03491,1.05469,-3.66200,-14.40400,16.35700
11.2887,220553,-0.03833,0.02734,1.02026,-4.33300,-13.42800,15.44200
11.2887,220563,-0.03027,0.01343,1.07080,-4.45600,-15.19800,16.47900
11.3051,220573,-0.02417,0.01001,1.05176,-3.78400,-14.95400,16.54100
11.3051,220583,-0.02832,0.02100,1.05371,-4.27200,-13.67200,15.32000
11.3210,220593,-0.04346,0.02148,1.03711,-4.51700,-14.77100,16.35700
11.3472,220603,-0.03174,0.02197,1.07104,-4.82200,-15.13700,17.27300
11.3472,220613,-0.02832,0.01489,1.03662,-3.90600,-13.67200,16.11300
11.3530,220623,-0.03638,0.02710,1.04956,-3.96700,-15.44200,16.90700
11.3713,220633,-0.04126,0.00391,1.05493,-4.33300,-15.32000,16.78500
11.3768,220643,-0.03931,0.01782,1.04688,-4.27200,-13.55000,14.89300
11.3849,220653,-0.02466,0.03345,1.04102,-4.27200,-14.16000,15.99100
11.3849,220663,-0.04297,0.03247,1.03809,-4.21100,-15.01500,16.47900
11.4085,220673,-0.02295,0.02734,1.04175,-4.39500,-14.58700,16.66300
11.4233,220683,-0.03687,0.01831,1.05493,-4.02800,-13.97700,15.86900
11.4416,220693,-0.02832,0.01855,1.02905,-4.02800,-14.52600,16.78500
11.4416,220703,-0.04443,0.03198,1.04907,-4.82200,-13.97700,15.80800
11.4517,220713,-0.02979,0.02197,1.03735,-4.08900,-14.09900,16.60200
11.4593,220723,-0.03394,0.02295,1.03564,-4.02800,-13.36700,15.19800
11.4678,220733,-0.03198,0.01880,1.05176,-3.84500,-14.34300,16.47900
11.4793,220743,-0.02954,0.01562,1.05615,-4.21100,-14.03800,15.86900
11.4952,220753,-0.04224,0.00659,1.04956,-3.05200,-13.36700,15.19800
11.4982,220763,-0.03516,0.02930,1.05835,-3.90600,-13.61100,15.74700
11.5111,220773,-0.04126,0.01782,1.04346,-3.90600,-14.64800,16.23500
11.5219,220783,-0.03345,0.02856,1.05054,-3.84500,-13.97700,16.41800
11.5315,220793,-0.03760,0.00830,1.04639,-4.08900,-14.52600,16.23500
11.5487,220803,-0.01733,0.02930,1.04053,-3.96700,-13.67200,15.93000
11.5506,220813,-0.02588,0.03418,1.03955,-3.35700,-14.03800,15.62500
11.5592,220823,-0.02295,0.04126,1.04883,-4.39500,-14.46500,15.99100
11.5592,220833,-0.02051,0.02075,1.04028,-4.39500,-14.52600,16.11300
11.5816,220843,-0.03296,0.03418,1.03760,-4.02800,-14.83200,16.54100
11.5901,220853,-0.03931,0.01758,1.04517,-4.27200,-14.58700,15.68600
11.5924,220863,-0.04419,0.01538,1.05713,-4.15000,-14.58700,16.41800
11.6085,220873,-0.03833,0.02197,1.03735,-3.78400,-15.32000,15.86900
11.6196,220883,-0.04297,0.02466,1.02930,-4.27200,-14.22100,16.60200
11.6258,220893,-0.03369,0.02246,1.05103,-4.27200,-14.16000,16.35700
11.6383,220903,-0.03613,0.01489,1.04004,-3.47900,-13.00000,14.34300
11.6542,220913,-0.03540,0.02002,1.03394,-4.63900,-13.91600,16.29600
11.6554,220923,-0.04932,0.01855,1.03955,-5.12700,-14.89300,17.02900
11.6554,220933,-0.04883,0.01733,1.05151,-3.72300,-14.89300,15.80800
11.6903,220943,-0.03516,0.02197,1.04907,-4.39500,-14.09900,15.99100
11.6903,220953,-0.02319,0.01978,1.05762,-4.02800,-14.77100,15.86900
11.6939,220963,-0.04785,0.00830,1.04468,-4.70000,-14.46500,15.68600
11.7033,220973,-0.01758,0.02075,1.05127,-4.08900,-14.52600,16.17400
11.7192,220983,-0.03320,0.01367,1.05273,-3.47900,-13.36700,14.64800
11.7390,220993,-0.02661,0.04199,1.04980,-4.76100,-14.46500,16.78500
11.7390,221003,-0.03979,0.01904,1.04980,-3.96700,-14.89300,16.96800
11.7516,221013,-0.04077,0.00879,1.05005,-3.90600,-13.67200,15.50300
11.7516,221023,-0.02637,0.02417,1.04126,-4.02800,-14.52600,15.74700
11.7675,221033,-0.04395,0.00879,1.05396,-3.90600,-14.89300,16.78500
11.7753,221043,-0.04053,0.02441,1.05176,-4.63900,-15.07600,16.60200
11.7833,221053,-0.04321,0.01538,1.07007,-4.15000,-14.70900,16.29600
11.7833,221063,-0.04663,0.02808,1.04370,-4.08900,-13.91600,16.29600
11.8093,221073,-0.04126,0.00781,1.06445,-3.66200,-12.63400,14.89300
11.8169,221083,-0.05005,0.02051,1.06030,-4.39500,-14.46500,16.11300
11.8169,221093,-0.03320,0.01514,1.04175,-3.78400,-14.03800,16.47900
11.8305,221103,-0.02319,0.02490,1.04053,-4.33300,-13.91600,15.68600
11.8469,221113,-0.03833,0.01782,1.05347,-3.78400,-13.12300,14.64800
11.8630,221123,-0.03394,0.02197,1.05371,-4.39500,-15.13700,16.41800
11.8630,221133,-0.03809,0.00879,1.05640,-4.57800,-12.39000,14.03800
11.8780,221143,-0.04517,0.01074,1.04468,-3.17400,-12.87800,15.44200
11.8780,221153,-0.04199,0.03003,1.04419,-4.82200,-14.77100,16.05200
11.8939,221163,-0.03369,0.01978,1.04614,-3.54000,-13.36700,14.64800
11.9132,221173,-0.02344,0.03296,1.03394,-4.33300,-17.21200,18.18800
11.9172,221183,-0.01978,0.03003,1.05054,-4.21100,-14.28200,16.17400
11.9260,221193,-0.03955,0.02222,1.04565,-4.08900,-14.70900,15.62500
11.9368,221203,-0.03442,0.02051,1.05200,-3.78400,-14.95400,15.50300
11.9677,221213,-0.03857,0.01782,1.04858,-4.08900,-14.03800,16.35700
11.9677,221223,-0.04297,0.01904,1.04590,-4.15000,-13.67200,15.50300
11.9828,221233,-0.03564,0.01660,1.05469,-4.82200,-14.28200,17.15100
11.9828,221243,-0.03882,0.00659,1.04932,-4.27200,-13.73300,15.99100
11.9898,221253,-0.03174,0.02124,1.04858,-4.21100,-15.44200,17.76100
11.9898,221263,-0.02686,0.02441,1.05859,-3.78400,-13.67200,15.38100
12.0089,221273,-0.02832,0.01807,1.05151,-3.66200,-13.30600,14.95400
12.0089,221283,-0.03613,0.01636,1.04956,-4.15000,-12.81700,15.13700
12.0218,221293,-0.03735,0.01416,1.04858,-4.08900,-13.97700,15.99100
12.0378,221303,-0.04077,0.02124,1.06079,-4.63900,-15.13700,17.27300
12.0538,221313,-0.03589,0.02466,1.04834,-3.54000,-14.52600,15.56400
12.0594,221323,-0.04346,0.00757,1.05151,-4.27200,-13.97700,15.50300
12.0594,221333,-0.02930,0.03271,1.04541,-3.90600,-14.70900,15.68600
12.0756,221343,-0.03125,0.03247,1.04468,-5.00500,-15.19800,17.63900
12.0926,221353,-0.03174,0.02856,1.05054,-4.02800,-14.09900,15.93000
12.0968,221363,-0.04517,0.01514,1.06079,-3.66200,-13.06200,15.19800
12.1045,221373,-0.02954,0.01978,1.05273,-4.27200,-13.18400,14.40400
12.1178,221383,-0.03247,0.02173,1.05713,-4.88300,-14.95400,17.63900
12.1178,221393,-0.03052,0.02148,1.03369,-4.70000,-14.09900,16.29600
12.1338,221403,-0.03247,0.00854,1.03760,-3.96700,-13.36700,15.32000
12.1519,221413,-0.03613,0.01831,1.04346,-3.47900,-14.28200,16.05200
12.1519,221423,-0.03638,0.00146,1.04761,-3.60100,-14.77100,16.66300
12.1746,221433,-0.03076,0.01562,1.03687,-5.12700,-14.16000,15.56400
12.1839,221443,-0.04321,0.02319,1.04810,-3.72300,-13.85500,16.05200
12.1947,221453,-0.02734,0.02612,1.04517,-3.96700,-14.03800,15.38100
12.2032,221463,-0.02710,0.03516,1.03906,-4.33300,-13.42800,15.32000
12.2469,221510,-0.04102,0.02832,1.05273,-4.94400,-14.03800,16.41800
12.2469,221512,-0.04102,0.02832,1.05273,-4.94400,-14.03800,16.41800
12.2469,221513,-0.04102,0.02832,1.05273,-4.94400,-14.03800,16.41800
12.2469,221515,-0.03784,0.02124,1.05176,-4.94400,-14.34300,16.78500
12.2469,221516,-0.03784,0.02124,1.05176,-4.94400,-14.34300,16.78500
12.2606,221523,-0.01831,0.03320,1.04028,-3.29600,-13.48900,14.77100
12.2606,221533,-0.03687,0.02319,1.04980,-4.94400,-14.03800,16.66300
12.2767,221543,-0.02466,0.02734,1.05664,-4.76100,-14.77100,16.05200
12.2767,221553,-0.04028,0.02246,1.04956,-3.90600,-14.40400,15.80800
12.2927,221563,-0.03516,0.01392,1.06030,-4.15000,-13.79400,15.56400
12.3093,221573,-0.03027,0.02246,1.05200,-3.72300,-13.91600,16.23500
12.3190,221583,-0.03467,0.01953,1.04468,-4.21100,-14.34300,15.86900
12.3250,221593,-0.04150,0.02466,1.03857,-4.33300,-14.52600,15.32000
12.3414,221603,-0.01685,0.01270,1.04663,-3.35700,-14.16000,15.50300
12.3515,221613,-0.03247,0.02783,1.02612,-4.82200,-14.77100,15.68600
12.3755,221623,-0.03394,0.02148,1.04614,-3.41800,-13.61100,14.89300
12.3760,221633,-0.04053,0.01416,1.05469,-4.57800,-14.28200,16.47900
12.3774,221643,-0.03223,0.02393,1.04053,-3.66200,-13.91600,16.41800
12.3877,221653,-0.03516,0.02979,1.04932,-4.33300,-13.61100,15.93000
12.3877,221663,-0.04614,0.01880,1.04590,-3.66200,-13.61100,15.50300
12.4042,221673,-0.02026,0.02344,1.04102,-4.27200,-13.73300,15.74700
12.4219,221683,-0.03931,0.02734,1.03931,-3.47900,-13.85500,15.13700
12.4219,221693,-0.04248,0.01880,1.04321,-3.60100,-14.46500,15.93000
12.4359,221703,-0.04614,0.02856,1.06006,-4.21100,-14.89300,15.86900
12.4530,221713,-0.02637,0.02271,1.03076,-3.41800,-13.48900,15.25900
12.4696,221723,-0.04761,0.01465,1.03735,-3.66200,-13.91600,15.38100
12.4696,221733,-0.02344,0.02026,1.04565,-3.29600,-14.40400,16.72400
12.4765,221743,-0.02881,0.01099,1.05737,-2.68600,-14.22100,15.80800
12.4843,221753,-0.02344,0.02197,1.05371,-4.70000,-15.13700,17.21200
12.5003,221763,-0.05298,0.00732,1.05688,-4.51700,-13.67200,14.83200
12.5094,221773,-0.03296,0.01611,1.05200,-4.51700,-13.61100,15.93000
12.5167,221783,-0.03906,0.02222,1.04004,-3.47900,-13.42800,15.80800
12.5360,221793,-0.03979,0.01978,1.04663,-4.08900,-13.85500,15.62500
12.5743,221803,-0.03833,0.03418,1.03931,-4.15000,-14.34300,16.11300
12.5769,221813,-0.03979,0.01465,1.04932,-3.72300,-14.83200,16.11300
12.5769,221823,-0.03857,0.01953,1.05444,-3.84500,-12.93900,15.13700
12.5769,221833,-0.03223,0.01660,1.04395,-4.51700,-14.70900,15.80800
12.5769,221843,-0.02710,0.02368,1.05713,-3.90600,-13.42800,15.62500
12.5981,221853,-0.03760,0.02612,1.04272,-4.21100,-14.03800,15.99100
12.5981,221863,-0.02368,0.01807,1.03369,-3.90600,-14.03800,15.68600
12.5981,221873,-0.02319,0.01636,1.05518,-3.96700,-14.22100,16.05200
12.6183,221883,-0.03394,0.02002,1.03979,-3.90600,-15.44200,16.72400
12.6291,221893,-0.03540,0.02588,1.05396,-4.02800,-13.30600,16.47900
12.6390,221903,-0.02979,0.02124,1.04199,-4.21100,-14.89300,16.05200
12.6514,221913,-0.04565,0.01074,1.04297,-4.27200,-14.03800,16.05200
12.6626,221923,-0.05273,0.00879,1.06348,-3.72300,-14.52600,16.41800
12.6800,221933,-0.02466,0.02979,1.05396,-4.39500,-13.97700,15.93000
12.6800,221943,-0.02441,0.01880,1.04419,-4.08900,-13.12300,15.07600
12.6891,221953,-0.03296,0.01904,1.04834,-4.63900,-14.70900,16.29600
12.6991,221963,-0.03809,0.02100,1.04761,-3.90600,-14.46500,16.11300
12.7070,221973,-0.03735,0.01587,1.04370,-4.08900,-12.81700,14.89300
12.7070,221983,-0.03003,0.03394,1.03174,-3.78400,-14.22100,15.56400
12.7257,221993,-0.02856,0.01807,1.04150,-4.45600,-15.38100,16.90700
12.7394,222003,-0.04614,0.01831,1.05200,-3.60100,-14.58700,16.90700
12.7420,222013,-0.02734,0.03735,1.03735,-4.51700,-13.55000,16.17400
12.7776,222023,-0.03564,0.02856,1.05615,-4.27200,-15.19800,17.09000
12.7776,222033,-0.04688,0.02808,1.04663,-5.00500,-14.70900,16.60200
12.7776,222043,-0.03198,0.02686,1.05029,-4.33300,-14.09900,16.47900
12.7925,222053,-0.03442,0.01929,1.05811,-3.96700,-13.42800,15.74700
12.7937,222063,-0.02295,0.03320,1.04468,-5.31000,-14.77100,16.84600
12.8105,222073,-0.03491,0.02759,1.05518,-3.60100,-14.34300,15.25900
12.8171,222083,-0.03589,0.01685,1.03833,-5.12700,-14.83200,15.93000
12.8331,222093,-0.03003,0.01758,1.06152,-4.45600,-14.34300,16.47900
12.8331,222103,-0.03662,0.02539,1.04785,-3.96700,-14.16000,16.60200
12.8492,222113,-0.04346,0.01392,1.05981,-2.93000,-14.28200,15.93000
12.8768,222123,-0.02124,0.01831,1.03735,-3.90600,-13.42800,15.93000
12.8768,222133,-0.04102,0.02124,1.05908,-3.90600,-13.55000,15.32000
12.8778,222143,-0.02954,0.01392,1.04028,-4.33300,-13.79400,15.93000
12.8974,222153,-0.03784,0.01953,1.05664,-4.45600,-14.34300,16.47900
12.8974,222163,-0.05566,0.02832,1.04956,-3.47900,-12.81700,15.38100
12.9132,222173,-0.03833,0.02271,1.04272,-4.27200,-13.42800,14.64800
12.9189,222183,-0.04492,0.02539,1.03955,-5.61500,-14.22100,15.44200
12.9455,222193,-0.02271,0.02686,1.05200,-5.43200,-14.22100,15.80800
12.9455,222203,-0.02637,0.02002,1.05493,-3.35700,-13.91600,16.23500
12.9455,222213,-0.04834,0.01343,1.05981,-4.08900,-13.73300,15.38100
12.9631,222223,-0.03760,0.02319,1.04077,-3.72300,-12.87800,15.19800
12.9797,222233,-0.04810,-0.00562,1.07202,-3.78400,-14.95400,16.17400
12.9797,222243,-0.04712,0.02954,1.05640,-4.63900,-14.70900,16.60200
12.9934,222253,-0.03833,0.01489,1.06323,-4.39500,-13.79400,15.13700
12.9934,222263,-0.03003,0.03320,1.04150,-4.15000,-13.79400,15.56400
13.0253,222273,-0.03931,0.01782,1.06909,-4.51700,-14.09900,14.34300
13.0259,222283,-0.03833,0.02368,1.04956,-4.33300,-14.16000,15.62500
13.0275,222293,-0.03296,0.02246,1.04053,-3.84500,-14.03800,15.80800
13.0311,222303,-0.03320,0.01343,1.04248,-3.47900,-13.67200,16.72400
13.0467,222313,-0.02808,0.02075,1.02856,-4.57800,-13.79400,14.64800
13.0588,222323,-0.04541,0.01636,1.03516,-4.33300,-14.09900,15.93000
13.0781,222333,-0.04517,0.01318,1.03345,-4.39500,-13.67200,16.41800
13.0781,222343,-0.05273,0.01709,1.04541,-3.66200,-14.03800,16.29600
13.0894,222353,-0.04224,0.02368,1.06396,-4.33300,-14.95400,16.60200
13.0894,222363,-0.02466,0.01807,1.05005,-3.54000,-15.13700,17.21200
13.1053,222373,-0.05103,0.00708,1.05347,-3.90600,-14.34300,15.62500
13.1136,222383,-0.02441,0.02393,1.04199,-3.96700,-14.40400,15.50300
13.1212,222393,-0.03345,0.01196,1.05322,-4.76100,-13.97700,14.95400
13.1370,222403,-0.02563,0.01880,1.04663,-4.76100,-13.79400,15.19800
13.1482,222413,-0.03442,0.02173,1.04688,-3.96700,-13.73300,15.32000
13.1596,222423,-0.03662,0.01074,1.04858,-3.90600,-13.97700,15.86900
13.1685,222433,-0.03906,0.00269,1.04517,-3.84500,-13.73300,15.93000
13.1846,222443,-0.03540,0.01709,1.02637,-4.21100,-13.97700,15.74700
13.1846,222453,-0.03345,0.01562,1.04224,-4.08900,-13.12300,15.13700
13.2012,222463,-0.02856,0.00806,1.04761,-3.66200,-13.55000,15.44200
13.2087,222473,-0.03003,0.04028,1.05273,-4.02800,-14.16000,16.05200
13.2172,222483,-0.03809,0.01733,1.05469,-3.96700,-14.52600,15.68600
13.2172,222493,-0.03833,0.02051,1.04199,-4.15000,-13.91600,16.29600
13.2330,222503,-0.04565,0.02710,1.05688,-4.21100,-14.70900,16.47900
13.2508,222513,-0.03491,0.02539,1.04590,-3.96700,-14.70900,16.66300
13.2508,222523,-0.03833,0.02686,1.04126,-4.21100,-14.64800,16.41800
13.2668,222533,-0.01904,0.03613,1.02808,-4.51700,-14.16000,15.44200
13.2812,222543,-0.03955,0.00659,1.04004,-4.15000,-13.48900,15.19800
13.2812,222553,-0.03320,0.00879,1.04785,-4.27200,-14.03800,16.17400
13.2973,222563,-0.06909,0.01270,1.04883,-3.90600,-14.52600,15.74700
13.3078,222573,-0.00879,0.01831,1.04883,-3.47900,-13.79400,14.95400
13.3133,222583,-0.03198,0.01270,1.05493,-4.08900,-14.22100,16.17400
13.3292,222593,-0.02710,0.02319,1.06128,-4.39500,-14.58700,16.47900
13.3292,222603,-0.05688,0.02686,1.03027,-3.66200,-14.83200,15.68600
13.3451,222613,-0.03174,0.01611,1.05615,-3.90600,-15.19800,15.80800
13.3451,222623,-0.03833,0.03516,1.04297,-4.33300,-15.50300,16.78500
13.3611,222633,-0.02686,0.01685,1.04736,-4.33300,-15.13700,16.41800
13.3892,222643,-0.03442,0.02441,1.05151,-4.21100,-14.09900,15.32000
13.3892,222653,-0.00952,0.02075,1.04883,-4.76100,-15.32000,17.09000
13.3929,222663,-0.03198,0.02100,1.02686,-4.76100,-15.32000,15.80800
13.4089,222673,-0.03784,0.01025,1.03955,-3.84500,-14.70900,16.23500
13.4089,222683,-0.02832,0.01245,1.03809,-3.78400,-14.09900,15.19800
13.4250,222693,-0.03809,0.02002,1.05176,-4.02800,-14.16000,15.74700
13.4409,222703,-0.03613,0.01660,1.04590,-2.99100,-14.28200,16.23500
13.4409,222713,-0.03467,0.01514,1.03882,-3.60100,-13.42800,14.70900
13.4587,222723,-0.03418,0.01953,1.06055,-4.15000,-13.97700,15.74700
13.4734,222733,-0.04761,0.01953,1.05298,-3.78400,-15.13700,16.41800
13.4791,222743,-0.02930,0.02124,1.05200,-4.15000,-14.95400,15.74700
13.4891,222753,-0.03662,0.01660,1.05737,-3.84500,-15.01500,15.62500
13.4922,222763,-0.04810,0.01587,1.06714,-3.66200,-14.16000,14.77100
13.5065,222773,-0.03223,0.03125,1.04053,-5.00500,-15.93000,15.68600
13.5100,222783,-0.04492,0.01025,1.05469,-5.12700,-15.07600,15.38100
13.5234,222793,-0.01782,0.02612,1.04639,-3.23500,-14.16000,15.50300
13.5372,222803,-0.04150,0.00415,1.05103,-4.08900,-15.13700,16.05200
13.5372,222813,-0.03809,0.03296,1.06665,-5.49300,-15.80800,17.02900
13.5529,222823,-0.03052,0.01904,1.04150,-6.40900,-15.56400,16.78500
13.5686,222833,-0.02319,0.02197,1.04907,-4.33300,-15.38100,16.05200
13.5846,222843,-0.04321,0.00415,1.05835,-3.66200,-14.95400,15.01500
13.5846,222853,-0.02271,0.01807,1.06128,-3.60100,-15.93000,15.44200
13.5846,222863,-0.04395,0.01831,1.04834,-3.66200,-16.35700,15.74700
13.6184,222873,-0.04028,0.02832,1.06250,-4.08900,-15.93000,16.17400
13.6326,222883,-0.04810,0.01978,1.04565,-4.21100,-17.33400,16.54100
13.6326,222893,-0.03931,0.02124,1.04541,-5.06600,-15.19800,14.77100
13.6487,222903,-0.02563,0.03125,1.03833,-4.08900,-15.62500,15.68600
13.6487,222913,-0.02588,0.01929,1.03760,-4.82200,-17.02900,15.93000
13.6712,222923,-0.02417,0.01465,1.03467,-4.27200,-16.90700,16.23500
13.6712,222933,-0.01880,0.00659,1.04175,-4.02800,-16.78500,16.05200
13.6807,222943,-0.02759,0.03271,1.03394,-3.72300,-16.60200,15.56400
13.6968,222953,-0.02979,0.02026,1.03516,-4.15000,-16.72400,15.50300
13.6968,222963,-0.03979,0.03003,1.03711,-3.96700,-16.41800,15.44200
13.7082,222973,-0.04468,0.01343,1.05737,-3.66200,-18.37200,16.96800
13.7127,222983,-0.03271,0.00562,1.04932,-3.54000,-17.76100,16.54100
13.7288,222993,-0.02710,0.02246,1.05713,-3.96700,-17.51700,15.32000
13.7288,223003,-0.02441,0.02222,1.03711,-3.96700,-17.15100,15.44200
13.7452,223013,-0.02515,0.01978,1.04224,-4.15000,-17.21200,15.44200
13.7613,223023,-0.00342,0.02271,1.04175,-3.66200,-17.82200,15.01500
13.7613,223033,-0.00854,0.03320,1.05225,-4.21100,-18.31100,15.25900
13.7774,223043,-0.01440,0.01831,1.03955,-4.08900,-18.00500,16.35700
13.7935,223053,-0.02222,0.01611,1.04590,-4.57800,-18.92100,17.09000
13.8106,223063,-0.02734,0.02368,1.06030,-3.96700,-17.94400,15.07600
13.8117,223073,-0.02661,0.03296,1.05127,-3.72300,-19.10400,17.27300
13.8174,223083,-0.02954,0.03882,1.04614,-4.76100,-18.86000,17.57800
13.8249,223093,-0.02417,0.02271,1.05249,-4.21100,-18.49400,16.41800
13.8249,223103,-0.02539,0.02710,1.04907,-4.88300,-18.86000,18.43300
13.8408,223113,-0.02222,0.01196,1.04858,-4.08900,-18.43300,16.60200
13.8586,223123,-0.00464,0.03076,1.05493,-4.27200,-17.82200,14.89300
13.8586,223133,-0.01001,0.02783,1.05005,-4.15000,-16.60200,14.34300
13.8752,223143,-0.00562,0.01221,1.05884,-4.08900,-18.73800,17.33400
13.8884,223153,-0.00757,0.03394,1.04443,-4.21100,-17.15100,15.19800
13.8915,223163,-0.01538,0.02393,1.04736,-3.54000,-15.86900,13.67200
13.9073,223173,-0.02271,0.00854,1.04712,-4.57800,-17.33400,15.50300
13.9205,223183,-0.01050,0.02197,1.04004,-4.08900,-16.84600,15.86900
13.9205,223193,-0.01367,0.01343,1.04736,-5.06600,-19.04300,18.73800
13.9381,223203,-0.01733,0.01733,1.03857,-4.70000,-17.33400,16.05200
13.9422,223213,-0.02661,0.00098,1.04370,-3.96700,-18.00500,16.66300
13.9523,223223,-0.01831,0.03687,1.03857,-4.15000,-16.35700,15.74700
13.9685,223233,-0.00879,0.01001,1.05493,-3.66200,-15.62500,15.32000
13.9798,223243,-0.02417,0.02051,1.05615,-3.84500,-14.83200,14.46500
14.0003,223253,-0.00122,0.00977,1.05518,-3.96700,-17.82200,17.94400
14.0003,223263,-0.01245,0.01660,1.04663,-4.39500,-16.84600,16.60200
14.0003,223273,-0.01562,0.01440,1.05420,-4.45600,-14.89300,15.32000
14.0161,223283,-0.01733,0.01929,1.02734,-3.90600,-15.74700,16.41800
14.0161,223293,-0.00342,0.02246,1.04370,-4.02800,-13.06200,13.97700
14.0325,223303,-0.00586,0.01538,1.04419,-4.39500,-13.67200,15.01500
14.0484,223313,0.00098,0.02637,1.05396,-3.35700,-14.40400,15.93000
14.0484,223323,-0.01660,0.02417,1.03442,-4.15000,-14.58700,16.96800
14.0656,223333,0.00366,0.01978,1.05542,-3.60100,-13.91600,16.78500
14.0656,223343,0.00049,0.02979,1.04712,-5.00500,-15.25900,19.04300
14.0857,223353,-0.01074,0.01855,1.04419,-2.99100,-11.65800,14.58700
14.0968,223363,-0.01465,0.02295,1.04932,-3.35700,-11.23000,14.46500
14.1145,223373,-0.02271,0.02417,1.05493,-4.51700,-12.02400,15.01500
14.1160,223383,-0.01196,0.02466,1.03613,-4.33300,-13.12300,18.55500
14.1301,223393,-0.01392,0.02319,1.03638,-4.70000,-13.24500,17.76100
14.1301,223403,0.00610,0.01611,1.04639,-4.21100,-11.29200,15.25900
14.1452,223413,-0.00366,0.01636,1.04541,-4.21100,-10.43700,16.47900
14.1609,223423,-0.00195,0.03442,1.04590,-4.08900,-10.92500,16.41800
14.1609,223433,-0.01147,0.03125,1.04321,-4.70000,-11.84100,17.51700
14.1772,223443,-0.00757,0.02954,1.04712,-5.18800,-11.65800,18.31100
14.1810,223453,-0.01172,0.02588,1.03906,-3.96700,-10.07100,16.41800
14.2293,223463,-0.01636,0.00659,1.04443,-4.27200,-8.60600,15.50300
14.2408,223511,-0.01880,0.00513,1.05493,-4.88300,-9.09400,16.78500
14.2408,223513,-0.01880,0.00513,1.05493,-4.88300,-9.09400,16.78500
14.2408,223514,-0.01587,0.01050,1.04761,-3.96700,-9.15500,16.41800
14.2408,223516,-0.01587,0.01050,1.04761,-3.96700,-9.15500,16.41800
14.2408,223517,-0.01587,0.01050,1.04761,-3.96700,-9.15500,16.41800
14.2580,223523,-0.00879,0.02490,1.05127,-4.63900,-9.15500,16.54100
14.2580,223533,-0.01758,0.00366,1.05957,-4.94400,-10.62000,18.25000
14.2756,223543,-0.01953,0.02051,1.03027,-3.90600,-8.97200,17.02900
14.2894,223553,-0.02783,0.01025,1.05298,-4.21100,-8.17900,15.99100
14.2894,223563,-0.03174,0.01294,1.04077,-4.57800,-8.72800,17.33400
14.3056,223573,-0.02197,0.01904,1.04395,-3.78400,-7.44600,15.93000
14.3056,223583,-0.02222,0.01196,1.05200,-4.08900,-7.26300,16.84600
14.3281,223593,-0.03613,0.02808,1.04565,-3.96700,-9.39900,18.06600
14.3374,223603,-0.02539,0.02075,1.05127,-3.54000,-6.89700,16.35700
14.3534,223613,-0.02686,0.01807,1.04907,-3.72300,-6.04200,14.16000
14.3589,223623,-0.04126,0.01929,1.04590,-3.96700,-8.30100,15.19800
14.3697,223633,-0.03418,0.03564,1.05444,-4.88300,-7.99600,16.41800
14.3697,223643,-0.02612,0.02832,1.05103,-3.54000,-7.08000,15.38100
14.3863,223653,-0.04199,0.01733,1.04590,-4.15000,-8.66700,16.11300
14.4023,223663,-0.01685,0.02588,1.04224,-4.82200,-8.97200,18.25000
14.4023,223673,-0.04883,0.02686,1.04346,-4.27200,-7.69000,15.32000
14.4186,223683,-0.04150,0.02979,1.04614,-3.96700,-7.62900,15.13700
14.4346,223693,-0.03662,0.02637,1.03784,-4.45600,-8.85000,16.54100
14.4416,223703,-0.04956,0.01489,1.05054,-4.27200,-8.36200,15.38100
14.4521,223713,-0.04297,0.03052,1.05103,-4.45600,-8.24000,15.80800
14.4521,223723,-0.03979,0.04053,1.04443,-5.00500,-10.43700,17.15100
14.4681,223733,-0.05151,0.02344,1.05005,-3.96700,-7.26300,14.58700
14.4704,223743,-0.05249,0.01685,1.05396,-3.96700,-8.85000,14.83200
14.4817,223753,-0.04150,0.01465,1.05298,-4.51700,-9.64400,14.95400
14.5142,223763,-0.05762,0.00903,1.04517,-3.29600,-9.82700,16.54100
14.5142,223773,-0.05933,0.01953,1.04004,-4.27200,-10.49800,16.11300
14.5142,223783,-0.05884,0.03125,1.05151,-4.63900,-9.94900,15.62500
14.5294,223793,-0.06763,0.00977,1.04443,-4.39500,-10.86400,16.60200
14.5309,223803,-0.04102,0.01660,1.04248,-3.96700,-10.07100,15.01500
14.5457,223813,-0.04272,0.02930,1.04443,-3.72300,-11.23000,15.68600
14.5457,223823,-0.03955,0.02246,1.03979,-5.24900,-12.39000,16.96800
14.5683,223833,-0.04517,0.01782,1.04419,-4.39500,-13.42800,17.09000
14.5775,223843,-0.05493,0.01440,1.04346,-4.15000,-12.81700,16.66300
14.5823,223853,-0.06299,0.02002,1.04517,-3.90600,-13.00000,16.60200
14.5937,223863,-0.05835,0.01099,1.03711,-4.39500,-13.55000,16.84600
14.6099,223873,-0.06055,0.00781,1.03955,-4.45600,-13.36700,16.96800
14.6099,223883,-0.07251,-0.00049,1.06543,-4.02800,-13.79400,16.66300
14.6263,223893,-0.06226,0.01099,1.03833,-4.27200,-14.28200,15.93000
14.6316,223903,-0.04004,0.01929,1.03613,-4.27200,-14.95400,17.63900
14.6450,223913,-0.06689,0.02417,1.04956,-4.51700,-13.91600,15.01500
14.6586,223923,-0.05981,0.02515,1.06128,-3.66200,-14.34300,15.13700
14.6586,223933,-0.05176,0.02026,1.04932,-3.47900,-14.58700,15.32000
14.6803,223943,-0.05396,0.01978,1.04639,-3.96700,-16.17400,17.88300
14.6907,223953,-0.05664,0.00854,1.03711,-4.08900,-14.58700,15.93000
14.6976,223963,-0.04932,0.01270,1.05176,-3.90600,-15.99100,15.86900
14.7067,223973,-0.06006,0.03564,1.03833,-3.60100,-14.89300,15.44200
14.7186,223983,-0.05713,0.03027,1.03662,-3.60100,-16.72400,16.35700
14.7268,223993,-0.05444,0.02344,1.03809,-4.33300,-17.27300,16.78500
14.7393,224003,-0.06299,0.02979,1.04688,-3.78400,-16.29600,16.05200
14.7393,224013,-0.06323,0.02026,1.04248,-4.82200,-18.00500,18.92100
14.7555,224023,-0.05811,0.01562,1.04590,-4.51700,-17.27300,16.35700
14.7555,224033,-0.05615,0.02051,1.04834,-3.47900,-17.15100,15.86900
14.7736,224043,-0.05493,0.00366,1.05029,-4.94400,-18.98200,18.12700
14.7940,224053,-0.04590,0.01782,1.03955,-4.08900,-16.41800,14.46500
14.7996,224063,-0.05859,0.01782,1.05249,-4.33300,-17.76100,15.99100
14.8110,224073,-0.04907,0.01245,1.06250,-3.84500,-19.22600,17.63900
14.8196,224083,-0.03857,0.02368,1.04150,-3.96700,-19.53100,17.63900
14.8196,224093,-0.03833,0.01172,1.03979,-4.51700,-18.43300,16.05200
14.8355,224103,-0.03125,0.02393,1.02979,-3.96700,-17.33400,15.50300
14.8515,224113,-0.03052,0.01831,1.05347,-4.57800,-19.04300,16.41800
14.8527,224123,-0.04932,0.02979,1.05493,-4.39500,-18.79900,17.15100
14.8673,224133,-0.03833,0.02197,1.04199,-3.72300,-19.71400,17.27300
14.8673,224143,-0.03955,0.01929,1.05176,-4.27200,-17.70000,16.29600
14.8903,224153,-0.04272,0.00977,1.04907,-4.02800,-16.66300,14.77100
14.8989,224163,-0.04639,0.01660,1.04004,-4.02800,-17.57800,15.56400
14.9154,224173,-0.05664,0.02100,1.06006,-3.54000,-17.76100,14.89300
14.9249,224183,-0.02905,0.03003,1.05273,-3.41800,-17.33400,14.70900
14.9309,224193,-0.04932,0.02515,1.07227,-3.84500,-18.73800,16.96800
14.9430,224203,-0.03931,0.02100,1.04932,-4.88300,-20.50800,18.61600
14.9489,224213,-0.02783,0.03442,1.05176,-4.02800,-18.12700,15.44200
14.9543,224223,-0.02734,0.03687,1.04370,-4.76100,-20.08100,17.27300
14.9604,224233,-0.02856,0.02490,1.04639,-3.54000,-16.60200,14.22100
14.9764,224243,-0.03320,0.02686,1.04321,-4.63900,-17.88300,15.62500
14.9822,224253,-0.03271,0.02173,1.04395,-4.21100,-19.04300,16.17400
15.0046,224263,-0.04517,0.01807,1.05322,-3.78400,-16.29600,13.91600
15.0093,224273,-0.04248,0.02100,1.04517,-4.39500,-18.31100,15.07600
15.0256,224283,-0.03394,0.01392,1.05737,-4.21100,-17.63900,15.01500
15.0256,224293,-0.02808,0.02368,1.03271,-3.90600,-18.55500,15.93000
15.0402,224303,-0.02832,0.02148,1.04858,-5.00500,-18.55500,17.51700
15.0508,224313,-0.02563,0.02588,1.03979,-4.27200,-19.47000,17.51700
15.0569,224323,-0.02441,0.02515,1.04883,-3.96700,-18.12700,15.56400
15.0569,224333,-0.02710,0.02368,1.04517,-3.78400,-18.00500,15.13700
15.0879,224343,-0.01953,0.02100,1.03662,-4.76100,-19.22600,16.90700
15.0879,224353,-0.02759,0.01855,1.04980,-5.18800,-18.79900,16.54100
15.0879,224363,-0.03760,0.00977,1.03247,-2.62500,-16.35700,14.09900
15.1360,224373,-0.02661,0.02563,1.05420,-4.08900,-15.50300,14.22100
15.1360,224383,-0.02148,0.01782,1.05908,-4.33300,-17.21200,15.86900
15.1360,224393,-0.02710,0.02197,1.04175,-4.63900,-17.21200,15.80800
15.1360,224403,-0.02002,0.03516,1.05420,-4.27200,-17.09000,16.96800
15.1524,224413,-0.02759,0.01904,1.04883,-4.45600,-17.63900,16.84600
15.1524,224423,0.00757,0.01685,1.03052,-5.37100,-18.06600,18.67700
15.1702,224433,-0.03052,0.02319,1.05273,-4.57800,-16.84600,16.29600
15.1855,224443,-0.02295,0.03174,1.06616,-3.78400,-16.54100,16.35700
15.1855,224453,-0.03467,0.02295,1.04736,-4.33300,-16.78500,16.60200
15.2003,224463,-0.02856,0.01904,1.05713,-4.63900,-15.19800,14.52600
15.2003,224473,-0.01660,0.02075,1.04761,-4.33300,-17.82200,17.76100
15.2165,224483,-0.02393,0.03125,1.06323,-3.72300,-16.84600,16.47900
15.2324,224493,-0.02222,0.00732,1.04785,-4.82200,-16.05200,16.54100
15.2324,224503,-0.01660,0.03174,1.03418,-4.27200,-15.19800,16.41800
15.2483,224513,-0.02881,0.02124,1.03076,-4.63900,-15.13700,16.17400
15.2483,224523,-0.01001,0.02734,1.05664,-4.51700,-16.05200,17.09000
15.2653,224533,-0.01831,0.03491,1.04858,-4.82200,-15.74700,17.15100
15.2760,224543,-0.02686,0.01343,1.04004,-4.39500,-14.52600,17.21200
15.2870,224553,-0.02637,0.01807,1.06128,-4.21100,-14.09900,16.05200
15.2966,224563,-0.01855,0.01343,1.04980,-4.02800,-14.34300,16.96800
15.2966,224573,-0.01831,0.02905,1.04932,-4.15000,-15.19800,16.96800
15.3127,224583,-0.02661,0.03809,1.04834,-5.06600,-14.16000,15.99100
15.3288,224593,-0.01978,0.03491,1.03735,-4.08900,-15.19800,16.96800
15.3288,224603,-0.03198,0.02344,1.05298,-4.57800,-14.70900,17.15100
15.3448,224613,-0.01733,0.01929,1.04272,-4.02800,-13.06200,16.11300
15.3606,224623,-0.01636,0.01416,1.05957,-5.18800,-15.93000,19.59200
15.3606,224633,-0.01807,0.02686,1.03467,-4.15000,-12.75600,15.80800
15.3825,224643,-0.01904,0.02612,1.03271,-5.37100,-17.27300,20.69100
15.3825,224653,-0.01440,0.02271,1.03564,-5.43200,-14.64800,18.12700
15.3938,224663,-0.03027,0.00439,1.05688,-3.90600,-12.69500,16.54100
15.4274,224673,-0.02661,0.02612,1.04028,-3.96700,-11.78000,15.01500
15.4274,224683,-0.02905,0.02905,1.04590,-5.06600,-15.80800,18.92100
15.4404,224693,-0.03198,0.00952,1.05762,-4.08900,-13.24500,16.66300
15.4404,224703,-0.03076,0.02734,1.05664,-4.33300,-13.61100,17.51700
15.4563,224713,-0.01807,0.01416,1.06592,-4.08900,-12.75600,15.93000
15.4563,224723,-0.01636,0.01196,1.05298,-3.84500,-10.92500,14.34300
15.4722,224733,-0.02148,0.00537,1.04248,-4.51700,-12.26800,15.56400
15.4722,224743,-0.00342,0.02734,1.03857,-4.21100,-12.57300,15.80800
15.4920,224753,-0.02319,0.01807,1.04370,-4.45600,-12.51200,16.78500
15.5041,224763,-0.03418,0.01562,1.04028,-4.33300,-13.24500,16.54100
15.5041,224773,-0.03223,0.01953,1.03735,-3.54000,-11.29200,15.38100
15.5365,224783,-0.04199,0.01758,1.03931,-4.82200,-12.63400,16.84600
15.5365,224793,-0.04761,0.01611,1.05737,-4.15000,-12.57300,16.90700
15.5365,224803,-0.03540,0.00977,1.03979,-4.08900,-12.69500,17.39500
15.5510,224813,-0.02466,0.03027,1.05811,-3.96700,-13.36700,17.51700
15.5510,224823,-0.01514,0.02783,1.06372,-3.66200,-12.57300,16.23500
15.5669,224833,-0.01318,0.01929,1.05786,-4.15000,-11.65800,16.05200
15.5669,224843,-0.01733,0.01904,1.05322,-5.00500,-12.81700,15.99100
15.5836,224853,-0.00488,0.02441,1.04199,-4.02800,-11.41400,15.38100
15.5987,224863,-0.01880,0.03296,1.04004,-4.08900,-12.32900,16.84600
15.5987,224873,-0.03418,0.01880,1.03882,-4.21100,-10.98600,15.32000
15.6146,224883,-0.03052,0.02661,1.03125,-4.27200,-12.39000,17.02900
15.6328,224893,-0.02466,0.03125,1.05029,-4.27200,-12.75600,17.70000
15.6328,224903,-0.02808,0.03052,1.05200,-3.90600,-11.59700,16.41800
15.6487,224913,-0.03638,0.02344,1.03052,-4.94400,-13.67200,18.25000
15.6487,224923,-0.03027,0.02246,1.04810,-3.54000,-12.75600,17.39500
15.6670,224933,-0.03955,0.02563,1.04907,-4.08900,-12.45100,17.02900
15.6831,224943,-0.03564,0.03638,1.05322,-4.15000,-11.71900,16.17400
15.6831,224953,-0.03125,0.02637,1.04639,-4.94400,-12.08500,17.39500
15.6943,224963,-0.03516,0.01831,1.06030,-4.45600,-10.19300,14.52600
15.6943,224973,-0.01221,0.01978,1.04468,-4.51700,-11.29200,15.86900
15.7110,224983,-0.02417,0.01709,1.04639,-4.94400,-10.86400,16.11300
15.7292,224993,-0.03271,0.01001,1.05420,-4.63900,-11.84100,18.18800
15.7432,225003,-0.03540,0.01587,1.04468,-4.82200,-10.55900,16.23500
15.7432,225013,-0.03979,0.00195,1.00977,-4.88300,-9.15500,15.32000
15.7594,225023,-0.04126,0.02002,1.02441,-4.57800,-11.90200,19.16500
15.7594,225033,-0.05322,0.01587,1.04956,-4.08900,-10.31500,17.82200
15.7753,225043,-0.05518,0.01733,1.05811,-3.90600,-9.33800,16.47900
15.7831,225053,-0.05859,0.01074,1.07129,-2.93000,-9.03300,15.56400
15.7926,225063,-0.05664,0.01709,1.08447,-3.72300,-9.27700,14.83200
15.8092,225073,-0.04956,0.02100,1.06128,-4.02800,-9.46000,15.68600
15.8092,225083,-0.03711,0.01807,1.06445,-4.57800,-10.19300,16.47900
15.8233,225093,-0.04004,0.00928,1.06982,-4.02800,-9.88800,16.35700
15.8427,225103,-0.04517,0.02930,1.04468,-5.12700,-8.42300,14.28200
15.8427,225113,-0.03857,0.01440,1.03735,-4.08900,-7.32400,14.70900
15.8577,225123,-0.02393,0.01270,1.02515,-4.33300,-8.05700,15.19800
15.8722,225133,-0.04224,0.02808,1.02734,-4.45600,-11.53600,20.32500
15.8722,225143,-0.05322,0.02686,1.05469,-3.90600,-9.21600,17.21200
15.8919,225153,-0.05273,0.02393,1.06299,-4.21100,-8.72800,17.02900
15.8919,225163,-0.04346,0.00977,1.05298,-4.08900,-8.72800,16.72400
15.9030,225173,-0.06787,0.03003,1.06567,-4.45600,-10.13200,18.00500
15.9188,225183,-0.05786,0.04224,1.06055,-3.96700,-8.05700,15.62500
15.9188,225193,-0.04688,0.02808,1.05176,-3.66200,-7.38500,14.64800
15.9517,225203,-0.03662,0.02881,1.05640,-4.88300,-8.97200,17.02900
15.9517,225213,-0.05981,0.01074,1.03271,-4.94400,-11.41400,18.49400
15.9517,225223,-0.04907,0.02026,1.04956,-4.88300,-9.94900,17.09000
15.9677,225233,-0.04883,0.02881,1.04297,-4.27200,-7.56800,15.62500
15.9677,225243,-0.03613,0.02319,1.03320,-3.90600,-8.54500,16.11300
15.9911,225253,-0.06348,0.02563,1.04175,-3.60100,-8.30100,15.99100
16.0039,225263,-0.06616,0.01733,1.03784,-4.70000,-10.01000,17.27300
16.0039,225273,-0.06519,0.02734,1.03662,-4.45600,-10.01000,17.21200
16.0469,225283,-0.06421,0.00635,1.03979,-3.60100,-8.72800,14.34300
16.0469,225293,-0.07764,0.02173,1.02710,-3.60100,-9.70500,14.89300
16.0469,225303,-0.07227,0.01904,1.04565,-4.33300,-11.71900,16.78500
16.0469,225313,-0.06787,0.01392,1.05371,-3.60100,-11.35300,15.19800
16.0758,225323,-0.05933,0.01172,1.05859,-3.47900,-10.43700,14.16000
16.0758,225333,-0.05688,0.01587,1.05469,-4.94400,-13.79400,17.82200
16.0873,225343,-0.05469,0.01709,1.05200,-4.76100,-12.81700,16.72400
16.0873,225353,-0.05127,0.02368,1.03076,-4.94400,-14.22100,18.98200
16.1039,225363,-0.04150,0.02148,1.03784,-4.27200,-11.53600,16.29600
16.1084,225373,-0.04883,0.01270,1.02588,-4.70000,-12.20700,17.57800
16.1269,225383,-0.08301,0.01025,1.03882,-4.57800,-13.55000,17.70000
16.1281,225393,-0.07300,0.02173,1.03442,-4.33300,-13.73300,17.70000
16.1463,225403,-0.07080,0.02661,1.04858,-3.66200,-13.67200,16.66300
16.1463,225413,-0.08130,0.01294,1.06714,-3.05200,-13.06200,15.19800
16.1609,225423,-0.07129,0.01514,1.04614,-3.84500,-14.40400,15.32000
16.1763,225433,-0.07471,0.02051,1.06934,-4.02800,-13.79400,14.34300
16.1763,225443,-0.05591,0.03198,1.04395,-3.84500,-15.68600,16.66300
16.1854,225453,-0.06421,0.03296,1.03809,-4.94400,-18.06600,19.65300
16.1909,225463,-0.07007,0.03467,1.04858,-4.51700,-16.78500,18.06600
16.2335,225473,-0.05884,0.01782,1.02295,-4.76100,-15.62500,16.66300
16.2541,225514,-0.07495,0.02881,1.04736,-4.02800,-16.23500,15.56400
16.2541,225515,-0.07495,0.02881,1.04736,-4.02800,-16.23500,15.56400
16.2541,225517,-0.07495,0.02881,1.04736,-4.02800,-16.23500,15.56400
16.2541,225518,-0.07495,0.02881,1.04736,-4.02800,-16.23500,15.56400
16.2541,225523,-0.06860,0.02515,1.04785,-3.47900,-16.17400,15.13700
16.2699,225533,-0.05981,0.02515,1.05005,-4.88300,-17.70000,16.60200
16.2699,225543,-0.06299,0.01978,1.04907,-4.21100,-18.37200,17.21200
16.2856,225553,-0.05176,0.02271,1.07153,-4.57800,-18.79900,17.27300
16.2856,225563,-0.05933,0.02002,1.07764,-4.45600,-16.66300,15.93000
16.3017,225573,-0.03979,0.02344,1.02002,-5.00500,-16.47900,15.74700
16.3337,225583,-0.04834,0.01074,0.98975,-5.37100,-15.19800,15.68600
16.3337,225593,-0.06519,0.02734,1.02417,-4.15000,-15.93000,16.41800
16.3337,225603,-0.07544,0.02588,1.02173,-3.84500,-17.09000,16.84600
16.3817,225613,-0.08252,0.01392,1.04370,-3.60100,-17.51700,16.72400
16.3831,225623,-0.09033,0.02417,1.06543,-4.45600,-19.71400,18.73800
16.3831,225633,-0.06543,0.01709,1.06445,-4.33300,-20.08100,18.12700
16.3831,225643,-0.06396,0.01660,1.05786,-4.76100,-18.67700,15.93000
16.3846,225653,-0.05811,0.01440,1.06860,-4.45600,-18.67700,15.80800
16.3980,225663,-0.01562,0.00659,1.06372,-4.08900,-17.39500,13.30600
16.3980,225673,-0.02515,0.02124,1.05225,-3.90600,-18.86000,16.05200
16.4140,225683,-0.01440,0.02271,1.03027,-3.54000,-17.27300,15.44200
16.4140,225693,-0.04810,0.01514,1.01831,-3.96700,-18.06600,17.39500
16.4298,225703,-0.03589,0.02710,1.03076,-3.78400,-16.05200,16.23500
16.4461,225713,-0.05688,0.00659,1.06201,-4.45600,-18.49400,18.73800
16.4461,225723,-0.06226,0.01123,1.05200,-4.51700,-16.23500,17.27300
16.4632,225733,-0.06396,0.02661,1.05127,-3.66200,-16.11300,16.23500
16.4779,225743,-0.06055,0.02246,1.04150,-4.15000,-15.93000,16.11300
16.4847,225753,-0.06299,0.02344,1.04932,-4.76100,-18.18800,17.27300
16.4941,225763,-0.07202,0.01880,1.03467,-4.33300,-16.84600,15.93000
16.4941,225773,-0.06958,0.02515,1.02124,-4.21100,-18.73800,17.33400
16.5121,225783,-0.04712,0.01562,1.03687,-4.27200,-19.77500,18.25000
16.5262,225793,-0.03223,0.01416,1.03516,-3.29600,-15.74700,14.40400
16.5298,225803,-0.02979,0.03223,1.05151,-3.41800,-19.04300,17.57800
16.5418,225813,-0.04346,0.02808,1.04468,-3.60100,-16.35700,15.25900
16.5578,225823,-0.02783,0.01318,1.06519,-4.21100,-16.72400,16.96800
16.5735,225833,-0.04663,0.01831,1.06226,-5.43200,-18.00500,19.47000
16.5735,225843,-0.05713,0.01074,1.04492,-4.21100,-15.74700,16.72400
16.5892,225853,-0.05762,0.00781,1.05151,-3.96700,-14.70900,14.77100
16.5892,225863,-0.04102,0.01562,1.05518,-3.23500,-13.79400,13.30600
16.6060,225873,-0.06348,0.02539,1.03369,-4.21100,-16.05200,16.54100
16.6215,225883,-0.04858,0.01953,1.04712,-3.05200,-14.03800,14.77100
16.6317,225893,-0.03491,0.01245,1.01587,-4.33300,-13.73300,14.89300
16.6385,225903,-0.03711,0.01123,1.05371,-3.47900,-14.64800,15.56400
16.6538,225913,-0.04712,0.01807,1.04492,-4.33300,-15.38100,17.76100
16.6538,225923,-0.05176,0.02563,1.05420,-4.15000,-14.40400,16.60200
16.6538,225933,-0.05176,0.02002,1.03003,-3.41800,-12.93900,15.01500
16.6697,225943,-0.04956,0.02271,1.03076,-3.78400,-13.24500,16.90700
16.6849,225953,-0.04712,0.01855,1.02905,-3.23500,-14.58700,17.39500
16.6973,225963,-0.05933,0.02173,1.03516,-2.80800,-13.85500,17.02900
16.7019,225973,-0.05542,0.02075,1.03271,-2.93000,-11.84100,14.52600
16.7181,225983,-0.04492,0.02319,1.03760,-2.80800,-13.12300,16.54100
16.7236,225993,-0.04370,0.03076,1.04102,-3.11300,-14.83200,17.09000
16.7388,226003,-0.02856,0.02393,1.05688,-3.41800,-13.85500,16.05200
16.7488,226013,-0.03394,0.03003,1.06470,-3.90600,-14.64800,18.61600
16.7651,226023,-0.02539,0.03027,1.05835,-3.11300,-11.35300,15.32000
16.7651,226033,-0.02319,0.03589,1.05664,-3.29600,-10.55900,15.50300
16.7851,226043,-0.03003,0.01978,1.06104,-3.96700,-11.84100,17.63900
16.7851,226053,-0.05078,0.01489,1.05664,-3.96700,-10.55900,17.70000
16.7991,226063,-0.06299,0.01660,1.03979,-5.00500,-10.37600,16.96800
16.8089,226073,-0.06421,0.02295,1.05200,-5.12700,-10.37600,16.66300
16.8200,226083,-0.05640,0.02490,1.05200,-4.39500,-10.86400,16.47900
16.8282,226093,-0.06030,0.01001,1.04077,-4.21100,-9.64400,15.56400
16.8282,226103,-0.07544,0.04102,1.04541,-4.21100,-11.53600,16.29600
16.8443,226113,-0.06152,0.02905,1.06958,-3.90600,-9.88800,14.70900
16.8604,226123,-0.05908,0.01221,1.05225,-3.84500,-10.49800,15.86900
16.8767,226133,-0.04346,0.03564,1.04199,-4.21100,-10.62000,16.23500
16.8767,226143,-0.04932,0.03076,1.04858,-3.47900,-8.78900,14.64800
16.8851,226153,-0.04175,0.03052,1.02759,-4.51700,-10.07100,16.29600
16.8939,226163,-0.04883,0.02246,1.04077,-4.21100,-9.39900,15.01500
16.9084,226173,-0.05029,0.03027,1.05786,-4.70000,-9.09400,15.68600
16.9245,226183,-0.06421,0.02734,1.05151,-5.00500,-9.88800,17.76100
16.9257,226193,-0.05225,0.01807,1.05396,-4.45600,-9.03300,16.60200
16.9342,226203,-0.06543,0.01489,1.05981,-5.43200,-9.52100,16.47900
16.9412,226213,-0.06128,0.02979,1.03931,-4.82200,-9.46000,16.41800
16.9718,226223,-0.05371,0.02637,1.02612,-5.37100,-9.09400,16.54100
16.9718,226233,-0.08032,0.03247,1.02979,-4.94400,-12.02400,18.49400
16.9718,226243,-0.08325,0.02100,1.02734,-4.39500,-10.86400,17.51700
16.9880,226253,-0.07861,0.02539,1.03174,-3.96700,-8.17900,14.89300
16.9880,226263,-0.07837,0.02441,1.02295,-4.08900,-8.60600,14.77100
17.0040,226273,-0.06030,0.02148,1.03076,-4.08900,-11.10800,17.94400
17.0122,226283,-0.06470,0.02563,1.02954,-3.90600,-9.88800,16.41800
17.0198,226293,-0.07178,0.02246,0.99878,-3.54000,-9.88800,16.41800
17.0382,226303,-0.06494,0.02173,1.02808,-2.62500,-8.72800,16.17400
17.0382,226313,-0.07373,0.02490,1.03149,-2.62500,-8.97200,16.60200
17.0517,226323,-0.07153,0.03296,1.06934,-2.19700,-8.97200,15.44200
17.0755,226333,-0.04395,0.03174,1.06128,-2.31900,-8.85000,15.80800
17.0841,226343,-0.06250,0.03320,1.07007,-3.54000,-10.19300,16.29600
17.0877,226353,-0.06787,0.02539,1.09180,-3.72300,-8.48400,14.89300
17.0993,226363,-0.05615,0.04297,1.08228,-5.12700,-9.88800,16.29600
17.1023,226373,-0.05444,0.04053,1.08081,-5.18800,-10.68100,16.72400
17.1164,226383,-0.07983,0.02295,1.05762,-4.82200,-8.97200,15.99100
17.1164,226393,-0.07202,0.02344,1.04199,-5.06600,-9.03300,15.86900
17.1411,226403,-0.06396,0.01660,1.03296,-5.43200,-9.76600,17.15100
17.1508,226413,-0.08228,0.03931,1.01245,-4.76100,-8.24000,16.17400
17.1508,226423,-0.07837,0.03589,1.02319,-5.18800,-10.31500,18.92100
17.1784,226433,-0.07690,0.02222,1.02734,-4.63900,-9.15500,17.57800
17.1784,226443,-0.09473,0.02393,1.02930,-4.39500,-9.76600,17.39500
17.1892,226453,-0.09253,0.02319,1.03955,-3.96700,-9.76600,16.35700
17.2002,226463,-0.11914,0.01514,1.03320,-3.72300,-9.52100,16.72400
17.2141,226473,-0.10059,0.01440,1.03857,-3.78400,-10.55900,16.17400
17.2141,226483,-0.08643,0.01685,1.06787,-3.66200,-10.62000,16.84600
17.2327,226493,-0.06763,0.02734,1.06006,-3.78400,-10.25400,14.89300
17.2360,226503,-0.05933,0.02100,1.07129,-5.31000,-12.93900,18.61600
17.2462,226513,-0.07300,0.01978,1.07764,-5.67600,-10.49800,15.19800
17.2585,226523,-0.07739,0.03516,1.07275,-4.82200,-9.09400,15.38100
17.2730,226533,-0.07251,0.02588,1.04907,-6.28700,-11.41400,18.73800
17.2730,226543,-0.07739,0.02490,1.00635,-6.10400,-11.23000,18.55500
17.2907,226553,-0.07837,0.01855,0.97485,-5.79800,-9.58300,18.31100
17.2968,226563,-0.10229,0.02954,0.99780,-4.15000,-9.15500,16.17400
17.3063,226573,-0.11646,0.01831,1.01709,-2.86900,-10.74200,17.45600
17.3063,226583,-0.09985,0.02319,1.00952,-2.31900,-10.25400,17.02900
17.3209,226593,-0.11670,0.03223,1.04077,-2.38000,-12.51200,18.67700
17.3437,226603,-0.10083,0.02319,1.08789,-2.19700,-10.74200,14.89300
17.3437,226613,-0.08813,0.03320,1.07031,-2.38000,-11.29200,15.93000
17.3529,226623,-0.08765,0.01709,1.09473,-2.74700,-11.47500,16.17400
17.3688,226633,-0.06055,0.03784,1.06592,-3.17400,-10.13200,15.13700
17.3688,226643,-0.06201,0.02881,1.06836,-4.02800,-11.04700,16.17400
17.3856,226653,-0.07544,0.01953,1.04468,-3.78400,-9.94900,15.07600
17.3856,226663,-0.09229,0.01880,1.03955,-4.33300,-10.43700,17.76100
17.4089,226673,-0.10815,0.02710,1.03540,-3.96700,-10.43700,18.67700
17.4171,226683,-0.12134,0.03491,1.05737,-5.06600,-10.62000,18.31100
17.4336,226693,-0.13794,0.03174,1.03394,-4.70000,-12.81700,18.86000
17.4336,226703,-0.12988,0.04468,1.04248,-3.47900,-9.88800,15.74700
17.4496,226713,-0.13281,0.03003,1.03735,-4.51700,-12.93900,16.66300
17.4496,226723,-0.11719,0.01611,1.03711,-4.27200,-12.81700,16.60200
17.4656,226733,-0.11719,0.03052,1.04956,-4.21100,-13.00000,16.17400
17.4856,226743,-0.09863,0.02222,1.06030,-4.15000,-12.75600,15.25900
17.4976,226753,-0.08350,0.01758,1.06445,-4.15000,-13.24500,16.29600
17.5128,226763,-0.08301,0.01221,1.06567,-4.33300,-11.29200,14.22100
17.5128,226773,-0.05298,0.02686,1.03955,-4.82200,-12.69500,16.60200
17.5128,226783,-0.08447,0.01587,1.04541,-4.15000,-10.07100,13.97700
17.5284,226793,-0.10010,-0.00073,1.05762,-5.18800,-12.20700,17.21200
17.5451,226803,-0.09741,0.02173,1.03833,-4.76100,-12.26800,17.33400
17.5451,226813,-0.10132,0.02856,1.05103,-4.51700,-10.74200,16.72400
17.5451,226823,-0.11646,0.02954,1.02417,-3.96700,-12.14600,16.41800
17.5765,226833,-0.12158,0.01318,1.04126,-4.21100,-12.93900,16.90700
17.5923,226843,-0.10205,0.02759,1.03174,-4.21100,-13.24500,16.47900
17.5923,226853,-0.09204,0.02710,1.04248,-4.21100,-13.18400,17.27300
17.5923,226863,-0.10645,0.03125,1.05444,-4.82200,-15.32000,18.55500
17.6089,226873,-0.09644,0.02222,1.05835,-4.45600,-13.48900,15.62500
17.6089,226883,-0.11133,0.00781,1.04907,-4.94400,-12.93900,16.41800
17.6249,226893,-0.10840,0.01855,1.03491,-4.94400,-13.67200,17.27300
17.6249,226903,-0.10742,0.00537,1.02856,-3.96700,-12.26800,15.80800
17.6406,226913,-0.10791,0.01538,1.01294,-4.21100,-13.97700,16.84600
17.6599,226923,-0.09985,0.02612,1.01465,-3.54000,-13.06200,15.99100
17.6727,226933,-0.10327,0.03198,1.02954,-3.72300,-14.28200,17.76100
17.6727,226943,-0.10596,0.01685,1.03345,-3.60100,-14.77100,18.00500
17.6886,226953,-0.11230,0.03125,1.07788,-3.78400,-15.68600,18.55500
17.6886,226963,-0.11377,0.03174,1.05786,-3.90600,-14.52600,16.72400
17.7045,226973,-0.11621,0.02490,1.06104,-3.84500,-13.55000,15.80800
17.7205,226983,-0.10815,0.00586,1.07251,-4.76100,-13.42800,15.68600
17.7230,226993,-0.08887,0.01123,1.05859,-4.51700,-14.22100,16.47900
17.7368,227003,-0.09277,0.01489,1.04956,-5.18800,-14.28200,17.09000
17.7504,227013,-0.07568,0.01514,1.04517,-4.88300,-14.22100,16.41800
17.7593,227023,-0.08008,0.03271,1.03882,-4.94400,-14.40400,16.47900
17.7693,227033,-0.09790,0.03394,1.02930,-5.18800,-14.16000,16.66300
17.7860,227043,-0.11426,0.02222,1.02832,-4.94400,-13.91600,16.78500
17.7860,227053,-0.11963,0.02124,1.04077,-4.70000,-14.09900,16.41800
17.7860,227063,-0.12671,0.02368,1.04150,-4.76100,-14.95400,17.70000
17.8135,227073,-0.13232,0.03857,1.05103,-4.33300,-15.32000,17.39500
17.8328,227083,-0.13379,0.04443,1.02783,-4.76100,-15.74700,17.39500
17.8328,227093,-0.12720,0.03296,1.02808,-4.33300,-14.70900,15.13700
17.8328,227103,-0.11597,0.02930,1.01953,-3.84500,-16.84600,15.93000
17.8486,227113,-0.09668,0.01001,1.02197,-3.41800,-16.90700,15.44200
17.8648,227123,-0.06958,0.03833,1.03491,-3.72300,-16.23500,16.05200
17.8970,227133,-0.07275,0.01978,1.05078,-4.08900,-16.35700,16.11300
17.8970,227143,-0.07983,0.01245,1.06299,-3.54000,-15.86900,15.86900
17.8970,227153,-0.08252,0.01880,1.03540,-4.33300,-15.01500,16.90700
17.8970,227163,-0.09082,0.00488,1.00854,-4.94400,-16.23500,18.61600
17.9130,227173,-0.11914,0.01587,1.02100,-3.96700,-14.70900,17.70000
17.9158,227183,-0.13623,0.01758,1.03931,-3.11300,-15.86900,17.82200
17.9289,227193,-0.14722,0.02686,1.05957,-2.80800,-17.51700,19.59200
17.9303,227203,-0.11719,0.02441,1.02930,-3.66200,-17.02900,17.45600
17.9449,227213,-0.12500,0.02710,1.02319,-3.90600,-18.25000,18.43300
17.9449,227223,-0.11084,0.03271,1.03979,-3.54000,-18.73800,19.34800
17.9610,227233,-0.09985,0.01196,1.05127,-3.66200,-18.00500,16.90700
17.9776,227243,-0.08618,0.02734,1.06592,-3.54000,-16.96800,16.47900
17.9945,227253,-0.08691,0.03320,1.07178,-3.47900,-18.49400,17.94400
18.0082,227263,-0.09082,0.02539,1.04956,-4.21100,-16.35700,15.32000
18.0092,227273,-0.09766,0.03198,1.07324,-3.41800,-17.33400,17.39500
18.0135,227283,-0.11182,0.02686,1.06787,-4.76100,-17.76100,18.00500
18.0251,227293,-0.10303,0.04370,1.06226,-5.24900,-17.39500,17.70000
18.0251,227303,-0.12524,0.03418,1.04517,-4.57800,-15.50300,16.72400
18.0410,227313,-0.12451,0.03589,1.05176,-5.43200,-15.99100,17.33400
18.0568,227323,-0.11865,0.02979,1.03296,-5.37100,-17.09000,17.09000
18.0660,227333,-0.12891,0.03027,1.03564,-5.24900,-17.82200,17.27300
18.0761,227343,-0.12476,0.03076,1.01636,-5.18800,-17.57800,16.41800
18.0888,227353,-0.08984,0.02148,1.03125,-4.51700,-18.67700,16.66300
18.0888,227363,-0.06860,0.03198,1.02930,-4.15000,-17.63900,15.86900
18.1047,227373,-0.07812,0.01562,1.04883,-4.08900,-18.25000,16.72400
18.1269,227383,-0.09229,0.02222,1.03442,-3.54000,-17.88300,16.60200
18.1269,227393,-0.07788,0.00781,1.04175,-4.02800,-18.92100,18.92100
18.1381,227403,-0.09180,0.02441,1.03394,-4.02800,-17.70000,18.00500
18.1381,227413,-0.10596,0.02539,1.03345,-4.15000,-16.96800,17.09000
18.1526,227423,-0.10400,0.01880,1.06616,-4.21100,-16.66300,17.63900
18.2009,227433,-0.11548,0.01538,1.04004,-3.23500,-15.25900,16.05200
18.2009,227443,-0.09180,0.01831,1.03491,-3.96700,-14.58700,14.58700
18.2170,227453,-0.10547,0.02246,1.02954,-3.84500,-16.96800,17.09000
18.2170,227463,-0.10132,0.01807,1.02881,-4.45600,-17.45600,17.57800
18.2170,227473,-0.08374,0.02466,1.03149,-3.47900,-16.60200,15.62500
18.2518,227514,-0.07690,0.02637,1.02417,-3.11300,-17.76100,18.25000
18.2538,227516,-0.07690,0.02637,1.02417,-3.11300,-17.76100,18.25000
18.2538,227517,-0.07690,0.02637,1.02417,-3.11300,-17.76100,18.25000
18.2545,227519,-0.09619,0.02466,1.04517,-3.54000,-16.35700,17.21200
18.2545,227523,-0.09619,0.02466,1.04517,-3.54000,-16.35700,17.21200
18.2650,227533,-0.09180,0.02734,1.03198,-3.35700,-16.11300,16.60200
18.2815,227543,-0.10840,0.02905,1.03882,-3.41800,-16.35700,17.51700
18.2876,227553,-0.09985,0.04370,1.02637,-2.68600,-15.56400,16.11300
18.2978,227563,-0.10522,0.02808,1.01099,-2.19700,-14.46500,14.83200
18.2978,227573,-0.08643,0.03589,1.01367,-2.44100,-16.17400,15.99100
18.3151,227583,-0.07788,0.03076,1.02490,-1.46500,-15.80800,15.38100
18.3297,227593,-0.08569,0.01929,1.02856,-2.19700,-16.90700,16.72400
18.3306,227603,-0.07153,0.02441,1.03247,-2.01400,-18.55500,17.51700
18.3457,227613,-0.07837,0.02002,1.04004,-0.79300,-16.41800,16.05200
18.3457,227623,-0.07935,0.02246,1.05493,-1.09900,-14.70900,15.13700
18.3931,227633,-0.08667,0.03906,1.05493,-1.22100,-16.11300,17.09000
18.3931,227643,-0.09521,0.03784,1.03784,-1.34300,-15.38100,16.78500
18.3931,227653,-0.09521,0.04395,1.04834,-1.28200,-16.84600,18.31100
18.4405,227663,-0.09692,0.03027,1.05200,-0.73200,-15.19800,16.60200
18.4405,227673,-0.09985,0.04395,1.04443,-0.54900,-14.83200,16.11300
18.4405,227683,-0.07593,0.03955,1.03735,-1.34300,-16.47900,16.96800
18.4405,227693,-0.08862,0.03882,1.04565,-0.48800,-14.95400,15.93000
18.4405,227703,-0.07959,0.03760,1.05298,-1.09900,-15.93000,16.90700
18.4474,227713,-0.09277,0.04053,1.04028,-0.79300,-14.77100,15.62500
18.5535,227723,-0.08130,0.04614,1.03833,-1.52600,-15.99100,17.39500
18.5571,227733,-0.09692,0.04590,1.06006,-1.40400,-14.95400,16.35700
18.5571,227743,-0.07251,0.04199,1.02588,-0.91600,-15.62500,17.45600
18.5571,227753,-0.10254,0.03491,1.08472,-0.79300,-14.28200,17.33400
18.5571,227763,-0.09546,0.03687,1.09888,0.61000,-12.45100,16.05200
18.5571,227773,-0.10059,0.03906,1.14697,0.36600,-13.48900,16.90700
18.5571,227783,-0.11548,0.05298,1.16016,0.36600,-10.86400,13.91600
18.5571,227793,-0.11108,0.03418,1.18970,-1.28200,-15.44200,19.40900
18.5571,227803,-0.11230,0.06348,1.21118,-1.89200,-13.42800,17.45600
18.5571,227813,-0.39429,0.01367,1.00146,-4.94400,-15.62500,15.07600
18.5571,227823,-0.17285,0.08276,1.25513,-4.08900,-12.57300,16.29600
18.5894,227833,-0.23877,0.05396,1.09521,-5.12700,-12.81700,14.64800
18.5894,227843,-0.08936,0.01758,1.25488,-5.43200,-12.14600,18.12700
18.5894,227853,0.08496,0.05078,1.12256,-4.94400,-9.21600,16.47900
18.6012,227863,-0.15503,0.02808,1.19849,-6.22600,-11.29200,16.72400
18.6337,227873,-0.13599,0.06201,1.16260,-4.94400,-8.17900,13.61100
18.6337,227883,-0.19214,0.03442,1.13306,-6.59200,-11.84100,16.66300
18.6337,227893,-0.09595,0.03369,1.15869,-6.28700,-9.46000,15.19800
18.6337,227903,-0.10864,0.01685,1.11938,-6.47000,-10.62000,16.78500
18.6487,227913,-0.07544,0.04956,1.11182,-7.01900,-9.58300,15.93000
18.6520,227923,-0.09619,0.01343,1.10400,-7.38500,-10.74200,17.33400
18.6674,227933,-0.08350,0.05127,1.06152,-7.62900,-10.13200,16.11300
18.6674,227943,-0.11450,0.04614,1.04736,-7.01900,-9.27700,15.99100
18.6884,227953,-0.10327,0.04834,1.03516,-7.08000,-10.43700,17.27300
18.6965,227963,-0.09839,0.03540,1.00537,-7.08000,-9.15500,15.13700
18.6965,227973,-0.07959,0.02319,0.99365,-6.47000,-7.93500,13.18400
18.7240,227983,-0.06934,0.02979,0.99463,-6.83600,-9.15500,14.83200
18.7281,227993,-0.04199,0.02393,0.98877,-6.83600,-9.88800,15.80800
18.7281,228003,-0.05664,0.01880,0.97583,-6.34800,-8.36200,14.28200
18.7440,228013,-0.04736,0.02759,0.96533,-6.95800,-8.66700,15.44200
18.7584,228023,-0.04565,0.03882,0.95312,-7.44600,-9.52100,17.45600
18.7599,228033,-0.05518,0.02271,0.94897,-6.28700,-9.15500,16.78500
18.7758,228043,-0.06055,0.03760,0.94678,-6.16500,-7.81200,16.29600
18.7888,228053,-0.06299,0.02539,0.94971,-5.61500,-8.24000,16.11300
18.7919,228063,-0.09253,0.01123,0.95850,-5.49300,-7.50700,15.74700
18.8106,228073,-0.07544,0.02075,0.94897,-5.67600,-9.82700,18.86000
18.8190,228083,-0.05298,0.02759,0.95459,-5.67600,-8.17900,15.86900
18.8238,228093,-0.08008,0.02051,1.00610,-5.18800,-9.03300,17.27300
18.8399,228103,-0.06567,0.02295,0.97095,-5.18800,-8.24000,16.84600
18.8399,228113,-0.07300,0.02222,0.99561,-5.73700,-9.52100,19.40900
18.8594,228123,-0.09741,0.02588,0.98560,-5.37100,-7.56800,18.31100
18.8720,228133,-0.09814,0.02637,0.99707,-5.98100,-8.60600,18.92100
18.8720,228143,-0.11597,0.03613,0.97876,-6.40900,-7.81200,17.02900
18.8892,228153,-0.12622,0.02002,0.98364,-5.31000,-7.56800,16.23500
18.8892,228163,-0.11450,0.01636,0.99463,-5.31000,-7.32400,16.17400
18.9199,228173,-0.11401,0.02856,1.00293,-5.24900,-6.59200,14.89300
18.9199,228183,-0.11792,0.02515,1.01855,-5.85900,-8.48400,17.15100
18.9199,228193,-0.10034,0.02246,1.00879,-5.37100,-8.05700,16.60200
18.9517,228203,-0.12183,0.03638,1.02954,-5.06600,-7.38500,16.05200
18.9517,228213,-0.10742,0.03613,1.06470,-4.70000,-7.75100,16.41800
18.9517,228223,-0.11792,0.03003,1.04565,-5.61500,-7.20200,15.80800
18.9674,228233,-0.10229,0.02661,1.05664,-5.92000,-6.22600,15.07600
18.9836,228243,-0.12598,0.02100,1.02637,-7.14100,-7.93500,18.18800
18.9897,228253,-0.13477,0.03491,1.03809,-5.73700,-5.00500,15.07600
18.9993,228263,-0.13794,0.01904,1.02734,-6.16500,-7.08000,16.17400
19.0150,228273,-0.12793,0.01953,1.04175,-5.92000,-7.26300,16.90700
19.0150,228283,-0.14038,0.02344,1.05298,-5.67600,-6.40900,15.80800
19.0469,228293,-0.11816,0.02856,1.03760,-6.34800,-8.11800,16.41800
19.0469,228303,-0.10376,0.02466,1.01855,-5.55400,-6.89700,14.95400
19.0469,228313,-0.08691,0.03076,1.03931,-5.98100,-8.54500,17.45600
19.0544,228323,-0.10522,0.02759,1.04346,-5.49300,-6.89700,15.86900
19.0779,228333,-0.10498,0.03174,1.04541,-5.85900,-5.98100,15.74700
19.0779,228343,-0.11182,0.02026,1.04712,-5.92000,-6.77500,16.47900
19.0965,228353,-0.12183,0.03882,1.04810,-6.16500,-7.38500,17.27300
19.1262,228363,-0.14453,0.03735,1.02612,-5.73700,-5.06600,16.11300
19.1262,228373,-0.12280,0.04004,1.02686,-6.10400,-6.34800,16.05200
19.1262,228383,-0.13306,0.03223,1.01538,-6.34800,-7.44600,17.33400
19.1262,228393,-0.12915,0.02490,1.02417,-5.61500,-7.38500,17.15100
19.1435,228403,-0.11670,0.03955,1.00684,-5.37100,-7.20200,16.05200
19.2216,228413,-0.11353,0.03320,1.01245,-5.49300,-6.53100,15.80800
19.2216,228423,-0.13184,0.03809,0.99536,-5.18800,-6.04200,16.05200
19.2216,228433,-0.11572,0.04712,0.99731,-5.00500,-7.14100,16.47900
19.2216,228443,-0.12085,0.02710,1.00781,-5.43200,-6.77500,17.09000
19.2216,228453,-0.12231,0.02588,0.98096,-5.61500,-6.83600,16.35700
19.2216,228463,-0.14136,0.03149,0.98071,-5.18800,-5.85900,15.56400
19.2216,228473,-0.15894,0.01465,0.97241,-4.82200,-5.98100,15.50300
19.2216,228483,-0.12354,0.02295,0.94604,-4.94400,-6.28700,15.86900
19.2216,228493,-0.13257,0.01367,0.94678,-4.45600,-6.53100,15.68600
19.2379,228503,-0.11987,0.00854,0.94482,-4.02800,-7.01900,16.47900
19.2379,228513,-0.11011,0.03027,0.93848,-3.41800,-7.69000,17.51700
19.2693,228523,-0.14673,0.00977,0.96533,-2.99100,-8.05700,18.00500
19.2693,228533,-0.13477,0.01636,0.95581,-2.44100,-7.32400,17.76100
19.2693,228543,-0.15234,0.03052,0.96997,-2.74700,-7.93500,17.63900
19.2901,228553,-0.13794,0.00854,0.97632,-2.19700,-8.24000,17.63900
19.3030,228563,-0.14697,0.01831,0.98633,-1.95300,-8.11800,17.39500
19.3176,228573,-0.02539,0.02661,0.95801,-2.44100,-3.11300,19.89700
19.3176,228583,-0.06909,0.02734,1.04248,-0.54900,-1.95300,18.92100
19.3176,228593,-0.34668,0.02954,0.98071,-1.16000,-13.73300,19.89700
19.3337,228603,-0.13843,0.02759,0.97656,-0.97700,-3.41800,16.47900
19.3501,228613,0.06128,-0.03613,0.85229,-1.58700,4.76100,16.60200
19.3595,228623,-0.28101,0.06250,1.14160,-1.70900,-3.05200,24.23100
19.3672,228633,-0.27051,-0.00098,1.04053,-1.64800,-4.63900,20.20300
19.3818,228643,-0.14868,0.03247,1.08862,-2.07500,-17.63900,21.36200
19.3975,228653,-0.32251,0.03491,0.98608,-1.70900,-14.40400,18.67700
19.3975,228663,-0.01099,-0.00342,1.00464,-2.07500,-10.25400,15.93000
19.3975,228673,-0.13428,0.00220,0.90771,-1.70900,-12.57300,20.69100
19.4135,228683,-0.13330,0.01172,0.96680,-0.79300,-7.32400,20.32500
19.4298,228693,-0.07910,0.00562,0.91455,0.18300,-6.47000,21.60600
19.4358,228703,-0.12769,-0.00562,0.93359,2.80800,-6.47000,22.46100
19.4483,228713,-0.17114,0.00854,0.94800,1.77000,-8.91100,25.14600
19.4615,228723,-0.21362,0.01978,1.01880,2.80800,-6.40900,23.98700
19.4717,228733,-0.20557,0.02100,0.99487,2.62500,-8.05700,23.80400
19.4803,228743,-0.21777,0.01685,1.03638,2.68600,-9.33800,24.17000
19.4889,228753,-0.21411,0.00342,1.02808,2.25800,-6.95800,20.63000
19.4992,228763,-0.20508,0.02759,1.03784,2.31900,-7.20200,21.24000
19.5093,228773,-0.20020,0.02026,1.03735,2.80800,-6.53100,20.26400
19.5278,228783,-0.20752,0.03540,1.05884,3.47900,-8.66700,20.75200
19.5278,228793,-0.21191,0.04321,1.09326,1.70900,-10.80300,24.59700
19.5391,228803,-0.19629,0.04907,1.11523,2.13600,-9.39900,23.13200
19.5422,228813,-0.22290,0.03662,1.11743,1.58700,-9.33800,22.70500
19.5547,228823,-0.21509,0.03882,1.13208,1.22100,-7.75100,21.30100
19.5756,228833,-0.24414,0.07446,1.10693,1.22100,-7.81200,21.66700
19.5756,228843,-0.23950,0.06128,1.14014,-0.42700,-7.38500,21.72900
19.5866,228853,-0.26294,0.06396,1.12842,-1.40400,-8.97200,21.91200
19.5908,228863,-0.26636,0.05200,1.12451,-1.28200,-9.52100,21.91200
19.6137,228873,-0.26074,0.05933,1.10449,-2.50200,-10.98600,22.52200
19.6184,228883,-0.27637,0.05127,1.10132,-3.47900,-10.80300,21.85100
19.6361,228893,-0.28296,0.05347,1.09961,-1.46500,-7.81200,17.88300
19.6501,228903,-0.26270,0.06396,1.09790,-2.74700,-10.31500,19.77500
19.6501,228913,-0.24829,0.06152,1.07300,-2.19700,-10.31500,18.37200
19.6823,228923,-0.23022,0.07031,1.08398,-2.19700,-8.48400,16.84600
19.6823,228933,-0.22949,0.04834,1.06152,-3.35700,-11.47500,19.83600
19.6823,228943,-0.22656,0.05835,1.04492,-3.78400,-11.41400,19.28700
19.6911,228953,-0.22803,0.04907,1.03247,-3.54000,-10.49800,19.71400
19.7160,228963,-0.22510,0.05396,1.04370,-3.17400,-10.07100,19.22600
19.7307,228973,-0.23511,0.05127,1.03442,-3.35700,-11.04700,18.98200
19.7307,228983,-0.24219,0.06567,1.04053,-2.93000,-10.92500,19.22600
19.7307,228993,-0.23486,0.06030,1.02905,-3.66200,-11.47500,18.61600
19.7307,229003,-0.23438,0.06421,1.02002,-3.29600,-12.02400,19.53100
19.7637,229013,-0.21582,0.05908,1.01880,-3.66200,-11.78000,18.43300
19.7813,229023,-0.21655,0.06836,1.02930,-3.41800,-11.35300,18.12700
19.7824,229033,-0.20947,0.06421,1.02808,-3.11300,-10.13200,16.11300
19.7824,229043,-0.21973,0.06250,1.03223,-2.56300,-10.01000,15.44200
19.7824,229053,-0.21802,0.06787,1.03540,-3.29600,-10.37600,16.84600
19.7947,229063,-0.22339,0.06689,1.01904,-4.39500,-12.45100,19.28700
19.7947,229073,-0.21802,0.06372,1.02881,-3.66200,-12.51200,19.34800
19.8113,229083,-0.22363,0.07642,1.02783,-4.63900,-13.30600,19.53100
19.8258,229093,-0.23584,0.06958,1.03052,-3.72300,-11.65800,16.41800
19.8429,229103,-0.21924,0.08276,1.02466,-4.45600,-11.65800,16.66300
19.8429,229113,-0.22949,0.08057,1.05688,-4.39500,-13.06200,17.88300
19.8594,229123,-0.21631,0.07788,1.05396,-4.33300,-10.80300,15.62500
19.8594,229133,-0.20654,0.07251,1.05103,-4.57800,-10.86400,14.95400
19.8735,229143,-0.20996,0.07739,1.05249,-4.82200,-14.34300,18.55500
19.8898,229153,-0.21851,0.07031,1.07104,-4.51700,-12.02400,15.32000
19.8913,229163,-0.23389,0.06934,1.06323,-4.15000,-10.31500,14.40400
19.9091,229173,-0.25073,0.06250,1.06128,-5.55400,-14.03800,18.73800
19.9202,229183,-0.22729,0.08838,1.05591,-6.10400,-13.55000,16.17400
19.9257,229193,-0.24438,0.08740,1.08374,-5.73700,-11.96300,14.89300
19.9429,229203,-0.22168,0.08569,1.06689,-5.85900,-13.85500,16.23500
19.9429,229213,-0.22461,0.07959,1.06641,-5.55400,-11.65800,12.39000
19.9542,229223,-0.21533,0.09717,1.05029,-5.79800,-11.78000,13.67200
19.9542,229233,-0.19653,0.09790,1.04004,-6.40900,-13.85500,16.05200
19.9703,229243,-0.20068,0.10791,1.03857,-6.59200,-12.26800,14.03800
19.9912,229253,-0.21143,0.11206,1.04907,-7.32400,-13.79400,14.95400
19.9912,229263,-0.20679,0.12109,1.01709,-7.38500,-11.47500,12.08500
20.0027,229273,-0.21631,0.12573,0.99585,-8.48400,-15.99100,15.68600
20.0186,229283,-0.21289,0.13403,0.99463,-8.30100,-16.11300,14.58700
20.0347,229293,-0.18872,0.12720,0.93384,-8.30100,-14.58700,13.18400
20.0347,229303,-0.17725,0.13525,0.92407,-8.11800,-15.99100,13.55000
20.0504,229313,-0.15015,0.14453,0.90039,-7.93500,-17.76100,15.44200
20.0504,229323,-0.13892,0.14014,0.91357,-6.28700,-17.33400,14.16000
20.0708,229333,-0.10889,0.16992,0.90698,-5.24900,-15.93000,13.36700
20.0832,229343,-0.10645,0.16626,0.91357,-5.55400,-16.17400,13.55000
20.0832,229353,-0.13086,0.15430,0.88989,-5.73700,-16.35700,14.58700
20.0999,229363,-0.11621,0.18774,0.88354,-5.24900,-17.70000,15.07600
20.0999,229373,-0.11206,0.17139,0.87964,-5.55400,-17.51700,15.62500
20.1190,229383,-0.09668,0.17065,0.86206,-4.08900,-16.41800,15.07600
20.1475,229393,-0.10425,0.16602,0.88818,-3.05200,-17.02900,16.54100
20.1475,229403,-0.10254,0.16553,0.90186,-2.50200,-17.39500,17.45600
20.1475,229413,-0.12085,0.16431,0.92749,-1.64800,-17.21200,18.55500
20.1475,229423,-0.14331,0.15039,0.93970,-0.48800,-13.97700,16.84600
20.1634,229433,-0.14136,0.16138,0.98022,-0.12200,-14.28200,17.02900
20.1798,229443,-0.18384,0.16577,1.04517,-1.16000,-13.97700,16.84600
20.1913,229453,-0.18506,0.15674,1.01733,-1.09900,-15.74700,17.27300
20.1972,229463,-0.18921,0.16016,1.02759,-2.01400,-16.11300,18.55500
20.1972,229473,-0.21411,0.09888,1.05396,-1.22100,-13.85500,16.66300
20.2440,229516,-0.20825,0.05444,1.03003,-1.03800,-17.63900,14.77100
20.2440,229517,-0.20825,0.05444,1.03003,-0.61000,-17.15100,14.89300
20.2440,229519,-0.19922,0.04175,1.03345,-0.61000,-17.15100,14.89300
20.2440,229520,-0.19922,0.04175,1.03345,-0.61000,-17.15100,14.89300
20.2440,229523,-0.19922,0.04175,1.03345,0.18300,-17.51700,14.46500
20.2708,229533,-0.17285,0.03662,1.10376,-0.06100,-18.79900,15.68600
20.2760,229543,-0.14429,0.04321,1.18579,1.16000,-18.37200,17.33400
20.2913,229553,-0.17407,0.01855,1.20288,0.54900,-16.29600,16.78500
20.2913,229563,-0.25732,0.00879,1.21753,-0.30500,-16.23500,18.25000
20.3096,229573,-0.25977,0.00830,1.23462,-1.16000,-15.62500,18.06600
20.3096,229583,-0.24243,-0.00684,1.22900,-4.08900,-17.09000,18.79900
20.3241,229593,-0.26221,-0.00977,1.24146,-4.45600,-15.38100,18.43300
20.3421,229603,-0.26831,-0.00830,1.17944,-5.85900,-16.11300,18.00500
20.3448,229613,-0.28052,-0.03052,1.17871,-7.69000,-16.11300,18.43300
20.3553,229623,-0.29492,-0.04150,1.12988,-7.08000,-14.83200,17.94400
20.3711,229633,-0.32056,-0.04541,1.11694,-7.14100,-14.70900,17.88300
20.3723,229643,-0.32910,-0.06445,1.07715,-6.47000,-12.45100,13.36700
20.4030,229653,-0.31055,-0.06055,1.06909,-6.59200,-13.79400,14.40400
20.4030,229663,-0.26978,-0.08398,1.03882,-6.65300,-14.77100,13.42800
20.4030,229673,-0.24731,-0.11353,1.03223,-5.92000,-12.51200,11.10800
20.4193,229683,-0.22974,-0.10767,1.00854,-6.34800,-15.38100,15.38100
20.4193,229693,-0.14526,-0.12891,1.14819,-4.82200,-15.68600,14.09900
20.4357,229703,-0.24414,-0.09790,1.02148,-3.72300,-14.46500,14.52600
20.4680,229713,-0.16187,-0.17578,1.07910,-5.18800,-16.35700,19.04300
20.4680,229723,-0.25513,-0.09766,1.03687,-3.72300,-14.40400,16.54100
20.4680,229733,-0.26099,-0.08130,1.02075,-3.84500,-13.18400,16.29600
20.4680,229743,-0.26245,-0.09229,1.03174,-4.82200,-13.18400,15.99100
20.4917,229753,-0.29736,-0.07910,1.03589,-4.51700,-13.24500,16.17400
20.4917,229763,-0.26758,-0.12451,1.06348,-5.49300,-12.93900,16.23500
20.4997,229773,-0.30444,-0.07642,1.05542,-5.31000,-14.03800,16.66300
20.5163,229783,-0.27197,-0.10303,1.07056,-5.73700,-12.75600,15.99100
20.5321,229793,-0.28979,-0.04541,1.04810,-6.10400,-12.39000,16.41800
20.5502,229803,-0.29712,-0.07910,1.06055,-6.71400,-11.65800,15.86900
20.5641,229813,-0.28931,-0.06714,1.03003,-6.77500,-11.23000,15.62500
20.5641,229823,-0.28076,-0.05371,1.02319,-7.32400,-12.32900,15.93000
20.5641,229833,-0.28955,-0.05713,1.00879,-7.26300,-10.74200,14.16000
20.5800,229843,-0.30933,-0.05103,1.00854,-7.75100,-13.30600,17.51700
20.5977,229853,-0.30298,-0.05981,1.01587,-7.38500,-10.25400,14.28200
20.5977,229863,-0.30615,-0.05322,1.00610,-6.77500,-11.29200,15.13700
20.6046,229873,-0.29761,-0.05811,1.01343,-7.14100,-10.86400,14.77100
20.6115,229883,-0.31714,-0.06372,1.03760,-7.32400,-10.92500,14.46500
20.6275,229893,-0.32886,-0.05371,1.01807,-7.93500,-11.47500,14.03800
20.6325,229903,-0.32178,-0.04712,0.99414,-7.93500,-9.39900,11.47500
20.6594,229913,-0.31812,-0.05640,0.98560,-9.09400,-10.62000,12.51200
20.6594,229923,-0.28735,-0.06104,0.97876,-8.97200,-11.90200,11.96300
20.6753,229933,-0.26172,-0.06030,0.95874,-9.09400,-10.49800,11.96300
20.6787,229943,-0.24048,-0.05249,0.93164,-10.07100,-11.59700,13.36700
20.6929,229953,-0.21655,-0.04688,0.90308,-9.27700,-10.07100,12.39000
20.7112,229963,-0.21289,-0.05396,0.88403,-7.62900,-9.52100,12.69500
20.7397,229973,-0.18921,-0.04810,0.89771,-6.22600,-7.38500,11.84100
20.7397,229983,-0.22241,-0.04858,0.93433,-5.43200,-8.42300,13.79400
20.7397,229993,-0.23901,-0.04395,0.92383,-5.06600,-9.21600,16.29600
20.7397,230003,-0.26172,-0.03052,0.95996,-5.37100,-8.85000,16.96800
20.7397,230013,-0.28174,-0.02954,0.98022,-5.00500,-9.03300,16.35700
20.7558,230023,-0.29639,-0.02515,0.93628,-4.70000,-8.17900,13.85500
20.7728,230033,-0.27148,-0.02344,0.92798,-3.05200,-7.32400,14.22100
20.7769,230043,-0.27246,-0.01562,0.96045,-1.83100,-7.56800,14.83200
20.7875,230053,-0.31885,0.02441,1.13208,0.18300,-6.77500,17.51700
20.7920,230063,-0.37646,0.06689,1.21899,-0.79300,-6.71400,15.56400
20.8144,230073,-0.37305,0.09497,1.24951,-2.38000,-8.85000,17.21200
20.8218,230083,-0.39966,0.10010,1.26294,-5.92000,-6.34800,14.46500
20.8218,230093,-0.38379,0.14478,1.20581,-9.21600,-5.98100,10.13200
20.8417,230103,-0.33960,0.12671,1.19922,-10.31500,-7.01900,11.35300
20.8510,230113,-0.32349,0.16577,1.16162,-11.71900,-6.53100,11.35300
20.8510,230123,-0.33447,0.16846,1.11426,-12.75600,-5.31000,10.68100
20.8669,230133,-0.33813,0.16260,1.05688,-12.39000,-5.24900,11.29200
20.8669,230143,-0.28320,0.18311,1.02905,-11.35300,-6.59200,11.29200
20.8830,230153,-0.30054,0.17603,0.97388,-12.32900,-8.24000,12.69500
20.8997,230163,-0.26025,0.18994,0.97021,-11.90200,-10.19300,14.34300
20.9172,230173,-0.30347,0.18799,0.94385,-10.68100,-7.56800,11.47500
20.9204,230183,-0.28052,0.18481,0.92676,-10.49800,-7.62900,10.74200
20.9264,230193,-0.26270,0.17896,0.89648,-10.55900,-7.14100,10.74200
20.9369,230203,-0.22559,0.19409,0.87866,-9.03300,-7.93500,10.98600
20.9577,230213,-0.22778,0.17920,0.85425,-7.75100,-9.09400,13.91600
20.9671,230223,-0.21777,0.18140,0.86792,-6.53100,-9.39900,13.85500
20.9732,230233,-0.21484,0.17188,0.84741,-4.76100,-8.48400,13.67200
20.9791,230243,-0.24292,0.17041,0.89917,-3.66200,-8.54500,14.89300
20.9944,230253,-0.25293,0.17700,0.92065,-2.99100,-8.48400,15.38100
20.9944,230263,-0.28296,0.16089,0.96411,-3.84500,-9.64400,16.29600
21.0103,230273,-0.28394,0.14746,0.98340,-3.54000,-7.56800,13.42800
21.0168,230283,-0.28467,0.15625,1.00415,-4.33300,-8.72800,15.19800
21.0269,230293,-0.31665,0.15259,0.97998,-5.55400,-8.36200,14.89300
21.0269,230303,-0.29492,0.15234,0.94531,-5.24900,-8.60600,14.46500
21.0429,230313,-0.31787,0.14722,0.96436,-5.55400,-9.39900,14.89300
21.0767,230323,-0.32275,0.15112,0.97021,-5.61500,-9.27700,15.38100
21.0767,230333,-0.31494,0.15137,0.92017,-5.00500,-8.85000,12.63400
21.0767,230343,-0.29663,0.13037,0.88989,-3.66200,-9.09400,12.20700
21.0913,230353,-0.27368,0.11914,0.92407,-3.11300,-8.91100,11.78000
21.0939,230363,-0.27515,0.09009,0.97070,-0.42700,-7.75100,11.04700
21.1067,230373,-0.25513,0.10913,0.97363,-0.48800,-10.92500,14.52600
21.1196,230383,-0.29688,0.08203,1.04321,-0.73200,-10.68100,14.46500
21.1271,230393,-0.29688,0.06738,1.06104,-1.34300,-11.78000,15.13700
21.1389,230403,-0.28882,0.06958,1.05908,-2.13600,-8.97200,11.96300
21.1389,230413,-0.27612,0.05835,1.07715,-3.11300,-12.81700,16.47900
21.1548,230423,-0.28076,0.05176,1.05103,-4.15000,-10.74200,14.77100
21.1706,230433,-0.27686,0.05103,1.04932,-4.08900,-10.07100,14.70900
21.1740,230443,-0.27368,0.03979,1.01367,-4.51700,-10.19300,14.89300
21.1864,230453,-0.28955,0.04785,1.01978,-3.90600,-10.55900,16.17400
21.1930,230463,-0.30078,0.03882,1.01733,-3.29600,-9.70500,15.13700
21.2029,230473,-0.29199,0.04102,0.99438,-3.23500,-9.27700,15.19800
21.2189,230483,-0.30322,0.04224,0.96338,-3.54000,-8.97200,14.22100
21.2189,230493,-0.30469,0.03345,0.97803,-2.80800,-9.15500,13.06200
21.2349,230503,-0.30078,0.04321,0.96826,-2.56300,-10.25400,13.30600
21.2444,230513,-0.28906,0.03296,0.96387,-2.44100,-11.84100,14.64800
21.2510,230523,-0.27661,0.02368,0.96387,-0.97700,-11.78000,14.95400
21.2669,230533,-0.26221,0.02246,0.97681,-2.01400,-12.57300,15.74700
21.2779,230543,-0.25342,0.01831,0.99292,-0.97700,-11.71900,13.61100
21.2935,230553,-0.22998,0.00342,0.99146,-0.61000,-10.43700,12.75600
21.3075,230563,-0.26440,0.01440,0.99878,-0.48800,-10.68100,13.55000
21.3099,230573,-0.26147,0.00171,1.00122,-1.77000,-12.39000,15.32000
21.3301,230583,-0.26538,0.00488,1.00610,-0.54900,-11.35300,14.22100
21.3301,230593,-0.27124,0.00854,1.00244,-1.64800,-11.96300,15.32000
21.3429,230603,-0.27783,-0.00513,1.01147,-0.67100,-11.96300,14.70900
21.3544,230613,-0.26880,-0.00732,1.01367,-0.61000,-12.51200,13.30600
21.3784,230623,-0.28223,0.00269,1.01685,-1.09900,-11.78000,13.79400
21.3939,230633,-0.26880,-0.00806,1.02710,-1.46500,-11.90200,14.28200
21.3939,230643,-0.26343,-0.01245,1.03052,-1.16000,-13.36700,14.52600
21.3939,230653,-0.26929,-0.01733,1.02759,-1.52600,-13.55000,14.89300
21.3939,230663,-0.26147,-0.01758,1.02759,-1.22100,-12.57300,14.09900
21.3939,230673,-0.26587,-0.01172,1.03198,-1.77000,-13.61100,15.32000
21.4136,230683,-0.26001,-0.02173,1.03564,-2.31900,-14.70900,16.47900
21.4263,230693,-0.28296,-0.00220,1.03662,-3.35700,-16.17400,16.47900
21.4419,230703,-0.28784,-0.01099,1.02734,-2.38000,-15.44200,16.72400
21.4419,230713,-0.29395,-0.02319,1.04077,-2.38000,-15.99100,16.60200
21.4627,230723,-0.28809,-0.01855,1.02856,-2.01400,-15.13700,14.34300
21.4749,230733,-0.28589,-0.00659,1.04346,-2.19700,-15.44200,14.22100
21.4749,230743,-0.29346,-0.00269,1.05322,-2.80800,-16.11300,14.83200
21.4896,230753,-0.28076,0.00903,1.05493,-2.80800,-16.72400,15.19800
21.4943,230763,-0.28003,0.01685,1.07690,-4.45600,-16.17400,14.77100
21.5053,230773,-0.28589,0.00342,1.06274,-4.02800,-17.57800,14.64800
21.5215,230783,-0.27441,0.01685,1.05835,-4.88300,-17.09000,14.77100
21.5259,230793,-0.29150,0.01978,1.02808,-4.57800,-15.68600,13.61100
21.5380,230803,-0.28979,0.00049,1.03271,-5.00500,-16.47900,16.05200
21.5427,230813,-0.29736,0.01147,1.02612,-4.70000,-17.21200,15.38100
21.5573,230823,-0.29443,0.00439,0.99683,-4.33300,-17.70000,15.68600
21.5711,230833,-0.28516,0.02563,1.01099,-3.35700,-15.25900,12.93900
21.5806,230843,-0.30029,0.01147,1.03589,-3.11300,-16.60200,15.25900
21.5870,230853,-0.30786,0.01123,1.05176,-2.56300,-16.05200,13.73300
21.6030,230863,-0.31079,0.01611,1.07495,-3.23500,-17.39500,14.34300
21.6030,230873,-0.32568,0.02490,1.08618,-3.96700,-16.90700,13.00000
21.6192,230883,-0.31372,0.04053,1.07983,-4.51700,-18.31100,13.91600
21.6357,230893,-0.31445,0.04199,1.06323,-4.57800,-17.15100,13.18400
21.6458,230903,-0.31323,0.03931,1.06372,-6.47000,-18.98200,14.03800
21.6515,230913,-0.27734,0.04688,1.03638,-6.22600,-18.43300,13.61100
21.6642,230923,-0.27539,0.03589,1.03418,-5.73700,-17.82200,11.84100
21.6735,230933,-0.26660,0.04053,1.02344,-5.18800,-17.63900,13.00000
21.7074,230943,-0.26001,0.04590,1.04614,-5.55400,-17.76100,14.58700
21.7074,230953,-0.26050,0.05615,1.05127,-5.12700,-17.33400,14.22100
21.7074,230963,-0.29932,0.05615,1.06348,-5.98100,-18.00500,14.22100
21.7166,230973,-0.31445,0.06250,1.04639,-6.95800,-19.04300,15.13700
21.7315,230983,-0.31812,0.05200,1.02295,-7.56800,-19.28700,15.32000
21.7315,230993,-0.30786,0.05127,1.01123,-8.36200,-18.61600,14.03800
21.7413,231003,-0.30078,0.04761,0.98193,-7.14100,-17.76100,12.14600
21.7558,231013,-0.30737,0.04395,0.97266,-6.95800,-18.25000,13.42800
21.7643,231023,-0.27051,0.04492,0.95508,-5.49300,-17.39500,11.35300
21.7878,231033,-0.25635,0.02808,0.96387,-5.67600,-17.82200,12.51200
21.7878,231043,-0.27563,0.03149,0.96045,-5.85900,-19.10400,12.45100
21.8021,231053,-0.25269,0.04102,0.93237,-5.55400,-19.65300,13.55000
21.8052,231063,-0.24463,0.03149,0.94238,-5.85900,-19.22600,13.48900
21.8242,231073,-0.26025,0.02759,0.92822,-5.92000,-19.83600,14.46500
21.8242,231083,-0.26123,-0.00781,0.90869,-5.24900,-19.47000,14.28200
21.8380,231093,-0.25024,0.00488,0.90186,-3.96700,-19.47000,13.79400
21.8380,231103,-0.24902,-0.00708,0.91284,-4.15000,-21.17900,16.29600
21.8487,231113,-0.23218,-0.01831,0.93018,-3.47900,-20.38600,15.13700
21.8571,231123,-0.26270,-0.01636,0.95239,-2.62500,-19.53100,15.38100
21.8721,231133,-0.26782,-0.03955,0.96362,-3.11300,-20.20300,15.62500
21.8721,231143,-0.26147,-0.04419,0.95850,-3.05200,-19.59200,15.44200
21.9073,231153,-0.27173,-0.05029,0.92188,-3.66200,-19.28700,13.73300
21.9073,231163,-0.27686,-0.04932,0.90747,-3.41800,-20.81300,15.44200
21.9073,231173,-0.26660,-0.04883,0.87964,-2.50200,-20.02000,14.09900
21.9205,231183,-0.25464,-0.04712,0.90576,-0.91600,-20.81300,14.83200
21.9283,231193,-0.23315,-0.05762,0.90576,0.06100,-20.99600,14.77100
21.9359,231203,-0.23340,-0.03979,0.97241,0.54900,-20.75200,15.38100
21.9497,231213,-0.24951,-0.05737,0.99341,-0.12200,-21.30100,15.80800
21.9497,231223,-0.25269,-0.03955,0.96558,-0.85400,-19.95800,14.95400
21.9950,231233,-0.23047,-0.05713,0.88013,-0.30500,-20.32500,14.83200
21.9950,231243,-0.21265,-0.04346,0.93262,1.83100,-21.48400,19.34800
21.9950,231253,-0.19434,-0.03076,0.99243,4.15000,-18.18800,18.00500
21.9981,231263,-0.30884,-0.01318,1.11426,3.96700,-17.94400,18.61600
22.0121,231273,-0.37012,-0.02417,1.13599,3.54000,-20.26400,18.55500
22.0187,231283,-0.38794,-0.00488,1.10669,1.16000,-22.21700,16.05200
22.0296,231293,-0.35400,0.00439,1.14551,0.67100,-21.42300,16.05200
22.0296,231303,-0.30664,0.00928,1.08960,-0.42700,-20.63000,14.58700
22.0455,231313,-0.30933,0.04053,1.18457,-0.85400,-19.47000,14.83200
22.0455,231323,-0.33398,0.03198,1.11816,-1.89200,-18.43300,15.32000
22.0627,231333,-0.27710,0.03467,1.11890,-2.07500,-20.08100,14.95400
22.0952,231343,-0.27979,0.03955,1.06616,-2.74700,-20.93500,17.15100
22.0952,231353,-0.27734,0.03247,1.09912,-1.03800,-20.87400,15.93000
22.0968,231363,-0.31177,0.02783,1.06860,-1.34300,-22.09500,17.33400
22.1094,231373,-0.29932,0.03052,1.06494,-1.46500,-21.42300,16.05200
22.1306,231383,-0.31909,0.03296,1.06982,-1.16000,-20.63000,14.58700
22.1306,231393,-0.28052,0.01978,1.08301,-1.70900,-20.38600,13.79400
22.1432,231403,-0.26318,0.02808,1.08350,-2.56300,-22.46100,15.93000
22.1432,231413,-0.22485,0.01001,1.07959,-1.89200,-20.44700,14.03800
22.1572,231423,-0.22656,0.00977,1.08228,-3.41800,-21.36200,15.86900
22.1572,231433,-0.24292,0.01123,1.09155,-3.29600,-20.26400,15.38100
22.1752,231443,-0.26270,0.03687,1.08862,-3.78400,-20.93500,17.39500
22.1955,231453,-0.27075,0.04224,1.07788,-4.70000,-21.60600,17.57800
22.1966,231463,-0.26782,0.05054,1.06372,-4.70000,-20.56900,15.80800
22.2142,231473,-0.27222,0.03931,1.06055,-5.98100,-22.09500,17.70000
22.2533,231516,-0.21924,0.07837,1.02759,-6.04200,-19.77500,15.13700
22.2547,231518,-0.22437,0.07983,1.00854,-6.04200,-19.77500,15.13700
22.2547,231519,-0.22437,0.07983,1.00854,-6.04200,-19.77500,15.13700
22.2547,231521,-0.22437,0.07983,1.00854,-6.04200,-19.77500,15.13700
22.2571,231523,-0.21704,0.07202,1.01855,-6.40900,-20.32500,15.93000
22.2691,231533,-0.22998,0.07983,1.00244,-6.04200,-20.08100,14.95400
22.2780,231543,-0.20728,0.09106,0.97949,-6.10400,-19.22600,14.52600
22.2967,231553,-0.20532,0.08545,0.97729,-6.40900,-18.98200,15.86900
22.2967,231563,-0.21045,0.09912,0.97778,-6.10400,-18.79900,15.38100
22.3097,231573,-0.20874,0.11572,0.95410,-5.98100,-17.70000,14.34300
22.3223,231583,-0.21826,0.12085,0.98022,-4.88300,-19.59200,16.29600
22.3327,231593,-0.22314,0.12158,0.98389,-5.37100,-19.47000,15.32000
22.3368,231603,-0.23560,0.10205,1.01270,-5.55400,-20.02000,14.89300
22.3539,231613,-0.22095,0.11743,1.02295,-5.79800,-19.65300,14.58700
22.3615,231623,-0.20093,0.11670,0.99561,-7.01900,-19.95800,14.95400
22.3685,231633,-0.16943,0.11816,0.94165,-7.20200,-19.28700,14.16000
22.3801,231643,-0.16406,0.09937,0.90430,-6.22600,-19.28700,16.23500
22.3869,231653,-0.14087,0.12109,0.93213,-4.51700,-18.18800,15.68600
22.4012,231663,-0.18945,0.11646,0.99707,-2.68600,-16.78500,17.39500
22.4199,231673,-0.22485,0.10132,1.03784,-2.74700,-17.88300,17.82200
22.4199,231683,-0.26733,0.11523,1.04468,-3.17400,-18.49400,18.49400
22.4367,231693,-0.26562,0.09546,1.06934,-3.60100,-18.98200,17.33400
22.4437,231703,-0.25537,0.08960,1.05469,-4.21100,-17.57800,16.05200
22.4646,231713,-0.24463,0.09473,1.05933,-4.33300,-17.39500,15.74700
22.4646,231723,-0.22681,0.08887,1.04810,-5.06600,-17.70000,15.99100
22.4646,231733,-0.20337,0.07324,1.04858,-5.61500,-17.70000,14.83200
22.4768,231743,-0.20337,0.07031,1.02490,-5.98100,-19.16500,16.60200
22.5026,231753,-0.19971,0.05981,1.02173,-5.00500,-17.82200,15.80800
22.5026,231763,-0.20728,0.06372,1.05029,-4.39500,-18.49400,16.41800
22.5072,231773,-0.20142,0.07227,1.05322,-4.94400,-17.82200,16.78500
22.5177,231783,-0.21851,0.07568,1.04346,-5.61500,-17.27300,17.09000
22.5248,231793,-0.18799,0.08447,1.01514,-6.65300,-16.60200,16.96800
22.5391,231803,-0.18530,0.07666,0.99316,-6.53100,-16.84600,16.47900
22.5391,231813,-0.17017,0.08105,0.97314,-6.47000,-16.23500,16.72400
22.5551,231823,-0.16724,0.07495,0.95410,-5.43200,-15.86900,18.00500
22.5682,231833,-0.19458,0.07544,0.95337,-4.57800,-15.32000,17.33400
22.5791,231843,-0.18896,0.07007,0.98169,-3.66200,-15.44200,18.37200
22.5954,231853,-0.20361,0.07617,1.00049,-3.35700,-14.95400,18.37200
22.6054,231863,-0.20093,0.06885,0.99561,-2.93000,-15.38100,19.04300
22.6072,231873,-0.21338,0.06396,1.04688,-2.93000,-13.79400,17.82200
22.6188,231883,-0.24414,0.07007,1.05103,-2.38000,-14.64800,18.31100
22.6188,231893,-0.23730,0.06055,1.05957,-3.78400,-14.89300,19.34800
22.6357,231903,-0.22803,0.06226,1.06787,-4.33300,-15.38100,18.98200
22.6449,231913,-0.23169,0.04810,1.05103,-4.94400,-14.46500,19.10400
22.6556,231923,-0.25098,0.04175,1.05054,-4.08900,-13.91600,18.25000
22.6671,231933,-0.25000,0.02515,1.07959,-5.31000,-15.74700,19.10400
22.6882,231943,-0.23364,0.02271,1.07397,-4.70000,-12.87800,17.09000
22.6882,231953,-0.21875,0.03833,1.06055,-5.37100,-13.18400,16.84600
22.7343,231963,-0.20825,0.02075,1.03076,-6.28700,-14.28200,18.18800
22.7343,231973,-0.21411,0.03003,1.04565,-6.16500,-12.57300,16.96800
22.7343,231983,-0.21362,0.02686,1.04028,-6.95800,-12.57300,18.12700
22.7343,231993,-0.22778,0.00781,1.03149,-6.04200,-13.55000,18.55500
22.7470,232003,-0.22705,0.01440,1.01245,-5.85900,-11.35300,17.21200
22.7497,232013,-0.25146,0.01001,1.02710,-5.43200,-11.90200,17.76100
22.7497,232023,-0.22827,0.01978,1.02100,-4.82200,-10.62000,16.72400
22.7631,232033,-0.23804,0.00903,1.03320,-5.37100,-11.59700,19.16500
22.7791,232043,-0.22241,0.01953,1.02808,-5.43200,-11.47500,18.79900
22.7906,232053,-0.21973,0.02051,1.02148,-5.06600,-11.41400,17.82200
22.7956,232063,-0.21997,0.02246,1.03052,-5.43200,-10.62000,18.18800
22.7956,232073,-0.24438,0.01099,1.04175,-5.49300,-9.82700,18.49400
22.8123,232083,-0.23511,0.00854,1.06348,-6.10400,-9.52100,18.12700
22.8283,232093,-0.24683,0.01001,1.05054,-6.10400,-9.03300,17.09000
22.8341,232103,-0.25439,0.00977,1.05566,-7.08000,-9.88800,18.55500
22.8511,232113,-0.23315,0.00269,1.04150,-6.65300,-8.78900,18.00500
22.8593,232123,-0.25537,0.01562,1.03540,-7.20200,-7.26300,17.82200
22.8616,232133,-0.25122,0.01001,1.03564,-7.69000,-7.32400,17.63900
22.8759,232143,-0.26538,0.00659,1.03540,-7.38500,-7.38500,17.63900
22.8759,232153,-0.26611,0.01001,1.02637,-6.95800,-6.59200,16.17400
22.8986,232163,-0.24390,0.01416,1.00317,-7.14100,-6.95800,17.27300
22.9136,232173,-0.25610,0.01245,1.00195,-7.32400,-7.44600,17.57800
22.9183,232183,-0.23853,0.03345,0.99683,-6.16500,-5.55400,15.86900
22.9234,232193,-0.23608,0.03125,1.01318,-7.01900,-6.83600,18.06600
22.9391,232203,-0.22363,0.02490,0.99902,-6.22600,-6.04200,16.72400
22.9548,232213,-0.23022,0.02124,1.01978,-6.34800,-5.98100,17.02900
22.9591,232223,-0.25488,0.03369,1.00464,-6.04200,-4.33300,16.23500
22.9695,232233,-0.23584,0.02710,1.00317,-5.73700,-5.37100,17.51700
22.9749,232243,-0.26538,0.03271,0.99902,-6.65300,-4.76100,17.82200
22.9866,232253,-0.25537,0.02930,1.01929,-6.34800,-4.08900,17.76100
23.0028,232263,-0.26172,0.02026,0.99927,-6.04200,-2.93000,16.54100
23.0028,232273,-0.24072,0.02515,0.98975,-6.04200,-2.99100,16.90700
23.0241,232283,-0.26001,0.02466,1.00391,-5.98100,-2.68600,16.66300
23.0251,232293,-0.25269,0.02539,1.00830,-5.55400,-1.46500,16.35700
23.0353,232303,-0.25806,0.01685,1.00024,-5.92000,-2.56300,17.70000
23.0514,232313,-0.26807,0.02563,1.01782,-5.79800,-1.46500,17.39500
23.0514,232323,-0.25244,0.02319,1.02075,-5.73700,-1.22100,16.84600
23.0663,232333,-0.27881,0.01538,1.00830,-5.37100,-1.22100,16.90700
23.0663,232343,-0.26392,0.01245,1.01904,-5.31000,-1.28200,17.51700
23.0923,232353,-0.27344,0.00415,1.02295,-6.22600,-3.05200,19.10400
23.1017,232363,-0.26001,0.01440,1.01611,-5.12700,-1.09900,17.09000
23.1166,232373,-0.27441,0.02490,1.00928,-5.18800,0.00000,16.54100
23.1215,232383,-0.25928,0.01660,1.00903,-5.18800,-0.12200,16.23500
23.1215,232393,-0.27002,0.01196,1.01318,-5.06600,0.06100,17.02900
23.1325,232403,-0.27856,0.00391,1.01099,-5.79800,-0.42700,18.37200
23.1480,232413,-0.27710,0.01343,1.00488,-5.67600,0.00000,17.70000
23.1644,232423,-0.27905,0.01392,0.99878,-5.31000,1.46500,17.09000
23.1668,232433,-0.29053,0.01147,1.01636,-5.37100,0.97700,17.02900
23.1793,232443,-0.29370,0.00098,1.01123,-5.55400,0.61000,17.82200
23.1897,232453,-0.29736,0.00317,1.00806,-5.85900,0.42700,18.06600
23.1986,232463,-0.30078,0.01978,1.00610,-5.61500,1.22100,17.15100
23.2110,232473,-0.29395,0.02637,1.01685,-5.92000,1.40400,17.76100
23.2133,232483,-0.29980,0.01318,1.01245,-5.79800,1.77000,17.27300
23.2271,232493,-0.28174,0.01538,1.00024,-5.18800,2.44100,17.76100
23.2327,232503,-0.29443,0.02051,1.01514,-5.79800,2.07500,17.39500
23.2519,232513,-0.30640,0.01221,1.00024,-5.55400,2.13600,17.09000
23.2610,232523,-0.30444,0.02637,0.97168,-5.18800,2.93000,17.09000
23.2690,232533,-0.31006,0.01465,0.98267,-5.67600,1.83100,18.49400
23.2788,232543,-0.31616,0.01196,0.96948,-5.73700,1.70900,18.67700
23.2908,232553,-0.31787,0.01636,0.98535,-4.39500,2.80800,16.29600
23.3013,232563,-0.32202,0.01050,0.99243,-5.85900,0.85400,19.16500
23.3094,232573,-0.33228,0.01855,0.99316,-4.57800,2.93000,17.09000
23.3289,232583,-0.32520,0.01440,0.98462,-5.06600,3.66200,16.29600
23.3289,232593,-0.32935,0.01636,0.99365,-5.37100,4.33300,16.35700
23.3396,232603,-0.32690,0.02075,0.97363,-5.24900,4.33300,17.09000
23.3396,232613,-0.33252,0.00854,0.98315,-5.00500,3.54000,17.82200
23.3556,232623,-0.34155,0.00952,0.98120,-5.06600,4.08900,17.39500
23.3698,232633,-0.35938,0.01343,0.98657,-5.00500,4.27200,16.41800
23.3725,232643,-0.34546,0.01367,0.98096,-5.00500,4.39500,17.15100
23.3885,232653,-0.35596,0.00122,0.97021,-5.55400,4.02800,17.51700
23.4048,232663,-0.36401,0.01440,0.97754,-5.49300,3.23500,16.96800
23.4179,232673,-0.36523,0.01245,0.95801,-6.59200,3.72300,18.00500
23.4179,232683,-0.36743,0.01587,0.95435,-6.40900,4.45600,16.60200
23.4179,232693,-0.36304,0.00415,0.93750,-6.34800,3.66200,16.84600
23.4395,232703,-0.36060,0.01489,0.90308,-6.47000,4.15000,17.27300
23.4500,232713,-0.37305,0.00952,0.89404,-6.53100,5.06600,16.66300
23.4517,232723,-0.37988,0.01733,0.87964,-6.89700,3.72300,16.78500
23.4721,232733,-0.36987,0.00659,0.87109,-5.67600,3.05200,17.39500
23.4802,232743,-0.35913,0.02002,0.86230,-4.94400,3.84500,16.66300
23.4828,232753,-0.36963,0.02441,0.86816,-5.18800,3.17400,15.68600
23.4982,232763,-0.36328,0.02490,0.85449,-5.85900,2.50200,17.39500
23.5133,232773,-0.36206,0.03296,0.87476,-5.37100,2.93000,16.72400
23.5275,232783,-0.34717,0.03882,0.85791,-5.73700,3.11300,16.47900
23.5275,232793,-0.34937,0.02075,0.82056,-6.34800,3.11300,16.05200
23.5322,232803,-0.37085,0.02490,0.78271,-5.98100,2.13600,17.51700
23.5456,232813,-0.34961,0.01172,0.76392,-5.37100,1.77000,17.57800
23.5638,232823,-0.34521,0.02100,0.76831,-3.78400,3.54000,16.41800
23.5638,232833,-0.34033,0.01733,0.78516,-2.25800,2.25800,18.37200
23.5812,232843,-0.33789,0.02490,0.79199,-1.40400,2.56300,18.18800
23.5890,232853,-0.34790,0.03662,0.83960,-1.46500,2.01400,18.73800
23.5991,232863,-0.35742,0.03247,0.85718,-1.40400,2.31900,18.61600
23.6089,232873,-0.38062,0.04224,0.85229,-1.77000,2.80800,19.16500
23.6246,232883,-0.38452,0.01196,0.83936,-2.19700,2.86900,18.67700
23.6246,232893,-0.39014,0.02246,0.85596,-1.70900,2.19700,18.49400
23.6246,232903,-0.37549,0.01904,0.85620,-1.70900,3.23500,18.37200
23.6406,232913,-0.38159,0.03369,0.86938,-1.64800,2.93000,19.10400
23.6566,232923,-0.41113,0.03320,0.90845,-1.28200,3.05200,19.71400
23.6728,232933,-0.43579,0.02881,0.90576,-0.61000,2.56300,18.98200
23.6890,232943,-0.44043,0.03296,0.92529,-2.01400,1.77000,19.28700
23.6890,232953,-0.43994,0.03687,0.93188,-3.05200,1.89200,18.12700
23.6975,232963,-0.44946,0.02710,0.92920,-3.35700,1.58700,18.25000
23.7049,232973,-0.44556,0.02197,0.91284,-4.15000,2.25800,16.60200
23.7049,232983,-0.43335,0.01025,0.89233,-4.21100,1.40400,17.02900
23.7209,232993,-0.40723,0.01514,0.87915,-4.21100,2.38000,17.21200
23.7372,233003,-0.41650,0.00317,0.85864,-3.47900,2.25800,17.33400
23.7372,233013,-0.40259,0.02954,0.86011,-2.38000,0.61000,18.73800
23.7593,233023,-0.39648,0.03027,0.86108,-2.38000,0.79300,18.79900
23.7700,233033,-0.41504,0.03003,0.89014,-2.80800,1.22100,18.37200
23.7700,233043,-0.41992,0.02588,0.90845,-2.74700,0.54900,19.53100
23.7881,233053,-0.42090,0.02515,0.89722,-2.38000,1.83100,17.70000
23.8014,233063,-0.42749,0.02905,0.90356,-2.44100,1.64800,17.76100
23.8022,233073,-0.42017,0.01978,0.89648,-3.05200,0.24400,19.22600
23.8327,233083,-0.41113,0.03540,0.89331,-3.41800,1.16000,18.79900
23.8327,233093,-0.43799,0.03491,0.87964,-2.62500,0.61000,19.10400
23.8327,233103,-0.43628,0.02881,0.89453,-2.74700,1.34300,17.76100
23.8490,233113,-0.45166,0.03418,0.90186,-3.23500,0.91600,18.25000
23.8555,233123,-0.43555,0.04028,0.88623,-2.74700,0.97700,18.18800
23.8650,233133,-0.42554,0.03247,0.88013,-4.08900,-0.42700,18.98200
23.8812,233143,-0.43359,0.03052,0.89233,-3.96700,0.85400,18.55500
23.8830,233153,-0.42456,0.02393,0.87842,-3.84500,1.16000,18.25000
23.8989,233163,-0.42041,0.02100,0.85938,-3.78400,0.85400,18.67700
23.9084,233173,-0.43701,0.03491,0.84814,-3.23500,0.61000,20.63000
23.9187,233183,-0.45557,0.03516,0.86938,-2.07500,0.24400,19.28700
23.9421,233193,-0.48877,0.03320,0.88672,-2.38000,-0.06100,20.38600
23.9421,233203,-0.49316,0.02515,0.89380,-2.44100,-0.48800,20.38600
23.9482,233213,-0.48755,0.03003,0.91455,-2.50200,-0.79300,19.47000
23.9626,233223,-0.47949,0.01929,0.92554,-2.80800,0.12200,18.25000
23.9626,233233,-0.46948,0.02759,0.94116,-3.05200,0.48800,19.16500
23.9793,233243,-0.51611,0.02954,0.95605,-3.60100,-0.24400,20.26400
24.0076,233253,-0.53369,0.00903,0.95215,-3.84500,0.06100,20.32500
24.0076,233263,-0.54028,0.02539,0.95264,-3.84500,-0.85400,19.77500
24.0076,233273,-0.56299,0.01855,0.95386,-4.39500,-0.54900,19.83600
24.0291,233283,-0.58276,0.03052,0.96899,-4.57800,0.30500,18.98200
24.0399,233293,-0.60034,0.03418,0.96899,-4.51700,-0.67100,18.92100
24.0399,233303,-0.58423,0.01050,0.97852,-5.31000,0.85400,17.09000
24.0591,233313,-0.58130,0.04150,0.94849,-5.98100,-1.58700,17.27300
24.0712,233323,-0.56860,0.02905,0.95337,-6.40900,-2.25800,17.21200
24.0712,233333,-0.56934,0.03638,0.92725,-6.16500,-1.16000,16.11300
24.0838,233343,-0.53687,0.02100,0.91943,-6.28700,-2.25800,15.99100
24.0961,233353,-0.55396,0.02197,0.93750,-6.10400,-1.58700,15.99100
24.1040,233363,-0.52661,0.03540,0.93481,-6.71400,-2.80800,17.21200
24.1040,233373,-0.51660,0.02466,0.92944,-6.53100,-1.83100,15.74700
24.1323,233383,-0.50366,0.03589,0.89746,-6.34800,-2.86900,16.84600
24.1323,233393,-0.52734,0.03857,0.92358,-5.98100,-2.68600,17.51700
24.1429,233403,-0.51196,0.05664,0.91260,-5.61500,-0.12200,15.32000
24.1522,233413,-0.51904,0.02344,0.91772,-6.22600,-2.80800,18.79900
24.1522,233423,-0.52222,0.03198,0.91626,-5.73700,-1.77000,16.47900
24.1649,233433,-0.54248,0.03491,0.92944,-5.79800,-3.66200,18.98200
24.1802,233443,-0.54102,0.04150,0.93530,-5.37100,-2.07500,17.82200
24.1802,233453,-0.53540,0.04272,0.94580,-5.43200,-2.25800,17.94400
24.1983,233463,-0.57324,0.04102,0.97339,-6.28700,-2.25800,17.51700
24.2121,233473,-0.56348,0.04956,0.95239,-6.28700,-2.68600,18.49400
24.2443,233517,-0.55664,0.03052,0.88452,-7.20200,-2.50200,16.23500
24.2443,233519,-0.55664,0.03052,0.88452,-7.20200,-2.50200,16.23500
24.2443,233520,-0.55664,0.03052,0.88452,-7.20200,-2.50200,16.23500
24.2443,233522,-0.55664,0.03052,0.88452,-6.83600,-2.50200,17.09000
24.2602,233523,-0.54932,0.03687,0.87476,-6.83600,-2.50200,17.09000
24.2602,233533,-0.54517,0.03223,0.88623,-6.34800,-2.50200,16.23500
24.2763,233543,-0.57275,0.04272,0.88672,-5.73700,-3.05200,16.23500
24.2763,233553,-0.54541,0.02319,0.89941,-4.70000,-3.54000,16.17400
24.2985,233563,-0.56201,0.03711,0.91309,-5.37100,-4.27200,16.96800
24.3093,233573,-0.53857,0.04004,0.93237,-6.16500,-5.00500,17.33400
24.3131,233583,-0.55103,0.02393,0.92188,-6.77500,-4.33300,17.39500
24.3251,233593,-0.55908,0.03076,0.91895,-6.40900,-2.86900,17.39500
24.3399,233603,-0.54834,0.03076,0.89185,-7.01900,-4.02800,17.63900
24.3399,233613,-0.57666,0.01636,0.86841,-6.89700,-4.63900,18.00500
24.3576,233623,-0.56641,0.02197,0.87109,-6.59200,-4.82200,18.12700
24.3576,233633,-0.57031,0.01123,0.87695,-5.85900,-3.90600,17.45600
24.3721,233643,-0.56201,0.00854,0.88550,-5.31000,-4.82200,19.28700
24.3881,233653,-0.54688,0.01440,0.85645,-4.45600,-4.27200,17.51700
24.3989,233663,-0.56592,0.01465,0.87720,-4.94400,-4.33300,17.76100
24.4055,233673,-0.56616,0.01953,0.86035,-4.82200,-3.54000,17.21200
24.4205,233683,-0.56860,0.01489,0.88770,-5.18800,-4.15000,18.12700
24.4205,233693,-0.55396,0.03223,0.88647,-4.94400,-4.82200,18.37200
24.4365,233703,-0.56909,0.03149,0.88232,-4.88300,-4.08900,18.06600
24.4365,233713,-0.57324,0.02271,0.89185,-5.43200,-3.17400,17.33400
24.4544,233723,-0.57275,0.03442,0.86133,-5.12700,-5.31000,18.12700
24.4701,233733,-0.58130,0.03223,0.84326,-5.49300,-4.70000,18.12700
24.4701,233743,-0.57275,0.04883,0.84424,-5.49300,-5.43200,19.28700
24.5004,233753,-0.60254,0.03198,0.84741,-4.51700,-4.21100,18.00500
24.5004,233763,-0.58594,0.01831,0.84204,-4.88300,-5.37100,18.25000
24.5082,233773,-0.57690,0.02051,0.83447,-4.63900,-5.79800,19.34800
24.5196,233783,-0.60132,0.01660,0.83374,-4.15000,-5.79800,19.53100
24.5329,233793,-0.59424,0.02173,0.84888,-3.78400,-5.18800,18.43300
24.5347,233803,-0.60059,0.02026,0.85181,-4.15000,-5.49300,17.94400
24.5489,233813,-0.61377,0.03589,0.85669,-3.66200,-6.04200,18.43300
24.5489,233823,-0.59912,0.02515,0.84912,-4.57800,-5.67600,18.12700
24.5651,233833,-0.57886,0.02783,0.86353,-4.33300,-5.06600,17.88300
24.5651,233843,-0.57104,0.02075,0.85229,-4.39500,-6.83600,20.02000
24.5824,233853,-0.58545,0.03418,0.83325,-4.63900,-4.02800,20.81300
24.5989,233863,-0.63013,0.04028,0.83521,-3.90600,-5.37100,20.50800
24.6152,233873,-0.64307,0.02393,0.83154,-3.78400,-5.85900,20.02000
24.6152,233883,-0.63379,0.03491,0.82495,-2.62500,-6.77500,18.55500
24.6453,233893,-0.63770,0.03149,0.85938,-2.25800,-7.56800,18.55500
24.6453,233903,-0.61914,0.04492,0.88135,-1.77000,-7.56800,18.31100
24.6453,233913,-0.62280,0.04224,0.90112,-3.17400,-8.36200,19.04300
24.6453,233923,-0.64111,0.02637,0.90259,-3.41800,-7.01900,18.06600
24.6605,233933,-0.62964,0.03955,0.87939,-3.47900,-7.69000,18.25000
24.6793,233943,-0.62769,0.03979,0.89209,-3.60100,-7.20200,17.82200
24.6893,233953,-0.63623,0.03784,0.85815,-4.51700,-8.36200,19.83600
24.6988,233963,-0.60840,0.04297,0.85986,-4.15000,-8.30100,17.27300
24.7107,233973,-0.66260,0.04541,0.86011,-4.51700,-14.77100,20.14200
24.7167,233983,-0.62646,0.03052,0.85083,-3.78400,-9.82700,18.06600
24.7304,233993,-0.63647,0.02856,0.85547,-3.96700,-8.11800,17.15100
24.7568,234003,-0.62231,0.03467,0.84521,-3.23500,-9.03300,17.39500
24.7568,234013,-0.63086,0.03296,0.85889,-3.54000,-9.33800,18.31100
24.7612,234023,-0.62134,0.03320,0.85547,-2.50200,-8.42300,16.84600
24.7711,234033,-0.62329,0.03027,0.87012,-3.78400,-9.64400,17.82200
24.7818,234043,-0.64551,0.03198,0.87671,-3.41800,-9.58300,17.70000
24.7939,234053,-0.65210,0.03516,0.87354,-2.80800,-9.39900,17.15100
24.7987,234063,-0.65552,0.02344,0.88647,-3.60100,-9.58300,16.90700
24.8127,234073,-0.66162,0.03711,0.88721,-3.60100,-9.82700,16.17400
24.8192,234083,-0.65796,0.04077,0.87744,-4.39500,-11.04700,18.12700
24.8272,234093,-0.64917,0.02979,0.85010,-3.78400,-10.68100,16.60200
24.8348,234103,-0.62939,0.04370,0.83252,-3.96700,-11.04700,16.84600
24.8556,234113,-0.62256,0.02832,0.85254,-4.63900,-11.29200,16.84600
24.8556,234123,-0.62598,0.04688,0.84863,-3.66200,-11.78000,16.96800
24.8689,234133,-0.61963,0.02979,0.82544,-3.29600,-11.90200,16.05200
24.8705,234143,-0.60938,0.03833,0.83179,-3.29600,-11.35300,17.63900
24.8861,234153,-0.63306,0.03296,0.83496,-2.31900,-11.65800,16.72400
24.8986,234163,-0.63452,0.04321,0.84326,-1.89200,-12.32900,18.00500
24.8986,234173,-0.66187,0.04370,0.87402,-1.16000,-12.45100,17.09000
24.9191,234183,-0.65967,0.05786,0.88647,-1.16000,-13.48900,19.47000
24.9296,234193,-0.67944,0.05542,0.90479,-0.67100,-13.42800,19.10400
24.9296,234203,-0.68677,0.03564,0.92480,-1.22100,-14.16000,19.47000
24.9800,234213,-0.71338,0.05884,0.94287,-0.85400,-15.32000,19.95800
24.9800,234223,-0.74268,0.05273,0.96436,-1.40400,-14.46500,18.18800
24.9800,234233,-0.75464,0.05273,0.97290,-0.97700,-15.25900,18.49400
24.9800,234243,-0.76147,0.07349,0.96997,-1.09900,-15.68600,17.57800
24.9800,234253,-0.76172,0.06860,0.98706,-1.64800,-16.60200,17.76100
24.9990,234263,-0.77563,0.04907,1.02759,-1.34300,-16.66300,18.06600
25.0092,234273,-0.77539,0.05469,1.03564,-0.91600,-16.72400,17.63900
25.0254,234283,-0.80688,0.05371,1.05103,-0.18300,-16.78500,17.02900
25.0254,234293,-0.80249,0.07471,1.06128,-1.34300,-16.90700,17.09000
25.0837,234303,-0.81543,0.06470,1.07324,-1.16000,-17.27300,16.23500
25.0837,234313,-0.82690,0.04907,1.11108,-2.01400,-18.73800,16.60200
25.0893,234323,-0.82397,0.06519,1.09277,-1.95300,-18.67700,15.50300
25.0893,234333,-0.80615,0.06641,1.10498,-3.29600,-18.25000,15.68600
25.0893,234343,-0.81543,0.06201,1.09570,-3.11300,-19.04300,15.32000
25.0893,234353,-0.82568,0.05273,1.11938,-3.23500,-19.34800,15.99100
25.0992,234363,-0.81982,0.07007,1.10791,-3.54000,-19.34800,15.86900
25.1072,234373,-0.81689,0.06934,1.11011,-3.23500,-20.50800,15.50300
25.1217,234383,-0.79126,0.08228,1.10107,-4.15000,-20.69100,16.41800
25.1859,234393,-0.78857,0.07031,1.10083,-3.96700,-20.50800,16.29600
25.1859,234403,-0.79517,0.07861,1.09326,-3.90600,-20.75200,16.05200
25.1859,234413,-0.79883,0.06934,1.09326,-4.94400,-21.17900,15.80800
25.1859,234423,-0.79443,0.06738,1.05151,-4.88300,-21.17900,14.58700
25.1859,234433,-0.77490,0.05762,1.05103,-4.70000,-22.76600,14.58700
25.1859,234443,-0.75854,0.06958,1.04956,-4.45600,-22.58300,13.12300
25.1859,234453,-0.74878,0.05249,1.04443,-3.60100,-22.40000,12.93900
25.2069,234463,-0.71802,0.07056,1.04199,-3.84500,-24.17000,14.52600
25.2069,234473,-0.69946,0.07739,1.03540,-4.33300,-23.25400,13.18400
25.2205,234483,-0.67383,0.06543,1.01025,-5.43200,-23.92600,13.73300
25.2271,234493,-0.65723,0.03979,0.99512,-5.12700,-24.78000,14.34300
25.2338,234503,-0.66528,0.05908,0.97974,-5.49300,-24.23100,14.52600
25.2498,234513,-0.62134,0.05518,0.94775,-5.73700,-24.35300,14.09900
25.2829,234523,-0.61621,0.05835,0.92188,-5.06600,-24.17000,14.89300
25.2829,234533,-0.59473,0.04370,0.92456,-4.94400,-24.90200,15.19800
25.2829,234543,-0.59302,0.03735,0.88672,-3.66200,-23.31500,14.40400
25.2829,234553,-0.61865,0.04175,0.92212,-2.25800,-23.80400,15.68600
25.2971,234563,-0.62720,0.04492,0.92578,-2.31900,-23.80400,15.99100
25.3091,234573,-0.60938,0.04761,0.90698,-1.58700,-24.23100,15.13700
25.3196,234583,-0.60938,0.05469,0.92432,-2.44100,-24.84100,15.74700
25.3291,234593,-0.60693,0.04907,0.91455,-2.44100,-25.69600,15.74700
25.3389,234603,-0.58960,0.06152,0.91846,-2.62500,-25.20800,15.32000
25.3457,234613,-0.58203,0.04199,0.90381,-3.05200,-25.39100,15.68600
25.3605,234623,-0.59741,0.04858,0.89917,-2.80800,-25.63500,15.68600
25.3657,234633,-0.58960,0.04541,0.89087,-3.11300,-26.73300,16.90700
25.3765,234643,-0.58960,0.04272,0.87695,-2.56300,-26.00100,15.44200
25.3894,234653,-0.57788,0.01196,0.87646,-2.19700,-28.19800,17.15100
25.3970,234663,-0.56860,0.03882,0.88037,-1.46500,-27.64900,15.93000
25.4246,234673,-0.56714,0.02979,0.88110,-1.40400,-27.34400,15.93000
25.4246,234683,-0.54712,0.04346,0.89185,-1.46500,-27.22200,15.68600
25.4246,234693,-0.55737,0.03662,0.88159,-1.83100,-27.52700,16.84600
25.4393,234703,-0.56274,0.06519,0.86597,-1.34300,-26.67200,15.62500
25.4473,234713,-0.56006,0.04004,0.90552,-1.40400,-28.38100,17.94400
25.4553,234723,-0.56445,0.05640,0.90161,-1.34300,-27.10000,16.23500
25.4759,234733,-0.56934,0.04248,0.90332,-1.22100,-27.83200,16.60200
25.4791,234743,-0.56494,0.04004,0.89453,-0.06100,-27.34400,15.07600
25.4905,234753,-0.58057,0.04468,0.91748,-0.30500,-28.07600,15.07600
25.4998,234763,-0.57544,0.03345,0.91968,-0.97700,-27.83200,16.41800
25.5024,234773,-0.56934,0.03662,0.93872,-0.30500,-29.05300,15.86900
25.5195,234783,-0.56763,0.04932,0.93677,-0.36600,-28.56400,15.01500
25.5340,234793,-0.57422,0.04639,0.95435,-0.67100,-30.09000,15.19800
25.5367,234803,-0.54126,0.05078,0.95703,-0.79300,-28.44200,13.91600
25.5499,234813,-0.52783,0.04761,0.96802,-1.52600,-29.05300,14.58700
25.5670,234823,-0.51660,0.04565,0.96826,-1.64800,-28.38100,14.77100
25.5815,234833,-0.50708,0.04565,0.95483,-2.56300,-28.87000,16.05200
25.5815,234843,-0.51001,0.03833,0.93579,-2.56300,-28.99200,17.09000
25.5907,234853,-0.51001,0.05811,0.92236,-1.64800,-28.80900,16.66300
25.5999,234863,-0.52271,0.05298,0.92676,-0.97700,-27.58800,17.15100
25.6130,234873,-0.52954,0.03247,0.93066,-1.34300,-28.19800,17.21200
25.6130,234883,-0.55054,0.04028,0.93970,-0.48800,-28.50300,17.21200
25.6293,234893,-0.54810,0.03857,0.97144,0.06100,-28.07600,16.05200
25.6293,234903,-0.53979,0.05225,0.98022,-0.18300,-28.68700,17.02900
25.6451,234913,-0.55127,0.03638,1.00952,0.00000,-27.95400,17.21200
25.6769,234923,-0.57129,0.03882,1.03784,-0.54900,-27.52700,15.44200
25.6825,234933,-0.58154,0.04272,1.04761,-1.95300,-28.62500,17.15100
25.6929,234943,-0.57568,0.06421,1.04102,-2.38000,-27.40500,16.05200
25.6929,234953,-0.57666,0.04321,1.02002,-2.74700,-27.34400,14.77100
25.6949,234963,-0.57373,0.04785,1.03003,-2.56300,-28.19800,16.05200
25.7090,234973,-0.56226,0.03223,1.01416,-2.38000,-27.16100,15.38100
25.7090,234983,-0.54468,0.03833,1.00513,-2.07500,-27.77100,16.11300
25.7286,234993,-0.54907,0.04077,1.01709,-2.19700,-27.16100,16.17400
25.7309,235003,-0.55908,0.06128,1.02686,-1.83100,-28.13700,17.51700
25.7447,235013,-0.57080,0.05762,1.04492,-1.52600,-27.58800,17.21200
25.7571,235023,-0.55518,0.05518,1.07007,-2.19700,-27.46600,17.63900
25.7727,235033,-0.59521,0.05469,1.06250,-2.38000,-26.55000,16.41800
25.7727,235043,-0.56543,0.03711,1.08374,-2.31900,-26.55000,16.17400
25.7956,235053,-0.57812,0.04370,1.08936,-2.62500,-25.39100,15.86900
25.8001,235063,-0.55640,0.06201,1.07251,-3.66200,-25.87900,16.05200
25.8054,235073,-0.55859,0.04272,1.07544,-4.02800,-24.84100,15.80800
25.8200,235083,-0.58911,0.05249,1.05225,-4.27200,-24.90200,16.23500
25.8239,235093,-0.59546,0.04785,1.05640,-4.02800,-24.65800,14.34300
25.8344,235103,-0.56665,0.04810,1.02881,-5.67600,-24.65800,14.89300
25.8503,235113,-0.55322,0.04761,1.04028,-5.00500,-24.47500,14.16000
25.8593,235123,-0.52954,0.05347,1.02466,-6.71400,-23.86500,13.61100
25.8665,235133,-0.50903,0.04321,1.02148,-6.83600,-23.56000,12.93900
25.8826,235143,-0.49780,0.05542,1.00391,-7.32400,-23.13200,13.12300
25.8826,235153,-0.46558,0.04346,0.97314,-8.72800,-23.13200,13.61100
25.9002,235163,-0.46631,0.05591,0.90283,-9.88800,-22.15600,14.34300
25.9195,235173,-0.44849,0.04053,0.87573,-10.31500,-24.10900,15.19800
25.9220,235183,-0.45020,0.03418,0.83179,-10.86400,-21.72900,13.67200
25.9302,235193,-0.42773,0.03003,0.75391,-10.74200,-20.81300,13.12300
25.9302,235203,-0.44556,0.03516,0.74878,-9.76600,-21.36200,13.18400
25.9462,235213,-0.39478,0.02954,0.69238,-9.64400,-19.95800,12.20700
25.9462,235223,-0.35986,0.02612,0.67773,-9.09400,-20.75200,12.26800
25.9644,235233,-0.32812,0.02832,0.65723,-8.97200,-21.42300,12.51200
25.9787,235243,-0.29492,0.02930,0.64160,-8.42300,-20.81300,13.48900
25.9787,235253,-0.29761,0.02588,0.59839,-9.64400,-18.79900,12.63400
25.9935,235263,-0.26636,0.02759,0.58862,-9.82700,-19.65300,13.42800
26.0158,235273,-0.29297,0.02344,0.53149,-10.49800,-19.59200,15.32000
26.0158,235283,-0.27026,0.02417,0.47363,-10.43700,-20.38600,15.07600
26.0249,235293,-0.27563,0.01221,0.45801,-9.76600,-20.44700,15.68600
26.0419,235303,-0.28418,0.00513,0.40479,-7.69000,-19.04300,15.68600
26.0419,235313,-0.25562,0.01221,0.40625,-6.04200,-19.04300,15.74700
26.0578,235323,-0.24805,0.02710,0.40356,-4.15000,-18.86000,16.66300
26.0727,235333,-0.26685,0.02539,0.44043,-3.23500,-18.73800,16.54100
26.1230,235343,-0.26489,0.02856,0.46387,-1.89200,-18.61600,16.05200
26.1230,235353,-0.28174,0.03467,0.48584,-1.34300,-21.91200,17.51700
26.1230,235363,-0.29810,0.04517,0.51538,-1.03800,-22.52200,17.88300
26.1230,235373,-0.31494,0.04541,0.55737,-1.34300,-21.79000,18.31100
26.1230,235383,-0.33447,0.04639,0.57861,-0.18300,-20.99600,17.45600
26.1230,235393,-0.32715,0.05688,0.63501,-0.85400,-21.42300,18.00500
26.1370,235403,-0.34253,0.05322,0.64038,-0.97700,-21.17900,19.34800
26.1409,235413,-0.35229,0.05542,0.65796,-0.85400,-22.64400,18.43300
26.1563,235423,-0.36865,0.05298,0.70337,-0.67100,-21.36200,19.28700
26.1691,235433,-0.37524,0.06812,0.73389,0.85400,-20.75200,18.49400
26.1931,235443,-0.40552,0.05029,0.74756,1.34300,-19.77500,19.22600
26.1931,235453,-0.43481,0.05298,0.82202,1.22100,-20.14200,20.20300
26.1946,235463,-0.46924,0.08081,0.88916,2.44100,-19.89700,19.28700
26.2026,235473,-0.51025,0.08569,0.97412,1.89200,-19.34800,19.16500
26.2489,235518,-0.59595,0.09375,1.10498,-3.29600,-19.53100,17.09000
26.2489,235520,-0.59595,0.09375,1.10498,-3.29600,-19.53100,17.09000
26.2489,235521,-0.60376,0.09253,1.10425,-4.76100,-19.34800,17.94400
26.2489,235523,-0.60376,0.09253,1.10425,-4.76100,-19.34800,17.94400
26.2489,235524,-0.60376,0.09253,1.10425,-4.76100,-19.34800,17.94400
26.2675,235533,-0.57324,0.10449,1.09131,-5.49300,-18.61600,16.72400
26.2824,235543,-0.58887,0.11157,1.10327,-5.67600,-19.83600,16.84600
26.2824,235553,-0.58618,0.09546,1.08521,-7.14100,-19.16500,15.56400
26.2964,235563,-0.57324,0.11084,1.08862,-7.69000,-18.98200,15.62500
26.3141,235573,-0.57520,0.09326,1.07788,-7.08000,-19.40900,15.50300
26.3181,235583,-0.55298,0.09912,1.05688,-7.93500,-18.37200,14.28200
26.3317,235593,-0.53857,0.08984,1.02734,-8.42300,-18.73800,14.16000
26.3423,235603,-0.53491,0.09229,1.02441,-8.85000,-17.76100,13.97700
26.3507,235613,-0.51758,0.08716,1.01782,-8.78900,-17.39500,14.52600
26.3602,235623,-0.50415,0.08936,0.99048,-9.09400,-17.63900,15.50300
26.3712,235633,-0.50244,0.08252,0.98730,-9.03300,-17.09000,14.52600
26.3852,235643,-0.49341,0.09546,0.94238,-9.52100,-17.09000,14.83200
26.3941,235653,-0.48267,0.07275,0.93018,-8.48400,-16.72400,15.13700
26.3941,235663,-0.48096,0.09082,0.91113,-9.33800,-16.23500,15.01500
26.4062,235673,-0.47046,0.08862,0.89404,-7.75100,-15.13700,14.83200
26.4062,235683,-0.46924,0.09326,0.87817,-8.30100,-16.47900,15.74700
26.4207,235693,-0.45117,0.10156,0.89160,-8.05700,-15.62500,14.83200
26.4375,235703,-0.44678,0.08594,0.85474,-8.30100,-17.88300,15.80800
26.4375,235713,-0.42334,0.07617,0.83984,-8.24000,-16.66300,14.89300
26.4527,235723,-0.40991,0.07275,0.84277,-7.62900,-16.23500,15.74700
26.4695,235733,-0.39136,0.07031,0.80957,-5.98100,-16.78500,16.11300
26.4805,235743,-0.38306,0.07983,0.81958,-5.37100,-16.84600,17.70000
26.4954,235753,-0.39600,0.07812,0.82886,-4.33300,-15.13700,16.60200
26.4954,235763,-0.41455,0.07031,0.85181,-3.84500,-15.80800,17.82200
26.5051,235773,-0.44751,0.07275,0.90576,-2.86900,-15.25900,18.06600
26.5213,235783,-0.45947,0.06860,0.89404,-3.29600,-14.58700,18.18800
26.5318,235793,-0.46069,0.06860,0.91724,-2.68600,-15.74700,18.06600
26.5318,235803,-0.47485,0.05322,0.93726,-2.99100,-14.95400,17.02900
26.5510,235813,-0.46655,0.06128,0.95239,-3.78400,-15.19800,16.90700
26.5632,235823,-0.45361,0.05444,0.96606,-3.78400,-14.89300,18.49400
26.5632,235833,-0.46094,0.04321,0.97217,-4.51700,-14.95400,18.31100
26.5791,235843,-0.47119,0.04590,0.95728,-4.70000,-15.13700,18.73800
26.6020,235853,-0.48633,0.05347,0.96753,-4.82200,-15.80800,18.92100
26.6020,235863,-0.47510,0.03076,0.96118,-5.79800,-15.99100,18.49400
26.6106,235873,-0.48071,0.01514,0.94434,-5.55400,-15.80800,17.88300
26.6106,235883,-0.46606,0.01221,0.92529,-5.73700,-14.58700,17.45600
26.6296,235893,-0.47021,-0.00317,0.91797,-5.49300,-12.69500,17.63900
26.6432,235903,-0.47437,0.01245,0.91675,-5.12700,-14.22100,18.31100
26.6432,235913,-0.48853,-0.00806,0.93970,-4.94400,-13.97700,18.92100
26.6591,235923,-0.49634,-0.01880,0.93677,-4.33300,-13.55000,18.18800
26.6654,235933,-0.50928,-0.01294,0.93140,-4.76100,-14.09900,18.73800
26.6748,235943,-0.49707,-0.03711,0.93579,-5.55400,-14.40400,18.43300
26.6922,235953,-0.50049,-0.03687,0.91821,-5.73700,-13.79400,17.82200
26.6922,235963,-0.48901,-0.04370,0.91650,-5.24900,-13.36700,17.63900
26.7067,235973,-0.48730,-0.05322,0.87744,-5.06600,-13.18400,17.27300
26.7067,235983,-0.46729,-0.07544,0.86060,-4.02800,-12.45100,17.63900
26.7257,235993,-0.45410,-0.07617,0.86670,-3.47900,-11.59700,17.57800
26.7387,236003,-0.48145,-0.08716,0.88403,-2.93000,-10.98600,19.77500
26.7387,236013,-0.51880,-0.09888,0.91113,-2.93000,-9.88800,20.02000
26.7547,236023,-0.50684,-0.09521,0.90405,-2.56300,-11.53600,20.56900
26.7547,236033,-0.52759,-0.17236,1.02466,-2.38000,-12.02400,20.32500
26.7726,236043,-0.65942,0.04126,0.81909,-2.38000,-11.47500,19.89700
26.7882,236053,-0.63135,-0.07935,0.94360,-3.05200,-11.04700,19.65300
26.8024,236063,-0.59912,-0.05127,0.92920,-3.35700,-10.98600,18.18800
26.8137,236073,-0.57227,-0.09863,0.99756,-4.08900,-10.37600,17.39500
26.8247,236083,-0.55029,-0.10449,0.98413,-4.21100,-11.53600,17.02900
26.8267,236093,-0.58911,-0.04590,0.93213,-5.24900,-9.27700,15.50300
26.8453,236103,-0.55566,-0.06592,0.93359,-5.85900,-9.03300,15.07600
26.8453,236113,-0.57251,-0.03857,0.91138,-5.67600,-8.97200,15.44200
26.8570,236123,-0.55444,-0.09424,0.88354,-5.79800,-10.74200,14.70900
26.8735,236133,-0.52856,-0.05591,0.83765,-5.73700,-12.08500,15.38100
26.8810,236143,-0.51294,-0.08521,0.83618,-5.55400,-12.81700,15.68600
26.8989,236153,-0.46802,-0.06030,0.76367,-3.11300,-11.04700,14.89300
26.9029,236163,-0.45337,-0.05786,0.85815,-0.48800,-9.64400,16.84600
26.9223,236173,-0.49536,-0.05347,0.90503,0.91600,-10.55900,17.63900
26.9223,236183,-0.57471,-0.03955,0.97388,1.40400,-10.92500,18.79900
26.9293,236193,-0.60986,-0.02710,0.98730,0.18300,-12.69500,17.45600
26.9469,236203,-0.63232,-0.02197,1.01196,0.12200,-12.81700,15.80800
26.9469,236213,-0.53955,0.01172,1.05151,-0.06100,-11.96300,15.80800
26.9611,236223,-0.57227,0.00000,1.11182,-1.64800,-11.29200,15.13700
26.9611,236233,-0.54517,0.01880,1.10229,-3.84500,-10.80300,14.03800
26.9830,236243,-0.52759,0.03198,1.09912,-5.06600,-10.92500,13.61100
26.9895,236253,-0.50806,0.03223,1.06641,-6.59200,-10.25400,13.42800
27.0214,236263,-0.53760,0.05518,1.04932,-7.20200,-11.35300,14.83200
27.0214,236273,-0.53223,0.05493,1.03271,-7.32400,-10.25400,14.09900
27.0214,236283,-0.52588,0.05371,0.97437,-7.20200,-10.68100,13.12300
27.0244,236293,-0.49463,0.06055,0.94849,-7.50700,-10.68100,12.63400
27.0376,236303,-0.50049,0.05176,0.92505,-6.89700,-11.35300,12.20700
27.0563,236313,-0.44556,0.06201,0.90747,-5.85900,-11.59700,11.47500
27.0563,236323,-0.42139,0.05103,0.86255,-4.27200,-11.71900,11.29200
27.0721,236333,-0.38550,0.05371,0.89160,-3.60100,-12.93900,13.42800
27.0747,236343,-0.40356,0.03784,0.91016,-2.31900,-12.20700,14.58700
27.0891,236353,-0.39258,0.05029,0.92749,-0.97700,-11.29200,15.19800
27.0969,236363,-0.41699,0.04590,0.96973,-1.46500,-11.41400,16.17400
27.1197,236373,-0.47778,0.05762,0.99707,-1.89200,-10.62000,15.68600
27.1197,236383,-0.50562,0.06738,1.03149,-4.02800,-11.59700,16.41800
27.1241,236393,-0.54028,0.06348,1.05249,-5.31000,-11.47500,16.05200
27.1356,236403,-0.51880,0.05225,1.00415,-7.75100,-11.47500,14.28200
27.1519,236413,-0.50171,0.07007,0.94336,-9.27700,-10.86400,11.78000
27.1519,236423,-0.48218,0.06348,0.88013,-10.19300,-11.47500,11.59700
27.1683,236433,-0.40894,0.05566,0.77661,-9.82700,-11.71900,10.37600
27.1683,236443,-0.31592,0.05542,0.70093,-6.83600,-11.04700,11.47500
27.1847,236453,-0.31641,0.07593,0.71753,-5.18800,-11.35300,13.36700
27.1847,236463,-0.36938,0.08765,0.77051,-3.05200,-11.16900,16.17400
27.2033,236473,-0.42139,0.11621,0.80591,-0.91600,-10.98600,16.54100
27.2168,236483,-0.45898,0.11475,0.82690,-2.07500,-12.14600,15.62500
27.2168,236493,-0.43701,0.13354,0.82837,-1.64800,-15.93000,16.78500
27.2326,236503,-0.42163,0.12231,0.79321,-2.62500,-15.19800,15.50300
27.2494,236513,-0.43042,0.12280,0.78149,-2.19700,-13.97700,14.03800
27.2804,236523,-0.41675,0.12988,0.79297,-1.28200,-12.51200,13.30600
27.2804,236533,-0.38647,0.12842,0.81494,0.30500,-13.30600,15.01500
27.2804,236543,-0.39722,0.12646,0.88086,0.36600,-13.67200,16.66300
27.3037,236553,-0.37036,0.13696,0.80957,1.40400,-14.58700,17.57800
27.3037,236563,-0.39868,0.11182,0.90845,3.35700,-12.69500,19.71400
27.3170,236573,-0.41333,0.10132,0.89233,4.27200,-11.71900,20.20300
27.3170,236583,-0.52832,0.12720,0.99463,4.94400,-11.78000,21.36200
27.3292,236593,-0.62158,0.09839,1.07397,4.33300,-10.55900,20.38600
27.3292,236603,-0.65747,0.07642,1.09009,3.72300,-11.90200,21.05700
27.3557,236613,-0.68042,0.06128,1.10303,1.83100,-13.79400,17.94400
27.3557,236623,-0.64380,0.04297,1.11646,0.97700,-14.34300,15.56400
27.3608,236633,-0.62476,0.04736,1.09106,-0.24400,-15.32000,14.89300
27.3781,236643,-0.59009,0.02563,1.13892,-0.54900,-14.89300,12.51200
27.3781,236653,-0.57617,0.01538,1.11792,-1.28200,-15.32000,12.39000
27.3926,236663,-0.54150,0.02856,1.11670,-1.64800,-14.95400,12.20700
27.4085,236673,-0.50562,0.04834,1.08691,-2.80800,-16.47900,12.63400
27.4246,236683,-0.50537,0.04272,1.06299,-4.33300,-15.80800,14.77100
27.4246,236693,-0.50073,0.05029,1.04272,-4.57800,-15.56400,14.83200
27.4402,236703,-0.49341,0.04736,1.00244,-3.23500,-14.89300,14.52600
27.4623,236713,-0.50049,0.05859,0.97681,-3.54000,-15.25900,16.29600
27.4623,236723,-0.53027,0.04468,0.99170,-3.60100,-14.40400,15.25900
27.4663,236733,-0.51929,0.06543,0.98999,-2.80800,-13.85500,14.70900
27.4723,236743,-0.50024,0.06909,0.96582,-2.19700,-15.44200,14.58700
27.4883,236753,-0.51025,0.05225,0.96606,-2.13600,-15.56400,14.46500
27.4883,236763,-0.47266,0.05493,1.00000,-3.11300,-14.95400,13.85500
27.5219,236773,-0.45923,0.04468,0.97192,-3.29600,-16.29600,14.89300
27.5219,236783,-0.46704,0.03711,0.98145,-3.54000,-16.47900,14.70900
27.5219,236793,-0.46240,0.03638,0.94019,-3.47900,-15.62500,14.34300
27.5360,236803,-0.47876,0.00952,0.92578,-3.90600,-16.11300,14.28200
27.5360,236813,-0.46924,0.02173,0.92065,-3.35700,-16.11300,14.16000
27.5636,236823,-0.46533,0.02417,0.91772,-2.74700,-16.05200,13.42800
27.5676,236833,-0.48120,0.01611,0.94702,-2.93000,-16.66300,13.67200
27.5676,236843,-0.45312,0.03027,0.91138,-3.23500,-17.15100,13.48900
27.5892,236853,-0.47339,0.03516,0.90112,-4.45600,-17.45600,13.18400
27.5991,236863,-0.42969,0.03369,0.87793,-4.08900,-17.70000,13.85500
27.6056,236873,-0.43335,0.03076,0.87305,-3.78400,-17.88300,13.55000
27.6148,236883,-0.41992,0.02979,0.86597,-4.15000,-18.67700,13.06200
27.6312,236893,-0.43652,0.03906,0.84985,-3.72300,-17.21200,13.67200
27.6312,236903,-0.43311,0.02881,0.84912,-3.90600,-18.49400,14.52600
27.6475,236913,-0.44556,0.04468,0.82422,-3.60100,-19.04300,12.93900
27.6638,236923,-0.42603,0.02515,0.83179,-3.35700,-20.08100,12.87800
27.6839,236933,-0.40601,0.03564,0.82935,-2.62500,-20.44700,13.55000
27.6860,236943,-0.40747,0.04028,0.84888,-2.80800,-21.36200,14.64800
27.6956,236953,-0.39868,0.05420,0.82642,-2.93000,-20.50800,14.16000
27.6956,236963,-0.41382,0.04199,0.84155,-3.35700,-20.38600,14.70900
27.7137,236973,-0.44092,0.03027,0.82764,-2.86900,-21.66700,15.50300
27.7137,236983,-0.45630,0.03540,0.83813,-2.68600,-20.87400,14.34300
27.7433,236993,-0.47412,0.02783,0.84204,-2.99100,-22.40000,14.28200
27.7433,237003,-0.47095,0.05200,0.84106,-2.93000,-22.15600,13.30600
27.7433,237013,-0.43726,0.03735,0.83472,-2.38000,-22.46100,13.61100
27.7591,237023,-1.64941,-0.21069,0.16089,9.46000,-65.61300,25.33000
27.7591,237033,-0.86279,-0.10474,1.14136,2.86900,-89.47800,4.76100
27.7750,237043,2.29639,0.23047,1.66626,-5.12700,-11.35300,-2.93000
27.7750,237053,1.39966,0.05103,-0.97534,-6.71400,-50.90300,39.36800
27.8067,237063,0.88574,0.36938,2.09009,-13.30600,-38.87900,58.47200
27.8148,237073,-0.07593,0.03906,0.62231,-16.17400,-5.37100,50.11000
27.8228,237083,-0.91504,0.10693,1.52417,-19.34800,-15.68600,38.02500
27.8228,237093,-0.85791,-0.02515,0.35571,-18.61600,-26.36700,33.38600
27.8389,237103,-0.58252,0.07520,1.00732,-9.88800,-18.25000,25.81800
27.8389,237113,-0.31152,0.03076,0.76343,-11.47500,-20.63000,28.56400
27.8618,237123,-0.49512,0.01318,0.80225,-8.24000,-21.91200,27.95400
27.8708,237133,-0.76782,0.05591,0.84229,-8.54500,-16.96800,27.71000
27.8708,237143,-0.45752,0.05249,1.00684,-7.20200,-19.65300,27.71000
27.8868,237153,-0.47119,0.07104,1.00342,-8.36200,-20.99600,27.64900
27.8868,237163,-0.46265,0.05054,0.93750,-9.88800,-23.80400,27.95400
27.9058,237173,-0.60059,0.05420,0.97607,-10.74200,-22.70500,28.80900
27.9227,237183,-0.44849,0.06055,0.94141,-10.92500,-22.52200,29.29700
27.9227,237193,-0.52539,0.04883,0.95850,-11.71900,-22.52200,30.39600
27.9506,237203,-0.57959,0.04907,0.89502,-11.16900,-21.30100,29.05300
27.9506,237213,-0.48755,0.05322,0.93970,-10.86400,-21.79000,28.44200
27.9506,237223,-0.55591,0.06152,0.92407,-11.10800,-22.15600,28.13700
27.9666,237233,-0.51318,0.05664,0.93945,-11.29200,-21.79000,27.58800
27.9666,237243,-0.50903,0.04565,0.93921,-11.35300,-22.03400,26.79400
27.9827,237253,-0.48608,0.04077,0.93506,-11.41400,-22.58300,26.61100
27.9992,237263,-0.48340,0.04590,0.92529,-11.35300,-23.37600,26.30600
28.0061,237273,-0.46313,0.03320,0.91772,-11.96300,-24.29200,27.83200
28.0313,237283,-0.89551,0.28711,2.23145,-6.34800,-75.50000,45.47100
28.0313,237293,-2.01318,0.27295,1.76221,-10.55900,77.51500,19.65300
28.0313,237303,-2.61255,0.13623,1.06763,-9.33800,-64.39200,35.15600
28.0470,237313,-0.05103,0.34326,2.22192,7.01900,51.39200,-2.68600
28.0470,237323,-0.47266,0.05957,0.40820,-10.98600,-2.44100,30.39600
28.0629,237333,-0.77759,-0.04883,0.86011,-7.75100,-49.92700,35.88900
28.0791,237343,-0.34033,-0.03418,0.65552,-4.76100,1.40400,19.04300
28.0791,237353,-0.73975,0.05103,1.25903,-5.79800,-24.41400,22.03400
28.0981,237363,-0.91553,-0.08276,0.66528,-9.88800,-44.49500,18.43300
28.1064,237373,-0.94434,0.12402,1.34326,3.11300,-11.47500,8.66700
28.1266,237383,-0.46094,0.02881,0.44873,-2.93000,-24.96300,9.15500
28.1266,237393,-0.66992,0.01270,0.65332,2.62500,-21.97300,8.97200
28.1266,237403,-0.31592,0.03467,0.92700,2.74700,-15.25900,9.39900
28.1432,237413,-0.57397,0.05908,0.93481,2.19700,-23.68200,11.23000
28.1582,237423,-0.50293,0.03125,0.86523,1.70900,-22.46100,12.26800
28.1742,237433,-0.62573,0.07153,0.92969,2.38000,-24.41400,11.71900
28.1762,237443,-0.31909,0.22339,1.29346,4.57800,-35.33900,8.97200
28.1930,237453,-0.41479,0.20703,1.59692,2.31900,-17.27300,9.03300
28.1930,237463,-0.89648,-0.01343,0.62378,-0.30500,-41.26000,12.75600
28.2064,237473,-1.65674,-0.04541,0.81689,1.89200,-13.85500,8.48400
28.2541,237519,-0.54541,0.10229,1.34326,-6.16500,-13.18400,14.16000
28.2541,237521,-0.14209,0.10669,1.25146,-7.44600,-13.73300,12.87800
28.2541,237522,-0.14209,0.10669,1.25146,-7.44600,-13.73300,12.87800
28.2541,237524,-0.14209,0.10669,1.25146,-7.44600,-13.73300,12.87800
28.2541,237525,-0.14209,0.10669,1.25146,-7.44600,-13.73300,12.87800
28.2862,237533,-0.21606,0.07373,1.27783,-10.37600,-15.01500,17.88300
28.3023,237543,-0.32178,0.09155,1.11646,-11.04700,-10.92500,16.66300
28.3023,237553,-0.29321,0.08887,0.92163,-13.85500,-11.41400,19.40900
28.3067,237563,-0.62793,0.06738,0.75684,-11.65800,-13.36700,17.76100
28.3067,237573,-0.59009,0.03174,0.77441,-10.25400,-14.83200,15.13700
28.3186,237583,-0.51025,0.03223,0.74805,-7.50700,-21.24000,14.34300
28.3186,237593,-0.38672,0.06738,1.05786,-3.29600,-22.03400,13.36700
28.3347,237603,-0.32153,0.07324,1.09375,-3.35700,-20.44700,12.57300
28.3504,237613,-0.36914,0.07666,1.16064,-6.53100,-16.78500,15.38100
28.3619,237623,-0.33618,0.07324,1.07568,-10.43700,-12.26800,17.27300
28.3679,237633,-0.48193,0.03882,0.98926,-12.08500,-13.30600,18.61600
28.3820,237643,-0.62476,0.05029,0.86816,-12.39000,-15.44200,18.12700
28.3820,237653,-0.58179,0.03296,0.91992,-12.20700,-16.17400,15.80800
28.3977,237663,-0.45190,0.06030,0.93140,-11.65800,-19.04300,15.50300
28.4069,237673,-0.50806,0.06226,0.86475,-12.93900,-16.17400,14.58700
28.4136,237683,-0.44043,0.03687,0.88745,-12.02400,-16.84600,13.12300
28.4297,237693,-0.43677,0.05078,0.84570,-11.59700,-17.15100,13.97700
28.4297,237703,-0.41357,0.04883,0.89819,-10.37600,-18.06600,15.07600
28.4458,237713,-0.30688,0.04980,0.92432,-7.75100,-25.33000,14.03800
28.4458,237723,-0.21924,0.05566,1.20557,-5.67600,-31.12800,13.12300
28.4617,237733,-0.02368,0.04102,1.46973,-7.08000,-28.99200,15.68600
28.4777,237743,-0.02515,0.04590,1.38623,-11.53600,-3.17400,17.88300
28.4777,237753,-0.41821,0.09253,1.36523,-13.67200,-4.21100,21.11800
28.4935,237763,-0.00049,0.18457,1.23511,-20.14200,-17.39500,22.52200
28.5092,237773,-0.04077,-0.34058,1.49512,-18.18800,-2.31900,24.53600
28.5092,237783,-1.22607,-0.17578,1.34985,-16.29600,-80.50500,27.95400
28.5253,237793,-1.15430,0.20605,1.04761,-5.49300,29.54100,16.35700
28.5415,237803,-0.38574,0.00952,0.74341,-11.96300,-25.63500,20.14200
28.5415,237813,-1.27490,0.00195,0.83203,-9.82700,-10.98600,19.65300
28.5573,237823,0.36523,0.01294,0.68921,-12.20700,8.91100,14.70900
28.5699,237833,-1.80176,0.05811,0.66943,-11.23000,-23.31500,25.02400
28.5773,237843,-0.68213,0.05664,-0.00293,-1.46500,-9.88800,16.72400
28.5893,237853,0.00293,0.02319,0.57886,1.40400,-25.51300,9.46000
28.5997,237863,0.27759,0.10254,0.66968,2.99100,-5.67600,16.05200
28.6096,237873,-0.30225,0.10571,0.76929,0.91600,-19.22600,18.12700
28.6193,237883,-0.25732,-0.04565,1.03149,-0.73200,-12.45100,22.03400
28.6298,237893,-0.15503,0.06372,1.05884,4.15000,-24.35300,21.30100
28.6467,237903,-0.18018,0.05933,0.85449,2.80800,-28.93100,17.21200
28.6505,237913,-0.03174,0.02124,0.90942,2.80800,-18.55500,15.93000
28.6609,237923,-0.46655,0.02466,1.19263,4.02800,-21.11800,16.84600
28.6679,237933,-0.41821,0.05078,0.86328,2.93000,-14.52600,16.54100
28.6824,237943,-0.32935,0.07251,1.16333,2.13600,-14.95400,17.88300
28.6897,237953,-0.09302,-0.01221,0.76636,-1.95300,-10.92500,19.59200
28.6996,237963,0.00293,-0.06982,0.95508,-2.80800,-11.23000,19.10400
28.7092,237973,-0.39966,-0.07104,0.82935,-1.70900,-11.59700,20.99600
28.7162,237983,-0.34180,0.05786,0.65845,-0.06100,-8.85000,18.55500
28.7299,237993,-0.42505,-0.02588,1.04541,4.08900,-12.69500,18.98200
28.7460,238003,-0.38794,0.11133,0.97485,3.72300,-18.49400,19.28700
28.7460,238013,0.28223,0.67627,2.61523,32.59300,25.26900,19.65300
28.7595,238023,-0.52979,-0.10327,1.48267,-3.72300,0.79300,20.38600
28.7628,238033,-0.27661,0.03076,2.06885,-4.39500,-8.17900,22.33900
28.7777,238043,-1.07056,0.12622,1.39746,-20.26400,-6.40900,10.62000
28.7777,238053,-0.30762,-0.03442,0.77075,-20.14200,-7.69000,2.99100
28.7939,238063,0.43506,-0.04370,0.45459,-18.37200,-10.98600,6.47000
28.8080,238073,-0.19751,-0.05737,0.63281,-11.65800,-28.80900,14.58700
28.8209,238083,-0.75610,-0.08984,-0.18213,-9.94900,-7.32400,10.74200
28.8409,238093,-0.41333,-0.05566,0.43896,-2.01400,-5.67600,17.94400
28.8568,238103,-0.85986,0.03784,0.95093,-2.01400,-2.25800,17.76100
28.8568,238113,-0.48022,0.02881,0.66504,4.88300,-2.74700,20.56900
28.8568,238123,-0.63452,0.01001,1.21118,5.37100,-4.21100,19.22600
28.8686,238133,-0.75562,0.07983,1.81421,1.28200,-4.15000,18.37200
28.8754,238143,-0.49707,0.11792,1.48608,-8.36200,-10.25400,15.62500
28.8888,238153,-0.51147,-0.04761,1.28149,-13.24500,-6.95800,14.22100
28.8888,238163,-0.18164,-0.09644,0.10742,-15.07600,-7.62900,13.85500
28.9081,238173,-0.37402,-0.08594,0.85278,-8.60600,-3.78400,16.78500
28.9202,238183,-0.37036,0.02905,0.73730,-6.95800,-7.14100,15.86900
28.9238,238193,-0.51953,0.03711,0.62061,-2.62500,-7.93500,16.84600
28.9369,238203,-0.49561,0.04614,1.05273,-2.19700,-11.35300,15.93000
28.9533,238213,-0.42676,0.06567,1.06006,-2.99100,-14.70900,16.17400
28.9533,238223,-0.54932,0.04272,1.18506,-4.94400,-11.23000,14.70900
28.9691,238233,-0.45386,-0.04468,1.00317,-9.46000,-13.36700,13.48900
28.9691,238243,-0.36011,-0.00269,1.03516,-9.09400,-13.48900,12.63400
28.9849,238253,-0.27710,-0.01929,0.84985,-7.62900,-10.80300,12.69500
28.9849,238263,-0.15869,-0.00708,0.86133,-6.59200,-8.48400,16.41800
29.0083,238273,-0.25049,0.03003,0.82471,-5.85900,-6.28700,16.35700
29.0168,238283,-0.36011,0.01611,0.89209,-4.27200,-4.08900,19.65300
29.0291,238293,-0.51733,0.08765,0.94702,-2.86900,-9.70500,20.14200
29.0389,238303,-0.62280,0.10010,1.00244,-2.74700,-7.14100,18.67700
29.0487,238313,-0.49316,0.04785,1.13525,-3.66200,-7.08000,16.47900
29.0487,238323,-0.47632,0.10571,1.03809,-6.34800,-12.93900,16.96800
29.0694,238333,-0.52393,0.05200,0.98999,-7.62900,-10.37600,17.51700
29.0808,238343,-0.45679,0.05005,0.90283,-7.93500,-9.21600,15.38100
29.0808,238353,-0.47998,0.01123,0.83643,-7.99600,-13.79400,15.50300
29.0996,238363,-0.46387,0.01929,0.82983,-7.14100,-13.67200,14.83200
29.1083,238373,-0.39893,0.02026,0.89404,-4.76100,-11.84100,13.91600
29.1245,238383,-0.36987,0.05444,0.96460,-4.45600,-13.79400,14.70900
29.1290,238393,-0.33472,-0.00244,0.97900,-4.21100,-15.01500,16.23500
29.1311,238403,-0.41016,0.05835,1.01758,-4.15000,-12.93900,16.60200
29.1452,238413,-0.42456,0.03809,0.98096,-5.18800,-12.93900,15.50300
29.1452,238423,-0.41260,0.00781,1.01733,-5.00500,-13.48900,16.05200
29.1946,238433,-0.45728,0.05396,0.95825,-5.24900,-11.90200,15.44200
29.1946,238443,-0.40015,-0.02393,0.96826,-6.10400,-11.59700,15.13700
29.1946,238453,-0.44482,0.03467,0.93896,-5.61500,-11.78000,16.17400
29.1946,238463,-0.42847,-0.00879,0.95752,-5.79800,-12.20700,16.17400
29.2093,238473,-0.44409,0.01294,0.90894,-4.51700,-13.55000,15.38100
29.2205,238483,-0.48047,0.02979,0.91650,-4.51700,-14.03800,15.56400
29.2245,238493,-0.42505,0.03052,0.97437,-4.39500,-14.77100,14.83200
29.2245,238503,-0.38599,0.04053,0.97168,-4.27200,-15.32000,15.50300
29.2565,238513,-0.39819,0.02637,0.99292,-3.90600,-13.61100,14.77100
29.2565,238523,-0.40259,0.01489,0.97241,-4.45600,-15.07600,17.09000
29.2724,238533,-0.37524,-0.00244,0.92798,-5.49300,-15.07600,16.90700
29.2724,238543,-0.36987,-0.02466,0.96265,-4.57800,-14.52600,16.84600
29.2883,238553,-0.41577,0.02490,0.91724,-4.57800,-13.12300,16.60200
29.2883,238563,-0.44604,0.00708,0.97070,-4.27200,-13.73300,17.45600
29.3083,238573,-0.46948,0.05103,0.93872,-4.02800,-13.97700,17.21200
29.3083,238583,-0.47095,0.00806,0.98486,-4.70000,-13.73300,16.41800
29.3203,238593,-0.49414,0.06201,0.96826,-4.51700,-16.29600,16.96800
29.3361,238603,-0.46191,0.03687,0.94141,-4.76100,-16.41800,17.70000
29.3541,238613,-0.46167,0.04175,0.95093,-4.88300,-16.66300,16.11300
29.3541,238623,-0.41528,0.03564,0.94702,-4.45600,-16.11300,14.77100
29.3761,238633,-0.38379,0.02783,0.94214,-3.47900,-15.50300,14.34300
29.3761,238643,-0.38062,0.03711,0.92651,-3.90600,-16.78500,15.74700
29.3837,238653,-0.35913,0.02393,0.95288,-3.96700,-15.80800,16.72400
29.3995,238663,-0.38550,0.03320,0.96167,-3.41800,-15.19800,16.41800
29.4086,238673,-0.39917,0.02197,1.00537,-3.05200,-15.13700,17.09000
29.4152,238683,-0.44385,0.02246,1.00293,-4.63900,-15.01500,17.33400
29.4313,238693,-0.44531,0.04541,1.02368,-4.88300,-14.89300,16.47900
29.4313,238703,-0.45654,0.03174,1.00000,-5.92000,-14.83200,16.90700
29.4471,238713,-0.45337,0.03979,0.95386,-5.73700,-15.01500,16.47900
29.4631,238723,-0.44409,0.01294,0.94653,-5.79800,-16.47900,16.54100
29.4631,238733,-0.43848,0.02026,0.90063,-5.31000,-16.54100,15.93000
29.4790,238743,-0.39526,0.01221,0.91602,-4.39500,-16.47900,16.41800
29.4951,238753,-0.41626,-0.00024,0.91528,-3.47900,-16.84600,16.47900
29.4961,238763,-0.39844,0.02173,0.93091,-3.17400,-16.23500,16.17400
29.5108,238773,-0.42310,0.01587,0.99243,-2.74700,-15.80800,15.99100
29.5236,238783,-0.40674,0.04541,0.98901,-3.41800,-16.72400,17.39500
29.5267,238793,-0.41479,0.00000,1.01538,-3.90600,-16.90700,17.70000
29.5267,238803,-0.43091,0.03027,1.00757,-4.51700,-15.38100,15.93000
29.5427,238813,-0.41406,0.02393,0.97998,-4.76100,-15.01500,16.84600
29.5682,238823,-0.43311,0.02002,0.95703,-5.06600,-14.34300,16.66300
29.5682,238833,-0.40356,0.00659,0.93530,-5.73700,-16.11300,17.57800
29.5766,238843,-0.44287,0.04443,0.90454,-4.70000,-14.58700,16.35700
29.5904,238853,-0.43237,0.02441,0.92212,-3.72300,-14.40400,16.29600
29.5904,238863,-0.43481,0.02686,0.94995,-3.90600,-15.44200,15.99100
29.6090,238873,-0.43628,0.03516,0.96509,-3.96700,-15.38100,16.23500
29.6226,238883,-0.41309,0.02979,0.97925,-3.35700,-14.28200,15.32000
29.6226,238893,-0.41602,0.04517,0.96680,-4.27200,-14.70900,16.11300
29.6386,238903,-0.41455,0.03931,0.98682,-4.02800,-14.58700,16.72400
29.6386,238913,-0.41626,0.01904,0.97876,-4.70000,-14.16000,17.09000
29.6547,238923,-0.38672,0.02856,0.93408,-4.70000,-13.79400,16.78500
29.6706,238933,-0.41016,0.00098,0.95215,-4.45600,-14.16000,17.82200
29.6706,238943,-0.43237,0.02710,0.94238,-4.21100,-12.93900,16.11300
29.6864,238953,-0.42383,0.00928,0.96143,-4.33300,-12.69500,16.54100
29.7096,238963,-0.47485,0.03760,0.96582,-4.08900,-13.36700,16.72400
29.7096,238973,-0.43628,0.03247,0.96313,-4.21100,-13.91600,16.60200
29.7342,238983,-0.44141,0.04004,0.96826,-3.54000,-13.36700,15.68600
29.7342,238993,-0.42017,0.02686,0.95435,-4.82200,-13.12300,16.05200
29.7369,239003,-0.41577,0.02002,0.95703,-4.51700,-14.03800,16.35700
29.7502,239013,-0.40796,0.03223,0.93823,-4.82200,-13.55000,16.96800
29.7688,239023,-0.40039,0.00195,0.95361,-4.94400,-12.75600,16.29600
29.7688,239033,-0.42505,0.00977,0.95239,-4.45600,-12.75600,16.23500
29.8065,239043,-0.40845,0.00854,0.95532,-3.72300,-11.84100,15.86900
29.8065,239053,-0.43945,0.02808,0.95630,-3.47900,-12.20700,17.15100
29.8065,239063,-0.44043,0.00952,0.98804,-3.78400,-11.47500,16.78500
29.8096,239073,-0.41772,0.01685,0.97925,-4.33300,-12.20700,16.29600
29.8161,239083,-0.43457,0.02466,0.96484,-4.76100,-11.65800,15.99100
29.8299,239093,-0.42334,0.02563,0.97217,-4.39500,-11.41400,16.29600
29.8299,239103,-0.41968,0.03027,0.94702,-4.27200,-11.65800,16.17400
29.8478,239113,-0.41064,0.02222,0.94385,-4.63900,-10.74200,15.86900
29.8618,239123,-0.41138,0.01904,0.93018,-4.45600,-11.16900,16.29600
29.8618,239133,-0.41602,0.03662,0.93896,-4.21100,-9.70500,16.54100
29.8940,239143,-0.41309,0.02417,0.97778,-3.66200,-9.09400,17.02900
29.8940,239153,-0.44043,0.04468,0.96094,-4.02800,-9.70500,17.15100
29.8940,239163,-0.45337,0.01685,0.98096,-4.02800,-9.15500,16.78500
29.9120,239173,-0.43262,0.02246,0.97681,-4.15000,-8.11800,16.05200
29.9120,239183,-0.44580,0.01294,0.98071,-4.27200,-8.54500,16.17400
29.9302,239193,-0.43188,0.02441,0.96875,-4.02800,-8.91100,16.41800
29.9382,239203,-0.43237,0.02856,0.94849,-4.08900,-8.11800,15.80800
29.9495,239213,-0.42212,0.03418,0.94727,-4.57800,-7.62900,15.86900
29.9596,239223,-0.43433,0.02905,0.95728,-4.21100,-5.79800,14.89300
29.9734,239233,-0.42383,0.03345,0.94824,-3.78400,-7.01900,16.05200
29.9734,239243,-0.44531,0.03027,0.96069,-4.02800,-6.10400,16.60200
29.9895,239253,-0.44385,0.02734,0.95581,-4.08900,-5.73700,15.93000
29.9895,239263,-0.44434,0.05151,0.95557,-3.96700,-4.82200,16.90700
30.0107,239273,-0.44653,0.01758,0.95312,-3.96700,-5.00500,16.54100
30.0107,239283,-0.43237,0.01685,0.96265,-4.63900,-4.88300,17.09000
30.0239,239293,-0.44238,0.01733,0.92847,-4.02800,-4.15000,15.99100
30.0405,239303,-0.42480,0.01733,0.95239,-4.15000,-3.96700,16.29600
30.0544,239313,-0.43213,0.02930,0.94873,-3.72300,-3.96700,17.15100
30.0544,239323,-0.43164,0.02051,0.94434,-3.96700,-2.07500,15.56400
30.0705,239333,-0.44702,0.02466,0.95654,-3.78400,-1.83100,16.17400
30.0705,239343,-0.45117,0.02930,0.96118,-4.21100,-1.70900,16.41800
30.0865,239353,-0.45801,0.03027,0.95605,-4.27200,-0.85400,16.54100
30.0865,239363,-0.47314,0.03345,0.95801,-4.45600,-0.36600,16.72400
30.1108,239373,-0.47070,0.02417,0.92993,-4.70000,-0.67100,15.74700
30.1267,239383,-0.46289,0.01489,0.92700,-4.63900,-0.36600,17.51700
30.1267,239393,-0.47656,-0.00195,0.92041,-3.78400,0.18300,17.63900
30.1342,239403,-0.47900,0.02295,0.91260,-4.15000,0.18300,17.57800
30.1501,239413,-0.48413,0.03198,0.91553,-3.54000,-0.42700,17.09000
30.1659,239423,-0.49512,0.02173,0.93726,-4.27200,-0.54900,17.02900
30.1659,239433,-0.49658,0.03540,0.92480,-3.66200,-1.22100,17.09000
30.1816,239443,-0.48169,0.01855,0.95142,-3.90600,-1.40400,17.76100
30.1816,239453,-0.49292,0.03589,0.95435,-3.78400,-0.73200,16.54100
30.1975,239463,-0.47803,0.01855,0.95776,-4.51700,0.30500,16.29600
30.1975,239473,-0.47632,0.02441,0.94312,-4.27200,0.00000,16.11300
30.2455,239520,-0.49927,0.03174,0.92285,-4.21100,0.30500,16.47900
30.2455,239522,-0.49927,0.03174,0.92285,-4.21100,0.30500,16.47900
30.2455,239523,-0.49927,0.03174,0.92285,-4.21100,0.30500,16.47900
30.2614,239525,-0.49927,0.03174,0.92285,-4.21100,0.30500,16.47900
30.2614,239526,-0.51196,0.01562,0.92847,-3.23500,-0.12200,16.90700
30.2614,239533,-0.49780,0.01831,0.92603,-3.96700,0.54900,16.47900
30.2781,239543,-0.50342,0.02271,0.92871,-3.96700,-0.12200,17.21200
30.2931,239553,-0.50513,0.02393,0.93579,-3.96700,0.42700,16.05200
30.2931,239563,-0.49268,0.02783,0.92603,-3.78400,-0.36600,15.68600
30.3092,239573,-0.48926,0.02832,0.91919,-4.02800,-1.09900,16.47900
30.3249,239583,-0.53198,0.00293,0.91235,-4.57800,0.24400,16.35700
30.3249,239593,-0.54077,0.01880,0.91699,-4.57800,-0.61000,17.94400
30.3249,239603,-0.51929,0.01831,0.90869,-4.63900,-0.67100,16.90700
30.3554,239613,-0.49976,0.01685,0.89380,-4.76100,0.24400,16.23500
30.3612,239623,-0.49536,0.00610,0.92407,-4.27200,-1.34300,16.96800
30.3933,239633,-0.51636,0.03955,0.87061,-3.60100,-1.40400,16.35700
30.3933,239643,-0.51636,0.00195,0.89209,-3.84500,-2.01400,17.51700
30.4013,239653,-0.54321,0.04736,0.91260,-3.96700,-1.64800,15.99100
30.4013,239663,-0.53613,0.00781,0.91846,-4.63900,-2.07500,17.51700
30.4105,239673,-0.51416,0.02222,0.90674,-4.02800,-3.05200,16.84600
30.4201,239683,-0.52026,0.02344,0.91479,-4.21100,-1.70900,16.66300
30.4201,239693,-0.52954,0.02441,0.92383,-4.33300,-3.11300,17.39500
30.4361,239703,-0.51660,0.02539,0.91602,-4.33300,-3.23500,17.39500
30.4535,239713,-0.51685,0.03735,0.91431,-3.72300,-3.41800,16.47900
30.4535,239723,-0.53833,0.02588,0.91870,-4.63900,-2.80800,16.60200
30.4843,239733,-0.57935,0.03931,0.91333,-4.08900,-4.45600,16.78500
30.4843,239743,-0.52051,0.03174,0.88525,-4.57800,-4.02800,16.78500
30.4843,239753,-0.49927,0.01318,0.89551,-3.90600,-4.63900,16.72400
30.5006,239763,-0.56738,0.01880,0.90845,-4.39500,-4.94400,17.27300
30.5006,239773,-0.60107,0.04907,0.86694,-4.76100,-5.37100,16.66300
30.5163,239783,-0.53052,-0.01538,0.91821,-4.57800,-6.04200,17.63900
30.5241,239793,-0.51831,0.04102,0.88550,-3.84500,-6.04200,16.41800
30.5349,239803,-0.53540,0.01343,0.88867,-3.84500,-5.73700,16.84600
30.5480,239813,-0.57202,0.03369,0.89624,-4.21100,-6.47000,16.29600
30.5593,239823,-0.57080,0.04736,0.89087,-4.02800,-6.83600,17.27300
30.5723,239833,-0.56177,0.03247,0.90576,-4.27200,-7.93500,17.33400
30.5794,239843,-0.54858,0.02612,0.88647,-4.45600,-6.77500,15.74700
30.5794,239853,-0.55615,0.00952,0.89746,-4.76100,-7.62900,15.86900
30.5954,239863,-0.54956,0.02905,0.87256,-4.51700,-8.97200,16.96800
30.6113,239873,-0.55078,0.02808,0.86499,-3.72300,-9.33800,16.29600
30.6128,239883,-0.54565,0.00952,0.88672,-4.02800,-10.19300,16.78500
30.6273,239893,-0.55591,0.02319,0.89307,-3.90600,-11.29200,17.33400
30.6351,239903,-0.56519,0.02173,0.90015,-3.90600,-10.86400,16.05200
30.6591,239913,-0.56152,0.02490,0.90039,-4.45600,-11.78000,17.82200
30.6591,239923,-0.57397,0.03271,0.90186,-4.51700,-10.80300,16.17400
30.6591,239933,-0.55518,0.02393,0.88818,-4.33300,-12.14600,15.19800
30.6750,239943,-0.55688,0.02344,0.87842,-4.33300,-12.81700,15.99100
30.6912,239953,-0.54932,0.03052,0.87549,-4.76100,-13.42800,16.35700
30.6912,239963,-0.54712,0.04102,0.87231,-4.76100,-12.75600,16.54100
30.7073,239973,-0.54761,0.02905,0.87036,-4.63900,-13.91600,16.84600
30.7135,239983,-0.55884,0.03760,0.88208,-4.27200,-14.03800,16.41800
30.7264,239993,-0.56006,0.03125,0.87939,-3.60100,-13.61100,15.93000
30.7389,240003,-0.56592,0.02222,0.88477,-3.78400,-15.38100,16.23500
30.7418,240013,-0.56689,0.03784,0.88428,-3.96700,-15.32000,16.66300
30.7584,240023,-0.56396,0.02808,0.90356,-4.57800,-16.41800,16.90700
30.7708,240033,-0.56592,0.02100,0.89771,-4.63900,-16.78500,17.21200
30.7781,240043,-0.55859,0.03906,0.88770,-4.33300,-17.27300,15.62500
30.7882,240053,-0.54980,0.00488,0.89087,-4.45600,-17.57800,15.93000
30.7882,240063,-0.55884,0.02417,0.88257,-4.57800,-18.55500,17.33400
30.8073,240073,-0.55786,0.02441,0.89697,-5.06600,-18.18800,15.99100
30.8177,240083,-0.53223,0.01880,0.87842,-4.33300,-18.37200,17.09000
30.8177,240093,-0.53613,0.01953,0.88452,-3.72300,-19.71400,16.47900
30.8334,240103,-0.54663,0.02930,0.88965,-3.90600,-19.34800,17.09000
30.8494,240113,-0.54883,0.03076,0.89893,-3.90600,-19.22600,16.23500
30.8648,240123,-0.55176,0.03442,0.89771,-3.90600,-19.28700,16.72400
30.8693,240133,-0.55908,0.02905,0.90332,-4.08900,-20.02000,16.05200
30.8795,240143,-0.54785,0.02734,0.89282,-4.76100,-21.11800,17.09000
30.8916,240153,-0.55981,0.02734,0.89526,-4.21100,-21.42300,17.02900
30.9087,240163,-0.55811,0.02661,0.89185,-4.27200,-22.46100,17.02900
30.9097,240173,-0.53882,0.02515,0.89062,-4.27200,-22.94900,16.47900
30.9213,240183,-0.55420,0.02710,0.87842,-4.57800,-23.13200,16.41800
30.9302,240193,-0.54272,0.02124,0.89868,-4.45600,-22.76600,16.29600
30.9420,240203,-0.53125,0.02075,0.88501,-5.00500,-23.98700,16.96800
30.9503,240213,-0.54541,0.01855,0.89453,-3.90600,-24.10900,16.41800
30.9579,240223,-0.54443,0.03369,0.90479,-3.90600,-23.86500,16.23500
30.9653,240233,-0.54126,0.03442,0.91016,-4.21100,-24.84100,17.09000
30.9820,240243,-0.52515,0.02832,0.89917,-4.27200,-24.84100,16.29600
30.9902,240253,-0.52466,0.02856,0.88916,-4.15000,-24.23100,15.99100
30.9902,240263,-0.53174,0.01514,0.90186,-3.96700,-25.63500,17.15100
31.0245,240273,-0.54468,0.02563,0.90137,-4.63900,-26.73300,17.39500
31.0245,240283,-0.52808,0.02515,0.91602,-4.15000,-26.36700,16.23500
31.0306,240293,-0.53125,0.02686,0.92383,-4.39500,-26.91700,16.29600
31.0372,240303,-0.53760,0.02100,0.92017,-5.49300,-28.32000,17.45600
31.0372,240313,-0.51929,0.04614,0.90894,-4.88300,-26.85500,15.80800
31.0531,240323,-0.52515,0.03174,0.91064,-4.27200,-27.89300,16.41800
31.0689,240333,-0.52124,0.00293,0.91821,-4.57800,-28.93100,17.57800
31.0689,240343,-0.51343,0.01685,0.90308,-4.33300,-27.40500,16.23500
31.0850,240353,-0.53027,0.02393,0.90137,-4.63900,-29.78500,17.09000
31.1025,240363,-0.52344,0.03052,0.91260,-4.27200,-30.51800,17.76100
31.1025,240373,-0.53027,0.01953,0.92432,-4.76100,-29.35800,17.21200
31.1269,240383,-0.51294,0.03296,0.92114,-4.82200,-30.02900,16.90700
31.1330,240393,-0.51709,0.01587,0.91968,-4.15000,-29.90700,16.54100
31.1330,240403,-0.50928,0.02686,0.91943,-4.21100,-30.45700,16.84600
31.1487,240413,-0.51465,0.02100,0.92627,-4.82200,-31.06700,17.15100
31.1487,240423,-0.50635,0.02393,0.92554,-4.63900,-31.25000,16.66300
31.1647,240433,-0.50293,0.00537,0.92114,-4.88300,-32.04300,17.21200
31.1806,240443,-0.48901,0.02124,0.91846,-4.15000,-31.61600,16.35700
31.1806,240453,-0.49243,0.02271,0.91772,-4.39500,-32.53200,17.02900
31.2146,240463,-0.48315,0.01465,0.92578,-4.27200,-31.31100,16.41800
31.2146,240473,-0.49854,0.01758,0.93628,-4.02800,-31.61600,17.27300
31.2146,240483,-0.47241,0.02612,0.93359,-4.57800,-31.79900,16.29600
31.2364,240493,-0.49219,0.02197,0.93994,-4.39500,-32.59300,16.47900
31.2364,240503,-0.48413,0.03979,0.94067,-4.57800,-32.53200,17.02900
31.2444,240513,-0.47974,0.02173,0.92798,-4.57800,-32.95900,16.54100
31.2444,240523,-0.47656,0.02856,0.92285,-4.39500,-31.98200,16.11300
31.2603,240533,-0.48413,0.02856,0.93652,-4.63900,-33.87500,16.90700
31.2762,240543,-0.46729,0.02905,0.93433,-4.51700,-33.32500,15.01500
31.2921,240553,-0.47681,0.03174,0.94312,-3.90600,-34.18000,16.29600
31.3083,240563,-0.45654,0.04370,0.93188,-4.39500,-34.54600,16.72400
31.3083,240573,-0.45215,0.03516,0.94629,-3.90600,-33.63000,16.54100
31.3152,240583,-0.47314,0.03003,0.94580,-3.72300,-35.27800,17.27300
31.3252,240593,-0.45312,0.03394,0.94385,-4.33300,-34.91200,16.84600
31.3401,240603,-0.46240,0.02808,0.95557,-4.27200,-34.11900,17.02900
31.3401,240613,-0.44629,0.03589,0.94312,-4.63900,-34.11900,16.23500
31.3612,240623,-0.45093,0.02783,0.95361,-4.63900,-34.36300,16.54100
31.3733,240633,-0.42896,0.02905,0.95557,-4.39500,-34.72900,16.60200
31.3813,240643,-0.45020,0.01953,0.94727,-3.96700,-34.60700,16.72400
31.3891,240653,-0.44189,0.03296,0.94971,-4.45600,-34.91200,16.41800
31.4030,240663,-0.42700,0.03223,0.94019,-4.70000,-34.72900,16.90700
31.4030,240673,-0.43457,0.01782,0.97485,-4.82200,-34.36300,15.93000
31.4189,240683,-0.41528,0.02051,0.96631,-4.70000,-34.54600,17.76100
31.4189,240693,-0.41797,0.01880,0.95703,-4.21100,-33.93600,16.11300
31.4350,240703,-0.40820,0.02246,0.95703,-4.57800,-33.75200,16.11300
31.4514,240713,-0.40845,0.03369,0.96021,-4.39500,-34.05800,15.68600
31.4631,240723,-0.42432,0.03149,0.97119,-4.02800,-34.30200,16.72400
31.4752,240733,-0.41113,0.03052,0.94653,-4.63900,-33.99700,17.45600
31.4830,240743,-0.40039,0.01587,0.97461,-4.33300,-33.32500,16.96800
31.5163,240753,-0.38696,0.03345,0.95605,-4.33300,-30.02900,15.68600
31.5163,240763,-0.38525,0.02808,0.96411,-4.27200,-28.99200,15.80800
31.5163,240773,-0.39624,0.02637,0.98120,-4.21100,-34.30200,18.06600
31.5309,240783,-0.39355,0.03076,0.97021,-4.27200,-33.20300,17.33400
31.5309,240793,-0.36963,0.02051,0.99048,-4.94400,-30.57900,16.41800
31.5309,240803,-0.39600,0.01099,0.97754,-4.76100,-31.61600,16.66300
31.5470,240813,-0.37549,0.02441,0.95435,-4.21100,-29.35800,16.72400
31.5631,240823,-0.38501,0.02539,0.98853,-4.76100,-28.44200,16.54100
31.5631,240833,-0.39551,0.03394,0.96216,-4.76100,-28.38100,17.15100
31.5790,240843,-0.39941,0.03711,0.95532,-4.15000,-28.62500,17.88300
31.5790,240853,-0.39868,0.01465,0.98022,-4.39500,-27.40500,16.41800
31.6162,240863,-0.38916,0.02124,0.97852,-3.90600,-26.48900,16.17400
31.6272,240873,-0.38159,0.02563,0.98364,-3.84500,-26.55000,15.86900
31.6272,240883,-0.36548,0.02588,0.97778,-4.70000,-26.73300,16.66300
31.6272,240893,-0.36548,0.02026,0.97534,-3.90600,-25.57400,16.35700
31.6455,240903,-0.36011,0.01978,0.96606,-4.27200,-24.90200,15.99100
31.6455,240913,-0.36255,0.03662,0.97461,-4.33300,-25.45200,16.96800
31.6590,240923,-0.35400,0.03198,0.98071,-4.57800,-24.04800,16.96800
31.6590,240933,-0.36646,0.02368,0.97363,-4.88300,-24.71900,17.02900
31.6760,240943,-0.35815,0.01660,0.97534,-4.51700,-23.31500,16.54100
31.6906,240953,-0.36157,0.01123,0.98438,-4.45600,-22.33900,16.17400
31.6906,240963,-0.34937,0.01953,0.98560,-4.45600,-22.52200,15.86900
31.7172,240973,-0.36743,0.01953,0.98999,-4.21100,-22.52200,16.23500
31.7172,240983,-0.35742,0.03198,0.99463,-4.15000,-21.17900,15.50300
31.7222,240993,-0.34937,0.01709,0.98755,-4.15000,-20.93500,15.62500
31.7382,241003,-0.34521,0.01807,1.00073,-4.57800,-19.89700,15.44200
31.7382,241013,-0.34839,0.02173,0.99512,-4.33300,-19.89700,16.41800
31.7573,241023,-0.34766,0.00928,0.97827,-4.45600,-19.77500,17.63900
31.7702,241033,-0.35156,0.04053,0.98218,-4.27200,-18.61600,16.60200
31.7702,241043,-0.37061,0.01978,0.99658,-4.33300,-18.67700,17.63900
31.7865,241053,-0.36133,0.03076,0.97876,-4.63900,-16.84600,16.35700
31.8047,241063,-0.35498,0.02124,0.96899,-4.27200,-17.02900,17.57800
31.8161,241073,-0.35596,0.01538,0.98853,-4.27200,-16.35700,16.35700
31.8278,241083,-0.36279,0.02051,0.97144,-4.82200,-15.99100,16.60200
31.8338,241093,-0.36694,0.02588,0.98364,-4.21100,-16.66300,16.72400
31.8338,241103,-0.35645,0.02612,0.99487,-4.02800,-15.68600,16.05200
31.8496,241113,-0.36816,0.03442,0.99854,-3.90600,-14.40400,15.25900
31.8496,241123,-0.35474,0.02124,0.99561,-4.39500,-15.07600,16.11300
31.8653,241133,-0.34839,0.02661,0.99609,-3.96700,-14.58700,16.35700
31.8812,241143,-0.34277,0.03662,0.98438,-4.70000,-14.09900,17.51700
31.8812,241153,-0.34937,0.02637,0.97852,-4.21100,-14.03800,16.84600
31.8974,241163,-0.33447,0.01123,0.99878,-4.82200,-15.01500,17.09000
31.9132,241173,-0.35303,0.02148,0.99097,-4.51700,-13.06200,16.41800
31.9234,241183,-0.34570,0.01318,0.98340,-3.66200,-12.81700,16.84600
31.9290,241193,-0.35815,0.01465,0.97998,-3.78400,-12.39000,16.72400
31.9290,241203,-0.35059,0.02612,0.98706,-4.51700,-12.08500,16.60200
31.9511,241213,-0.35938,0.03052,0.98511,-4.15000,-13.73300,17.82200
31.9647,241223,-0.35742,0.01099,1.00415,-3.84500,-11.65800,16.35700
31.9728,241233,-0.34937,0.02612,1.00659,-4.63900,-12.08500,16.17400
31.9765,241243,-0.35059,0.02637,0.99048,-4.27200,-11.35300,15.80800
31.9765,241253,-0.36987,0.02710,0.98120,-4.27200,-11.84100,16.47900
32.0175,241263,-0.35474,0.02759,0.97412,-4.21100,-12.14600,16.96800
32.0175,241273,-0.34546,0.02344,0.99048,-4.27200,-12.32900,16.78500
32.0251,241283,-0.34351,0.01489,0.98682,-4.33300,-10.86400,17.09000
32.0251,241293,-0.37061,0.02393,0.97534,-3.29600,-10.55900,16.05200
32.0397,241303,-0.36157,0.01685,0.98120,-3.96700,-11.59700,15.99100
32.0467,241313,-0.37500,0.02319,0.98120,-3.96700,-11.59700,16.23500
32.0557,241323,-0.36377,0.01465,1.00562,-3.84500,-11.35300,16.35700
32.0714,241333,-0.36597,0.02588,0.99365,-4.02800,-12.14600,16.78500
32.0777,241343,-0.36646,0.03174,0.98267,-4.08900,-10.80300,15.44200
32.0873,241353,-0.36279,0.03052,0.98560,-4.02800,-11.41400,16.47900
32.1030,241363,-0.35425,0.03052,0.99194,-4.51700,-11.59700,16.90700
32.1030,241373,-0.35645,0.03247,0.97583,-4.70000,-10.49800,16.05200
32.1350,241383,-0.36841,0.02271,1.00244,-4.21100,-10.98600,16.54100
32.1350,241393,-0.35107,0.02515,0.97339,-3.72300,-10.92500,16.54100
32.1350,241403,-0.35352,0.02710,0.97876,-4.70000,-10.74200,16.17400
32.1484,241413,-0.37793,0.01880,0.98340,-4.27200,-10.55900,16.29600
32.1524,241423,-0.36328,0.03076,0.98047,-4.08900,-11.04700,17.33400
32.1662,241433,-0.37402,0.02954,0.98901,-4.76100,-11.16900,16.72400
32.1823,241443,-0.36890,0.03613,0.98267,-4.02800,-10.62000,15.93000
32.1823,241453,-0.37646,0.02979,0.98047,-4.27200,-12.14600,17.21200
32.1982,241463,-0.36426,0.02783,0.98682,-4.21100,-11.71900,17.09000
32.1982,241473,-0.36597,0.03516,0.99609,-4.15000,-11.90200,17.57800
32.2454,241521,-0.38184,0.01636,0.98389,-4.39500,-10.92500,16.11300
32.2454,241523,-0.38184,0.01636,0.98389,-4.39500,-10.92500,16.11300
32.2621,241524,-0.38184,0.01636,0.98389,-4.08900,-11.16900,16.47900
32.2621,241526,-0.36963,0.02368,0.97729,-4.08900,-11.16900,16.47900
32.2621,241527,-0.36963,0.02368,0.97729,-4.08900,-11.16900,16.47900
32.2621,241533,-0.37695,0.02026,0.99683,-3.90600,-11.90200,16.35700
32.2774,241543,-0.36450,0.02759,0.98267,-4.39500,-12.08500,17.21200
32.2774,241553,-0.36646,0.02075,0.98877,-4.27200,-12.20700,16.54100
32.2946,241563,-0.37354,0.02490,0.98218,-4.45600,-10.62000,16.11300
32.3109,241573,-0.37207,0.03076,0.99048,-3.90600,-11.10800,16.35700
32.3178,241583,-0.37109,0.02271,0.97754,-4.94400,-11.04700,16.90700
32.3252,241593,-0.38110,0.04077,0.97729,-3.96700,-10.62000,15.99100
32.3412,241603,-0.38257,0.01978,0.97119,-4.57800,-11.53600,15.99100
32.3412,241613,-0.37964,0.01587,0.97168,-4.33300,-11.35300,17.33400
32.3597,241623,-0.39966,0.02246,0.97900,-4.45600,-11.23000,16.17400
32.3597,241633,-0.39429,0.03296,0.96606,-4.02800,-11.84100,16.54100
32.3787,241643,-0.38037,0.01025,0.98267,-4.33300,-11.90200,15.93000
32.3887,241653,-0.37476,0.01709,0.99365,-4.33300,-12.32900,15.80800
32.4280,241663,-0.37329,0.03076,0.98584,-4.08900,-12.08500,16.47900
32.4369,241673,-0.37988,0.01440,0.96777,-4.70000,-12.57300,16.29600
32.4369,241683,-0.37402,0.02466,0.97949,-4.08900,-13.00000,17.09000
32.4526,241693,-0.39062,0.03027,0.98633,-4.21100,-12.87800,17.15100
32.4526,241703,-0.38379,0.03857,0.97046,-4.21100,-13.48900,17.45600
32.4526,241713,-0.38818,0.02979,0.97949,-3.78400,-13.30600,16.84600
32.4526,241723,-0.38086,0.02710,0.96729,-4.39500,-12.81700,16.35700
32.4688,241733,-0.39380,0.02222,0.98120,-4.21100,-12.14600,16.47900
32.4849,241743,-0.38135,0.02686,0.96265,-4.57800,-12.32900,15.93000
32.4849,241753,-0.37183,0.00342,0.97925,-4.08900,-12.08500,15.32000
32.5008,241763,-0.37256,0.03345,0.97607,-4.02800,-12.45100,15.44200
32.5180,241773,-0.38794,0.01904,0.98584,-4.08900,-13.24500,16.29600
32.5327,241783,-0.38306,0.02148,0.97876,-4.08900,-13.79400,16.66300
32.5327,241793,-0.38940,0.01318,0.98096,-4.02800,-13.24500,16.23500
32.5327,241803,-0.38525,0.01831,0.97021,-4.02800,-14.58700,16.66300
32.5484,241813,-0.38452,0.02344,0.97510,-4.27200,-15.07600,16.60200
32.5644,241823,-0.38843,0.02515,0.96704,-4.63900,-14.16000,16.41800
32.5644,241833,-0.40283,0.02148,0.98486,-4.51700,-14.77100,16.66300
32.5803,241843,-0.39575,0.02222,0.97363,-3.84500,-14.22100,16.11300
32.5964,241853,-0.39355,0.03125,0.98340,-3.96700,-14.03800,15.07600
32.6121,241863,-0.37988,0.04272,0.98193,-4.70000,-15.62500,16.96800
32.6179,241873,-0.38159,0.03613,0.97559,-4.21100,-15.13700,17.21200
32.6282,241883,-0.38965,0.02686,0.98413,-3.90600,-13.67200,15.68600
32.6450,241893,-0.38110,0.03125,0.98999,-4.08900,-15.07600,15.99100
32.6450,241903,-0.37183,0.02661,0.98242,-4.63900,-16.05200,17.27300
32.6450,241913,-0.38428,0.02222,0.98096,-3.90600,-15.50300,16.29600
32.6600,241923,-0.38794,0.03931,0.97803,-4.45600,-16.35700,16.90700
32.6757,241933,-0.37769,0.01465,0.98413,-4.39500,-16.41800,16.47900
32.6757,241943,-0.36914,0.01636,0.98608,-4.51700,-15.62500,16.29600
32.6914,241953,-0.38135,0.01831,0.97559,-4.51700,-16.11300,16.23500
32.6914,241963,-0.37964,0.03442,0.95728,-5.00500,-16.90700,17.88300
32.7088,241973,-0.38696,0.02417,0.97949,-3.66200,-16.47900,16.35700
32.7235,241983,-0.38452,0.02539,0.97656,-3.90600,-15.74700,16.17400
32.7418,241993,-0.38721,0.03076,0.98071,-4.27200,-16.90700,17.45600
32.7418,242003,-0.38647,0.01270,0.99121,-4.39500,-16.41800,16.90700
32.7418,242013,-0.37524,0.02808,0.97852,-3.84500,-15.99100,16.17400
32.7579,242023,-0.36523,0.02441,0.96167,-4.02800,-16.23500,16.60200
32.7711,242033,-0.37378,0.01709,0.96899,-4.45600,-15.93000,16.35700
32.7711,242043,-0.37622,0.02539,0.97290,-4.39500,-15.99100,16.29600
32.7871,242053,-0.37598,0.03223,0.97510,-4.21100,-16.90700,17.09000
32.8029,242063,-0.37915,0.02246,0.97290,-3.96700,-16.29600,16.23500
32.8190,242073,-0.36865,0.03320,0.96997,-3.66200,-15.68600,15.68600
32.8190,242083,-0.38965,0.02124,0.97192,-3.72300,-17.02900,15.80800
32.8190,242093,-0.38281,0.02295,0.99268,-3.47900,-15.80800,15.93000
32.8666,242103,-0.38062,0.02441,0.97290,-4.45600,-16.90700,17.09000
32.8666,242113,-0.37988,0.02808,0.99072,-3.66200,-16.23500,16.54100
32.8666,242123,-0.38452,0.01636,0.98560,-4.27200,-15.68600,16.11300
32.9007,242133,-0.38477,0.03589,0.97461,-3.90600,-16.47900,15.99100
32.9007,242143,-0.37573,0.02271,0.97095,-4.02800,-16.84600,16.66300
32.9007,242153,-0.37329,0.02148,0.97583,-4.39500,-17.76100,16.90700
32.9007,242163,-0.37256,0.02930,0.97778,-4.82200,-16.66300,16.78500
32.9007,242173,-0.38428,0.02051,0.98535,-4.27200,-16.66300,16.17400
32.9195,242183,-0.37622,0.01782,0.98096,-4.27200,-16.11300,16.29600
32.9517,242193,-0.38013,0.01685,0.99463,-4.08900,-16.78500,16.23500
32.9517,242203,-0.37354,0.02344,0.97241,-4.70000,-16.41800,17.09000
32.9517,242213,-0.37256,0.03076,0.97070,-4.33300,-16.72400,16.11300
32.9619,242223,-0.38550,0.02344,0.97705,-4.70000,-16.54100,15.80800
32.9619,242233,-0.38672,0.02271,0.98657,-4.51700,-15.50300,16.66300
32.9777,242243,-0.37720,0.02515,0.97778,-4.33300,-16.66300,16.96800
32.9777,242253,-0.36914,0.02222,0.98218,-4.02800,-15.99100,16.72400
32.9938,242263,-0.37134,0.02808,0.98047,-3.96700,-17.27300,17.02900
33.0096,242273,-0.38477,0.03027,0.98071,-4.39500,-15.99100,16.47900
33.0194,242283,-0.36694,0.03857,0.96875,-4.57800,-15.86900,15.32000
33.0328,242293,-0.37524,0.02954,0.98584,-4.15000,-16.60200,16.84600
33.0414,242303,-0.36157,0.02905,0.97827,-4.57800,-16.35700,17.15100
33.0445,242313,-0.36499,0.02783,0.97607,-4.82200,-15.80800,17.33400
33.0887,242323,-0.36768,0.01587,0.98389,-4.08900,-15.25900,16.41800
33.0887,242333,-0.36304,0.01538,0.98804,-4.08900,-15.07600,16.47900
33.0887,242343,-0.36084,0.02979,0.98340,-4.39500,-15.50300,15.80800
33.0887,242353,-0.37744,0.02002,0.99658,-4.27200,-14.58700,16.17400
33.1037,242363,-0.37598,0.02563,0.97681,-4.08900,-14.64800,15.93000
33.1286,242373,-0.36182,0.02734,0.98779,-4.82200,-14.52600,16.78500
33.1286,242383,-0.36572,0.02612,0.98608,-4.15000,-15.19800,16.84600
33.1286,242393,-0.36255,0.02222,0.96826,-4.63900,-14.95400,16.60200
33.1654,242403,-0.36914,0.02490,0.98535,-4.21100,-15.32000,16.90700
33.1654,242413,-0.36743,0.01074,0.98315,-3.90600,-14.52600,16.47900
33.1654,242423,-0.38647,0.01514,0.97852,-4.33300,-13.67200,16.41800
33.1720,242433,-0.38306,0.00977,0.98901,-4.27200,-14.16000,15.86900
33.1803,242443,-0.36328,0.02905,0.98975,-3.72300,-15.44200,16.54100
33.1912,242453,-0.36572,0.02905,0.97266,-3.84500,-14.03800,16.35700
33.1996,242463,-0.37012,0.02441,0.97803,-4.45600,-14.28200,16.11300
33.2002,242473,-0.36523,0.01978,0.97510,-3.60100,-14.28200,16.84600
33.2196,242483,-0.37183,0.03369,0.97119,-4.45600,-14.40400,17.15100
33.2288,242493,-0.37402,0.03784,1.00146,-4.51700,-13.55000,16.60200
33.2397,242503,-0.37231,0.02515,0.98120,-4.45600,-13.36700,16.23500
33.2487,242513,-0.37109,0.00781,0.97461,-4.63900,-13.91600,16.66300
33.2615,242523,-0.37305,0.02100,0.98145,-3.84500,-13.24500,15.13700
33.2615,242533,-0.36670,0.02734,0.97144,-4.21100,-13.06200,16.17400
33.2769,242543,-0.35474,0.00488,0.96631,-4.45600,-13.79400,16.29600
33.2769,242553,-0.38403,0.02222,0.99146,-3.96700,-13.30600,16.23500
33.2991,242563,-0.37231,0.02173,0.99634,-3.78400,-13.97700,17.02900
33.3084,242573,-0.37573,0.02148,0.98560,-4.21100,-13.67200,16.66300
33.3195,242583,-0.36548,0.02295,0.98828,-4.27200,-12.81700,16.35700
33.3242,242593,-0.38428,0.01196,0.99243,-4.21100,-13.12300,16.54100
33.3400,242603,-0.36694,0.02295,0.97729,-4.63900,-12.75600,16.66300
33.3560,242613,-0.37622,0.02856,0.98389,-4.33300,-12.75600,15.74700
33.3560,242623,-0.37939,0.02271,0.98706,-3.84500,-11.47500,15.01500
33.3884,242633,-0.38013,0.03076,0.98706,-4.27200,-12.45100,15.44200
33.3884,242643,-0.37646,0.02319,0.97852,-4.08900,-13.48900,17.70000
33.3884,242653,-0.36621,0.03394,0.98267,-4.88300,-13.67200,17.15100
33.3884,242663,-0.37354,0.02588,0.97803,-4.76100,-12.81700,16.05200
33.4258,242673,-0.36914,0.00708,0.97827,-4.15000,-13.00000,15.93000
33.4258,242683,-0.37231,0.02612,0.98169,-4.33300,-14.83200,17.57800
33.4258,242693,-0.38501,0.02881,0.98706,-3.78400,-12.57300,15.50300
33.4516,242703,-0.38892,0.02612,0.98535,-4.51700,-12.32900,16.17400
33.4516,242713,-0.38086,0.01953,0.98535,-3.60100,-12.63400,15.62500
33.4516,242723,-0.37646,0.03076,0.98779,-4.63900,-13.36700,17.02900
33.4676,242733,-0.37793,0.02612,0.97974,-4.57800,-13.97700,17.21200
33.4676,242743,-0.37964,0.01953,0.98071,-4.27200,-13.97700,17.09000
33.4833,242753,-0.37891,0.01514,0.97241,-4.51700,-13.61100,16.84600
33.4994,242763,-0.37549,0.02051,0.98193,-4.27200,-13.24500,15.74700
33.4994,242773,-0.38184,0.03442,0.96924,-4.45600,-13.00000,16.35700
33.5208,242783,-0.37817,0.03467,0.98535,-4.27200,-12.69500,16.11300
33.5262,242793,-0.36353,0.02686,0.97021,-3.78400,-13.12300,16.23500
33.5315,242803,-0.38013,0.02295,0.99561,-3.96700,-12.93900,16.54100
33.5474,242813,-0.36206,0.02222,0.98096,-3.78400,-13.06200,16.05200
33.5633,242823,-0.38306,0.01782,0.97754,-3.78400,-12.63400,15.50300
33.5633,242833,-0.36987,0.02368,0.97925,-4.21100,-13.42800,16.11300
33.5792,242843,-0.38232,0.02368,0.98169,-4.70000,-14.40400,16.96800
33.5949,242853,-0.39062,0.02417,0.98047,-4.21100,-13.24500,16.60200
33.5949,242863,-0.37427,0.03198,0.98071,-4.02800,-13.79400,16.78500
33.6437,242873,-0.37573,0.02368,0.98047,-4.33300,-13.73300,16.90700
33.6437,242883,-0.37842,0.02832,0.98218,-4.45600,-14.70900,17.45600
33.6437,242893,-0.36084,0.03613,0.96997,-4.27200,-13.24500,16.05200
33.6437,242903,-0.37280,0.02637,0.97656,-3.72300,-13.36700,16.84600
33.6585,242913,-0.37231,0.02271,0.97363,-3.78400,-13.73300,15.50300
33.6905,242923,-0.38867,0.02905,0.97437,-4.21100,-14.09900,16.96800
33.6905,242933,-0.37256,0.03296,0.97998,-4.63900,-14.09900,16.54100
33.6905,242943,-0.36816,0.01953,0.98828,-4.21100,-14.03800,17.15100
33.6905,242953,-0.37769,0.03467,0.98291,-4.15000,-13.55000,16.47900
33.6905,242963,-0.36670,0.02783,0.98071,-4.33300,-13.91600,16.78500
33.7224,242973,-0.38940,0.02515,0.97998,-4.21100,-14.46500,17.02900
33.7224,242983,-0.37939,0.02881,0.99561,-3.78400,-13.61100,16.17400
33.7224,242993,-0.39746,0.01953,0.98828,-3.66200,-14.58700,16.47900
33.7381,243003,-0.37939,0.02124,0.98022,-4.39500,-14.46500,16.47900
33.7574,243013,-0.37524,0.03418,0.96899,-4.51700,-14.58700,16.78500
33.7703,243023,-0.36816,0.03516,0.98218,-4.08900,-13.67200,16.23500
33.7703,243033,-0.38940,0.02588,0.97729,-4.15000,-14.64800,16.35700
33.7862,243043,-0.36792,0.03979,0.98169,-3.90600,-14.70900,16.11300
33.7862,243053,-0.37280,0.03174,0.97705,-4.33300,-15.07600,16.60200
33.7862,243063,-0.36157,0.03003,0.96191,-4.27200,-15.32000,16.72400
33.8018,243073,-0.36133,0.01538,0.97510,-4.76100,-16.60200,17.70000
33.8198,243083,-0.36890,0.03882,0.98486,-3.96700,-14.22100,16.35700
33.8290,243093,-0.35596,0.02954,0.97485,-4.02800,-14.89300,16.23500
33.8345,243103,-0.37109,0.03467,0.97827,-4.27200,-14.22100,15.74700
33.8809,243113,-0.38330,0.02319,0.98145,-4.57800,-16.47900,17.02900
33.8809,243123,-0.37231,0.03906,0.97681,-4.15000,-16.17400,16.96800
33.8809,243133,-0.38843,0.02173,0.98828,-4.27200,-15.32000,17.21200
33.8809,243143,-0.38354,0.02686,0.99048,-3.90600,-15.13700,15.93000
33.8809,243153,-0.37988,0.02295,0.97729,-4.08900,-15.32000,17.15100
33.8969,243163,-0.37964,0.02417,0.98926,-3.72300,-14.64800,16.78500
33.9130,243173,-0.38281,0.02026,0.98755,-4.21100,-14.58700,15.80800
33.9289,243183,-0.36743,0.03662,0.96875,-3.17400,-15.44200,16.54100
33.9605,243193,-0.38696,0.01611,0.99072,-3.96700,-15.07600,16.05200
33.9605,243203,-0.37305,0.02222,0.98071,-4.02800,-15.50300,16.29600
33.9605,243213,-0.36621,0.04053,0.97241,-4.08900,-15.01500,16.35700
33.9763,243223,-0.39331,0.03052,0.97778,-4.51700,-15.38100,16.84600
33.9763,243233,-0.37012,0.03223,0.97754,-4.08900,-14.70900,15.44200
33.9763,243243,-0.37305,0.03198,0.97461,-3.96700,-14.95400,15.80800
33.9923,243253,-0.38696,0.03345,0.98291,-3.78400,-14.52600,15.93000
34.0080,243263,-0.38257,0.02563,0.98560,-4.39500,-15.68600,16.41800
34.0397,243273,-0.37598,0.03369,0.97729,-4.63900,-16.11300,16.90700
34.1513,243283,-0.36255,0.02148,0.96606,-4.15000,-14.83200,16.35700
34.1513,243293,-0.36304,0.02441,0.96533,-4.27200,-14.70900,16.47900
34.1513,243303,-0.37598,0.01733,0.98682,-4.15000,-15.32000,17.39500
34.1513,243313,-0.37305,0.02393,0.98560,-3.66200,-14.77100,16.66300
34.1513,243323,-0.36914,0.03076,0.96533,-3.84500,-14.58700,15.74700
34.1513,243333,-0.36743,0.02539,0.98535,-3.60100,-14.77100,16.66300
34.1513,243343,-0.37964,0.03076,0.98730,-4.02800,-15.50300,16.78500
34.1513,243353,-0.36719,0.02734,0.97607,-4.82200,-15.93000,16.17400
34.1513,243363,-0.39136,0.02588,0.98853,-4.15000,-14.28200,15.86900
34.1513,243373,-0.39551,0.02417,0.98633,-4.21100,-14.52600,15.74700
34.1513,243383,-0.36133,0.03589,0.96899,-3.54000,-13.85500,16.11300
34.1513,243393,-0.38062,0.03174,0.98462,-4.45600,-14.95400,16.47900
34.1513,243403,-0.37793,0.03369,0.97144,-4.02800,-14.70900,15.68600
34.1674,243413,-0.36133,0.01782,0.98218,-3.78400,-15.56400,17.02900
34.1674,243423,-0.37622,0.02319,0.97900,-4.39500,-16.35700,18.12700
34.1674,243433,-0.38403,0.02051,1.00098,-3.78400,-14.70900,16.60200
34.1835,243443,-0.36816,0.01636,0.98218,-4.57800,-15.07600,17.76100
34.1835,243453,-0.37036,0.01880,0.98267,-4.02800,-14.95400,16.72400
34.2010,243463,-0.36401,0.03638,0.97632,-4.08900,-15.38100,17.02900
34.2010,243473,-0.37183,0.02319,0.98315,-4.33300,-16.23500,17.63900
34.2316,243483,-0.37500,0.02954,0.99731,-4.57800,-15.19800,16.35700
34.2636,243524,-0.37109,0.03418,0.98730,-4.08900,-14.28200,15.93000
34.2636,243525,-0.37280,0.03296,0.96973,-4.08900,-14.28200,15.93000
34.2636,243527,-0.37280,0.03296,0.96973,-4.08900,-14.28200,15.93000
34.2636,243528,-0.37280,0.03296,0.96973,-4.08900,-14.28200,15.93000
34.2854,243533,-0.36401,0.02319,0.98413,-3.66200,-14.34300,15.93000
34.2854,243543,-0.36938,0.02832,0.98291,-4.21100,-14.34300,15.99100
34.2854,243553,-0.35962,0.03418,0.96948,-3.54000,-14.16000,15.86900
34.3026,243563,-0.37842,0.03076,0.98340,-4.27200,-13.97700,16.17400
34.3026,243573,-0.36841,0.03589,0.98364,-3.96700,-14.46500,16.96800
34.3433,243583,-0.36670,0.03052,0.99072,-4.33300,-13.73300,17.39500
34.3433,243593,-0.37354,0.02661,0.98071,-4.27200,-15.01500,16.60200
34.3746,243603,-0.37451,0.02930,0.98901,-4.27200,-14.34300,15.93000
34.3746,243613,-0.36890,0.03491,1.00171,-4.33300,-13.91600,16.17400
34.3746,243623,-0.37305,0.02905,0.98022,-3.90600,-14.58700,16.47900
34.3746,243633,-0.37573,0.02246,0.99268,-3.84500,-14.09900,16.54100
34.3906,243643,-0.37500,0.03125,1.00488,-4.15000,-14.09900,16.11300
34.4067,243653,-0.37354,0.01709,0.98315,-4.63900,-14.58700,16.96800
34.4067,243663,-0.38428,0.02612,0.97876,-3.90600,-12.69500,15.74700
34.4067,243673,-0.35864,0.02954,0.97852,-3.96700,-13.79400,16.47900
34.4546,243683,-0.37988,0.02490,0.99194,-4.33300,-13.18400,15.74700
34.4546,243693,-0.38550,0.01904,0.99585,-4.94400,-13.48900,16.96800
34.4546,243703,-0.38574,0.02686,0.96582,-4.27200,-13.67200,16.35700
34.4546,243713,-0.37354,0.02808,0.99805,-4.51700,-14.09900,16.35700
34.4546,243723,-0.36743,0.02173,0.97021,-4.15000,-13.97700,15.62500
34.4705,243733,-0.37793,0.03003,0.96338,-3.72300,-13.24500,16.17400
34.4705,243743,-0.38208,0.02295,0.97998,-4.39500,-14.77100,17.45600
34.4880,243753,-0.36768,0.03687,0.97583,-4.27200,-13.48900,16.11300
34.5027,243763,-0.37524,0.02539,0.98193,-4.57800,-14.70900,17.15100
34.5027,243773,-0.37695,0.02515,0.97534,-4.63900,-14.03800,16.35700
34.5186,243783,-0.38013,0.04517,0.96387,-4.45600,-14.52600,16.35700
34.5268,243793,-0.35889,0.02075,0.98438,-5.18800,-14.16000,16.90700
34.5344,243803,-0.35425,0.03003,0.98657,-4.39500,-13.97700,15.99100
34.5502,243813,-0.37305,0.02637,0.98218,-3.90600,-13.06200,15.80800
34.5502,243823,-0.37329,0.03442,0.98926,-3.90600,-13.91600,16.54100
34.5660,243833,-0.37354,0.04199,0.99365,-4.39500,-14.46500,16.05200
34.5821,243843,-0.37817,0.02393,0.97876,-3.84500,-12.87800,15.56400
34.5821,243853,-0.37207,0.02588,0.97583,-4.33300,-14.34300,16.41800
34.5983,243863,-0.36914,0.02661,0.98291,-4.39500,-13.24500,16.05200
34.6230,243873,-0.38354,0.02905,0.96289,-4.21100,-14.28200,15.80800
34.6230,243883,-0.38721,0.01489,0.97925,-4.15000,-13.12300,16.35700
34.6466,243893,-0.39136,0.02466,0.97021,-3.90600,-14.58700,16.35700
34.6466,243903,-0.36963,-0.00146,0.98242,-3.47900,-11.16900,14.40400
34.6466,243913,-0.37769,0.02197,0.98657,-4.33300,-13.55000,16.23500
34.6634,243923,-0.37256,0.02344,0.97656,-4.15000,-13.48900,16.29600
34.6777,243933,-0.38037,0.01172,0.98242,-3.84500,-14.22100,16.41800
34.6777,243943,-0.39160,0.02344,0.98389,-4.21100,-14.58700,16.23500
34.6777,243953,-0.36914,0.02808,0.98438,-4.27200,-14.64800,16.78500
34.6940,243963,-0.38086,0.02148,0.97729,-3.90600,-13.06200,15.38100
34.7102,243973,-0.38013,0.03931,0.97656,-4.15000,-13.97700,15.80800
34.7102,243983,-0.37842,0.02173,0.98535,-4.39500,-13.73300,16.72400
34.7278,243993,-0.37720,0.02246,0.98633,-4.15000,-13.79400,16.17400
34.7278,244003,-0.37085,0.02954,0.97559,-3.90600,-13.85500,15.44200
34.7419,244013,-0.38232,0.03125,0.97412,-3.78400,-13.55000,15.74700
34.7587,244023,-0.36548,0.02124,0.96558,-4.45600,-14.64800,16.72400
34.7904,244033,-0.37769,0.02490,0.97607,-4.27200,-14.28200,16.47900
34.7904,244043,-0.38428,0.02124,0.99023,-4.33300,-13.91600,15.86900
34.7904,244053,-0.37256,0.02441,0.98853,-3.41800,-13.67200,15.44200
34.7904,244063,-0.36670,0.02515,0.98682,-3.90600,-13.85500,15.80800
34.8062,244073,-0.38623,0.02271,0.98389,-4.70000,-14.46500,17.02900
34.8299,244083,-0.38501,0.02612,0.98755,-4.08900,-13.18400,15.62500
34.8299,244093,-0.37402,0.02686,0.98145,-3.66200,-13.67200,15.68600
34.8375,244103,-0.37354,0.02100,0.97754,-4.15000,-13.61100,15.74700
34.8556,244113,-0.38623,0.01416,0.99561,-4.70000,-15.32000,16.90700
34.8697,244123,-0.37427,0.04077,0.98340,-4.08900,-13.85500,15.93000
34.8697,244133,-0.37646,0.03076,0.97656,-4.51700,-13.97700,15.93000
34.8854,244143,-0.36719,0.03174,0.97778,-4.21100,-13.67200,15.62500
34.8854,244153,-0.37109,0.01831,0.98291,-4.21100,-14.64800,16.47900
34.8854,244163,-0.38062,0.02441,0.97559,-3.78400,-13.85500,15.93000
34.9014,244173,-0.38281,0.04126,0.97412,-3.90600,-14.40400,15.74700
34.9230,244183,-0.37476,0.02124,0.98657,-4.63900,-14.34300,16.23500
34.9261,244193,-0.38110,0.02148,0.97583,-4.63900,-14.70900,16.17400
34.9385,244203,-0.38330,0.02100,0.98511,-4.02800,-13.36700,15.80800
34.9499,244213,-0.38818,0.02344,0.98584,-4.57800,-15.25900,17.57800
34.9530,244223,-0.37939,0.03394,0.96924,-3.54000,-14.16000,16.35700
34.9651,244233,-0.37891,0.02832,0.98560,-4.39500,-14.46500,16.54100
34.9814,244243,-0.37817,0.01978,0.96997,-4.63900,-15.32000,16.60200
34.9976,244253,-0.37329,0.02930,0.98389,-4.94400,-14.34300,16.41800
34.9976,244263,-0.37183,0.02734,0.96680,-3.96700,-14.70900,16.54100
35.0134,244273,-0.37646,0.03003,0.97583,-4.27200,-13.55000,16.23500
35.0242,244283,-0.37598,0.01758,0.96313,-3.84500,-14.16000,14.89300
35.0293,244293,-0.37988,0.02441,0.97803,-4.39500,-14.89300,16.96800
35.0293,244303,-0.39551,0.01538,0.98828,-4.39500,-14.89300,16.35700
35.0455,244313,-0.38330,0.01953,0.97607,-4.21100,-14.52600,16.60200
35.0455,244323,-0.36914,0.03638,0.97827,-3.60100,-14.09900,15.62500
35.0616,244333,-0.37036,0.03174,0.96875,-4.39500,-14.34300,15.25900
35.0773,244343,-0.37598,0.03296,0.98682,-4.08900,-14.70900,16.23500
35.0935,244353,-0.38501,0.00977,0.99878,-4.57800,-14.77100,15.62500
35.0935,244363,-0.37134,0.01880,0.97485,-3.78400,-13.48900,15.74700
35.1095,244373,-0.37305,0.02832,0.97925,-3.78400,-13.00000,14.46500
35.1199,244383,-0.37305,0.03003,0.97754,-3.84500,-13.91600,15.32000
35.1300,244393,-0.37646,0.03247,0.98950,-4.08900,-13.85500,16.05200
35.1300,244403,-0.37646,0.02734,0.99341,-4.39500,-14.46500,16.17400
35.1413,244413,-0.37524,0.03198,0.97485,-3.60100,-14.46500,15.80800
35.1574,244423,-0.36108,0.03760,0.98193,-3.72300,-14.83200,15.86900
35.1574,244433,-0.37598,0.02930,0.98779,-3.96700,-13.85500,14.95400
35.1736,244443,-0.37134,0.02515,0.98389,-4.15000,-14.28200,15.07600
35.1895,244453,-0.36865,0.00586,0.97876,-4.70000,-15.13700,16.90700
35.1895,244463,-0.37769,0.02271,0.98682,-4.63900,-15.07600,16.47900
35.2052,244473,-0.37231,0.03589,0.98389,-4.02800,-14.40400,15.86900
35.2209,244483,-0.37793,0.02856,0.97778,-3.78400,-13.91600,15.19800
35.2248,244493,-0.38184,0.02148,0.97046,-3.90600,-13.42800,15.32000
35.2407,244503,-0.36743,0.02808,0.98120,-4.27200,-14.28200,15.38100
35.2407,244513,-0.37793,0.02979,0.98291,-4.15000,-13.91600,15.44200
35.2526,244523,-0.36597,0.01465,0.98535,-3.90600,-14.28200,16.35700
35.2685,244533,-0.36328,0.03052,0.98584,-4.27200,-15.44200,16.84600
35.2685,244543,-0.37354,0.02832,0.97559,-4.15000,-14.58700,16.11300
35.3005,244553,-0.38477,0.02417,0.98364,-4.02800,-14.16000,16.23500
35.3005,244563,-0.38062,0.02759,0.99268,-4.15000,-13.85500,15.80800
35.3094,244573,-0.37500,0.01758,0.97510,-3.84500,-14.58700,16.54100
35.3164,244583,-0.38623,0.01392,0.98853,-4.02800,-14.16000,15.32000
35.3248,244593,-0.37646,0.01929,0.98535,-3.96700,-14.09900,15.99100
35.3323,244603,-0.35962,0.02417,0.99561,-4.02800,-15.38100,16.96800
35.3571,244613,-0.37378,0.02417,0.98608,-4.45600,-15.56400,16.96800
35.3571,244623,-0.37012,0.03076,0.97119,-4.27200,-14.34300,16.41800
35.3760,244633,-0.38232,0.02100,0.98145,-3.96700,-14.22100,16.23500
35.3800,244643,-0.38574,0.01343,0.97632,-4.08900,-13.36700,15.74700
35.3962,244653,-0.37988,0.02539,0.99683,-4.08900,-13.73300,15.86900
35.3962,244663,-0.37207,0.02222,0.99194,-3.72300,-12.69500,14.34300
35.4106,244673,-0.38745,0.01733,0.98486,-4.15000,-14.03800,15.86900
35.4198,244683,-0.38086,0.02832,0.97021,-4.08900,-13.48900,15.01500
35.4326,244693,-0.37744,0.02222,0.99268,-4.21100,-13.30600,15.50300
35.4414,244703,-0.38086,0.03564,0.97510,-4.08900,-13.18400,15.44200
35.4501,244713,-0.36401,0.00952,0.97583,-3.84500,-14.52600,16.47900
35.4653,244723,-0.37085,0.01880,0.98120,-3.96700,-14.09900,15.56400
35.4701,244733,-0.36938,0.02051,0.97632,-4.08900,-14.03800,16.66300
35.4734,244743,-0.37720,0.03613,0.99365,-4.57800,-13.85500,15.99100
35.4893,244753,-0.36475,0.02930,0.98047,-3.90600,-12.02400,14.03800
35.4893,244763,-0.37305,0.02075,0.99194,-4.70000,-13.91600,16.11300
35.5157,244773,-0.36060,0.02173,0.97461,-3.90600,-13.85500,15.93000
35.5221,244783,-0.37354,0.03052,0.98047,-4.15000,-13.79400,16.47900
35.5374,244793,-0.38013,0.03076,0.97461,-3.78400,-13.61100,15.32000
35.5374,244803,-0.37939,0.03027,0.98828,-4.15000,-14.83200,16.17400
35.5374,244813,-0.35913,0.04272,0.98438,-4.15000,-13.24500,15.86900
35.5564,244823,-0.36353,0.03247,0.97339,-3.47900,-11.84100,13.61100
35.5721,244833,-0.36523,0.02271,0.99097,-4.33300,-13.79400,15.25900
35.5721,244843,-0.37427,0.03198,0.98804,-4.51700,-13.97700,17.09000
35.5856,244853,-0.37305,0.02612,0.98022,-4.45600,-14.28200,16.60200
35.6013,244863,-0.37280,0.01978,0.97998,-4.76100,-14.22100,15.93000
35.6030,244873,-0.38696,0.01978,0.99023,-4.27200,-13.36700,15.50300
35.6175,244883,-0.37134,0.02979,0.97241,-3.84500,-13.18400,14.64800
35.6335,244893,-0.37476,0.01733,0.98730,-3.29600,-11.78000,13.36700
35.6335,244903,-0.37280,0.01709,0.98853,-3.17400,-12.39000,14.09900
35.6493,244913,-0.37720,0.02588,0.97705,-4.15000,-13.97700,15.86900
35.6493,244923,-0.37549,0.03857,0.99536,-3.60100,-14.03800,15.93000
35.6813,244933,-0.37988,0.01196,0.98267,-4.21100,-13.36700,15.50300
35.6813,244943,-0.37720,0.02051,0.97412,-4.21100,-13.67200,15.62500
35.7292,244953,-0.38013,0.03296,0.98340,-4.51700,-14.52600,16.78500
35.7292,244963,-0.36768,0.02148,0.97974,-4.08900,-13.85500,15.74700
35.7292,244973,-0.36865,0.01709,0.98804,-3.96700,-13.85500,15.62500
35.7292,244983,-0.36597,0.03174,0.98340,-4.39500,-14.09900,16.17400
35.7292,244993,-0.37061,0.01685,0.98657,-4.33300,-13.91600,15.93000
35.7292,245003,-0.38232,0.03589,0.97266,-4.39500,-14.16000,16.29600
35.7453,245013,-0.36963,0.02661,1.00122,-4.02800,-13.91600,16.54100
35.7773,245023,-0.37793,0.02002,0.97241,-4.08900,-13.73300,15.93000
35.7773,245033,-0.38037,0.02441,0.98096,-3.96700,-12.93900,14.22100
35.7773,245043,-0.37378,0.00903,0.96826,-4.15000,-13.48900,15.68600
35.7773,245053,-0.35938,0.03345,0.98096,-3.60100,-11.84100,13.79400
35.7930,245063,-0.36548,0.02954,0.97754,-3.23500,-13.06200,14.40400
35.8254,245073,-0.36548,0.01660,0.98633,-4.15000,-14.03800,15.86900
35.8254,245083,-0.37817,0.02197,0.97778,-4.57800,-13.61100,15.19800
35.8254,245093,-0.37085,0.02856,0.98193,-3.84500,-14.46500,16.54100
35.8254,245103,-0.38037,0.00928,0.99438,-3.96700,-12.63400,15.13700
35.8574,245113,-0.37988,0.02271,0.98535,-3.72300,-13.24500,15.56400
35.8635,245123,-0.37988,0.02173,0.98291,-3.90600,-13.97700,15.56400
35.8716,245133,-0.37988,0.00977,0.99438,-3.23500,-12.08500,14.28200
35.8753,245143,-0.38867,0.02515,1.00098,-4.39500,-13.79400,15.44200
35.8895,245153,-0.38916,0.02075,0.98145,-4.45600,-15.38100,17.57800
35.8895,245163,-0.36377,0.03418,0.98706,-3.60100,-11.65800,13.73300
35.9266,245173,-0.37695,0.00488,0.97876,-4.76100,-14.95400,17.88300
35.9266,245183,-0.37183,0.03052,0.96899,-4.82200,-13.48900,15.74700
35.9266,245193,-0.36938,0.02881,0.97681,-4.39500,-14.58700,17.02900
35.9385,245203,-0.38184,0.03003,0.98218,-4.33300,-15.01500,16.54100
35.9492,245213,-0.37354,0.03125,0.98901,-4.51700,-14.58700,16.84600
35.9589,245223,-0.38037,0.03052,0.97363,-3.78400,-13.42800,15.13700
35.9696,245233,-0.36035,0.01514,0.97803,-3.60100,-13.36700,14.70900
35.9696,245243,-0.37207,0.01831,0.98682,-4.21100,-12.75600,14.64800
35.9856,245253,-0.37402,0.03467,0.98486,-4.70000,-14.70900,17.21200
35.9856,245263,-0.37134,0.02148,0.98877,-4.08900,-14.70900,16.72400
36.0014,245273,-0.36646,0.03027,0.97461,-3.35700,-13.06200,14.22100
36.0178,245283,-0.37354,0.02344,0.97876,-4.02800,-14.09900,15.80800
36.0281,245293,-0.36523,0.03540,0.97827,-4.51700,-15.62500,17.94400
36.0340,245303,-0.37622,0.03345,0.98242,-4.70000,-15.13700,16.96800
36.0501,245313,-0.37988,0.02734,0.97900,-4.02800,-13.42800,15.62500
36.0658,245323,-0.37671,0.02856,0.97339,-4.76100,-14.34300,16.05200
36.0658,245333,-0.37354,0.03320,0.98560,-4.15000,-14.64800,16.29600
36.0815,245343,-0.38818,0.02173,0.98145,-4.08900,-13.97700,15.99100
36.0975,245353,-0.39307,0.02051,0.98706,-4.15000,-14.22100,15.86900
36.0975,245363,-0.36450,0.03418,0.98389,-3.96700,-12.81700,14.16000
36.1136,245373,-0.37280,0.04028,0.99390,-4.02800,-14.16000,15.68600
36.1136,245383,-0.37964,0.04004,0.98340,-3.84500,-13.91600,16.17400
36.1313,245393,-0.38550,0.02954,0.98755,-4.45600,-14.46500,16.35700
36.1313,245403,-0.38550,0.02295,0.99219,-4.15000,-13.67200,14.58700
36.1452,245413,-0.37573,0.02710,0.97852,-4.57800,-14.40400,16.60200
36.1617,245423,-0.37500,0.02588,0.98340,-4.33300,-13.24500,15.74700
36.1617,245433,-0.37573,0.02637,0.97485,-3.78400,-13.12300,14.95400
36.1935,245443,-0.37695,0.02271,0.98242,-3.84500,-13.24500,15.62500
36.1955,245453,-0.38599,0.01855,0.98315,-4.33300,-14.58700,16.90700
36.1997,245463,-0.37085,0.02148,0.98486,-3.90600,-13.18400,14.70900
36.2267,245473,-0.39014,0.01562,0.96826,-4.27200,-11.96300,13.97700
36.2267,245483,-0.38208,0.02148,0.97876,-3.54000,-12.87800,14.89300
36.2576,245524,-0.36694,0.04004,0.97461,-3.96700,-14.46500,15.99100
36.2576,245526,-0.36694,0.04004,0.97461,-3.96700,-14.46500,15.99100
36.2576,245527,-0.36694,0.04004,0.97461,-3.96700,-14.46500,15.99100
36.2576,245529,-0.36694,0.04004,0.97461,-3.96700,-14.46500,15.99100
36.2576,245533,-0.38037,0.01611,0.99219,-3.90600,-14.64800,16.72400
36.2735,245543,-0.36572,0.03174,0.97827,-4.27200,-14.77100,16.60200
36.2893,245553,-0.36279,0.02686,0.98706,-4.21100,-14.40400,16.47900
36.3052,245563,-0.37988,0.02612,0.99829,-4.21100,-14.40400,15.62500
36.3266,245573,-0.37280,0.00659,0.99146,-4.33300,-13.67200,15.01500
36.3266,245583,-0.37256,0.02026,0.98291,-4.63900,-13.30600,15.68600
36.3266,245593,-0.36621,0.02295,0.98193,-4.21100,-14.40400,16.47900
36.3367,245603,-0.37354,0.03247,0.97388,-4.15000,-13.85500,15.56400
36.3367,245613,-0.38184,0.02417,0.98267,-4.76100,-14.16000,15.74700
36.3525,245623,-0.37671,0.02563,0.97437,-4.63900,-14.16000,16.35700
36.3685,245633,-0.38062,0.01709,0.98364,-4.39500,-13.67200,15.80800
36.3685,245643,-0.37671,0.01709,0.98853,-4.27200,-15.32000,16.78500
36.3843,245653,-0.37354,0.02954,0.98633,-4.45600,-14.22100,16.90700
36.4001,245663,-0.36230,0.03271,0.98340,-3.84500,-13.42800,15.56400
36.4001,245673,-0.37036,0.02710,0.97729,-3.90600,-13.18400,15.07600
36.4321,245683,-0.37866,0.01978,0.99927,-3.90600,-13.79400,15.80800
36.4520,245693,-0.38184,0.02344,0.97363,-3.78400,-11.71900,12.87800
36.4520,245703,-0.37866,0.02881,0.97681,-3.90600,-12.93900,14.64800
36.4520,245713,-0.36621,0.03247,0.97559,-4.02800,-11.59700,12.63400
36.4649,245723,-0.38623,0.02930,0.96875,-3.60100,-13.24500,14.64800
36.5114,245733,-0.38672,0.01929,0.98755,-3.90600,-13.61100,15.25900
36.5114,245743,-0.38599,0.01758,0.98169,-4.63900,-13.61100,15.74700
36.5114,245753,-0.38477,0.02222,0.97852,-4.08900,-11.71900,13.85500
36.5114,245763,-0.37573,0.02539,0.95996,-3.23500,-11.23000,12.93900
36.5114,245773,-0.37061,0.03418,0.96387,-3.84500,-14.70900,16.78500
36.5288,245783,-0.37085,0.02661,0.98999,-3.54000,-13.18400,14.89300
36.5288,245793,-0.38574,0.02197,0.99512,-3.47900,-13.91600,16.60200
36.5288,245803,-0.36743,0.03223,0.98486,-3.84500,-14.09900,17.09000
36.5429,245813,-0.38379,0.01147,1.00244,-4.33300,-13.36700,14.95400
36.5751,245823,-0.37964,0.02344,0.99146,-4.15000,-14.46500,16.72400
36.5751,245833,-0.37183,0.02832,0.99609,-4.39500,-14.52600,17.45600
36.5751,245843,-0.37500,0.02417,0.99023,-4.45600,-14.77100,16.90700
36.5912,245853,-0.37891,0.02075,0.97754,-4.88300,-14.22100,16.54100
36.5912,245863,-0.37231,0.02734,0.97681,-4.45600,-13.48900,16.11300
36.6072,245873,-0.36011,0.02686,0.97412,-4.15000,-13.97700,15.56400
36.6404,245883,-0.37671,0.02808,0.97925,-4.02800,-11.96300,15.13700
36.6404,245893,-0.38794,0.02002,0.97974,-3.66200,-13.00000,16.60200
36.6404,245903,-0.38745,0.02808,0.98828,-4.33300,-15.50300,18.00500
36.6704,245913,-0.38379,0.01855,0.97461,-4.33300,-14.09900,15.74700
36.6704,245923,-0.36304,0.03491,0.96484,-3.90600,-14.09900,16.54100
36.6704,245933,-0.36914,0.01416,1.00098,-3.72300,-13.36700,14.70900
36.6704,245943,-0.38574,0.01807,0.99146,-4.15000,-14.28200,16.47900
36.6861,245953,-0.36206,0.03223,0.98975,-4.39500,-14.03800,16.47900
36.6861,245963,-0.36841,0.03442,0.98389,-4.08900,-14.03800,15.86900
36.7018,245973,-0.37793,0.04517,0.99097,-4.27200,-13.73300,15.50300
36.7337,245983,-0.37939,0.02588,0.98975,-3.78400,-13.18400,14.95400
36.7982,245993,-0.37109,0.02930,0.98364,-4.02800,-12.57300,14.58700
36.7982,246003,-0.37769,0.01343,0.96655,-4.45600,-14.83200,17.15100
36.7982,246013,-0.37598,0.01733,0.94995,-4.08900,-13.67200,15.25900
36.7982,246023,-0.37891,0.02417,0.97656,-4.39500,-14.28200,16.35700
36.7982,246033,-0.37134,0.01782,0.98120,-4.02800,-15.25900,17.70000
36.7982,246043,-0.37598,0.03174,0.97949,-3.47900,-13.73300,15.68600
36.7982,246053,-0.38159,0.01880,0.99121,-3.60100,-12.14600,14.09900
36.7982,246063,-0.37256,0.01221,0.99097,-4.15000,-14.22100,16.72400
36.8222,246073,-0.38867,0.01562,1.00293,-4.02800,-13.42800,15.74700
36.8443,246083,-0.37451,0.02881,0.99072,-3.96700,-11.78000,13.85500
36.8443,246093,-0.37915,0.01343,0.99146,-3.35700,-10.86400,12.81700
36.8443,246103,-0.38062,0.01807,0.98145,-4.82200,-14.16000,15.99100
36.8443,246113,-0.38037,0.03125,0.96606,-4.39500,-14.77100,16.72400
36.8600,246123,-0.38403,0.02319,0.97925,-4.39500,-13.73300,15.62500
36.8600,246133,-0.38184,0.02417,0.96997,-3.90600,-13.73300,15.38100
36.8761,246143,-0.37402,0.03174,0.96655,-3.96700,-13.24500,14.52600
36.8761,246153,-0.36841,0.04565,0.96045,-3.29600,-12.93900,15.19800
36.8918,246163,-0.36792,0.02393,0.97949,-3.96700,-14.83200,16.54100
36.9075,246173,-0.36572,0.02393,0.98486,-3.96700,-13.55000,15.44200
36.9243,246183,-0.37305,0.02979,0.98633,-4.33300,-14.95400,16.60200
36.9395,246193,-0.37573,0.03369,1.00635,-3.84500,-12.51200,13.55000
36.9547,246203,-0.35498,0.04468,0.99194,-4.15000,-12.45100,14.64800
36.9547,246213,-0.38257,0.01587,0.99731,-3.47900,-11.90200,13.67200
36.9737,246223,-0.38696,0.03857,0.98657,-3.78400,-12.51200,14.16000
36.9737,246233,-0.36182,0.00098,0.98071,-4.15000,-13.67200,15.68600
36.9737,246243,-0.36304,0.03198,0.97827,-4.27200,-15.44200,16.96800
36.9863,246253,-0.37573,0.01978,0.96411,-3.54000,-13.97700,15.56400
37.0180,246263,-0.37256,0.04639,0.95801,-3.60100,-13.55000,15.99100
37.0180,246273,-0.36475,0.02393,0.99146,-4.63900,-15.01500,16.72400
37.0180,246283,-0.35864,0.02612,0.96729,-3.78400,-15.13700,17.27300
37.0341,246293,-0.38550,0.02393,0.98584,-4.08900,-13.55000,15.01500
37.0341,246303,-0.36401,0.01758,0.97021,-4.51700,-14.46500,16.90700
37.0498,246313,-0.37329,0.02026,0.97388,-3.60100,-13.30600,15.01500
37.0657,246323,-0.38770,0.01758,0.99707,-4.70000,-13.67200,16.11300
37.0657,246333,-0.37744,0.01904,0.98413,-3.90600,-14.16000,16.90700
37.0845,246343,-0.36816,0.01392,0.98145,-4.27200,-14.64800,15.38100
37.0845,246353,-0.37964,0.02930,0.97217,-4.08900,-15.01500,15.86900
37.0981,246363,-0.37720,0.02417,0.99292,-4.15000,-13.48900,14.89300
37.2407,246373,-0.35938,0.03247,0.97217,-4.45600,-14.09900,16.72400
37.2407,246383,-0.37500,0.01123,0.96802,-3.96700,-13.30600,15.07600
37.2407,246393,-0.37524,0.01367,0.97388,-4.15000,-13.00000,14.64800
37.2407,246403,-0.36890,0.02197,0.97656,-4.27200,-14.64800,16.72400
37.2407,246413,-0.37012,0.02441,0.99731,-3.78400,-14.09900,16.78500
37.2407,246423,-0.37427,0.03223,0.98096,-3.72300,-12.57300,13.73300
37.2407,246433,-0.37939,0.02344,0.99512,-4.21100,-13.97700,16.72400
37.2407,246443,-0.37646,0.03296,0.97974,-4.27200,-14.64800,16.11300
37.2407,246453,-0.36865,0.03223,1.00562,-3.78400,-13.97700,15.62500
37.2407,246463,-0.36060,0.02710,0.98022,-4.45600,-14.58700,15.62500
37.2407,246473,-0.36865,0.01221,0.98511,-4.45600,-14.58700,16.35700
37.2407,246483,-0.36377,0.02808,0.99414,-4.08900,-13.24500,14.46500
37.2407,246493,-0.38452,0.01123,0.98657,-4.02800,-14.77100,16.47900
37.2565,246503,-0.36646,0.02832,0.97412,-2.86900,-13.42800,15.19800
37.2565,246513,-0.35864,0.02271,0.97925,-3.66200,-13.73300,16.11300
37.2724,246523,-0.37549,0.01782,0.98047,-4.15000,-12.75600,15.13700
37.2724,246533,-0.37671,0.02686,0.98804,-3.90600,-13.42800,15.56400
37.2724,246543,-0.37744,0.01392,0.98462,-4.02800,-12.63400,14.34300
37.3044,246553,-0.37061,0.02368,0.98340,-3.66200,-12.39000,14.16000
37.3044,246563,-0.38159,0.01685,0.98584,-4.02800,-13.73300,15.38100
37.3044,246573,-0.36499,0.02588,0.99707,-3.78400,-12.32900,14.40400
37.3044,246583,-0.37427,0.01343,0.96436,-3.54000,-13.06200,15.32000
37.3518,246593,-0.37720,0.01245,0.98071,-4.39500,-14.28200,15.74700
37.3518,246603,-0.38379,0.01489,0.99756,-3.96700,-14.34300,15.50300
37.3518,246613,-0.36987,0.01099,0.97803,-3.66200,-13.73300,15.56400
37.3752,246623,-0.37109,0.01123,0.98340,-3.96700,-14.09900,15.62500
37.3752,246633,-0.37598,0.02881,0.98877,-4.57800,-14.46500,15.99100
37.3837,246643,-0.37134,0.02808,0.97632,-4.02800,-13.48900,15.25900
37.3837,246653,-0.36987,0.03369,0.97949,-3.84500,-13.06200,14.22100
37.3995,246663,-0.36230,0.02051,0.96997,-3.54000,-11.78000,13.48900
37.4152,246673,-0.38257,0.03711,0.97754,-3.90600,-12.51200,13.73300
37.4152,246683,-0.38477,0.02539,0.99438,-3.60100,-12.69500,14.83200
37.4466,246693,-0.37622,0.01392,0.98901,-3.84500,-13.67200,15.50300
37.4781,246703,-0.37671,0.03491,0.98169,-3.54000,-14.70900,17.02900
37.4781,246713,-0.36987,0.03174,0.99390,-4.82200,-15.50300,17.63900
37.4781,246723,-0.37451,0.02466,0.97925,-4.15000,-12.14600,13.91600
37.4790,246733,-0.37622,0.03174,0.99146,-4.39500,-13.24500,15.25900
37.4790,246743,-0.37866,0.03174,0.98926,-4.21100,-14.58700,15.74700
37.4964,246753,-0.37109,0.02954,0.97803,-4.21100,-13.36700,15.38100
37.5004,246763,-0.36816,0.02588,0.98193,-3.78400,-12.45100,13.79400
37.5257,246773,-0.36426,0.03223,0.96924,-3.78400,-13.48900,15.74700
37.5294,246783,-0.36597,0.03149,0.97681,-4.39500,-14.28200,16.29600
37.5576,246793,-0.36206,0.03760,0.98071,-4.27200,-13.91600,16.72400
37.5576,246803,-0.36548,0.03955,0.98779,-3.60100,-13.42800,15.25900
37.5576,246813,-0.37988,0.02490,0.97412,-4.27200,-12.57300,14.58700
37.5576,246823,-0.37085,0.01660,0.99341,-5.18800,-14.03800,16.35700
37.5737,246833,-0.37402,0.02905,0.97803,-4.51700,-12.93900,14.70900
37.5737,246843,-0.36694,0.02710,0.97607,-4.15000,-13.00000,14.22100
37.5896,246853,-0.36768,0.01123,0.97925,-3.60100,-14.03800,15.86900
37.5896,246863,-0.37646,0.01880,0.98218,-4.39500,-14.22100,16.05200
37.6236,246873,-0.37549,0.02344,0.99194,-4.21100,-14.03800,15.80800
37.6236,246883,-0.38501,0.02515,0.98975,-4.82200,-14.70900,17.15100
37.6373,246893,-0.37012,0.02222,0.97827,-3.90600,-14.70900,16.41800
37.6534,246903,-0.37720,0.02100,0.96411,-3.96700,-14.34300,16.29600
37.6534,246913,-0.37158,0.01978,0.98047,-4.15000,-14.89300,16.84600
37.6534,246923,-0.37158,0.02002,0.97485,-4.15000,-14.09900,16.78500
37.6911,246933,-0.36914,0.02075,0.98022,-2.93000,-11.35300,13.61100
37.6911,246943,-0.36206,0.02002,0.98291,-4.08900,-13.73300,15.62500
37.6911,246953,-0.38843,0.02637,0.97412,-3.54000,-12.51200,14.40400
37.6998,246963,-0.38916,0.02710,0.95776,-2.68600,-10.37600,12.39000
37.7154,246973,-0.36328,0.03198,0.97290,-3.96700,-12.93900,14.77100
37.7294,246983,-0.36621,0.02612,0.97974,-3.78400,-12.20700,14.09900
37.7294,246993,-0.37744,0.03442,0.97656,-3.72300,-11.78000,12.63400
37.7479,247003,-0.37695,0.02612,0.98315,-4.21100,-14.46500,16.29600
37.7554,247013,-0.38281,0.03589,0.99072,-4.27200,-13.24500,14.52600
37.7633,247023,-0.37671,0.02197,0.99634,-3.78400,-12.57300,14.34300
37.7633,247033,-0.38818,0.02734,0.96704,-3.84500,-12.63400,14.09900
37.8041,247043,-0.36523,0.01050,0.96606,-4.02800,-13.12300,15.38100
37.8220,247053,-0.38574,0.01782,0.97925,-4.33300,-14.52600,16.35700
37.8220,247063,-0.37622,0.02930,0.99536,-3.29600,-12.45100,13.61100
37.8220,247073,-0.37183,0.02979,0.97852,-4.57800,-14.28200,15.86900
37.8220,247083,-0.38086,0.02490,0.98071,-4.45600,-14.64800,16.96800
37.8305,247093,-0.39160,0.01807,0.97949,-4.02800,-14.28200,16.17400
37.8741,247103,-0.38306,0.01807,0.98657,-4.21100,-12.45100,15.56400
37.8741,247113,-0.36182,0.02710,0.98242,-3.29600,-13.12300,13.97700
37.8741,247123,-0.36499,0.01099,0.98047,-4.45600,-15.68600,17.09000
37.8741,247133,-0.36841,0.02319,0.97290,-3.96700,-12.63400,14.70900
37.8741,247143,-0.37305,0.01685,0.97754,-3.41800,-13.48900,15.32000
37.9056,247153,-0.37378,0.02026,0.97168,-3.60100,-13.00000,14.28200
37.9273,247163,-0.35132,0.02637,0.97144,-3.54000,-12.87800,14.89300
37.9273,247173,-0.38818,0.01343,0.98535,-3.84500,-14.58700,16.78500
37.9814,247183,-0.36426,0.02979,0.98657,-3.78400,-12.93900,15.38100
37.9835,247193,-0.37988,0.01636,0.97070,-3.60100,-12.87800,14.77100
37.9835,247203,-0.38843,0.03076,0.97241,-3.90600,-12.81700,14.52600
37.9835,247213,-0.39087,0.02075,0.98218,-3.47900,-12.39000,13.73300
37.9835,247223,-0.37500,0.04712,0.96021,-3.54000,-12.63400,14.16000
37.9835,247233,-0.35962,0.01831,0.97729,-3.66200,-12.81700,14.40400
37.9845,247243,-0.39478,0.03564,0.97681,-3.84500,-13.18400,14.89300
38.0005,247253,-0.34155,0.01514,0.98096,-3.47900,-13.06200,13.91600
38.0005,247263,-0.37573,0.04663,0.97559,-3.35700,-11.84100,13.42800
38.0005,247273,-0.38721,0.00513,0.99585,-3.54000,-11.35300,13.12300
38.0162,247283,-0.40039,0.03784,0.98291,-3.78400,-12.63400,15.25900
38.0323,247293,-0.37622,0.03369,0.97412,-4.33300,-14.46500,16.66300
38.0323,247303,-0.37573,0.03027,0.98218,-4.15000,-12.81700,14.89300
38.0483,247313,-0.38062,0.01514,0.98291,-4.39500,-14.09900,16.23500
38.0644,247323,-0.37183,0.02368,0.97534,-4.39500,-14.34300,16.66300
38.0644,247333,-0.37183,0.02734,0.97046,-4.21100,-13.61100,15.86900
38.0795,247343,-0.37207,0.03394,0.98096,-3.66200,-14.03800,15.62500
38.0886,247353,-0.37720,0.02637,0.97461,-3.72300,-13.30600,15.07600
38.0966,247363,-0.37476,0.01831,0.97998,-3.96700,-14.16000,15.32000
38.1097,247373,-0.38306,0.02466,0.98242,-3.96700,-13.79400,15.32000
38.1137,247383,-0.37402,0.01953,0.98291,-2.99100,-12.57300,14.40400
38.1330,247393,-0.37598,0.01538,0.96289,-3.60100,-14.52600,16.41800
38.1330,247403,-0.36768,0.01978,0.98291,-3.54000,-12.26800,14.95400
38.1432,247413,-0.37549,0.02490,0.97949,-3.05200,-12.20700,13.61100
38.1589,247423,-0.37573,0.02246,0.97290,-3.84500,-13.36700,15.62500
38.1589,247433,-0.37402,0.02100,0.97974,-3.54000,-13.06200,14.16000
38.1746,247443,-0.37891,0.02808,0.97778,-4.51700,-15.38100,17.27300
38.1904,247453,-0.38110,0.01123,0.98438,-3.84500,-14.09900,15.62500
38.1904,247463,-0.36768,0.03076,0.97656,-3.47900,-11.23000,12.32900
38.2060,247473,-0.38037,0.02124,0.97095,-4.33300,-13.18400,14.77100
38.2378,247483,-0.38477,0.02637,0.97705,-4.33300,-14.28200,15.62500
38.2700,247525,-0.39624,0.02393,0.98511,-4.15000,-13.24500,15.56400
38.2700,247527,-0.39624,0.02393,0.98511,-4.15000,-13.24500,15.56400
38.2700,247528,-0.37402,0.04199,0.98438,-3.54000,-12.51200,13.97700
38.2700,247530,-0.37402,0.04199,0.98438,-3.54000,-12.51200,13.97700
38.2700,247533,-0.37402,0.04199,0.98438,-3.54000,-12.51200,13.97700
38.2856,247543,-0.37988,0.01855,0.98657,-3.96700,-13.24500,15.56400
38.2856,247553,-0.37891,0.02856,0.99365,-4.63900,-14.16000,16.54100
38.3014,247563,-0.38525,0.02417,0.99390,-4.27200,-14.28200,15.32000
38.3014,247573,-0.37524,0.01929,1.00415,-4.57800,-14.40400,16.54100
38.3185,247583,-0.37012,0.01807,0.97852,-3.84500,-14.16000,15.68600
38.3185,247593,-0.36157,0.03271,0.98706,-4.63900,-15.19800,16.66300
38.3330,247603,-0.37646,0.02222,0.96362,-3.72300,-15.19800,16.78500
38.3488,247613,-0.38672,0.01807,0.97192,-4.27200,-14.34300,16.78500
38.3648,247623,-0.38501,0.02148,0.97021,-4.76100,-13.12300,15.99100
38.3648,247633,-0.38794,0.00806,0.96460,-3.23500,-11.47500,13.91600
38.3807,247643,-0.39087,0.02637,0.97583,-4.21100,-14.70900,16.84600
38.3807,247653,-0.38452,0.01465,0.97632,-3.78400,-13.79400,15.19800
38.3965,247663,-0.36768,0.01904,0.98462,-3.84500,-13.91600,14.58700
38.3965,247673,-0.36792,0.03882,0.98364,-3.66200,-15.38100,15.62500
38.4123,247683,-0.36450,0.01099,0.99805,-3.78400,-13.12300,13.79400
38.4307,247693,-0.36035,0.04346,0.98828,-4.57800,-14.64800,15.93000
38.4307,247703,-0.35693,0.02734,0.97681,-4.27200,-13.55000,15.74700
38.4439,247713,-0.37256,0.02002,0.97974,-4.39500,-13.55000,15.56400
38.4600,247723,-0.36890,0.00806,0.97192,-4.33300,-13.85500,16.35700
38.4762,247733,-0.39014,0.02319,0.96655,-3.66200,-13.36700,15.32000
38.4762,247743,-0.39087,0.01807,0.97021,-3.54000,-12.14600,14.58700
38.4935,247753,-0.38916,0.02661,0.97461,-3.41800,-14.28200,15.07600
38.4935,247763,-0.38477,0.02539,0.99146,-4.88300,-16.72400,16.72400
38.5090,247773,-0.37744,0.02905,0.99976,-3.72300,-14.58700,13.91600
38.5236,247783,-0.35767,0.02417,0.99927,-3.90600,-14.34300,14.22100
38.5309,247793,-0.35034,0.03931,0.99316,-4.33300,-16.90700,17.82200
38.5395,247803,-0.36011,0.02417,0.99854,-4.70000,-16.23500,17.70000
38.5555,247813,-0.35425,0.02026,0.98926,-5.18800,-16.96800,18.43300
38.5555,247823,-0.36792,0.01929,0.97754,-4.51700,-15.13700,17.45600
38.5715,247833,-0.37183,0.03076,0.97437,-3.84500,-13.67200,16.11300
38.5715,247843,-0.37695,0.01978,0.95605,-4.15000,-14.46500,16.35700
38.5876,247853,-0.38232,0.03198,0.97119,-3.90600,-13.61100,15.01500
38.5876,247863,-0.38501,0.02881,0.96997,-4.02800,-15.68600,16.90700
38.6033,247873,-0.37231,0.04077,0.97046,-4.21100,-16.96800,17.70000
38.6190,247883,-0.36865,0.02002,0.98511,-4.45600,-16.78500,17.51700
38.6312,247893,-0.35938,0.02661,0.98706,-4.45600,-15.50300,16.54100
38.6368,247903,-0.36597,0.01367,1.01221,-4.39500,-14.46500,14.95400
38.6514,247913,-0.36572,0.03784,0.97925,-4.63900,-15.50300,17.45600
38.6514,247923,-0.38745,0.02832,1.00098,-4.88300,-16.66300,18.55500
38.6824,247933,-0.36523,0.02466,0.98315,-4.21100,-13.36700,15.13700
38.6824,247943,-0.38354,0.03955,0.97559,-4.33300,-13.42800,15.13700
38.6985,247953,-0.36768,0.02173,0.98047,-3.29600,-12.20700,14.28200
38.6985,247963,-0.36499,0.02563,0.97339,-4.08900,-14.34300,16.17400
38.7143,247973,-0.37695,0.01831,0.97266,-3.72300,-12.39000,13.67200
38.7143,247983,-0.37915,0.02417,0.98779,-3.78400,-14.34300,15.62500
38.7304,247993,-0.37891,0.02637,0.98267,-4.08900,-15.44200,17.21200
38.7463,248003,-0.38477,0.03809,0.98999,-3.84500,-13.24500,14.28200
38.7463,248013,-0.37305,0.02026,1.01025,-4.27200,-14.77100,16.60200
38.7463,248023,-0.37451,0.02734,0.98267,-4.70000,-14.95400,16.66300
38.7620,248033,-0.36597,0.01196,0.99243,-4.51700,-14.16000,17.09000
38.7781,248043,-0.37402,0.04077,0.96826,-4.27200,-12.69500,15.38100
38.7938,248053,-0.37207,0.03052,0.97046,-4.57800,-14.28200,16.47900
38.7938,248063,-0.39307,0.01294,0.96973,-4.08900,-12.39000,15.13700
38.8100,248073,-0.38501,0.01074,0.96997,-4.21100,-12.08500,15.25900
38.8236,248083,-0.37280,0.03442,0.97388,-3.72300,-12.87800,14.77100
38.8298,248093,-0.37476,0.02979,0.97729,-3.35700,-12.51200,14.03800
38.8320,248103,-0.37793,0.02905,0.97876,-3.41800,-13.24500,15.07600
38.8410,248113,-0.36182,0.01416,0.99658,-2.86900,-11.16900,13.30600
38.8570,248123,-0.37524,0.02637,0.98926,-3.72300,-11.53600,14.22100
38.8570,248133,-0.37109,0.02759,0.98120,-4.27200,-13.30600,16.23500
38.8889,248143,-0.36890,0.01611,0.99927,-3.96700,-12.63400,15.80800
38.8889,248153,-0.37964,0.01172,0.99268,-3.90600,-11.96300,15.32000
38.8889,248163,-0.37915,0.02417,0.96973,-4.33300,-12.14600,16.41800
38.9048,248173,-0.36719,0.02271,0.97168,-4.27200,-12.26800,16.54100
38.9048,248183,-0.37866,0.01587,0.97925,-4.02800,-12.75600,16.23500
38.9276,248193,-0.38110,0.02173,0.96826,-3.78400,-11.16900,14.16000
38.9367,248203,-0.37988,0.01636,0.96582,-4.15000,-11.65800,15.25900
38.9367,248213,-0.37476,0.02222,0.98389,-4.27200,-11.47500,14.70900
38.9562,248223,-0.38013,0.03149,0.98462,-3.05200,-9.64400,14.03800
38.9965,248233,-0.35571,0.03784,0.98901,-3.90600,-10.25400,13.85500
38.9965,248243,-0.37988,0.02930,0.99438,-5.00500,-13.06200,17.70000
38.9965,248253,-0.37280,0.03516,0.98682,-4.15000,-14.09900,18.73800
39.0007,248263,-0.37061,0.02295,0.98169,-4.57800,-12.32900,16.17400
39.0007,248273,-0.39355,0.03394,0.97168,-4.27200,-13.55000,18.12700
39.0259,248283,-0.39038,0.03320,0.97119,-4.51700,-12.08500,16.23500
39.0478,248293,-0.38062,0.01636,0.97437,-4.33300,-10.74200,15.44200
39.0478,248303,-0.38916,0.03076,0.97119,-4.08900,-13.36700,16.47900
39.0637,248313,-0.37744,0.03174,0.98096,-3.78400,-12.02400,16.11300
39.0798,248323,-0.36743,0.03955,0.98340,-3.47900,-11.71900,15.07600
39.0798,248333,-0.38306,0.03149,0.99951,-3.35700,-10.86400,14.46500
39.0798,248343,-0.37085,0.04053,0.97412,-4.02800,-11.59700,15.38100
39.0960,248353,-0.38037,0.01392,0.99268,-3.96700,-12.20700,17.15100
39.0960,248363,-0.37573,0.03687,0.98145,-4.88300,-14.58700,17.94400
39.1120,248373,-0.38379,0.02148,0.97949,-3.84500,-10.43700,14.03800
39.1335,248383,-0.37793,0.03149,0.98633,-4.02800,-9.09400,13.85500
39.1335,248393,-0.38599,0.02686,0.96875,-3.72300,-12.69500,17.39500
39.1592,248403,-0.38110,0.02808,0.97363,-4.02800,-12.75600,16.72400
39.1592,248413,-0.36475,0.02563,0.96436,-4.21100,-12.57300,16.05200
39.1642,248423,-0.37964,0.02051,0.98877,-3.66200,-11.41400,15.50300
39.1760,248433,-0.37256,0.01538,0.98120,-3.72300,-12.39000,16.35700
39.1760,248443,-0.37671,0.01636,0.99072,-3.90600,-10.37600,14.83200
39.1918,248453,-0.37451,0.03027,0.97412,-4.15000,-13.06200,16.96800
39.1918,248463,-0.38867,0.03296,0.96997,-4.39500,-13.85500,17.70000
39.2076,248473,-0.39160,0.02979,1.00415,-4.57800,-13.67200,17.51700
39.2234,248483,-0.39746,0.02734,0.98633,-4.02800,-10.92500,14.46500
39.2322,248493,-0.37671,0.02734,0.96997,-4.70000,-11.90200,14.89300
39.2392,248503,-0.39282,0.02783,0.96826,-5.00500,-15.62500,18.67700
39.2550,248513,-0.39087,0.01440,0.98584,-3.47900,-12.75600,15.44200
39.2550,248523,-0.37622,0.03174,0.98340,-3.47900,-10.98600,13.55000
39.2708,248533,-0.37891,0.03076,0.97827,-3.17400,-11.53600,14.28200
39.2708,248543,-0.39722,0.02002,0.98193,-4.33300,-15.07600,16.96800
39.2883,248553,-0.37939,0.02148,0.97534,-3.72300,-12.39000,15.01500
39.3027,248563,-0.38696,0.01147,0.97510,-4.33300,-14.70900,17.45600
39.3027,248573,-0.38599,0.03076,0.98145,-3.66200,-11.65800,14.09900
39.3186,248583,-0.37646,0.01953,0.98145,-4.27200,-12.45100,14.40400
39.3236,248593,-0.38257,0.02686,0.99536,-4.02800,-13.73300,15.93000
39.3402,248603,-0.39185,0.03833,0.97363,-4.08900,-13.00000,15.07600
39.3561,248613,-0.39771,0.01489,0.98462,-4.21100,-13.36700,14.28200
39.3596,248623,-0.40845,0.03931,0.97559,-4.57800,-15.99100,16.54100
39.3665,248633,-0.38477,0.03638,0.97852,-4.21100,-14.40400,15.13700
39.3750,248643,-0.38477,0.02661,0.97363,-3.60100,-14.22100,14.28200
39.3913,248653,-0.37036,0.02490,0.97217,-4.70000,-17.21200,17.82200
39.3913,248663,-0.35840,0.02490,0.97070,-4.15000,-14.03800,14.40400
39.4074,248673,-0.36841,0.01880,0.97046,-3.84500,-14.70900,15.50300
39.4074,248683,-0.37573,0.02490,0.97534,-4.02800,-14.77100,14.95400
39.4235,248693,-0.36890,0.02588,0.96362,-3.78400,-14.70900,14.89300
39.4393,248703,-0.38184,0.02759,0.97412,-3.84500,-13.18400,13.67200
39.4393,248713,-0.39746,0.01514,0.97021,-4.39500,-17.09000,16.78500
39.4551,248723,-0.41260,0.01831,0.98193,-3.47900,-15.13700,14.46500
39.4551,248733,-0.40479,0.02124,0.97559,-3.84500,-17.94400,16.11300
39.4711,248743,-0.40356,0.01953,0.98413,-4.08900,-17.51700,15.25900
39.4871,248753,-0.37109,0.02393,0.97729,-4.94400,-19.04300,16.84600
39.5032,248763,-0.37354,0.02222,0.98486,-4.21100,-17.51700,14.70900
39.5032,248773,-0.39014,0.01270,0.98584,-4.57800,-19.22600,16.66300
39.5193,248783,-0.37793,0.02100,0.97803,-4.94400,-20.69100,18.43300
39.5305,248793,-0.36743,0.00903,0.97388,-4.02800,-20.26400,17.33400
39.5351,248803,-0.36670,0.02637,0.99805,-4.33300,-19.83600,17.27300
39.5351,248813,-0.37012,0.02344,0.97778,-3.78400,-18.61600,16.05200
39.5508,248823,-0.37427,0.01782,0.99292,-3.29600,-17.45600,14.52600
39.5670,248833,-0.38037,0.02881,1.00122,-4.21100,-19.28700,16.84600
39.5670,248843,-0.38037,0.02856,0.98096,-4.45600,-19.65300,16.96800
39.5830,248853,-0.38062,0.03613,0.98071,-3.60100,-17.33400,13.79400
39.5988,248863,-0.37842,0.02417,0.98853,-4.27200,-17.51700,13.30600
39.5988,248873,-0.38257,0.02344,0.97656,-3.60100,-16.84600,13.36700
39.6148,248883,-0.36572,0.04077,0.99585,-3.66200,-20.32500,16.11300
39.6306,248893,-0.34521,0.02417,0.96924,-3.47900,-18.43300,14.03800
39.6335,248903,-0.37280,0.02979,0.97363,-4.82200,-21.72900,18.49400
39.6480,248913,-0.35791,0.02588,0.98291,-3.35700,-19.47000,15.38100
39.6480,248923,-0.38037,0.03662,0.98877,-3.84500,-18.25000,14.46500
39.6625,248933,-0.36670,0.02124,0.99268,-2.80800,-17.76100,12.69500
39.6786,248943,-0.35718,0.03833,0.98267,-3.66200,-19.77500,15.01500
39.6943,248953,-0.35742,0.02563,0.99390,-4.33300,-20.50800,16.17400
39.7104,248963,-0.35645,0.02832,0.98853,-3.84500,-18.67700,14.03800
39.7104,248973,-0.37012,0.01636,0.98828,-4.08900,-20.38600,16.05200
39.7104,248983,-0.34937,0.01855,0.98145,-3.96700,-19.04300,15.62500
39.7261,248993,-0.35791,0.02661,0.98022,-4.57800,-20.20300,16.23500
39.7336,249003,-0.35107,0.03027,0.98267,-4.08900,-19.16500,15.19800
39.7417,249013,-0.35181,0.01685,0.98633,-4.15000,-19.04300,16.47900
39.7577,249023,-0.32788,0.00220,0.99561,-4.33300,-19.77500,16.23500
39.7577,249033,-0.35864,0.01074,0.98438,-3.72300,-17.70000,14.77100
39.7737,249043,-0.34375,0.02441,0.99146,-3.35700,-16.90700,15.13700
39.7898,249053,-0.34790,0.02637,0.99097,-4.57800,-19.04300,17.39500
39.8081,249063,-0.35352,0.02368,0.97119,-4.08900,-20.32500,18.92100
39.8081,249073,-0.34326,0.01636,0.98926,-4.08900,-18.67700,17.15100
39.8081,249083,-0.34131,0.02710,0.97998,-4.15000,-17.33400,16.35700
39.8377,249093,-0.35962,0.03271,0.98438,-4.27200,-17.57800,16.66300
39.8377,249103,-0.35181,0.03174,0.97925,-5.00500,-18.67700,19.16500
39.8377,249113,-0.36108,0.02881,1.00195,-4.33300,-17.70000,17.02900
39.8726,249123,-0.34937,0.02637,0.98828,-4.27200,-15.62500,15.38100
39.8726,249133,-0.34155,0.03247,0.97339,-3.90600,-14.77100,14.77100
39.9018,249143,-0.34131,0.01611,0.97852,-4.45600,-15.86900,16.35700
39.9018,249153,-0.32788,0.02466,0.98120,-3.66200,-12.75600,13.36700
39.9018,249163,-0.33008,0.03271,0.98804,-4.45600,-15.93000,17.09000
39.9253,249173,-0.34619,0.03638,0.99048,-3.90600,-13.79400,15.93000
39.9489,249183,-0.35327,0.01636,0.99854,-4.27200,-12.63400,15.62500
39.9489,249193,-0.35352,0.02197,0.99365,-3.47900,-12.02400,15.07600
39.9489,249203,-0.34521,0.01831,1.00146,-4.39500,-13.91600,17.51700
39.9489,249213,-0.35767,0.02246,0.99707,-4.63900,-13.06200,17.02900
39.9597,249223,-0.36523,0.01343,1.00952,-3.72300,-12.57300,16.78500
39.9702,249233,-0.34961,0.02979,0.98315,-4.45600,-12.87800,17.33400
39.9809,249243,-0.34302,0.01514,0.98096,-4.21100,-12.87800,16.35700
39.9897,249253,-0.35352,0.02441,0.98511,-4.33300,-11.59700,15.86900
40.0043,249263,-0.34888,0.01001,0.99194,-3.72300,-10.01000,14.40400
40.0128,249273,-0.35132,0.02539,0.99585,-3.66200,-9.39900,13.73300
40.0128,249283,-0.35596,0.01880,0.97192,-4.33300,-12.26800,17.02900
40.0310,249293,-0.35620,0.01733,0.98779,-4.21100,-12.02400,17.02900
40.0418,249303,-0.35547,0.02588,0.99121,-4.45600,-12.32900,17.45600
40.0418,249313,-0.34741,0.03198,0.98853,-4.21100,-11.84100,16.05200
40.0598,249323,-0.35229,0.02246,0.98901,-3.84500,-10.98600,15.86900
40.0598,249333,-0.36768,0.02783,0.97949,-3.60100,-12.51200,16.96800
40.0744,249343,-0.36401,0.02979,0.99780,-4.76100,-11.84100,16.41800
40.0896,249353,-0.36450,0.02393,0.98560,-3.90600,-12.87800,17.33400
40.0896,249363,-0.35767,0.01831,0.97534,-3.72300,-10.98600,15.32000
40.1100,249373,-0.36548,0.01172,0.98267,-4.76100,-13.85500,17.51700
40.1334,249383,-0.34009,0.02441,0.97266,-4.70000,-13.06200,18.00500
40.1334,249393,-0.36475,0.02100,0.99048,-3.90600,-12.39000,16.47900
40.1375,249403,-0.35742,0.02979,0.97705,-4.15000,-14.40400,18.25000
40.1375,249413,-0.36719,0.01636,0.99097,-3.66200,-12.75600,16.47900
40.1537,249423,-0.35913,0.03809,1.00024,-3.66200,-12.26800,16.29600
40.1695,249433,-0.36768,0.02197,0.99756,-4.33300,-14.95400,18.12700
40.1695,249443,-0.35254,0.02441,0.98389,-3.90600,-12.51200,16.29600
40.1852,249453,-0.36499,0.03638,0.98413,-4.27200,-14.83200,17.94400
40.1852,249463,-0.37427,0.03613,0.99487,-4.57800,-14.64800,17.15100
40.2167,249473,-0.36865,0.02588,1.00513,-4.27200,-14.40400,17.27300
40.2167,249483,-0.36743,0.02417,0.98584,-4.70000,-14.95400,16.66300
40.2645,249526,-0.36938,0.02393,0.97192,-4.21100,-15.86900,16.66300
40.2645,249528,-0.36035,0.03076,0.97339,-4.08900,-15.50300,17.02900
40.2645,249529,-0.36035,0.03076,0.97339,-4.08900,-15.50300,17.02900
40.2645,249531,-0.36035,0.03076,0.97339,-4.08900,-15.50300,17.02900
40.2645,249533,-0.36035,0.03076,0.97339,-4.33300,-16.66300,17.57800
40.2801,249543,-0.37378,0.01978,0.98340,-4.57800,-16.23500,17.76100
40.2801,249553,-0.36865,0.02026,0.98853,-4.39500,-17.27300,18.00500
40.2962,249563,-0.36475,0.02905,0.99438,-4.63900,-16.47900,17.76100
40.3119,249573,-0.35522,0.03125,0.98511,-4.33300,-16.47900,17.02900
40.3119,249583,-0.35327,0.02588,0.98657,-4.51700,-17.51700,17.45600
40.3351,249593,-0.35889,0.03052,0.97852,-3.96700,-16.23500,16.47900
40.3351,249603,-0.34351,0.01807,0.98560,-4.76100,-17.82200,17.57800
40.3438,249613,-0.35938,0.02930,0.98486,-4.63900,-17.76100,17.45600
40.3594,249623,-0.32886,0.03198,0.98120,-4.51700,-17.02900,16.96800
40.3594,249633,-0.35669,0.01514,0.98218,-4.08900,-16.60200,17.21200
40.3756,249643,-0.35474,0.02417,0.99121,-4.27200,-16.47900,16.47900
40.3756,249653,-0.35327,0.03516,0.99854,-4.70000,-17.94400,17.88300
40.3913,249663,-0.34961,0.02979,0.98975,-4.33300,-15.80800,15.93000
40.4081,249673,-0.35571,0.03979,0.98828,-3.78400,-14.64800,14.77100
40.4232,249683,-0.35718,0.02539,0.99756,-4.15000,-15.93000,15.93000
40.4232,249693,-0.35962,0.02661,0.99414,-4.39500,-15.99100,17.15100
40.4391,249703,-0.35278,0.02319,0.99048,-4.57800,-16.11300,16.41800
40.4391,249713,-0.36230,0.01196,0.99146,-3.78400,-15.38100,16.29600
40.4713,249723,-0.34644,0.03784,0.99976,-4.15000,-14.89300,15.62500
40.4871,249733,-0.35669,0.01758,0.99097,-4.76100,-16.78500,18.43300
40.4871,249743,-0.34619,0.02637,0.99268,-4.82200,-16.05200,17.63900
40.4871,249753,-0.35327,0.02563,1.00244,-4.88300,-16.05200,18.12700
40.5033,249763,-0.34717,0.01709,0.99951,-4.15000,-15.01500,17.15100
40.5353,249773,-0.36499,0.01514,0.99072,-4.76100,-14.77100,17.02900
40.5353,249783,-0.35229,0.03662,0.98242,-4.27200,-15.25900,17.09000
40.5353,249793,-0.35132,0.02173,0.98706,-4.94400,-15.50300,18.37200
40.5353,249803,-0.33643,0.02563,0.99097,-3.54000,-11.53600,13.55000
40.5514,249813,-0.34937,0.03442,0.98486,-4.02800,-11.65800,14.28200
40.5829,249823,-0.35571,0.01538,0.99976,-3.47900,-13.00000,16.11300
40.5829,249833,-0.35986,0.02466,0.97754,-4.21100,-13.24500,17.02900
40.5988,249843,-0.35913,0.01196,0.98755,-4.08900,-14.09900,17.33400
40.5988,249853,-0.35205,0.02295,0.99268,-4.39500,-12.81700,16.41800
40.6375,249863,-0.35059,0.02344,0.99194,-4.15000,-13.24500,16.60200
40.6375,249873,-0.36523,0.02588,0.97876,-4.51700,-13.18400,17.45600
40.6375,249883,-0.34277,0.02661,0.98950,-4.21100,-12.39000,16.35700
40.6375,249893,-0.35205,0.02808,0.99023,-4.76100,-13.24500,18.31100
40.6375,249903,-0.36743,0.02466,0.98096,-4.51700,-13.42800,17.70000
40.6471,249913,-0.35156,0.02710,0.97925,-4.33300,-11.04700,16.35700
40.6626,249923,-0.37354,0.02173,1.00610,-3.96700,-11.84100,17.09000
40.6654,249933,-0.35669,0.02124,0.99292,-4.08900,-12.26800,17.39500
40.6796,249943,-0.35522,0.02490,0.99170,-4.27200,-11.78000,16.84600
40.6941,249953,-0.36328,0.02563,0.98022,-4.15000,-11.23000,15.25900
40.7098,249963,-0.35815,0.04614,0.97729,-3.78400,-11.96300,17.02900
40.7098,249973,-0.35400,0.02173,0.99585,-4.27200,-13.61100,18.55500
40.7289,249983,-0.35938,0.01904,0.98169,-4.76100,-12.08500,17.27300
40.7289,249993,-0.35815,0.02148,0.98413,-4.63900,-11.90200,16.96800
40.7413,250003,-0.35645,0.01978,0.97485,-4.15000,-11.90200,17.33400
40.7413,250013,-0.36255,0.02417,0.98413,-4.39500,-11.90200,17.33400
40.7570,250023,-0.36475,0.02612,0.97266,-3.84500,-12.39000,17.09000
40.7728,250033,-0.36938,0.02515,0.98999,-4.33300,-12.69500,17.09000
40.7728,250043,-0.35425,0.02100,0.98462,-4.82200,-12.75600,18.49400
40.7889,250053,-0.36523,0.02856,0.98975,-4.21100,-11.90200,16.60200
40.7981,250063,-0.36157,0.03320,0.98950,-4.70000,-12.14600,17.70000
40.8046,250073,-0.35864,0.01782,0.99512,-4.39500,-11.53600,16.66300
40.8233,250083,-0.34595,0.04492,0.97266,-4.70000,-11.59700,16.54100
40.8243,250093,-0.37061,0.03174,0.98706,-4.70000,-12.14600,16.47900
40.8404,250103,-0.36475,0.04126,0.96997,-4.27200,-11.84100,16.35700
40.8516,250113,-0.37134,0.01660,0.97754,-4.51700,-13.18400,17.51700
40.8676,250123,-0.37378,0.02100,0.98169,-4.08900,-12.51200,16.78500
40.8837,250133,-0.36108,0.02368,0.97534,-4.45600,-11.96300,17.70000
40.8837,250143,-0.37231,0.02539,0.97046,-4.33300,-12.20700,16.84600
40.8996,250153,-0.36768,0.03247,0.99658,-4.39500,-11.04700,16.23500
40.8996,250163,-0.36450,0.01465,0.99121,-4.57800,-13.42800,18.25000
40.9134,250173,-0.37134,0.03052,0.97607,-4.33300,-13.67200,17.88300
40.9363,250183,-0.36792,0.03589,0.97363,-3.90600,-12.45100,16.11300
40.9363,250193,-0.35498,0.03076,0.99341,-4.82200,-12.08500,15.99100
40.9363,250203,-0.36719,0.00903,0.99585,-4.57800,-13.36700,18.12700
40.9574,250213,-0.37207,0.01782,0.97852,-3.84500,-10.25400,13.97700
40.9574,250223,-0.36792,0.02588,0.98706,-4.57800,-13.42800,16.78500
40.9646,250233,-0.36377,0.02905,0.98730,-4.45600,-13.67200,17.88300
40.9793,250243,-0.37134,0.02100,0.97632,-4.08900,-13.79400,17.21200
40.9951,250253,-0.37329,0.01074,0.98926,-4.57800,-14.34300,17.76100
41.0129,250263,-0.36523,0.02686,0.98682,-3.90600,-13.42800,16.60200
41.0129,250273,-0.38574,0.02734,0.97656,-4.02800,-14.22100,17.45600
41.0266,250283,-0.36255,0.02808,0.98853,-4.02800,-13.00000,16.84600
41.0361,250293,-0.36890,0.01489,0.99438,-4.08900,-13.67200,16.78500
41.0361,250303,-0.38184,0.03320,0.97412,-4.33300,-14.28200,18.12700
41.0552,250313,-0.36890,0.03003,0.98926,-4.39500,-13.61100,17.02900
41.0670,250323,-0.37329,0.02515,0.99365,-4.15000,-13.30600,15.80800
41.0690,250333,-0.38208,0.01904,0.99048,-4.51700,-14.40400,17.15100
41.0739,250343,-0.37012,0.02417,0.97266,-4.33300,-14.28200,17.21200
41.0897,250353,-0.37744,0.03076,1.00513,-4.21100,-13.73300,17.02900
41.0897,250363,-0.37842,0.03564,0.97632,-4.02800,-14.40400,17.21200
41.1108,250373,-0.36182,0.03320,0.97119,-4.51700,-14.09900,15.99100
41.1108,250383,-0.37231,0.01880,0.98779,-3.66200,-14.28200,17.15100
41.1217,250393,-0.38770,0.01855,0.98682,-4.45600,-13.55000,16.23500
41.1414,250403,-0.36987,0.02246,0.98438,-3.90600,-13.42800,15.99100
41.1606,250413,-0.36841,0.01831,0.97461,-3.29600,-11.16900,12.87800
41.1606,250423,-0.37207,0.02051,0.99048,-4.15000,-13.36700,15.99100
41.1682,250433,-0.38135,0.02563,0.98218,-4.63900,-14.58700,16.84600
41.1745,250443,-0.38281,0.02856,0.99121,-4.15000,-14.28200,16.60200
41.1896,250453,-0.36792,0.03662,0.98462,-3.96700,-12.87800,14.89300
41.2000,250463,-0.36670,0.02173,0.97266,-4.21100,-12.93900,15.44200
41.2086,250473,-0.37427,0.01953,0.97876,-4.02800,-13.91600,16.66300
41.2086,250483,-0.35034,0.02808,0.97070,-4.02800,-12.93900,15.13700
41.2242,250493,-0.37109,0.02197,0.98145,-4.08900,-11.90200,14.58700
41.2416,250503,-0.37744,0.02979,0.98218,-4.27200,-13.55000,16.17400
41.2544,250513,-0.37036,0.03394,0.99683,-5.00500,-16.17400,18.31100
41.2600,250523,-0.38184,0.02539,0.99097,-4.39500,-14.64800,17.39500
41.2727,250533,-0.37622,0.02954,0.98633,-5.06600,-15.56400,18.73800
41.2782,250543,-0.37061,0.02295,0.98608,-4.27200,-14.22100,16.47900
41.2907,250553,-0.38232,0.02100,0.96313,-4.45600,-15.38100,17.15100
41.3063,250563,-0.36768,0.02832,0.97925,-4.45600,-13.36700,16.35700
41.3063,250573,-0.38159,0.02686,0.97485,-4.33300,-14.52600,16.90700
41.3255,250583,-0.37549,0.02271,0.97583,-4.45600,-15.93000,18.12700
41.3348,250593,-0.36523,0.02222,0.97412,-4.21100,-13.97700,16.96800
41.3459,250603,-0.36938,0.02026,0.98828,-4.02800,-13.91600,16.96800
41.3573,250613,-0.35791,0.02124,0.97681,-3.84500,-11.78000,15.19800
41.3573,250623,-0.36401,0.01758,0.97852,-4.08900,-14.52600,17.76100
41.3716,250633,-0.36548,0.01562,0.97290,-4.21100,-13.12300,16.23500
41.3797,250643,-0.36768,0.02148,0.98096,-4.57800,-13.97700,17.63900
41.4043,250653,-0.37915,0.02710,0.97388,-3.96700,-11.65800,15.62500
41.4043,250663,-0.37305,0.02930,0.98413,-3.78400,-13.36700,17.27300
41.4126,250673,-0.36768,0.02368,0.98242,-4.82200,-13.85500,16.96800
41.4363,250683,-0.37988,0.01562,0.99292,-4.63900,-13.55000,17.15100
41.4443,250693,-0.36890,0.01904,0.98169,-3.90600,-13.42800,15.99100
41.4443,250703,-0.38208,0.02417,0.97412,-4.15000,-13.36700,16.66300
41.4443,250713,-0.36670,0.02246,0.98682,-4.51700,-13.36700,16.90700
41.4600,250723,-0.36865,0.01685,0.99292,-4.27200,-12.39000,16.54100
41.4795,250733,-0.36865,0.02905,0.99438,-4.70000,-12.69500,17.09000
41.4795,250743,-0.36597,0.02661,0.96948,-4.21100,-12.14600,16.29600
41.4795,250753,-0.37378,0.02148,0.96777,-4.02800,-11.65800,16.29600
41.5073,250763,-0.38306,0.02490,0.98267,-4.08900,-12.51200,17.33400
41.5233,250773,-0.39209,0.02173,0.97827,-4.39500,-11.65800,16.84600
41.5233,250783,-0.38745,0.02051,0.97852,-4.27200,-12.26800,16.17400
41.5571,250793,-0.38037,0.02319,0.97607,-4.08900,-11.59700,16.11300
41.5571,250803,-0.37915,0.02588,0.98755,-4.08900,-11.10800,15.50300
41.5571,250813,-0.37524,0.01270,0.96509,-3.60100,-12.02400,17.15100
41.5571,250823,-0.37720,0.01953,0.98022,-4.70000,-12.32900,16.96800
41.5659,250833,-0.39771,0.01538,0.97070,-4.15000,-10.74200,16.60200
41.5804,250843,-0.38916,0.01880,0.97754,-3.96700,-11.78000,17.27300
41.5899,250853,-0.37964,0.03149,0.98438,-4.33300,-11.35300,17.21200
41.6209,250863,-0.38525,0.02393,0.98682,-4.57800,-10.98600,16.78500
41.6209,250873,-0.39014,0.01636,0.97583,-4.39500,-10.92500,17.27300
41.6209,250883,-0.36987,0.01685,0.98193,-4.76100,-10.49800,16.84600
41.6367,250893,-0.39648,0.01343,0.98535,-3.90600,-11.10800,16.60200
41.6437,250903,-0.38940,0.02295,0.98535,-4.82200,-12.02400,17.33400
41.6527,250913,-0.38159,0.02979,0.99585,-4.21100,-10.80300,16.54100
41.6608,250923,-0.39062,0.02197,0.97778,-3.84500,-10.31500,15.74700
41.6689,250933,-0.38574,0.01416,0.98657,-4.27200,-10.92500,16.84600
41.6849,250943,-0.39478,0.01709,0.97363,-3.47900,-9.94900,15.74700
41.6849,250953,-0.38403,0.02783,0.98364,-3.90600,-9.70500,15.50300
41.7009,250963,-0.38867,0.04053,0.96387,-4.21100,-10.49800,17.76100
41.7170,250973,-0.39160,0.01953,0.99072,-4.21100,-9.27700,15.86900
41.7170,250983,-0.39941,0.02759,0.97632,-4.02800,-8.60600,15.38100
41.7170,250993,-0.41162,0.02344,0.97021,-4.21100,-9.21600,16.17400
41.7578,251003,-0.37158,0.03271,0.96704,-4.39500,-10.25400,17.82200
41.7578,251013,-0.40210,0.02637,0.95239,-4.39500,-9.39900,16.54100
41.7578,251023,-0.39429,0.02197,0.98340,-4.08900,-8.91100,16.78500
41.7651,251033,-0.37720,0.02417,0.96899,-4.33300,-9.88800,17.45600
41.7811,251043,-0.38916,0.03149,0.96533,-3.96700,-9.94900,17.15100
41.7811,251053,-0.38452,0.02661,0.96191,-3.90600,-7.75100,15.56400
41.7968,251063,-0.39062,0.01831,0.97119,-4.88300,-8.72800,17.09000
41.8125,251073,-0.38574,0.01660,0.96924,-4.76100,-8.91100,17.45600
41.8304,251083,-0.40283,0.03320,0.94800,-4.45600,-8.36200,16.54100
41.8441,251093,-0.39600,0.03271,0.96948,-4.51700,-8.97200,17.39500
41.8472,251103,-0.40527,0.04077,0.96094,-4.21100,-8.42300,17.02900
41.8472,251113,-0.40381,0.03564,0.96802,-4.45600,-8.42300,16.47900
41.8609,251123,-0.39478,0.03711,0.96362,-4.21100,-8.66700,17.63900
41.8729,251133,-0.40674,0.02124,0.96338,-3.72300,-8.72800,17.70000
41.8813,251143,-0.40039,0.02490,0.96655,-4.21100,-8.66700,17.21200
41.8897,251153,-0.41187,0.01074,0.96875,-4.27200,-7.69000,16.17400
41.8974,251163,-0.40942,0.04468,0.97266,-4.57800,-7.69000,16.96800
41.9135,251173,-0.40942,0.02271,0.96655,-3.96700,-8.17900,16.84600
41.9135,251183,-0.40576,0.01929,0.97778,-3.72300,-6.10400,15.56400
41.9447,251193,-0.41406,0.03003,0.97559,-4.57800,-7.32400,16.35700
41.9447,251203,-0.41504,0.01904,0.96338,-4.33300,-7.01900,17.63900
41.9576,251213,-0.42676,0.02271,0.95898,-4.21100,-7.81200,17.70000
41.9744,251223,-0.40674,0.02124,0.95996,-4.21100,-6.40900,16.96800
41.9744,251233,-0.40991,0.02148,0.96924,-3.90600,-7.44600,17.33400
41.9764,251243,-0.43359,0.02148,0.96680,-4.39500,-7.56800,18.06600
41.9923,251253,-0.42188,0.02637,0.96777,-4.27200,-5.73700,15.99100
41.9923,251263,-0.43018,0.02612,0.97119,-4.15000,-7.69000,17.63900
42.0079,251273,-0.41895,0.01782,0.96436,-4.08900,-6.34800,16.29600
42.0202,251283,-0.41528,0.02734,0.96680,-4.02800,-6.77500,17.21200
42.0239,251293,-0.41797,0.01270,0.96265,-4.57800,-6.40900,16.54100
42.0397,251303,-0.40625,0.01538,0.94580,-4.08900,-6.65300,17.09000
42.0711,251313,-0.41138,0.01318,0.94946,-4.02800,-5.85900,16.96800
42.0711,251323,-0.42188,0.01758,0.94189,-3.78400,-6.59200,17.51700
42.0711,251333,-0.41772,0.02490,0.94604,-4.57800,-7.20200,18.79900
42.0711,251343,-0.42700,0.02588,0.94043,-4.21100,-6.16500,17.39500
42.0870,251353,-0.42334,0.01880,0.96484,-4.21100,-5.79800,16.35700
42.0870,251363,-0.43530,0.02515,0.96997,-3.35700,-5.43200,16.66300
42.1115,251373,-0.43628,0.02808,0.94141,-4.02800,-5.31000,17.09000
42.1350,251383,-0.43384,0.02368,0.96118,-4.51700,-5.12700,16.11300
42.1480,251393,-0.43628,0.02686,0.96045,-4.15000,-5.18800,15.99100
42.1500,251403,-0.43774,0.03662,0.96216,-3.66200,-5.24900,16.96800
42.1819,251413,-0.44995,0.02881,0.96606,-4.02800,-4.08900,16.23500
42.1819,251423,-0.43726,0.03882,0.95508,-4.45600,-4.51700,16.96800
42.1819,251433,-0.42676,0.02466,0.95410,-4.21100,-5.92000,16.66300
42.1819,251443,-0.43970,0.01758,0.94849,-4.33300,-5.31000,17.51700
42.1819,251453,-0.44824,0.02515,0.94800,-3.78400,-4.21100,16.05200
42.2091,251463,-0.44287,0.02466,0.94434,-4.45600,-5.24900,17.94400
42.2216,251473,-0.44385,0.01831,0.94531,-4.33300,-4.82200,17.15100
42.2216,251483,-0.45679,0.02759,0.93921,-4.45600,-5.00500,17.51700
42.2868,251527,-0.45557,0.02783,0.94482,-4.08900,-4.45600,16.78500
42.2868,251529,-0.45557,0.02783,0.94482,-4.08900,-4.45600,16.78500
42.2868,251530,-0.45557,0.02783,0.94482,-4.08900,-4.45600,16.78500
42.2868,251532,-0.45557,0.02783,0.94482,-4.08900,-4.45600,16.78500
42.2909,251533,-0.45044,0.02637,0.93262,-4.15000,-5.06600,17.94400
42.2909,251543,-0.45703,0.03394,0.94141,-4.39500,-3.54000,17.21200
42.3001,251553,-0.47583,0.00928,0.93335,-3.66200,-2.99100,15.56400
42.3001,251563,-0.45972,0.01782,0.93872,-4.82200,-3.96700,17.21200
42.3108,251573,-0.47485,0.01831,0.94434,-4.51700,-4.21100,17.39500
42.3408,251583,-0.46362,0.03052,0.93408,-4.27200,-4.08900,17.21200
42.3408,251593,-0.46167,0.01831,0.93262,-3.96700,-2.56300,16.60200
42.3546,251603,-0.47144,0.01611,0.94556,-4.08900,-1.70900,16.17400
42.3908,251613,-0.47583,0.02368,0.93018,-4.39500,-3.23500,17.33400
42.3908,251623,-0.47339,0.02002,0.93091,-4.21100,-2.07500,16.23500
42.3908,251633,-0.48804,0.04126,0.93164,-4.27200,-3.41800,17.45600
42.3908,251643,-0.47437,0.02002,0.94287,-4.63900,-3.66200,17.09000
42.3908,251653,-0.49194,0.02930,0.93921,-4.08900,-3.11300,16.90700
42.4062,251663,-0.48413,0.02783,0.92334,-3.84500,-2.56300,16.72400
42.4185,251673,-0.48389,0.02661,0.92651,-3.84500,-3.11300,17.09000
42.4609,251683,-0.49487,0.02759,0.93066,-4.08900,-2.50200,16.78500
42.4609,251693,-0.49731,0.02856,0.92578,-3.54000,-2.25800,16.29600
42.4739,251703,-0.48535,0.02026,0.92114,-4.57800,-2.13600,17.27300
42.4739,251713,-0.49316,0.02881,0.93115,-4.33300,-2.13600,17.88300
42.4739,251723,-0.49072,0.01782,0.92163,-3.96700,-2.38000,16.17400
42.4739,251733,-0.48730,0.01636,0.91406,-4.15000,-2.07500,17.21200
42.4739,251743,-0.48682,0.03320,0.91479,-4.02800,-1.95300,16.54100
42.4978,251753,-0.49951,0.02637,0.93115,-3.35700,-0.48800,15.50300
42.4978,251763,-0.50415,0.02417,0.91577,-3.84500,-0.36600,15.93000
42.4978,251773,-0.49365,0.03735,0.92090,-4.08900,-0.30500,14.95400
42.5250,251783,-0.50659,0.02002,0.92236,-4.63900,-1.52600,17.02900
42.5318,251793,-0.50952,0.02856,0.92261,-4.45600,-0.91600,17.21200
42.5456,251803,-0.51343,0.01050,0.91650,-3.84500,-1.40400,16.66300
42.5456,251813,-0.52563,0.02710,0.90576,-4.08900,-1.70900,16.60200
42.5774,251823,-0.51343,0.03076,0.91992,-4.57800,-1.40400,16.78500
42.6091,251833,-0.50610,0.02905,0.91162,-4.57800,-1.40400,17.09000
42.6091,251843,-0.50879,0.03442,0.91211,-4.45600,-1.58700,17.76100
42.6091,251853,-0.51855,0.02319,0.91016,-3.84500,-0.30500,16.66300
42.6091,251863,-0.51074,0.02100,0.91650,-4.39500,-0.36600,15.50300
42.6091,251873,-0.51074,0.01514,0.92139,-4.21100,0.12200,16.17400
42.6091,251883,-0.53784,0.02783,0.90918,-4.51700,-1.58700,18.55500
42.6251,251893,-0.53760,0.02026,0.91309,-4.27200,-0.18300,16.60200
42.6419,251903,-0.54492,0.02173,0.91016,-4.51700,0.48800,16.41800
42.6419,251913,-0.53516,0.02979,0.90820,-4.08900,1.89200,14.64800
42.6845,251923,-0.54150,0.02979,0.91235,-3.78400,1.77000,14.40400
42.6845,251933,-0.54175,0.01880,0.89917,-4.15000,0.85400,17.21200
42.6845,251943,-0.53589,0.03467,0.90308,-3.90600,1.52600,16.96800
42.6886,251953,-0.55078,0.02344,0.90552,-4.70000,0.30500,17.51700
42.6886,251963,-0.53076,0.01733,0.88867,-4.51700,-1.03800,18.37200
42.7205,251973,-0.54761,0.02856,0.89209,-4.08900,1.28200,16.47900
42.7205,251983,-0.56079,0.02197,0.89087,-4.33300,1.03800,16.54100
42.7291,251993,-0.54785,0.04126,0.88550,-3.35700,1.03800,16.41800
42.7395,252003,-0.55884,0.03076,0.89331,-3.78400,2.38000,15.44200
42.7521,252013,-0.54932,0.02637,0.89551,-4.08900,1.52600,16.84600
42.7521,252023,-0.54590,0.03052,0.88696,-4.63900,1.34300,16.60200
42.7836,252033,-0.55566,0.02539,0.88940,-4.02800,1.52600,16.47900
42.7836,252043,-0.56128,0.02173,0.88501,-4.02800,2.44100,16.84600
42.7836,252053,-0.56665,0.02612,0.87939,-4.45600,0.30500,18.49400
42.7997,252063,-0.56812,0.02319,0.88867,-4.15000,2.19700,16.96800
42.8157,252073,-0.55884,0.02124,0.87915,-4.02800,1.46500,17.45600
42.8239,252083,-0.56177,0.01855,0.87207,-3.84500,1.40400,17.94400
42.8239,252093,-0.57495,0.01855,0.88721,-4.15000,1.77000,16.72400
42.8397,252103,-0.58179,0.02710,0.88550,-3.60100,4.45600,15.01500
42.8503,252113,-0.57324,0.03174,0.87549,-3.66200,2.13600,17.33400
42.8503,252123,-0.57666,0.02563,0.87476,-4.15000,3.60100,17.33400
42.8635,252133,-0.57935,0.02368,0.88306,-3.84500,3.17400,17.82200
42.8791,252143,-0.58496,0.01929,0.86694,-4.27200,4.39500,16.11300
42.8791,252153,-0.58960,0.03223,0.87476,-4.70000,3.84500,17.27300
42.8949,252163,-0.59521,0.01855,0.85400,-4.33300,3.41800,17.70000
42.9110,252173,-0.60596,0.02466,0.87158,-4.45600,5.98100,15.99100
42.9110,252183,-0.60718,0.02661,0.86353,-3.78400,4.39500,16.90700
42.9482,252193,-0.61133,0.01294,0.84961,-3.84500,4.08900,16.96800
42.9482,252203,-0.60498,0.01465,0.85889,-3.78400,5.49300,15.86900
42.9482,252213,-0.59766,0.02637,0.86084,-3.60100,5.43200,16.41800
42.9578,252223,-0.62231,0.04150,0.85840,-3.96700,4.27200,17.15100
42.9689,252233,-0.60449,0.02734,0.85010,-3.60100,5.92000,15.62500
42.9724,252243,-0.61084,0.02734,0.85498,-3.35700,7.69000,13.97700
42.9885,252253,-0.61670,0.02637,0.84790,-4.08900,6.28700,15.56400
42.9885,252263,-0.62793,0.02002,0.84692,-4.33300,4.33300,17.39500
43.0043,252273,-0.62183,0.01392,0.84229,-4.51700,4.02800,18.18800
43.0237,252283,-0.62354,0.01953,0.85059,-4.08900,6.10400,15.80800
43.0300,252293,-0.62573,0.03662,0.82959,-3.96700,5.61500,17.15100
43.0400,252303,-0.62915,0.02441,0.84937,-4.39500,5.37100,16.54100
43.0400,252313,-0.61914,0.02710,0.83032,-4.70000,4.08900,18.43300
43.0522,252323,-0.64111,0.03003,0.82690,-3.96700,6.10400,16.23500
43.0680,252333,-0.63257,0.03198,0.82031,-3.72300,6.65300,16.66300
43.0680,252343,-0.64624,0.02246,0.82959,-4.15000,5.55400,16.96800
43.0999,252353,-0.65112,0.03638,0.83008,-3.90600,7.38500,15.80800
43.0999,252363,-0.65137,0.02417,0.82886,-4.57800,6.28700,17.76100
43.0999,252373,-0.64673,0.02002,0.81812,-3.84500,8.66700,15.13700
43.1156,252383,-0.64551,0.03149,0.80737,-3.84500,7.50700,17.15100
43.1156,252393,-0.64380,0.01245,0.81812,-4.15000,7.38500,16.66300
43.1401,252403,-0.63940,0.03589,0.82764,-4.33300,8.60600,16.23500
43.1628,252413,-0.65845,0.02344,0.80249,-3.90600,8.11800,15.32000
43.1628,252423,-0.66089,0.02930,0.80957,-4.02800,6.59200,17.88300
43.1628,252433,-0.67090,0.01636,0.81152,-4.63900,6.59200,17.33400
43.1788,252443,-0.68579,0.03516,0.81274,-4.08900,6.34800,17.09000
43.1788,252453,-0.65381,0.03784,0.81299,-4.15000,6.59200,17.51700
43.1948,252463,-0.67432,0.02197,0.81104,-4.51700,7.56800,17.02900
43.2109,252473,-0.67163,0.01196,0.81958,-4.15000,7.50700,17.70000
43.2266,252483,-0.66821,0.01318,0.80029,-4.08900,7.08000,17.45600
43.2266,252493,-0.68945,0.01489,0.79468,-4.21100,8.42300,17.57800
43.2401,252503,-0.69092,0.03296,0.78320,-4.02800,9.15500,16.78500
43.2427,252513,-0.69458,0.01709,0.77197,-4.39500,9.09400,16.96800
43.2584,252523,-0.69482,0.02246,0.77466,-4.21100,10.31500,15.13700
43.2584,252533,-0.70483,0.02222,0.78003,-4.39500,9.33800,16.54100
43.3059,252543,-0.71973,0.02905,0.76709,-4.51700,7.69000,17.63900
43.3059,252553,-0.72192,0.03442,0.75830,-4.88300,7.01900,17.09000
43.3059,252563,-0.72290,0.01050,0.76685,-4.08900,6.28700,17.09000
43.3059,252573,-0.70605,0.03003,0.75269,-4.21100,6.71400,16.84600
43.3216,252583,-0.71094,0.03564,0.76831,-3.66200,7.99600,15.68600
43.3216,252593,-0.70679,0.01611,0.76685,-4.63900,7.01900,16.35700
43.3401,252603,-0.70093,0.03516,0.76196,-3.90600,6.83600,16.66300
43.3588,252613,-0.70557,0.02661,0.76074,-5.18800,6.04200,17.57800
43.3588,252623,-0.72778,0.01538,0.75732,-3.90600,7.20200,15.80800
43.3696,252633,-0.71997,0.02026,0.75684,-3.90600,6.95800,15.93000
43.3902,252643,-0.71582,0.02441,0.75977,-4.76100,3.90600,19.10400
43.4028,252653,-0.73340,0.01416,0.75708,-3.78400,7.20200,15.19800
43.4028,252663,-0.73315,0.01343,0.75464,-3.96700,5.73700,16.84600
43.4028,252673,-0.74097,0.01685,0.75049,-3.78400,5.79800,16.29600
43.4267,252683,-0.74438,0.03027,0.74634,-3.96700,5.61500,16.17400
43.4267,252693,-0.72681,0.01904,0.74756,-4.82200,3.29600,17.88300
43.4402,252703,-0.74927,0.03955,0.73926,-3.72300,4.94400,15.68600
43.4494,252713,-0.75977,0.01001,0.71826,-4.02800,3.47900,17.02900
43.4585,252723,-0.74121,0.02930,0.72192,-4.57800,2.44100,17.63900
43.4653,252733,-0.75610,0.01733,0.71021,-4.27200,2.86900,17.45600
43.4973,252743,-0.74927,0.02539,0.71826,-4.33300,1.64800,17.39500
43.4973,252753,-0.73828,0.03271,0.70288,-4.15000,1.77000,16.66300
43.5214,252763,-0.74658,0.02734,0.72559,-3.90600,1.58700,16.41800
43.5214,252773,-0.76245,0.03442,0.72607,-4.57800,0.91600,15.86900
43.5214,252783,-0.76416,0.02075,0.72021,-4.02800,0.24400,15.93000
43.5337,252793,-0.76367,0.03467,0.72339,-4.15000,-0.36600,17.82200
43.5402,252803,-0.77124,0.03369,0.71216,-4.08900,-1.70900,17.76100
43.5452,252813,-0.76587,0.01636,0.70947,-4.27200,-0.42700,16.29600
43.5610,252823,-0.77441,0.03418,0.70679,-4.51700,-2.50200,17.09000
43.5772,252833,-0.77148,0.02881,0.71045,-4.21100,-2.13600,16.29600
43.6094,252843,-0.77002,0.01855,0.71094,-4.21100,-2.80800,16.47900
43.6094,252853,-0.74927,0.02441,0.71289,-4.57800,-4.02800,17.70000
43.6094,252863,-0.75903,0.04224,0.70654,-4.51700,-5.31000,17.76100
43.6094,252873,-0.76514,0.02954,0.70288,-4.51700,-4.15000,16.66300
43.6094,252883,-0.76685,0.02686,0.71753,-3.72300,-4.15000,16.60200
43.6251,252893,-0.75000,0.03076,0.69507,-3.90600,-4.27200,16.35700
43.6403,252903,-0.75342,0.02734,0.71655,-4.70000,-6.10400,17.82200
43.6403,252913,-0.77344,0.02808,0.71558,-4.02800,-4.33300,15.99100
43.6564,252923,-0.77295,0.02100,0.70410,-4.45600,-6.83600,17.27300
43.6727,252933,-0.77612,0.02661,0.69312,-4.45600,-6.71400,17.51700
43.6727,252943,-0.76953,0.03198,0.70068,-4.39500,-8.17900,18.06600
43.6888,252953,-0.78638,0.01660,0.69727,-4.82200,-7.44600,17.09000
43.6888,252963,-0.77075,0.02563,0.69702,-3.90600,-7.62900,16.66300
43.7049,252973,-0.77026,0.02661,0.70117,-4.08900,-9.52100,17.70000
43.7210,252983,-0.76025,0.02710,0.70825,-4.51700,-8.48400,16.72400
43.7210,252993,-0.76709,0.03271,0.69727,-4.33300,-9.64400,16.72400
43.7405,253003,-0.78271,0.01099,0.69580,-4.02800,-9.39900,16.47900
43.7526,253013,-0.78662,0.01685,0.68579,-4.27200,-10.13200,16.78500
43.7526,253023,-0.76685,0.03760,0.69922,-4.33300,-10.31500,16.78500
43.7685,253033,-0.78613,0.02661,0.68506,-4.39500,-11.29200,17.21200
43.7685,253043,-0.79395,0.01270,0.69507,-4.45600,-11.53600,16.84600
43.8007,253053,-0.80029,0.01636,0.69556,-4.15000,-10.68100,15.50300
43.8007,253063,-0.78882,0.02124,0.68188,-4.27200,-11.90200,17.09000
43.8007,253073,-0.77246,0.03638,0.68970,-4.45600,-13.61100,18.25000
43.8165,253083,-0.79468,0.03052,0.68945,-4.08900,-14.16000,18.18800
43.8480,253093,-0.78394,0.01099,0.69409,-4.45600,-13.36700,16.47900
43.8480,253103,-0.79175,0.01904,0.68555,-4.70000,-15.68600,18.67700
43.8480,253113,-0.77344,0.02441,0.66772,-3.41800,-13.85500,15.13700
43.8480,253123,-0.78442,0.02905,0.69409,-4.08900,-14.83200,16.60200
43.8640,253133,-0.78027,0.02197,0.69189,-3.96700,-15.74700,16.23500
43.8757,253143,-0.78491,0.02124,0.69312,-4.15000,-15.93000,17.33400
43.8910,253153,-0.77490,0.02148,0.68311,-3.90600,-15.44200,16.41800
43.8995,253163,-0.78271,0.01587,0.70874,-4.82200,-18.37200,17.45600
43.9162,253173,-0.78613,0.03735,0.70825,-3.96700,-16.60200,15.50300
43.9162,253183,-0.79077,0.02710,0.69946,-4.45600,-16.17400,15.56400
43.9297,253193,-0.77417,0.02832,0.68945,-3.72300,-16.17400,15.25900
43.9420,253203,-0.76636,0.02686,0.68701,-4.63900,-18.49400,16.84600
43.9420,253213,-0.78833,0.01807,0.70386,-4.39500,-17.76100,16.23500
43.9586,253223,-0.78027,0.03003,0.68091,-4.45600,-18.43300,16.78500
43.9586,253233,-0.77734,0.02490,0.68408,-4.15000,-19.65300,17.57800
43.9723,253243,-0.79492,0.01929,0.68799,-4.63900,-18.73800,15.93000
43.9900,253253,-0.77856,0.01587,0.70142,-4.27200,-20.63000,17.27300
44.0071,253263,-0.78271,0.02759,0.70728,-4.70000,-21.17900,17.27300
44.0071,253273,-0.78369,0.02759,0.70630,-3.54000,-20.02000,15.25900
44.0199,253283,-0.77710,0.03174,0.71216,-4.39500,-21.54500,17.45600
44.0345,253293,-0.77173,0.03052,0.71484,-4.39500,-21.72900,15.68600
44.0411,253303,-0.77393,0.02686,0.69971,-4.08900,-22.03400,15.50300
44.0518,253313,-0.76929,0.02563,0.70312,-4.45600,-23.62100,17.33400
44.0518,253323,-0.77612,0.02588,0.69653,-4.15000,-23.01000,15.74700
44.0674,253333,-0.77271,0.01904,0.70776,-4.02800,-22.27800,15.38100
44.0832,253343,-0.75098,0.03076,0.69824,-3.96700,-22.27800,15.50300
44.0832,253353,-0.77197,0.02222,0.70093,-3.96700,-23.25400,15.56400
44.1465,253363,-0.78320,0.02832,0.70020,-4.33300,-23.86500,17.02900
44.1465,253373,-0.77295,0.02759,0.70239,-3.78400,-23.56000,14.70900
44.1465,253383,-0.76270,0.03687,0.72314,-3.11300,-22.82700,13.12300
44.1465,253393,-0.77197,0.03247,0.70947,-3.96700,-24.17000,13.42800
44.1465,253403,-0.76367,0.02563,0.71777,-3.66200,-24.35300,14.09900
44.1465,253413,-0.76807,0.03369,0.70410,-4.51700,-26.42800,16.05200
44.1465,253423,-0.75439,0.02441,0.71191,-4.63900,-28.38100,18.18800
44.1627,253433,-0.74976,0.03076,0.70435,-4.33300,-27.03900,14.89300
44.1786,253443,-0.75635,0.02075,0.72485,-5.24900,-29.17500,18.00500
44.1786,253453,-0.75122,0.02246,0.73120,-4.57800,-29.60200,17.94400
44.2132,253463,-0.75464,0.02881,0.73242,-4.21100,-29.78500,18.73800
44.2132,253473,-0.74854,0.03247,0.72388,-4.39500,-28.25900,17.02900
44.2132,253483,-0.75928,0.01562,0.73364,-4.33300,-29.72400,17.15100
44.2573,253528,-0.73999,0.03223,0.73535,-4.94400,-30.39600,16.05200
44.2573,253530,-0.73999,0.03223,0.73535,-4.94400,-30.39600,16.05200
44.2733,253531,-0.73999,0.03223,0.73535,-4.94400,-30.39600,16.05200
44.2767,253533,-0.74438,0.01538,0.73682,-4.39500,-30.57900,16.72400
44.2767,253534,-0.74438,0.01538,0.73682,-4.39500,-30.57900,16.72400
44.2767,253543,-0.75659,0.03003,0.73755,-4.57800,-31.18900,17.27300
44.2892,253553,-0.73682,0.02539,0.75366,-5.49300,-32.47100,18.37200
44.3052,253563,-0.72852,0.01758,0.75391,-4.51700,-31.31100,18.00500
44.3052,253573,-0.72437,0.03540,0.74487,-4.21100,-29.23600,14.58700
44.3209,253583,-0.72485,0.01562,0.75049,-4.15000,-30.57900,16.54100
44.3209,253593,-0.73120,0.01392,0.75098,-4.76100,-30.45700,16.29600
44.3368,253603,-0.73853,0.02393,0.74438,-5.18800,-32.28800,18.98200
44.3416,253613,-0.72656,0.02441,0.73755,-4.21100,-29.78500,15.32000
44.3724,253623,-0.71948,0.03491,0.76074,-4.45600,-31.06700,16.78500
44.3724,253633,-0.71924,0.02661,0.74976,-4.27200,-31.79900,18.79900
44.3742,253643,-0.73096,0.02515,0.77100,-4.15000,-30.45700,17.21200
44.3889,253653,-0.73193,0.02319,0.76929,-4.82200,-32.59300,18.79900
44.4000,253663,-0.71851,0.03979,0.75195,-4.27200,-30.45700,15.25900
44.4158,253673,-0.70898,0.02710,0.75098,-4.27200,-31.31100,16.72400
44.4190,253683,-0.70459,0.02612,0.77344,-4.27200,-31.37200,16.78500
44.4190,253693,-0.69531,0.02905,0.78491,-4.02800,-29.78500,16.84600
44.4393,253703,-0.70679,0.02759,0.76514,-4.02800,-30.51800,17.70000
44.4552,253713,-0.70801,0.02637,0.78125,-4.02800,-29.41900,16.84600
44.4603,253723,-0.70630,0.02344,0.77393,-4.39500,-29.60200,17.15100
44.4832,253733,-0.69897,0.03076,0.78418,-4.21100,-30.15100,18.12700
44.4832,253743,-0.69824,0.01416,0.80103,-4.21100,-28.38100,15.93000
44.4902,253753,-0.69629,0.01880,0.77124,-4.94400,-28.19800,16.72400
44.5019,253763,-0.69800,0.02930,0.78979,-4.76100,-29.11400,17.45600
44.5113,253773,-0.68872,0.01660,0.77734,-4.63900,-28.25900,17.15100
44.5113,253783,-0.69287,0.02490,0.77783,-4.27200,-28.01500,16.35700
44.5330,253793,-0.68848,0.02588,0.78320,-4.21100,-28.19800,17.02900
44.5395,253803,-0.68457,0.03345,0.78467,-5.00500,-27.77100,16.72400
44.5478,253813,-0.68945,0.02808,0.78174,-4.57800,-26.97800,16.78500
44.5516,253823,-0.67065,0.02856,0.77637,-4.70000,-26.73300,17.70000
44.5634,253833,-0.68140,0.02637,0.78857,-3.66200,-25.75700,16.11300
44.5954,253843,-0.67529,0.02319,0.78174,-4.27200,-26.30600,16.66300
44.5962,253853,-0.69507,0.02490,0.78516,-5.24900,-27.58800,18.06600
44.5962,253863,-0.68237,0.03076,0.77563,-4.21100,-26.36700,17.27300
44.6144,253873,-0.67871,0.02759,0.79272,-5.18800,-26.91700,17.76100
44.6261,253883,-0.67505,0.03735,0.78857,-4.76100,-26.91700,18.00500
44.6283,253893,-0.68506,0.01978,0.79688,-4.57800,-26.73300,18.12700
44.6385,253903,-0.67993,0.02515,0.79224,-4.57800,-24.35300,16.47900
44.6439,253913,-0.67798,0.01416,0.79980,-3.90600,-23.74300,15.80800
44.6593,253923,-0.66870,0.02100,0.80371,-4.63900,-25.02400,17.21200
44.6593,253933,-0.66455,0.03589,0.79395,-4.45600,-25.33000,16.78500
44.6757,253943,-0.66064,0.02148,0.81250,-3.96700,-25.26900,17.45600
44.6884,253953,-0.64990,0.02710,0.80420,-4.21100,-24.35300,16.96800
44.7073,253963,-0.65234,0.02686,0.80200,-4.02800,-23.86500,16.29600
44.7073,253973,-0.66846,0.01611,0.82227,-4.45600,-24.23100,17.21200
44.7230,253983,-0.64722,0.01880,0.82129,-4.51700,-22.88800,16.41800
44.7425,253993,-0.65039,0.03467,0.82495,-4.39500,-24.53600,17.88300
44.7425,254003,-0.64697,0.03491,0.80688,-4.08900,-23.86500,17.27300
44.7425,254013,-0.64990,0.01050,0.83276,-4.15000,-23.13200,17.33400
44.7549,254023,-0.64062,0.03418,0.82544,-5.00500,-22.94900,17.63900
44.7708,254033,-0.64771,0.03955,0.81543,-4.45600,-21.17900,15.99100
44.7708,254043,-0.64990,0.01172,0.82275,-4.45600,-21.72900,16.78500
44.7869,254053,-0.64648,0.04297,0.80518,-4.45600,-21.60600,16.11300
44.7869,254063,-0.64746,0.04346,0.82300,-3.66200,-20.69100,16.29600
44.8274,254073,-0.65308,0.02808,0.85498,-4.08900,-21.91200,16.35700
44.8279,254083,-0.65454,0.02148,0.83398,-4.21100,-20.99600,16.54100
44.8343,254093,-0.64868,0.02588,0.81616,-4.45600,-21.24000,16.29600
44.8349,254103,-0.64575,0.02515,0.82959,-4.39500,-20.38600,16.72400
44.8504,254113,-0.62109,0.02319,0.81396,-4.76100,-20.56900,17.02900
44.8662,254123,-0.64551,0.02441,0.83057,-4.27200,-20.32500,17.15100
44.8662,254133,-0.65137,0.00977,0.82153,-4.63900,-19.28700,17.33400
44.8819,254143,-0.66553,0.02515,0.81714,-4.82200,-19.53100,16.78500
44.8819,254153,-0.65234,0.03223,0.81958,-4.21100,-18.67700,16.66300
44.8978,254163,-0.65039,0.03760,0.79028,-4.21100,-18.92100,16.78500
44.9316,254173,-0.65942,0.02979,0.81641,-4.82200,-18.79900,17.45600
44.9316,254183,-0.66577,0.02515,0.80884,-4.39500,-19.34800,17.70000
44.9316,254193,-0.67773,0.02344,0.80591,-4.45600,-19.04300,16.78500
44.9316,254203,-0.65674,0.03760,0.78735,-4.57800,-19.89700,18.49400
44.9456,254213,-0.67334,0.02222,0.81470,-4.15000,-16.84600,15.32000
44.9613,254223,-0.65796,0.02295,0.80298,-4.45600,-19.71400,17.45600
44.9613,254233,-0.66968,0.02832,0.81152,-4.45600,-17.94400,16.72400
44.9774,254243,-0.65845,0.02954,0.80249,-4.45600,-17.76100,16.66300
44.9774,254253,-0.66748,0.03076,0.78735,-4.33300,-18.25000,16.47900
44.9930,254263,-0.68677,0.02612,0.79907,-4.94400,-18.55500,17.33400
45.0089,254273,-0.68579,0.02954,0.78540,-4.39500,-18.12700,17.09000
45.0089,254283,-0.68213,0.03003,0.78857,-4.33300,-18.61600,16.60200
45.0340,254293,-0.70972,0.02173,0.80005,-3.96700,-19.83600,16.72400
45.0463,254303,-0.69580,0.00879,0.80029,-3.60100,-20.87400,16.23500
45.0463,254313,-0.65332,0.02808,0.81689,-3.29600,-20.93500,15.38100
45.0566,254323,-0.62915,0.03125,0.84497,-3.41800,-20.14200,14.46500
45.0646,254333,-0.62061,0.04761,0.83154,-3.66200,-21.48400,15.80800
45.0747,254343,-0.59937,0.04370,0.83594,-3.78400,-21.60600,17.33400
45.0888,254353,-0.60693,0.03687,0.85547,-4.57800,-20.20300,16.72400
45.0888,254363,-0.61035,0.02271,0.84448,-4.39500,-20.14200,18.12700
45.1045,254373,-0.61890,0.02808,0.84766,-4.33300,-19.65300,17.63900
45.1206,254383,-0.63135,0.02148,0.84595,-4.82200,-19.65300,18.61600
45.1206,254393,-0.62842,0.02173,0.82495,-4.63900,-19.89700,17.45600
45.1436,254403,-0.66162,0.01782,0.82495,-5.00500,-20.02000,16.90700
45.1523,254413,-0.65210,0.02368,0.83325,-4.82200,-20.87400,18.61600
45.1629,254423,-0.65063,0.02539,0.83569,-5.12700,-21.79000,17.70000
45.1683,254433,-0.65967,0.02539,0.84155,-4.51700,-19.83600,15.74700
45.1683,254443,-0.64062,0.03369,0.84619,-4.51700,-20.32500,16.60200
45.1840,254453,-0.64062,0.02979,0.83423,-4.94400,-21.05700,16.72400
45.1977,254463,-0.63452,0.03076,0.84009,-5.49300,-21.60600,17.33400
45.2114,254473,-0.63257,0.01709,0.83057,-4.39500,-22.09500,17.45600
45.2256,254483,-0.64307,0.03027,0.81689,-4.33300,-21.85100,16.84600
45.2333,254493,-0.63232,0.01538,0.82202,-4.82200,-22.03400,17.76100
45.2491,254503,-0.64331,0.02026,0.81787,-4.63900,-22.88800,17.27300
45.2562,254513,-0.64355,0.03442,0.81348,-4.27200,-23.98700,17.45600
45.2566,254523,-0.64722,0.01392,0.82104,-4.08900,-24.10900,17.88300
45.2732,254533,-0.63159,0.03003,0.83960,-3.96700,-25.02400,18.06600
45.3077,254543,-0.63647,0.02417,0.85010,-3.72300,-23.62100,16.05200
45.3077,254553,-0.62427,0.01978,0.86133,-3.84500,-24.04800,16.54100
45.3077,254563,-0.61377,0.01953,0.87085,-4.39500,-25.39100,16.23500
45.3077,254573,-0.60645,0.02856,0.85596,-4.51700,-25.45200,17.15100
45.3232,254583,-0.59888,0.02856,0.85278,-5.37100,-26.73300,18.06600
45.3401,254593,-0.60693,0.03003,0.86353,-4.51700,-24.35300,16.47900
45.3414,254603,-0.59595,0.02222,0.85620,-5.31000,-26.00100,17.76100
45.3567,254613,-0.61646,0.01562,0.84302,-4.57800,-24.53600,15.80800
45.3900,254623,-0.60571,0.02197,0.85303,-4.02800,-25.39100,17.09000
45.3900,254633,-0.60376,0.03125,0.82837,-4.39500,-26.06200,17.39500
45.3900,254643,-0.62476,0.03052,0.83179,-4.45600,-26.67200,17.45600
45.3900,254653,-0.62915,0.02856,0.83789,-4.57800,-26.30600,17.09000
45.4064,254663,-0.62500,0.02222,0.85645,-4.57800,-28.62500,17.88300
45.4111,254673,-0.63232,0.01367,0.85620,-4.39500,-28.19800,17.63900
45.4443,254683,-0.61816,0.01904,0.86304,-4.39500,-29.11400,17.88300
45.4443,254693,-0.60034,0.02661,0.86597,-4.45600,-29.11400,16.17400
45.4443,254703,-0.59985,0.02417,0.86499,-4.33300,-28.44200,15.25900
45.4443,254713,-0.59546,0.03223,0.86133,-5.18800,-31.12800,17.57800
45.4714,254723,-0.58862,0.01929,0.86255,-4.21100,-29.72400,16.96800
45.4714,254733,-0.58911,0.00952,0.86206,-4.39500,-30.21200,17.15100
45.4762,254743,-0.58691,0.02075,0.85864,-4.45600,-30.88400,17.63900
45.4933,254753,-0.56616,0.01807,0.85913,-4.27200,-29.96800,16.90700
45.5068,254763,-0.56982,0.02466,0.86743,-4.02800,-30.02900,16.78500
45.5172,254773,-0.58765,0.03418,0.86572,-4.27200,-30.45700,17.88300
45.5201,254783,-0.58813,0.02368,0.87671,-4.27200,-29.90700,16.60200
45.5343,254793,-0.58887,0.03491,0.86475,-4.39500,-31.06700,17.15100
45.5402,254803,-0.57715,0.04053,0.87695,-4.94400,-30.33400,17.09000
45.5509,254813,-0.58472,0.02148,0.87476,-4.15000,-30.94500,16.17400
45.5569,254823,-0.58545,0.02441,0.88745,-4.88300,-32.65400,17.57800
45.5757,254833,-0.57715,0.02344,0.87720,-3.90600,-31.61600,17.09000
45.5863,254843,-0.57837,0.01099,0.86475,-4.88300,-31.00600,16.66300
45.5924,254853,-0.57349,0.01978,0.88037,-4.51700,-32.59300,17.70000
45.6009,254863,-0.57544,0.02026,0.86743,-5.18800,-33.50800,18.49400
45.6101,254873,-0.56250,0.03394,0.87793,-4.57800,-33.20300,16.90700
45.6232,254883,-0.56543,0.03784,0.88501,-4.51700,-33.81300,17.70000
45.6371,254893,-0.56714,0.02344,0.88696,-4.57800,-34.42400,17.70000
45.6445,254903,-0.55298,0.01562,0.89453,-4.39500,-33.75200,17.09000
45.6564,254913,-0.54712,0.02539,0.89746,-4.27200,-34.36300,17.27300
45.6576,254923,-0.55908,0.02393,0.90039,-4.39500,-33.75200,16.47900
45.6744,254933,-0.53296,0.01855,0.90649,-4.39500,-34.11900,16.72400
45.6870,254943,-0.53955,0.02563,0.89771,-4.15000,-33.32500,15.38100
45.6894,254953,-0.55591,0.01050,0.90283,-4.21100,-32.53200,14.03800
45.7037,254963,-0.55396,0.01758,0.91504,-3.72300,-32.83700,14.16000
45.7080,254973,-0.52246,0.02661,0.88477,-4.45600,-32.83700,14.34300
45.7126,254983,-0.54736,0.01660,0.89331,-4.15000,-34.30200,16.23500
45.7384,254993,-0.53345,0.03003,0.89771,-4.02800,-34.97300,16.84600
45.7569,255003,-0.51270,0.03442,0.89526,-4.08900,-35.46100,16.90700
45.7569,255013,-0.53516,0.02441,0.90454,-4.57800,-35.58300,16.96800
45.7569,255023,-0.51562,0.02856,0.91846,-4.57800,-36.92600,18.31100
45.7699,255033,-0.52002,0.02441,0.91650,-4.15000,-35.09500,16.90700
45.7859,255043,-0.52930,0.03345,0.92285,-4.76100,-35.70600,16.60200
45.7895,255053,-0.53003,0.02686,0.92358,-4.57800,-36.92600,17.51700
45.8020,255063,-0.51392,0.03271,0.90552,-4.33300,-35.95000,16.90700
45.8067,255073,-0.52222,0.02539,0.92456,-5.24900,-37.53700,17.94400
45.8182,255083,-0.50146,0.01050,0.90332,-4.82200,-37.23100,17.63900
45.8318,255093,-0.51221,0.03149,0.91748,-4.45600,-37.65900,18.06600
45.8495,255103,-0.48413,0.02686,0.91602,-4.27200,-38.20800,18.06600
45.8495,255113,-0.48218,0.01514,0.93457,-4.27200,-37.04800,16.41800
45.8568,255123,-0.47876,0.02637,0.93164,-4.51700,-36.49900,16.41800
45.8655,255133,-0.47046,0.02832,0.94385,-4.33300,-37.65900,17.15100
45.8755,255143,-0.47021,0.03369,0.93018,-4.57800,-38.87900,18.18800
45.8902,255153,-0.46411,0.01807,0.93823,-3.96700,-37.29200,16.84600
45.8902,255163,-0.49292,0.02026,0.94507,-5.00500,-37.10900,17.57800
45.9102,255173,-0.47046,0.01929,0.95679,-4.70000,-36.86500,16.84600
45.9219,255183,-0.47583,0.01807,0.93066,-4.82200,-38.08600,17.09000
45.9305,255193,-0.46240,0.02783,0.92896,-5.24900,-38.02500,17.82200
45.9421,255203,-0.46118,0.03052,0.92017,-4.39500,-38.26900,18.55500
45.9452,255213,-0.45679,0.02637,0.93262,-4.21100,-37.78100,17.27300
45.9594,255223,-0.46289,0.02832,0.93652,-4.15000,-36.86500,16.23500
45.9722,255233,-0.44971,0.03320,0.92554,-4.63900,-37.84200,16.90700
45.9742,255243,-0.44580,0.03540,0.94409,-3.96700,-37.59800,16.90700
45.9949,255253,-0.43530,0.01709,0.95386,-4.88300,-39.73400,18.18800
46.0047,255263,-0.42749,0.02661,0.95972,-4.08900,-37.41500,16.47900
46.0076,255273,-0.43872,0.02197,0.96265,-4.39500,-37.35400,16.29600
46.0228,255283,-0.43970,0.03198,0.95923,-4.63900,-37.65900,16.41800
46.0274,255293,-0.43457,0.02344,0.97485,-4.51700,-36.74300,16.72400
46.0452,255303,-0.43359,0.02686,0.96021,-4.94400,-37.17000,16.72400
46.0541,255313,-0.42065,0.01270,0.95386,-5.24900,-37.72000,17.51700
46.0589,255323,-0.42017,0.01904,0.95630,-4.70000,-38.45200,18.12700
46.0673,255333,-0.41382,0.02100,0.95605,-4.45600,-36.86500,16.72400
46.0740,255343,-0.40308,0.02417,0.96826,-5.00500,-36.62100,17.02900
46.0845,255353,-0.39673,0.02588,0.96216,-4.94400,-37.41500,18.06600
46.1006,255363,-0.41455,0.02173,0.97046,-4.21100,-35.82800,15.80800
46.1169,255373,-0.40503,0.01489,0.97168,-4.45600,-37.23100,16.54100
46.1169,255383,-0.40479,0.03174,0.98096,-4.88300,-36.43800,17.21200
46.1242,255393,-0.37500,0.02881,0.97681,-4.57800,-36.01100,16.78500
46.1453,255403,-0.39453,0.02344,0.97437,-4.08900,-36.07200,16.96800
46.1555,255413,-0.39282,0.03882,0.97778,-4.63900,-35.33900,16.60200
46.1555,255423,-0.38281,0.02124,0.97632,-5.06600,-36.31600,17.21200
46.1711,255433,-0.36987,0.02393,0.97437,-4.76100,-36.25500,17.33400
46.1711,255443,-0.37891,0.01709,0.97534,-4.88300,-35.95000,17.33400
